bc1fcccc24ed3131,fly_zm_ng_pull_out_npc
230f817a67029b1d,fly_zm_ng_pull_out_quick_npc
f3a4ce3256feee3c,fly_zm_ng_putaway
cb77eb8ddaa24a80,fly_zm_ng_putaway_quick_npc
8db39dcb4ab71519,fly_zm_ng_claws_move_5_npc
ca6531dde7852a66,fly_zm_ng_claws_move_4_npc
1b7b13f66a58e41b,fly_zm_ng_claws_move_3_npc
1b56c1c686c403a8,fly_zm_ng_claws_move_2_npc
d8b535bc51c22d0d,fly_zm_ng_claws_move_1_npc
cb94ebb462cf6367,wpn_ar_coslo723_fire_plr_atmo
493969dd46b5912,fly_npc_ar_coslo723_inspect_empty_01
493959dd46b575f,fly_npc_ar_coslo723_inspect_empty_02
493949dd46b55ac,fly_npc_ar_coslo723_inspect_empty_03
493939dd46b53f9,fly_npc_ar_coslo723_inspect_empty_04
493929dd46b5246,fly_npc_ar_coslo723_inspect_empty_05
493919dd46b5093,fly_npc_ar_coslo723_inspect_empty_06
493909dd46b4ee0,fly_npc_ar_coslo723_inspect_empty_07
4939f9dd46b685d,fly_npc_ar_coslo723_inspect_empty_08
4939e9dd46b66aa,fly_npc_ar_coslo723_inspect_empty_09
490119dd468413c,fly_npc_ar_coslo723_inspect_empty_10
490129dd46842ef,fly_npc_ar_coslo723_inspect_empty_11
490139dd46844a2,fly_npc_ar_coslo723_inspect_empty_12
490149dd4684655,fly_npc_ar_coslo723_inspect_empty_13
4900d9dd4683a70,fly_npc_ar_coslo723_inspect_empty_14
4900e9dd4683c23,fly_npc_ar_coslo723_inspect_empty_15
4900f9dd4683dd6,fly_npc_ar_coslo723_inspect_empty_16
5c2cc153d1b13538,fly_npc_ar_coslo723_raise_01
5c2cc453d1b13a51,fly_npc_ar_coslo723_raise_02
5c2cc353d1b1389e,fly_npc_ar_coslo723_raise_03
399212f0e8a33530,fly_npc_ar_coslo723_raise_quick_01
fab90e43d6f91cd8,fly_npc_ar_coslo723_selectsemi_off_01
22ed527ee53d9d56,fly_npc_ar_coslo723_selectsemi_on_01
4e6e55b6e43d155b,wpn_ar_coslo723_fire_plr_casing_eject
a657389d3baae9c7,wpn_ar_coslo723_fire_plr_first_fcg
f862b50a07d7ff81,wpn_ar_coslo723_fire_plr_interrupt
a6d8f23d0641ed55,wpn_ar_coslo723_fire_plr_last_fcg
b90a42ff1dd82f0a,wpn_ar_coslo723_fire_plr_last_mech
cd63e452634d34e7,wpn_ar_coslo723_fire_plr_last_shot
6019cc6bdcdb1d1f,wpn_ar_coslo723_fire_plr_lfe
931f555477f07327,wpn_ar_coslo723_fire_plr_mech
a81d452add0c6ae6,wpn_ar_coslo723_fire_plr_shot
e5eccb870896cf24,fly_plr_ar_condor_inspect_empty_07
994182b8967d1e3,fly_npc_ar_condor_inspect_empty_07
437ef2d6f7a3ddb8,fly_npc_ar_condor_reload_ext01_04
d090d426c668d89,fly_npc_ar_condor_inspect_ext01_04
b587e5cbd9a53b2c,fly_npc_ar_condor_inspect_fast02_03
dfb20cf54225ff25,fly_npc_ar_condor_reload_empty_ext01_05
994252b8967e7fa,fly_npc_ar_condor_inspect_empty_08
14066221e71746bf,fly_npc_ar_condor_ubgl_drop_01
b587e4cbd9a53979,fly_npc_ar_condor_inspect_fast02_04
437ef3d6f7a3df6b,fly_npc_ar_condor_reload_ext01_05
d090c426c668bd6,fly_npc_ar_condor_inspect_ext01_05
dfb209f54225fa0c,fly_npc_ar_condor_reload_empty_ext01_06
994262b8967e9ad,fly_npc_ar_condor_inspect_empty_09
b587e3cbd9a537c6,fly_npc_ar_condor_inspect_fast02_05
437ef4d6f7a3e11e,fly_npc_ar_condor_reload_ext01_06
21c368e170c80391,fly_npc_ar_condor_transition_reload_empty_ext02_02_01
795ceb3f51996ff7,fly_npc_ar_condor_ubgl_drop_quick_01
bac946d96f41968f,fly_npc_ar_condor_inspect_empty_fast01_01
d090b426c668a23,fly_npc_ar_condor_inspect_ext01_06
dfb20af54225fbbf,fly_npc_ar_condor_reload_empty_ext01_07
b587e2cbd9a53613,fly_npc_ar_condor_inspect_fast02_06
bac947d96f419842,fly_npc_ar_condor_inspect_empty_fast01_02
437ef5d6f7a3e2d1,fly_npc_ar_condor_reload_ext01_07
997a32b896af3eb,fly_npc_ar_condor_inspect_empty_10
bc713bf65718cf5b,fly_npc_ar_condor_ubgl_from_grenade_01
d090a426c668870,fly_npc_ar_condor_inspect_ext01_07
bac948d96f4199f5,fly_npc_ar_condor_inspect_empty_fast01_03
437eeed6f7a3d6ec,fly_npc_ar_condor_reload_ext01_08
dfb20ff54226043e,fly_npc_ar_condor_reload_empty_ext01_08
b587e1cbd9a53460,fly_npc_ar_condor_inspect_fast02_07
390ba557901c01e2,wpn_ar_condor_fire_plr_casing_eject
74b6734aaedf4c6a,fly_npc_ar_condor_reload_fast01_01
997a22b896af238,fly_npc_ar_condor_inspect_empty_11
60bdf6493eb7113f,fly_npc_ar_condor_ubgl_reload_01
d0919426c66a1ed,fly_npc_ar_condor_inspect_ext01_08
437eefd6f7a3d89f,fly_npc_ar_condor_reload_ext01_09
bac941d96f418e10,fly_npc_ar_condor_inspect_empty_fast01_04
997a52b896af751,fly_npc_ar_condor_inspect_empty_12
74b6724aaedf4ab7,fly_npc_ar_condor_reload_fast01_02
b587f0cbd9a54ddd,fly_npc_ar_condor_inspect_fast02_08
dfb210f5422605f1,fly_npc_ar_condor_reload_empty_ext01_09
d0918426c66a03a,fly_npc_ar_condor_inspect_ext01_09
60bdf7493eb712f2,fly_npc_ar_condor_ubgl_reload_02
bac942d96f418fc3,fly_npc_ar_condor_inspect_empty_fast01_05
74b6714aaedf4904,fly_npc_ar_condor_reload_fast01_03
997a42b896af59e,fly_npc_ar_condor_inspect_empty_13
b587efcbd9a54c2a,fly_npc_ar_condor_inspect_fast02_09
60bdf8493eb714a5,fly_npc_ar_condor_ubgl_reload_03
dfb58df54229102f,fly_npc_ar_condor_reload_empty_ext01_10
d058b426c637acc,fly_npc_ar_condor_inspect_ext01_10
60bdf1493eb708c0,fly_npc_ar_condor_ubgl_reload_04
74b6704aaedf4751,fly_npc_ar_condor_reload_fast01_04
bac943d96f419176,fly_npc_ar_condor_inspect_empty_fast01_06
e724b0000605fa08,fly_npc_ar_condor_transition_reload_empty_fast01_01_01
b58462cbd9a226bc,fly_npc_ar_condor_inspect_fast02_10
8af0914f5d3e0310,wpn_ar_condor_fire_npc_dist
d058c426c637c7f,fly_npc_ar_condor_inspect_ext01_11
997a72b896afab7,fly_npc_ar_condor_inspect_empty_14
74b66f4aaedf459e,fly_npc_ar_condor_reload_fast01_05
60bdf2493eb70a73,fly_npc_ar_condor_ubgl_reload_05
71b79b35bb22e46d,fly_npc_ar_condor_inspect_empty_ext01_06
b58463cbd9a2286f,fly_npc_ar_condor_inspect_fast02_11
bac944d96f419329,fly_npc_ar_condor_inspect_empty_fast01_07
d058d426c637e32,fly_npc_ar_condor_inspect_ext01_12
997a62b896af904,fly_npc_ar_condor_inspect_empty_15
60bdf3493eb70c26,fly_npc_ar_condor_ubgl_reload_06
74b66e4aaedf43eb,fly_npc_ar_condor_reload_fast01_06
b58464cbd9a22a22,fly_npc_ar_condor_inspect_fast02_12
71b79a35bb22e2ba,fly_npc_ar_condor_inspect_empty_ext01_07
bacc47d96f43ce19,fly_npc_ar_condor_inspect_empty_fast01_14
bac94dd96f41a274,fly_npc_ar_condor_inspect_empty_fast01_08
d058e426c637fe5,fly_npc_ar_condor_inspect_ext01_13
997a92b896afe1d,fly_npc_ar_condor_inspect_empty_16
60bdf4493eb70dd9,fly_npc_ar_condor_ubgl_reload_07
74b66d4aaedf4238,fly_npc_ar_condor_reload_fast01_07
b58465cbd9a22bd5,fly_npc_ar_condor_inspect_fast02_13
71b78d35bb22cca3,fly_npc_ar_condor_inspect_empty_ext01_08
7d3f94a3145f14c2,fly_npc_ar_condor_drop_quick_01
bac94ed96f41a427,fly_npc_ar_condor_inspect_empty_fast01_09
694a79ba805b72c4,fly_npc_ar_condor_ubgl_raise_01
3b72905a795c15f5,fly_npc_ar_condor_inspect_ext02_01
71b79435bb22d888,fly_npc_ar_condor_inspect_empty_ext01_01
74b66c4aaedf4085,fly_npc_ar_condor_reload_fast01_08
b5845ecbd9a21ff0,fly_npc_ar_condor_inspect_fast02_14
aab2beae8afd00cc,fly_npc_ar_condor_ubgl_raise_quick_01
3b728d5a795c10dc,fly_npc_ar_condor_inspect_ext02_02
3b72895a795c0a10,fly_npc_ar_condor_inspect_ext02_06
bacc46d96f43cc66,fly_npc_ar_condor_inspect_empty_fast01_15
b9d7a7f9a387251f,fly_npc_ar_condor_transition_reload_empty_fast01_02_01
bacc4bd96f43d4e5,fly_npc_ar_condor_inspect_empty_fast01_10
71b79735bb22dda1,fly_npc_ar_condor_inspect_empty_ext01_02
74b66b4aaedf3ed2,fly_npc_ar_condor_reload_fast01_09
df0c217da4beb69f,fly_npc_ar_condor_reload_empty_fast01_04
71b78c35bb22caf0,fly_npc_ar_condor_inspect_empty_ext01_09
c5357687b70ea5f2,wpn_ar_condor_fire_npc_med_atmo
3b728e5a795c128f,fly_npc_ar_condor_inspect_ext02_03
bacc4ad96f43d332,fly_npc_ar_condor_inspect_empty_fast01_11
bacc45d96f43cab3,fly_npc_ar_condor_inspect_empty_fast01_16
71b79635bb22dbee,fly_npc_ar_condor_inspect_empty_ext01_03
df0c207da4beb4ec,fly_npc_ar_condor_reload_empty_fast01_05
71b40f35bb1fc0b2,fly_npc_ar_condor_inspect_empty_ext01_10
6814d5792a5974dd,fly_npc_ar_condor_transition_reload_empty_fast02_01_01
df0c1c7da4beae20,fly_npc_ar_condor_reload_empty_fast01_01
3b728b5a795c0d76,fly_npc_ar_condor_inspect_ext02_04
bacc49d96f43d17f,fly_npc_ar_condor_inspect_empty_fast01_12
71b79935bb22e107,fly_npc_ar_condor_inspect_empty_ext01_04
df0c237da4beba05,fly_npc_ar_condor_reload_empty_fast01_06
71b41035bb1fc265,fly_npc_ar_condor_inspect_empty_ext01_11
3b728c5a795c0f29,fly_npc_ar_condor_inspect_ext02_05
e39abd77de9b077e,fly_npc_ar_condor_drop_01
df0c1f7da4beb339,fly_npc_ar_condor_reload_empty_fast01_02
bacc48d96f43cfcc,fly_npc_ar_condor_inspect_empty_fast01_13
71b79835bb22df54,fly_npc_ar_condor_inspect_empty_ext01_05
df0c227da4beb852,fly_npc_ar_condor_reload_empty_fast01_07
71b40d35bb1fbd4c,fly_npc_ar_condor_inspect_empty_ext01_12
3b728a5a795c0bc3,fly_npc_ar_condor_inspect_ext02_07
657f8ee37e4dd738,fly_npc_ar_condor_inspect_empty_fast02_01
3b72985a795c238d,fly_npc_ar_condor_inspect_ext02_09
df0c1e7da4beb186,fly_npc_ar_condor_reload_empty_fast01_03
ee0155fe3084e6a,fly_npc_ar_condor_transition_reload_empty_fast02_02_01
3b72975a795c21da,fly_npc_ar_condor_inspect_ext02_08
dfb208f54225f859,fly_npc_ar_condor_reload_empty_ext01_01
df0c257da4bebd6b,fly_npc_ar_condor_reload_empty_fast01_08
657f91e37e4ddc51,fly_npc_ar_condor_inspect_empty_fast02_02
3b75955a795e544b,fly_npc_ar_condor_inspect_ext02_10
657f92e37e4dde04,fly_npc_ar_condor_inspect_empty_fast02_05
71b40e35bb1fbeff,fly_npc_ar_condor_inspect_empty_ext01_13
dfb205f54225f340,fly_npc_ar_condor_reload_empty_ext01_02
df0c247da4bebbb8,fly_npc_ar_condor_reload_empty_fast01_09
657f90e37e4dda9e,fly_npc_ar_condor_inspect_empty_fast02_03
3b75945a795e5298,fly_npc_ar_condor_inspect_ext02_11
657f95e37e4de31d,fly_npc_ar_condor_inspect_empty_fast02_06
71b40b35bb1fb9e6,fly_npc_ar_condor_inspect_empty_ext01_14
657f93e37e4ddfb7,fly_npc_ar_condor_inspect_empty_fast02_04
3b75975a795e57b1,fly_npc_ar_condor_inspect_ext02_12
dfb206f54225f4f3,fly_npc_ar_condor_reload_empty_ext01_03
df08b77da4bbccaa,fly_npc_ar_condor_reload_empty_fast01_10
657f94e37e4de16a,fly_npc_ar_condor_inspect_empty_fast02_07
71b40c35bb1fbb99,fly_npc_ar_condor_inspect_empty_ext01_15
3b75965a795e55fe,fly_npc_ar_condor_inspect_ext02_13
dfb20bf54225fd72,fly_npc_ar_condor_reload_empty_ext01_04
657f87e37e4dcb53,fly_npc_ar_condor_inspect_empty_fast02_08
71b40935bb1fb680,fly_npc_ar_condor_inspect_empty_ext01_16
446e0e2f58a7165c,fly_npc_ar_condor_inspect_empty_ext02_13
3b75995a795e5b17,fly_npc_ar_condor_inspect_ext02_14
657f86e37e4dc9a0,fly_npc_ar_condor_inspect_empty_fast02_09
446a8c2f58a4039f,fly_npc_ar_condor_inspect_empty_ext02_01
446e0d2f58a714a9,fly_npc_ar_condor_inspect_empty_ext02_14
657c09e37e4abf62,fly_npc_ar_condor_inspect_empty_fast02_10
446a8d2f58a40552,fly_npc_ar_condor_inspect_empty_ext02_02
446e0c2f58a712f6,fly_npc_ar_condor_inspect_empty_ext02_15
657c0ae37e4ac115,fly_npc_ar_condor_inspect_empty_fast02_11
446a8e2f58a40705,fly_npc_ar_condor_inspect_empty_ext02_03
446e0b2f58a71143,fly_npc_ar_condor_inspect_empty_ext02_16
657c07e37e4abbfc,fly_npc_ar_condor_inspect_empty_fast02_12
446a872f58a3fb20,fly_npc_ar_condor_inspect_empty_ext02_04
ea0e11b8bcca6f24,fly_npc_ar_condor_ubgl_to_grenade_01
657c08e37e4abdaf,fly_npc_ar_condor_inspect_empty_fast02_13
446a882f58a3fcd3,fly_npc_ar_condor_inspect_empty_ext02_05
9a4674027283d8e7,fly_npc_ar_condor_raise_01
657c05e37e4ab896,fly_npc_ar_condor_inspect_empty_fast02_14
9a4675027283da9a,fly_npc_ar_condor_raise_02
446a892f58a3fe86,fly_npc_ar_condor_inspect_empty_ext02_06
657c06e37e4aba49,fly_npc_ar_condor_inspect_empty_fast02_15
9a4676027283dc4d,fly_npc_ar_condor_raise_03
446a8a2f58a40039,fly_npc_ar_condor_inspect_empty_ext02_07
399080f131faaf4f,fly_npc_ar_condor_raise_quick_01
437ef7d6f7a3e637,fly_npc_ar_condor_reload_ext01_01
657c03e37e4ab530,fly_npc_ar_condor_inspect_empty_fast02_16
446a932f58a40f84,fly_npc_ar_condor_inspect_empty_ext02_08
437ef8d6f7a3e7ea,fly_npc_ar_condor_reload_ext01_02
446a942f58a41137,fly_npc_ar_condor_inspect_empty_ext02_09
437ef9d6f7a3e99d,fly_npc_ar_condor_reload_ext01_03
899186d51850ce7f,wpn_ar_condor_fire_npc
1002a7e5220b27a5,fly_npc_ar_condor_inspect_fast01_01
5929699c37b9df3c,wpn_ar_condor_fire_plr_atmo_int
446e112f58a71b75,fly_npc_ar_condor_inspect_empty_ext02_10
ab341d377d0cb875,wpn_ar_condor_fire_npc_atmo
9941e2b8967dc15,fly_npc_ar_condor_inspect_empty_01
1002a4e5220b228c,fly_npc_ar_condor_inspect_fast01_02
446e102f58a719c2,fly_npc_ar_condor_inspect_empty_ext02_11
aa153085ec891219,wpn_ar_condor_fire_npc_lfe
9941b2b8967d6fc,fly_npc_ar_condor_inspect_empty_02
1002a5e5220b243f,fly_npc_ar_condor_inspect_fast01_03
1002afe5220b353d,fly_npc_ar_condor_inspect_fast01_09
446e0f2f58a7180f,fly_npc_ar_condor_inspect_empty_ext02_12
9941c2b8967d8af,fly_npc_ar_condor_inspect_empty_03
1002a2e5220b1f26,fly_npc_ar_condor_inspect_fast01_04
10062ce5220e3f7b,fly_npc_ar_condor_inspect_fast01_10
13e4d9da9af010c7,fly_npc_ar_condor_transition_reload_empty_ext01_01_01
994192b8967d396,fly_npc_ar_condor_inspect_empty_04
1002a3e5220b20d9,fly_npc_ar_condor_inspect_fast01_05
10062be5220e3dc8,fly_npc_ar_condor_inspect_fast01_11
694a7cba805b77dd,fly_npc_ar_condor_ubgl_raise_02
9941a2b8967d549,fly_npc_ar_condor_inspect_empty_05
1002a0e5220b1bc0,fly_npc_ar_condor_inspect_fast01_06
10062ee5220e42e1,fly_npc_ar_condor_inspect_fast01_12
994172b8967d030,fly_npc_ar_condor_inspect_empty_06
1002a1e5220b1d73,fly_npc_ar_condor_inspect_fast01_07
10062de5220e412e,fly_npc_ar_condor_inspect_fast01_13
6a4a81e236599770,fly_npc_ar_condor_transition_reload_empty_ext01_02_01
d0910426c6692a2,fly_npc_ar_condor_inspect_ext01_01
91e76b9ce3dd2b65,wpn_ar_condor_fire_npc_mech
2bdbf72292a0a9c2,wpn_ar_condor_fire_plr_mech
bc713cf65718d10e,fly_npc_ar_condor_ubgl_from_grenade_02
ea0e14b8bcca743d,fly_npc_ar_condor_ubgl_to_grenade_02
1002aee5220b338a,fly_npc_ar_condor_inspect_fast01_08
b587e7cbd9a53e92,fly_npc_ar_condor_inspect_fast02_01
d090f426c6690ef,fly_npc_ar_condor_inspect_ext01_02
dec93350badf6c88,wpn_ar_condor_fire_plr_lfe
88d1a987abaaf7be,wpn_ar_condor_fire_plr_atmo
adaa66c7eced4000,wpn_ar_condor_fire_plr_first_fcg
b587e6cbd9a53cdf,fly_npc_ar_condor_inspect_fast02_02
d090e426c668f3c,fly_npc_ar_condor_inspect_ext01_03
c1fb750f9388ed0a,wpn_ar_condor_fire_plr_interrupt
c88ea8c82976dd1e,fly_npc_ar_condor_transition_reload_empty_ext02_01_01
5bd2cc75c33964fd,fly_npc_ar_condor_selectsemi_off_01
e4d6534b13b95745,wpn_ar_condor_fire_plr_last_mech
85aade1d54d9cbf1,fly_npc_ar_condor_selectsemi_on_01
1bbd53c241040f6c,wpn_ar_condor_fire_plr_last_fcg
fa87dfa426eac6ec,fly_npc_ar_condor_transition_reload_empty_01_01
2505d798dd8209a3,fly_npc_ar_condor_transition_reload_empty_02_01
dd0d5a7f7c366220,wpn_ar_condor_fire_plr_last_shot
f5b7d7f1fd68001f,wpn_ar_condor_fire_plr_shot
4a379880e6fd984a,fly_npc_ar_eagle_inspect_empty_07
4a378b80e6fd8233,fly_npc_ar_eagle_inspect_empty_08
241ed2cb9c40d092,fly_npc_ar_eagle_ubgl_inspect_06
4a378a80e6fd8080,fly_npc_ar_eagle_inspect_empty_09
a8f8736831f98c96,fly_npc_ar_eagle_ubgl_reload_01
4a348d80e6fb4fc2,fly_npc_ar_eagle_inspect_empty_10
ad57a8bfacbfcec6,fly_npc_ar_eagle_ubgl_drop_01
a8f8726831f98ae3,fly_npc_ar_eagle_ubgl_reload_02
4a348e80e6fb5175,fly_npc_ar_eagle_inspect_empty_11
97ffc2b19feaaba,fly_npc_ar_eagle_ubgl_drop_quick_01
a8f8716831f98930,fly_npc_ar_eagle_ubgl_reload_03
4a348b80e6fb4c5c,fly_npc_ar_eagle_inspect_empty_12
a8f8786831f99515,fly_npc_ar_eagle_ubgl_reload_04
8d8fe884db8a822e,fly_npc_ar_eagle_ubgl_from_grenade_01
fe457bc6d6576aed,fly_npc_ar_eagle_drop_01
a8f8776831f99362,fly_npc_ar_eagle_ubgl_reload_05
4a348980e6fb48f6,fly_npc_ar_eagle_inspect_empty_14
4a348c80e6fb4e0f,fly_npc_ar_eagle_inspect_empty_13
241ecdcb9c40c813,fly_npc_ar_eagle_ubgl_inspect_01
fe4578c6d65765d4,fly_npc_ar_eagle_drop_02
4a348a80e6fb4aa9,fly_npc_ar_eagle_inspect_empty_15
241ececb9c40c9c6,fly_npc_ar_eagle_ubgl_inspect_02
a8f8766831f991af,fly_npc_ar_eagle_ubgl_reload_06
241ecfcb9c40cb79,fly_npc_ar_eagle_ubgl_inspect_03
b16207a08ce87fe9,fly_npc_ar_eagle_drop_quick_01
4a348780e6fb4590,fly_npc_ar_eagle_inspect_empty_16
a8f8756831f98ffc,fly_npc_ar_eagle_ubgl_reload_07
a8f87c6831f99be1,fly_npc_ar_eagle_ubgl_reload_08
241ed0cb9c40cd2c,fly_npc_ar_eagle_ubgl_inspect_04
a8f87b6831f99a2e,fly_npc_ar_eagle_ubgl_reload_09
241ed1cb9c40cedf,fly_npc_ar_eagle_ubgl_inspect_05
a8f4ee6831f674c0,fly_npc_ar_eagle_ubgl_reload_10
bf6c154f54a053f,fly_npc_ar_eagle_ubgl_raise_01
a8f4ef6831f67673,fly_npc_ar_eagle_ubgl_reload_11
b20c27ba90bcda77,fly_npc_ar_eagle_ubgl_raise_quick_01
954f39e61c1c9c66,fly_npc_ar_eagle_raise_01
954f38e61c1c9ab3,fly_npc_ar_eagle_raise_02
954f37e61c1c9900,fly_npc_ar_eagle_raise_03
4a379280e6fd8e18,fly_npc_ar_eagle_inspect_empty_01
a79e8b53f516581a,fly_npc_ar_eagle_raise_quick_01
4a379580e6fd9331,fly_npc_ar_eagle_inspect_empty_02
4a379480e6fd917e,fly_npc_ar_eagle_inspect_empty_03
4a379780e6fd9697,fly_npc_ar_eagle_inspect_empty_04
8d8fe784db8a807b,fly_npc_ar_eagle_ubgl_from_grenade_02
4a379680e6fd94e4,fly_npc_ar_eagle_inspect_empty_05
8d8fe684db8a7ec8,fly_npc_ar_eagle_ubgl_from_grenade_03
4a379980e6fd99fd,fly_npc_ar_eagle_inspect_empty_06
22dda57bc0dfdbdd,fly_npc_ar_eagle_ubgl_to_grenade_01
22dda27bc0dfd6c4,fly_npc_ar_eagle_ubgl_to_grenade_02
241ed3cb9c40d245,fly_npc_ar_eagle_ubgl_inspect_07
f74a00b7e21d6086,fly_npc_ar_eagle_selectsemi_off_01
241ed4cb9c40d3f8,fly_npc_ar_eagle_ubgl_inspect_08
7358a17243f4de8c,fly_npc_ar_eagle_selectsemi_on_01
bf6c254f54a06f2,fly_npc_ar_eagle_ubgl_raise_02
bf6c354f54a08a5,fly_npc_ar_eagle_ubgl_raise_03
5513941ca9041c9a,fly_npc_ar_falcon_drop_01
c86098eb5a740028,fly_npc_ar_falcon_ubgl_raise_01
30978d4db5089c40,fly_npc_ar_falcon_ubgl_raise_quick_01
29c365b193b79d4e,fly_npc_ar_falcon_drop_quick_01
2f1578d88f430673,fly_npc_ar_falcon_raise_01
2f1579d88f430826,fly_npc_ar_falcon_raise_02
2f157ad88f4309d9,fly_npc_ar_falcon_raise_03
26ba357a6a8311db,fly_npc_ar_falcon_raise_quick_01
c8609beb5a740541,fly_npc_ar_falcon_ubgl_raise_02
c8609aeb5a74038e,fly_npc_ar_falcon_ubgl_raise_03
7d8228c5eba4089d,wpn_ar_eagle_fire_plr_casing_eject
478ca2b391585a33,wpn_ar_eagle_fire_npc_dist
6d2321818e595e09,wpn_ar_eagle_fire_npc_med_atmo
5970667ad7522e6e,wpn_ar_eagle_fire_npc
51edba89f9f2a64a,wpn_ar_eagle_fire_npc_atmo
7e7389c3f31ae3ac,wpn_ar_eagle_fire_npc_lfe
c11000ef1d85eed6,wpn_ar_eagle_fire_npc_mech
b05a0cfbfd716881,wpn_ar_eagle_fire_plr_atmo
150331f45ec26417,wpn_ar_eagle_fire_plr_interrupt
9e734c7f9bed6d03,wpn_ar_eagle_fire_plr_atmo_int
5647850f0d9eeca8,wpn_ar_eagle_fire_plr_last_mech
21b4331f00fc4df9,wpn_ar_eagle_fire_plr_mech
967d53d77090f10d,wpn_ar_eagle_fire_plr_lfe
487e0e400ca9ed21,wpn_ar_eagle_fire_plr_last_shot
b9b54a915dec95c4,wpn_ar_eagle_fire_plr_shot
527159b47422bf9d,wpn_ar_eagle_fire_plr_first_fcg
35ba8fbf340d1a4f,wpn_ar_eagle_fire_plr_last_fcg
3997427b587cd302,wpn_ar_falcon_fire_plr_casing_eject
47a3cc3815925e70,wpn_ar_falcon_fire_npc_dist
a1385515f4b09f12,wpn_ar_falcon_fire_npc_med_atmo
a51fa680b432dbc5,wpn_ar_falcon_fire_npc_mech
f3095a1e902c781e,wpn_ar_falcon_fire_plr_atmo
e353433538a1b7ea,wpn_ar_falcon_fire_plr_interrupt
d8b7bd6a14f0f6e5,wpn_ar_falcon_fire_plr_last_mech
9613a7b977222a22,wpn_ar_falcon_fire_plr_mech
c0e79aa2e10ffa68,wpn_ar_falcon_fire_plr_lfe
ab65016d9367711f,wpn_ar_falcon_fire_npc
67e75820356113d5,wpn_ar_falcon_fire_npc_atmo
2297cac6047fd8f9,wpn_ar_falcon_fire_npc_lfe
2ad9c49998527fc0,wpn_ar_falcon_fire_plr_last_shot
5fee8888e1e7cd7f,wpn_ar_falcon_fire_plr_shot
a13811d1588133dc,wpn_ar_falcon_fire_plr_atmo_int
6412371b16a463a0,wpn_ar_falcon_fire_plr_first_fcg
b792cd4ef782b88c,wpn_ar_falcon_fire_plr_last_fcg
30c41c48abc76920,fly_plr_ar_hawk_ubgl_drop_01
fa9f6fa1d0e69117,fly_npc_ar_hawk_ubgl_drop_01
f32e90c50cc21388,fly_plr_ar_hawk_ubgl_drop_quick_01
b4bfe1e37b342d1f,fly_npc_ar_hawk_ubgl_drop_quick_01
6b24e0e07f950323,fly_npc_ar_hawk_ubgl_from_grenade_01
ce1b15f0ab63221c,fly_plr_ar_hawk_ubgl_from_grenade_01
132a3dd3e9951e6e,wpn_ar_hawk_fire_plr_casing_eject
f459ccefb0cc3166,fly_npc_ar_hawk_drop_01
f459cbefb0cc2fb3,fly_npc_ar_hawk_drop_02
f24c40f37facb44c,wpn_ar_hawk_fire_npc_dist
dd026f354810dc58,fly_npc_ar_hawk_inspect_ext02_06
37dd51b2226c851a,fly_npc_ar_hawk_drop_quick_01
dd0270354810de0b,fly_npc_ar_hawk_inspect_ext02_07
dd0276354810e83d,fly_npc_ar_hawk_inspect_ext02_01
eb02a2423e66c6ec,fly_npc_ar_hawk_ubgl_raise_01
dd0273354810e324,fly_npc_ar_hawk_inspect_ext02_02
dd026d354810d8f2,fly_npc_ar_hawk_inspect_ext02_08
dd0274354810e4d7,fly_npc_ar_hawk_inspect_ext02_03
249716a4156ac0e4,fly_npc_ar_hawk_ubgl_raise_quick_01
dd026e354810daa5,fly_npc_ar_hawk_inspect_ext02_09
dd0271354810dfbe,fly_npc_ar_hawk_inspect_ext02_04
a8613112fe94ea76,wpn_ar_hawk_fire_npc_med_atmo
dd0272354810e171,fly_npc_ar_hawk_inspect_ext02_05
dd05db354813c9b3,fly_npc_ar_hawk_inspect_ext02_10
dd05dc354813cb66,fly_npc_ar_hawk_inspect_ext02_13
dd05da354813c800,fly_npc_ar_hawk_inspect_ext02_11
dd05df354813d07f,fly_npc_ar_hawk_inspect_ext02_14
dd05dd354813cd19,fly_npc_ar_hawk_inspect_ext02_12
5ccedadad471144b,fly_npc_ar_hawk_inspect_empty_ext02_05
5ccedbdad47115fe,fly_npc_ar_hawk_inspect_empty_ext02_06
5ccededad4711b17,fly_npc_ar_hawk_inspect_empty_ext02_01
5ccedcdad47117b1,fly_npc_ar_hawk_inspect_empty_ext02_07
ebba2e2ca49e8d5f,fly_npc_ar_hawk_raise_01
5ccedfdad4711cca,fly_npc_ar_hawk_inspect_empty_ext02_02
5cced5dad4710bcc,fly_npc_ar_hawk_inspect_empty_ext02_08
ebba2f2ca49e8f12,fly_npc_ar_hawk_raise_02
5ccee0dad4711e7d,fly_npc_ar_hawk_inspect_empty_ext02_03
5cced6dad4710d7f,fly_npc_ar_hawk_inspect_empty_ext02_09
ebba302ca49e90c5,fly_npc_ar_hawk_raise_03
2af47f0c16c2a57,fly_npc_ar_hawk_raise_quick_01
ce1b18f0ab632735,fly_plr_ar_hawk_ubgl_from_grenade_02
6b24e1e07f9504d6,fly_npc_ar_hawk_ubgl_from_grenade_02
5cced9dad4711298,fly_npc_ar_hawk_inspect_empty_ext02_04
eb02a5423e66cc05,fly_npc_ar_hawk_ubgl_raise_02
5cd263dad47432ed,fly_npc_ar_hawk_inspect_empty_ext02_10
ce1b17f0ab632582,fly_plr_ar_hawk_ubgl_from_grenade_03
6b24e2e07f950689,fly_npc_ar_hawk_ubgl_from_grenade_03
5cd262dad474313a,fly_npc_ar_hawk_inspect_empty_ext02_11
e65fc52b88d8289c,fly_npc_ar_hawk_ubgl_to_grenade_01
5cd261dad4742f87,fly_npc_ar_hawk_inspect_empty_ext02_12
5cd260dad4742dd4,fly_npc_ar_hawk_inspect_empty_ext02_13
ace5d3549964b52,wpn_ar_hawk_fire_plr_atmo
bda95ab81a650601,wpn_ar_hawk_fire_npc_mech
5cd25fdad4742c21,fly_npc_ar_hawk_inspect_empty_ext02_14
4a5ff6ef4ae2b8,wpn_ar_hawk_fire_plr_atmo_int
dfae8847730a8a76,wpn_ar_hawk_fire_plr_interrupt
5cd25edad4742a6e,fly_npc_ar_hawk_inspect_empty_ext02_15
7d541aa52f712d9b,wpn_ar_hawk_fire_npc
264157534fcb144c,wpn_ar_hawk_fire_plr_first_fcg
9e7c67bce4636bc1,wpn_ar_hawk_fire_plr_last_mech
a07ff51cee052329,wpn_ar_hawk_fire_npc_atmo
8e258156ead78995,wpn_ar_hawk_fire_npc_lfe
fb58311f843651e,wpn_ar_hawk_fire_plr_mech
5cd25ddad47428bb,fly_npc_ar_hawk_inspect_empty_ext02_16
d151931260fce905,fly_npc_ar_hawk_selectsemi_off_01
49d30236355491f4,wpn_ar_hawk_fire_plr_lfe
25bca39308b89039,fly_npc_ar_hawk_selectsemi_on_01
ca8a9a793e9c76c0,wpn_ar_hawk_fire_plr_last_fcg
fe649fb6c88f052c,wpn_ar_hawk_fire_plr_last_shot
5d2c54ab75b0be8b,wpn_ar_hawk_fire_plr_shot
31d9b64394f96cb7,fly_npc_ar_kite_ubgl_inspect_06
7243cd0f90b191,fly_npc_ar_kite_ubgl_drop_01
5473f6c405e631f9,fly_npc_ar_kite_ubgl_reload_01
7d51009304fac05d,fly_npc_ar_kite_ubgl_drop_quick_01
5473f3c405e62ce0,fly_npc_ar_kite_ubgl_reload_02
5473fac405e638c5,fly_npc_ar_kite_ubgl_reload_05
3a612a5963466d49,fly_npc_ar_kite_ubgl_from_grenade_01
73c79936b38b698,wpn_ar_kite_fire_plr_casing_eject
5473f4c405e62e93,fly_npc_ar_kite_ubgl_reload_03
5473f7c405e633ac,fly_npc_ar_kite_ubgl_reload_06
31d9b34394f9679e,fly_npc_ar_kite_ubgl_inspect_01
5473f9c405e63712,fly_npc_ar_kite_ubgl_reload_04
31d9b24394f965eb,fly_npc_ar_kite_ubgl_inspect_02
5473f8c405e6355f,fly_npc_ar_kite_ubgl_reload_07
54777ac405e9481c,fly_npc_ar_kite_ubgl_reload_11
31d9b14394f96438,fly_npc_ar_kite_ubgl_inspect_03
5473fdc405e63dde,fly_npc_ar_kite_ubgl_reload_08
16c5fd925e7a02a,wpn_ar_kite_fire_npc_dist
31d9b84394f9701d,fly_npc_ar_kite_ubgl_inspect_04
61e5c653becf36e8,fly_npc_ar_kite_drop_01
5473fec405e63f91,fly_npc_ar_kite_ubgl_reload_09
54777bc405e949cf,fly_npc_ar_kite_ubgl_reload_10
31d9b74394f96e6a,fly_npc_ar_kite_ubgl_inspect_05
826e730dc9065f8a,fly_npc_ar_kite_ubgl_raise_01
46b8c38aafdba300,fly_npc_ar_kite_drop_quick_01
fc1fac827f0ecede,fly_npc_ar_kite_ubgl_raise_quick_01
e7c95ed909c6f8d0,wpn_ar_kite_fire_npc_med_atmo
4f5317d54778d737,fly_npc_ar_kite_transition_reload_empty_fast02_flip_01_01
4f5318d54778d8ea,fly_npc_ar_kite_transition_reload_empty_fast02_flip_01_02
7b59ffdba8e2b320,fly_npc_ar_kite_transition_reload_empty_fast02_flip_02_01
6bdfb9cd2e28022d,fly_npc_ar_kite_raise_01
6bdfb6cd2e27fd14,fly_npc_ar_kite_raise_02
3a61275963466830,fly_npc_ar_kite_ubgl_from_grenade_02
3a612859634669e3,fly_npc_ar_kite_ubgl_from_grenade_03
6bdfb7cd2e27fec7,fly_npc_ar_kite_raise_03
b1985a9336747829,fly_npc_ar_kite_raise_quick_01
ee867d9d8f624d11,fly_npc_ar_kite_transition_reload_empty_02_01
92224b27aa848742,fly_npc_ar_kite_ubgl_to_grenade_01
319efc6f6d0c9a34,wpn_ar_kite_fire_plr
e8cc49702473fda5,wpn_ar_kite_fire_plr_last
92224a27aa84858f,fly_npc_ar_kite_ubgl_to_grenade_02
fea8176f507792ed,wpn_ar_kite_fire_npc
44cd2444a052bf0b,fly_npc_ar_kite_selectsemi_off_01
260a7002469b2e8f,wpn_ar_kite_fire_npc_atmo
31d9b54394f96b04,fly_npc_ar_kite_ubgl_inspect_07
22b5e2e00a64aa57,fly_npc_ar_kite_selectsemi_on_01
7b0f13bbcb3a2da7,wpn_ar_kite_fire_npc_lfe
9551bd844811269e,fly_npc_ar_kite_transition_reload_empty_01_01
31d9ac4394f95bb9,fly_npc_ar_kite_ubgl_inspect_08
edf7ba206233e38f,wpn_ar_kite_fire_npc_mech
9551bc84481124eb,fly_npc_ar_kite_transition_reload_empty_01_02
3413aa262e173e92,wpn_ar_kite_fire_plr_atmo_int
943c7d04c7d29a54,wpn_ar_kite_fire_plr_atmo
826e720dc9065dd7,fly_npc_ar_kite_ubgl_raise_02
8557464bf30dddac,wpn_ar_kite_fire_plr_interrupt
329d16e04ffaa807,wpn_ar_kite_fire_plr_last_mech
e2f10f655097e938,wpn_ar_kite_fire_plr_mech
2dfb9058ddb9962,wpn_ar_kite_fire_plr_lfe
b48eee1457c4a552,wpn_ar_kite_fire_plr_first_fcg
d61db36ea97b84b2,wpn_ar_kite_fire_plr_last_fcg
85c1fdff81421ef8,fly_npc_ar_macaw_reload_ext01_04
490e23bd879cece9,fly_npc_ar_macaw_reload_empty_ext02_13
dc76d900c9b10723,fly_npc_ar_macaw_inspect_empty_07
85c1feff814220ab,fly_npc_ar_macaw_reload_ext01_05
a731bf121534786c,fly_npc_ar_macaw_inspect_fast02_03
490e24bd879cee9c,fly_npc_ar_macaw_reload_empty_ext02_14
a245e9d6cef05365,fly_npc_ar_macaw_reload_empty_ext01_05
dc76e600c9b11d3a,fly_npc_ar_macaw_inspect_empty_08
64faee5fac447211,fly_npc_ar_macaw_reload_empty_fast02_07
85c1ffff8142225e,fly_npc_ar_macaw_reload_ext01_06
a731be12153476b9,fly_npc_ar_macaw_inspect_fast02_04
2c5658a5bb3c9dcf,fly_npc_ar_macaw_inspect_empty_fast01_01
ac715097ec02f8d1,fly_npc_ar_macaw_ubgl_inspect_06
a245e6d6cef04e4c,fly_npc_ar_macaw_reload_empty_ext01_06
dc76e700c9b11eed,fly_npc_ar_macaw_inspect_empty_09
64fae75fac44662c,fly_npc_ar_macaw_reload_empty_fast02_08
85c200ff81422411,fly_npc_ar_macaw_reload_ext01_07
dc7a6400c9b4292b,fly_npc_ar_macaw_inspect_empty_10
a731bd1215347506,fly_npc_ar_macaw_inspect_fast02_05
a245e7d6cef04fff,fly_npc_ar_macaw_reload_empty_ext01_07
2c5659a5bb3c9f82,fly_npc_ar_macaw_inspect_empty_fast01_02
85c1f9ff8142182c,fly_npc_ar_macaw_reload_ext01_08
c6f97e04a0073bff,fly_npc_ar_macaw_ubgl_drop_01
85c586ff81453d9a,fly_npc_ar_macaw_reload_ext01_11
64fae85fac4467df,fly_npc_ar_macaw_reload_empty_fast02_09
92f51335f105ab00,fly_npc_ar_macaw_ubgl_reload_04
92f51835f105b37f,fly_npc_ar_macaw_ubgl_reload_01
dc7a6800c9b42ff7,fly_npc_ar_macaw_inspect_empty_14
85c1faff814219df,fly_npc_ar_macaw_reload_ext01_09
a731bc1215347353,fly_npc_ar_macaw_inspect_fast02_06
dc7a6300c9b42778,fly_npc_ar_macaw_inspect_empty_11
2c5655a5bb3c98b6,fly_npc_ar_macaw_inspect_empty_fast01_06
5b43eb0acaaaae60,fly_npc_ar_macaw_reload_ext02_01
a245ecd6cef0587e,fly_npc_ar_macaw_reload_empty_ext01_08
2c565aa5bb3ca135,fly_npc_ar_macaw_inspect_empty_fast01_03
64fe755fac478d4d,fly_npc_ar_macaw_reload_empty_fast02_10
9c61da78b22e0a37,fly_npc_ar_macaw_ubgl_drop_quick_01
dc7a6700c9b42e44,fly_npc_ar_macaw_inspect_empty_15
a731bb12153471a0,fly_npc_ar_macaw_inspect_fast02_07
dc7a6600c9b42c91,fly_npc_ar_macaw_inspect_empty_12
85c587ff81453f4d,fly_npc_ar_macaw_reload_ext01_10
5b43ee0acaaab379,fly_npc_ar_macaw_reload_ext02_02
92f51435f105acb3,fly_npc_ar_macaw_ubgl_reload_05
2c5653a5bb3c9550,fly_npc_ar_macaw_inspect_empty_fast01_04
dc7a6a00c9b4335d,fly_npc_ar_macaw_inspect_empty_16
85a526391188059b,fly_npc_ar_macaw_ubgl_from_grenade_01
a72e3c12153163fc,fly_npc_ar_macaw_inspect_fast02_10
dc7a6500c9b42ade,fly_npc_ar_macaw_inspect_empty_13
a245edd6cef05a31,fly_npc_ar_macaw_reload_empty_ext01_09
491124bd879f2473,fly_npc_ar_macaw_reload_empty_ext02_02
92f51935f105b532,fly_npc_ar_macaw_ubgl_reload_02
a731ca1215348b1d,fly_npc_ar_macaw_inspect_fast02_08
2c5656a5bb3c9a69,fly_npc_ar_macaw_inspect_empty_fast01_07
5b43ed0acaaab1c6,fly_npc_ar_macaw_reload_ext02_03
1d35b0f2a79a9873,fly_npc_ar_macaw_reload_empty_fast02_flip_01
53471cde82fcac5a,wpn_ar_macaw_fire_plr_casing_eject
a72e3d12153165af,fly_npc_ar_macaw_inspect_fast02_11
92f51535f105ae66,fly_npc_ar_macaw_ubgl_reload_06
5b40870acaa7ce9d,fly_npc_ar_macaw_reload_ext02_11
2c5654a5bb3c9703,fly_npc_ar_macaw_inspect_empty_fast01_05
92f51a35f105b6e5,fly_npc_ar_macaw_ubgl_reload_03
a2496ad6cef3646f,fly_npc_ar_macaw_reload_empty_ext01_10
ac715197ec02fa84,fly_npc_ar_macaw_ubgl_inspect_01
5b43f00acaaab6df,fly_npc_ar_macaw_reload_ext02_04
1d35b3f2a79a9d8c,fly_npc_ar_macaw_reload_empty_fast02_flip_04
f4965d645ad6eff8,wpn_ar_macaw_fire_npc_dist
a731c9121534896a,fly_npc_ar_macaw_inspect_fast02_09
2c565fa5bb3ca9b4,fly_npc_ar_macaw_inspect_empty_fast01_08
1d35b1f2a79a9a26,fly_npc_ar_macaw_reload_empty_fast02_flip_02
a72e3e1215316762,fly_npc_ar_macaw_inspect_fast02_12
92f51635f105b019,fly_npc_ar_macaw_ubgl_reload_07
491123bd879f22c0,fly_npc_ar_macaw_reload_empty_ext02_03
2c5660a5bb3cab67,fly_npc_ar_macaw_inspect_empty_fast01_09
491125bd879f2626,fly_npc_ar_macaw_reload_empty_ext02_01
a72e3f1215316915,fly_npc_ar_macaw_inspect_fast02_13
5b43ef0acaaab52c,fly_npc_ar_macaw_reload_ext02_05
4ff1eab3e8d80a35,fly_npc_ar_macaw_inspect_ext02_01
1d35b2f2a79a9bd9,fly_npc_ar_macaw_reload_empty_fast02_flip_03
ac715497ec02ff9d,fly_npc_ar_macaw_ubgl_inspect_02
1d35b4f2a79a9f3f,fly_npc_ar_macaw_reload_empty_fast02_flip_05
2c595da5bb3edc25,fly_npc_ar_macaw_inspect_empty_fast01_10
4ff1f2b3e8d817cd,fly_npc_ar_macaw_inspect_ext02_09
af9d1fc6413d0b7,fly_npc_ar_macaw_reload_fast02_03
491129bd879f2cf2,fly_npc_ar_macaw_reload_empty_ext02_05
6e4cdbf951c2eabe,fly_npc_ar_macaw_drop_01
92f51f35f105bf64,fly_npc_ar_macaw_ubgl_reload_08
2d91a0aae24a3378,fly_npc_ar_macaw_inspect_empty_fast02_01
49112abd879f2ea5,fly_npc_ar_macaw_reload_empty_ext02_04
a72e381215315d30,fly_npc_ar_macaw_inspect_fast02_14
4ff1e7b3e8d8051c,fly_npc_ar_macaw_inspect_ext02_02
1d35b5f2a79aa0f2,fly_npc_ar_macaw_reload_empty_fast02_flip_06
4ff4efb3e8da488b,fly_npc_ar_macaw_inspect_ext02_10
1d35b6f2a79aa2a5,fly_npc_ar_macaw_reload_empty_fast02_flip_07
5b43f20acaaaba45,fly_npc_ar_macaw_reload_ext02_06
ac715397ec02fdea,fly_npc_ar_macaw_ubgl_inspect_03
2d91a3aae24a3891,fly_npc_ar_macaw_inspect_empty_fast02_02
2c595ca5bb3eda72,fly_npc_ar_macaw_inspect_empty_fast01_11
491128bd879f2b3f,fly_npc_ar_macaw_reload_empty_ext02_06
4ff1e8b3e8d806cf,fly_npc_ar_macaw_inspect_ext02_03
92f52035f105c117,fly_npc_ar_macaw_ubgl_reload_09
af9cefc6413cb9e,fly_npc_ar_macaw_reload_fast02_04
4ff4eeb3e8da46d8,fly_npc_ar_macaw_inspect_ext02_11
2c595ba5bb3ed8bf,fly_npc_ar_macaw_inspect_empty_fast01_12
ac714d97ec02f3b8,fly_npc_ar_macaw_ubgl_inspect_05
ac714e97ec02f56b,fly_npc_ar_macaw_ubgl_inspect_04
1d35b7f2a79aa458,fly_npc_ar_macaw_reload_empty_fast02_flip_08
5b43f10acaaab892,fly_npc_ar_macaw_reload_ext02_07
2d91a2aae24a36de,fly_npc_ar_macaw_inspect_empty_fast02_03
491127bd879f298c,fly_npc_ar_macaw_reload_empty_ext02_07
af9cffc6413cd51,fly_npc_ar_macaw_reload_fast02_05
4ff1e5b3e8d801b6,fly_npc_ar_macaw_inspect_ext02_04
4ff4f1b3e8da4bf1,fly_npc_ar_macaw_inspect_ext02_12
bb7bc5c461c02b6a,wpn_ar_macaw_fire_npc_med_atmo
2c595aa5bb3ed70c,fly_npc_ar_macaw_inspect_empty_fast01_13
1d35b8f2a79aa60b,fly_npc_ar_macaw_reload_empty_fast02_flip_09
5b43f40acaaabdab,fly_npc_ar_macaw_reload_ext02_08
2d91a5aae24a3bf7,fly_npc_ar_macaw_inspect_empty_fast02_04
49112ebd879f3571,fly_npc_ar_macaw_reload_empty_ext02_08
af9ccfc6413c838,fly_npc_ar_macaw_reload_fast02_06
6aa4ced0b93f7804,fly_npc_ar_macaw_ubgl_raise_01
2c5959a5bb3ed559,fly_npc_ar_macaw_inspect_empty_fast01_14
189f561729195102,fly_npc_ar_macaw_drop_quick_01
49112dbd879f33be,fly_npc_ar_macaw_reload_empty_ext02_09
4ff1e6b3e8d80369,fly_npc_ar_macaw_inspect_ext02_05
4ff4f0b3e8da4a3e,fly_npc_ar_macaw_inspect_ext02_13
2d91a4aae24a3a44,fly_npc_ar_macaw_inspect_empty_fast02_05
1d3935f2a79db049,fly_npc_ar_macaw_reload_empty_fast02_flip_10
5b43f30acaaabbf8,fly_npc_ar_macaw_reload_ext02_09
8d2880e680433b0c,fly_npc_ar_macaw_ubgl_raise_quick_01
af9cdfc6413c9eb,fly_npc_ar_macaw_reload_fast02_07
af9d3fc6413d41d,fly_npc_ar_macaw_reload_fast02_01
4ff4f3b3e8da4f57,fly_npc_ar_macaw_inspect_ext02_14
2c5958a5bb3ed3a6,fly_npc_ar_macaw_inspect_empty_fast01_15
2d91a7aae24a3f5d,fly_npc_ar_macaw_inspect_empty_fast02_06
4ff1e3b3e8d7fe50,fly_npc_ar_macaw_inspect_ext02_06
af9cafc6413c4d2,fly_npc_ar_macaw_reload_fast02_08
490e20bd879ce7d0,fly_npc_ar_macaw_reload_empty_ext02_10
5b40860acaa7ccea,fly_npc_ar_macaw_reload_ext02_10
1d3934f2a79dae96,fly_npc_ar_macaw_reload_empty_fast02_flip_11
a245e5d6cef04c99,fly_npc_ar_macaw_reload_empty_ext01_01
af9d0fc6413cf04,fly_npc_ar_macaw_reload_fast02_02
a245e2d6cef04780,fly_npc_ar_macaw_reload_empty_ext01_02
4ff1e4b3e8d80003,fly_npc_ar_macaw_inspect_ext02_07
85c202ff81422777,fly_npc_ar_macaw_reload_ext01_01
2d91a6aae24a3daa,fly_npc_ar_macaw_inspect_empty_fast02_07
1e213efdca398913,fly_npc_ar_macaw_inspect_empty_ext02_05
4ff1f1b3e8d8161a,fly_npc_ar_macaw_inspect_ext02_08
85c204ff81422add,fly_npc_ar_macaw_reload_ext01_03
af9cbfc6413c685,fly_npc_ar_macaw_reload_fast02_09
490e21bd879ce983,fly_npc_ar_macaw_reload_empty_ext02_11
85c203ff8142292a,fly_npc_ar_macaw_reload_ext01_02
1e2142fdca398fdf,fly_npc_ar_macaw_inspect_empty_ext02_01
afd38fc6416b593,fly_npc_ar_macaw_reload_fast02_10
a245e3d6cef04933,fly_npc_ar_macaw_reload_empty_ext01_03
2d8e1aaae24719ef,fly_npc_ar_macaw_inspect_empty_fast02_13
a245e8d6cef051b2,fly_npc_ar_macaw_reload_empty_ext01_04
1e213ffdca398ac6,fly_npc_ar_macaw_inspect_empty_ext02_06
490e22bd879ceb36,fly_npc_ar_macaw_reload_empty_ext02_12
1e2143fdca399192,fly_npc_ar_macaw_inspect_empty_ext02_02
ed5fac735bcdf35,fly_npc_ar_macaw_reload_fast02_flip_01
2d9199aae24a2793,fly_npc_ar_macaw_inspect_empty_fast02_08
85a527391188074e,fly_npc_ar_macaw_ubgl_from_grenade_02
1e2140fdca398c79,fly_npc_ar_macaw_inspect_empty_ext02_07
2d8e17aae24714d6,fly_npc_ar_macaw_inspect_empty_fast02_14
1e2144fdca399345,fly_npc_ar_macaw_inspect_empty_ext02_03
19712674da77f27,fly_npc_ar_macaw_raise_01
1e2149fdca399bc4,fly_npc_ar_macaw_inspect_empty_ext02_08
dc76df00c9b11155,fly_npc_ar_macaw_inspect_empty_01
2d8e18aae2471689,fly_npc_ar_macaw_inspect_empty_fast02_15
2d9198aae24a25e0,fly_npc_ar_macaw_inspect_empty_fast02_09
ed5f7c735bcda1c,fly_npc_ar_macaw_reload_fast02_flip_02
1e213dfdca398760,fly_npc_ar_macaw_inspect_empty_ext02_04
51e443f3b89a74d1,wpn_ar_macaw_fire_npc_lfe
1e214afdca399d77,fly_npc_ar_macaw_inspect_empty_ext02_09
dc76dc00c9b10c3c,fly_npc_ar_macaw_inspect_empty_02
1ac892b5d9a727d,fly_npc_ar_macaw_inspect_fast01_09
ed5f8c735bcdbcf,fly_npc_ar_macaw_reload_fast02_flip_03
19713674da780da,fly_npc_ar_macaw_raise_02
9c16772d69f6c5fd,wpn_ar_macaw_fire_npc_mech
1b0052b5d9d7b08,fly_npc_ar_macaw_inspect_fast01_11
1b0062b5d9d7cbb,fly_npc_ar_macaw_inspect_fast01_10
2d8e15aae2471170,fly_npc_ar_macaw_inspect_empty_fast02_16
2d8e1baae2471ba2,fly_npc_ar_macaw_inspect_empty_fast02_10
1e24c7fdca3ca7b5,fly_npc_ar_macaw_inspect_empty_ext02_10
56bb726f2e930064,fly_npc_ar_macaw_ubgl_to_grenade_01
ac714a97ec02ee9f,fly_npc_ar_macaw_ubgl_inspect_08
f0b160edb81ee816,wpn_ar_macaw_fire_plr_atmo
dc76dd00c9b10def,fly_npc_ar_macaw_inspect_empty_03
1b0082b5d9d8021,fly_npc_ar_macaw_inspect_fast01_12
ed5f5c735bcd6b6,fly_npc_ar_macaw_reload_fast02_flip_04
1e24c6fdca3ca602,fly_npc_ar_macaw_inspect_empty_ext02_11
2d8e1caae2471d55,fly_npc_ar_macaw_inspect_empty_fast02_11
64faf05fac447577,fly_npc_ar_macaw_reload_empty_fast02_01
1b0072b5d9d7e6e,fly_npc_ar_macaw_inspect_fast01_13
c276431e45e2bd8f,fly_npc_ar_macaw_raise_quick_01
754bdc1714e0a0b2,wpn_ar_macaw_fire_plr_interrupt
a731c11215347bd2,fly_npc_ar_macaw_inspect_fast02_01
dc76da00c9b108d6,fly_npc_ar_macaw_inspect_empty_04
ed5f6c735bcd869,fly_npc_ar_macaw_reload_fast02_flip_05
2d8e19aae247183c,fly_npc_ar_macaw_inspect_empty_fast02_12
2af035944526d124,wpn_ar_macaw_fire_plr_atmo_int
64faf15fac44772a,fly_npc_ar_macaw_reload_empty_fast02_02
6aa4d1d0b93f7d1d,fly_npc_ar_macaw_ubgl_raise_02
1e24c5fdca3ca44f,fly_npc_ar_macaw_inspect_empty_ext02_12
a731c01215347a1f,fly_npc_ar_macaw_inspect_fast02_02
dc76db00c9b10a89,fly_npc_ar_macaw_inspect_empty_05
1eb56fedf8f61ded,wpn_ar_macaw_fire_plr_last_mech
ed5f3c735bcd350,fly_npc_ar_macaw_reload_fast02_flip_06
1e24c4fdca3ca29c,fly_npc_ar_macaw_inspect_empty_ext02_13
64faf25fac4478dd,fly_npc_ar_macaw_reload_empty_fast02_03
9af51f1be55cf197,wpn_ar_macaw_fire_npc
ed5f4c735bcd503,fly_npc_ar_macaw_reload_fast02_flip_07
7add01dd4a1c06c8,wpn_ar_macaw_fire_plr_first_fcg
1e24c3fdca3ca0e9,fly_npc_ar_macaw_inspect_empty_ext02_14
fdf78f1113fc0f1a,wpn_ar_macaw_fire_plr_mech
dc76d800c9b10570,fly_npc_ar_macaw_inspect_empty_06
88c6494c2ae383cd,wpn_ar_macaw_fire_npc_atmo
64faeb5fac446cf8,fly_npc_ar_macaw_reload_empty_fast02_04
1e24c2fdca3c9f36,fly_npc_ar_macaw_inspect_empty_ext02_15
1ac812b5d9a64e5,fly_npc_ar_macaw_inspect_fast01_01
9efb7d359b71bf80,wpn_ar_macaw_fire_plr_lfe
ac714f97ec02f71e,fly_npc_ar_macaw_ubgl_inspect_07
64faec5fac446eab,fly_npc_ar_macaw_reload_empty_fast02_05
1ac7e2b5d9a5fcc,fly_npc_ar_macaw_inspect_fast01_02
1e24c1fdca3c9d83,fly_npc_ar_macaw_inspect_empty_ext02_16
64faed5fac44705e,fly_npc_ar_macaw_reload_empty_fast02_06
a9e86cbecf55a004,wpn_ar_macaw_fire_plr_last_fcg
1ac7f2b5d9a617f,fly_npc_ar_macaw_inspect_fast01_03
1ac7c2b5d9a5c66,fly_npc_ar_macaw_inspect_fast01_04
4dedd7a5a0929768,wpn_ar_macaw_fire_plr_last_shot
1ac7d2b5d9a5e19,fly_npc_ar_macaw_inspect_fast01_05
1ac7a2b5d9a5900,fly_npc_ar_macaw_inspect_fast01_06
ea4f0f585a29eff7,wpn_ar_macaw_fire_plr_shot
1ac7b2b5d9a5ab3,fly_npc_ar_macaw_inspect_fast01_07
1ac882b5d9a70ca,fly_npc_ar_macaw_inspect_fast01_08
21ac2a8bd50a4e1,fly_npc_ar_vulture_inspect_01
21abfa8bd509fc8,fly_npc_ar_vulture_inspect_02
21ac0a8bd50a17b,fly_npc_ar_vulture_inspect_03
21ac5a8bd50a9fa,fly_npc_ar_vulture_inspect_04
21ac6a8bd50abad,fly_npc_ar_vulture_inspect_05
21ac3a8bd50a694,fly_npc_ar_vulture_inspect_06
15ff315cdd82b52d,fly_npc_ar_vulture_ubgl_drop_01
21abaa8bd509749,fly_npc_ar_vulture_inspect_09
21ac4a8bd50a847,fly_npc_ar_vulture_inspect_07
21ab9a8bd509596,fly_npc_ar_vulture_inspect_08
21e47a8bd53bcb7,fly_npc_ar_vulture_inspect_10
c511d4aeb185329,fly_npc_ar_vulture_ubgl_drop_quick_01
3e20c7536b68d6d4,wpn_ar_vulture_fire_plr_casing_eject
21e46a8bd53bb04,fly_npc_ar_vulture_inspect_11
21e49a8bd53c01d,fly_npc_ar_vulture_inspect_12
e71855cb60ea3976,wpn_ar_vulture_fire_npc_dist
a0a6e8aa7180d4cc,fly_npc_ar_vulture_drop_01
6487d3079b6ddea6,fly_npc_ar_vulture_ubgl_raise_01
b47cd32f759fa85a,fly_npc_ar_vulture_ubgl_raise_quick_01
4add63c80ab2e474,wpn_ar_vulture_fire_npc_med_atmo
e636772ad76a2404,fly_npc_ar_vulture_drop_quick_01
513912dfff81d361,fly_npc_ar_vulture_raise_01
5c1d5a612bf5948d,fly_npc_ar_vulture_raise_quick_01
97934a9d6e4b24be,wpn_ar_vulture_fire_plr_atmo_int
b1369794ec8b8a23,wpn_ar_vulture_fire_npc_lfe
b8499013af9952cb,wpn_ar_vulture_fire_npc_mech
42ecf21e13da4018,wpn_ar_vulture_fire_plr_atmo
47a693a215b85df9,wpn_ar_vulture_fire_npc
dc806ae38c19076e,wpn_ar_vulture_fire_plr_first_fcg
8e66b2bf340d0a68,wpn_ar_vulture_fire_plr_interrupt
e7916daee675c343,wpn_ar_vulture_fire_npc_atmo
e894e1ccf6e5d4e3,wpn_ar_vulture_fire_plr_last_mech
5969abb8aaa688b4,wpn_ar_vulture_fire_plr_mech
bcc88cb35b968f5e,wpn_ar_vulture_fire_plr_lfe
cbc040b53d16dda6,wpn_ar_vulture_fire_plr_last_fcg
fd76162f955c292,wpn_ar_vulture_fire_plr_last_shot
a26ef9c3d8935d3e,fly_plr_ar_vulture_transition_reload_empty_02_01
d2a0e5b3bf3a487d,wpn_ar_vulture_fire_plr_shot
a0fca729c32d9179,fly_npc_dm_kara_ubgl_inspect_06
23da69deb407b3e7,fly_npc_dm_kara_ubgl_drop_01
47f81e87eeb8724f,fly_npc_dm_kara_ubgl_drop_quick_01
67c104c6ad0ffd57,fly_npc_dm_kara_ubgl_reload_01
611ad6b3885c6013,fly_npc_dm_kara_ubgl_from_grenade_01
32c1e71fb3d2a512,wpn_dm_kara_fire_plr_casing_eject
67c100c6ad0ff68b,fly_npc_dm_kara_ubgl_reload_05
a0fca829c32d932c,fly_npc_dm_kara_ubgl_inspect_01
67c105c6ad0fff0a,fly_npc_dm_kara_ubgl_reload_02
67c101c6ad0ff83e,fly_npc_dm_kara_ubgl_reload_06
a0fca529c32d8e13,fly_npc_dm_kara_ubgl_inspect_04
a0fcab29c32d9845,fly_npc_dm_kara_ubgl_inspect_02
67c106c6ad1000bd,fly_npc_dm_kara_ubgl_reload_03
67c102c6ad0ff9f1,fly_npc_dm_kara_ubgl_reload_07
a0fca429c32d8c60,fly_npc_dm_kara_ubgl_inspect_05
a0fcaa29c32d9692,fly_npc_dm_kara_ubgl_inspect_03
67c0ffc6ad0ff4d8,fly_npc_dm_kara_ubgl_reload_04
67c0fbc6ad0fee0c,fly_npc_dm_kara_ubgl_reload_08
4d25073461711a5c,fly_npc_dm_kara_ubgl_raise_01
67c0fcc6ad0fefbf,fly_npc_dm_kara_ubgl_reload_09
b7b503731267eb74,fly_npc_dm_kara_ubgl_raise_quick_01
67c488c6ad13137a,fly_npc_dm_kara_ubgl_reload_11
e390b02c0959fa16,fly_npc_dm_kara_drop_01
67c489c6ad13152d,fly_npc_dm_kara_ubgl_reload_10
f2ea4d5fe2553a2,wpn_dm_kara_fire_npc_med_atmo
611ad8b3885c6379,fly_npc_dm_kara_ubgl_from_grenade_03
611ad7b3885c61c6,fly_npc_dm_kara_ubgl_from_grenade_02
bc162e57348c838c,fly_npc_dm_kara_ubgl_to_grenade_01
12c3bc8a89ede6f,fly_npc_dm_kara_raise_01
dcaae08dcfde63ea,fly_npc_dm_kara_drop_quick_01
32cde2cf6795433a,wpn_dm_kara_fire_plr_interrupt
a0fca629c32d8fc6,fly_npc_dm_kara_ubgl_inspect_07
12c3cc8a89ee022,fly_npc_dm_kara_raise_02
75e43974cf389a15,wpn_dm_kara_fire_plr_last_mech
a0fcb129c32da277,fly_npc_dm_kara_ubgl_inspect_08
9aa85396cceca65c,wpn_dm_kara_fire_plr_last_fcg
8409d7f71b1d4f47,fly_npc_dm_kara_raise_quick_01
84c2dc30b11417c5,wpn_dm_kara_fire_npc_atmo
279ad9b19c23b8b8,wpn_dm_kara_fire_plr_lfe
4d250a3461711f75,fly_npc_dm_kara_ubgl_raise_02
5a736af77dcbf269,wpn_dm_kara_fire_npc_lfe
2ce08167d33fa0ec,wpn_dm_kara_fire_plr_atmo_int
ba1f67755f396f75,fly_npc_dm_kara_selectsemi_off_01
1da7302abdb742ee,wpn_dm_kara_fire_plr_atmo
3060cb37dd3b8109,fly_npc_dm_kara_selectsemi_on_01
4d6f75ab31b28ef0,wpn_dm_kara_fire_plr_first_fcg
bc163157348c88a5,fly_npc_dm_kara_ubgl_to_grenade_02
73055f9e749a3c70,wpn_dm_kara_fire_plr_last_shot
28658fceb0c4827d,fly_npc_dm_oman_inspect_empty_07
286580ceb0c46900,fly_npc_dm_oman_inspect_empty_08
286581ceb0c46ab3,fly_npc_dm_oman_inspect_empty_09
28690eceb0c79021,fly_npc_dm_oman_inspect_empty_10
b8728be15e8f629a,wpn_dm_oman_fire_npc_dist
3f0ea1117e7f9780,wpn_dm_oman_fire_npc_med_atmo
8047ab4721d65200,fly_npc_dm_oman_drop_01
a34004a9332f8ca1,fly_npc_dm_oman_raise_quick_01
4d6cd44e45dc6028,fly_npc_dm_oman_drop_quick_01
e2c2b7c6c04eaab5,fly_npc_dm_oman_raise_01
28658eceb0c480ca,fly_npc_dm_oman_inspect_empty_06
28658bceb0c47bb1,fly_npc_dm_oman_inspect_empty_03
28658cceb0c47d64,fly_npc_dm_oman_inspect_empty_04
e9a948d5ff13215c,wpn_dm_oman_fire_plr_interrupt
28658dceb0c47f17,fly_npc_dm_oman_inspect_empty_05
4f8d50428693db1d,wpn_dm_oman_fire_npc
e48c830c4a2b4dd7,wpn_dm_oman_fire_plr_last_mech
f2ac9c0b1c9ef51f,wpn_dm_oman_fire_npc_atmo
aa10d0f4e1673c88,wpn_dm_oman_fire_plr_mech
ad8817d810593637,wpn_dm_oman_fire_npc_lfe
7d8f39a689ac3f12,wpn_dm_oman_fire_plr_lfe
ce160629d3c57e3f,wpn_dm_oman_fire_npc_mech
c7ea1e900e5be244,wpn_dm_oman_fire_plr_atmo
a32e4af4ca168a02,wpn_dm_oman_fire_plr_atmo_int
286589ceb0c4784b,fly_npc_dm_oman_inspect_empty_01
fb0ed1d7e94920d6,wpn_dm_oman_fire_plr_last_shot
28658aceb0c479fe,fly_npc_dm_oman_inspect_empty_02
49b7055ce5cdca02,wpn_dm_oman_fire_plr_first_fcg
9fad5a25e3556601,wpn_dm_oman_fire_plr_shot
729f8af6b53dac62,wpn_dm_oman_fire_plr_last_fcg
bad31a6bbd5a5d2,fly_npc_dm_scotia_reload_ext01_04
969c4dfcc27afedf,fly_npc_dm_scotia_reload_empty_ext02_13
c24ec7bde4bbc6a,fly_npc_dm_scotia_inspect_fast02_03
b8f5362a6b3563e3,fly_npc_dm_scotia_inspect_ext01_04
c18a47f179714cb3,fly_npc_dm_scotia_reload_empty_ext01_05
81a571ba4e402f13,fly_npc_dm_scotia_reload_empty_fast02_07
bad32a6bbd5a785,fly_npc_dm_scotia_reload_ext01_05
f30f8e77708399cb,fly_npc_dm_scotia_ubgl_inspect_06
c24e77bde4bb3eb,fly_npc_dm_scotia_inspect_fast02_04
b8f5352a6b356230,fly_npc_dm_scotia_inspect_ext01_05
81a57eba4e40452a,fly_npc_dm_scotia_reload_empty_fast02_08
c18a48f179714e66,fly_npc_dm_scotia_reload_empty_ext01_06
c24e67bde4bb238,fly_npc_dm_scotia_inspect_fast02_05
c2f77bd1d343342d,fly_npc_dm_scotia_ubgl_drop_01
bad2fa6bbd5a26c,fly_npc_dm_scotia_reload_ext01_06
bad30a6bbd5a41f,fly_npc_dm_scotia_reload_ext01_07
c18a49f179715019,fly_npc_dm_scotia_reload_empty_ext01_07
b8f5382a6b356749,fly_npc_dm_scotia_inspect_ext01_06
bad35a6bbd5ac9e,fly_npc_dm_scotia_reload_ext01_08
2dc00ba71cc97b25,fly_npc_dm_scotia_ubgl_reload_01
81a57fba4e4046dd,fly_npc_dm_scotia_reload_empty_fast02_09
b8f5372a6b356596,fly_npc_dm_scotia_inspect_ext01_07
94038533142e9a29,fly_npc_dm_scotia_ubgl_drop_quick_01
5dbaee8b008524c6,fly_npc_dm_scotia_reload_ext02_01
2dc007a71cc97459,fly_npc_dm_scotia_ubgl_reload_05
c24e97bde4bb751,fly_npc_dm_scotia_inspect_fast02_06
c18a53f179716117,fly_npc_dm_scotia_reload_empty_ext01_09
c18a52f179715f64,fly_npc_dm_scotia_reload_empty_ext01_08
c24e87bde4bb59e,fly_npc_dm_scotia_inspect_fast02_07
81a8fcba4e43511b,fly_npc_dm_scotia_reload_empty_fast02_10
13f9691621fa75bd,fly_npc_dm_scotia_ubgl_from_grenade_01
bad36a6bbd5ae51,fly_npc_dm_scotia_reload_ext01_09
f30f93777083a24a,fly_npc_dm_scotia_ubgl_inspect_01
b8f5422a6b357847,fly_npc_dm_scotia_inspect_ext01_08
90c5095442771368,wpn_dm_scotia_fire_plr_casing_eject
5dbaed8b00852313,fly_npc_dm_scotia_reload_ext02_02
2dc008a71cc9760c,fly_npc_dm_scotia_ubgl_reload_02
1223aac3e20e4600,fly_npc_dm_scotia_reload_fast01_01
c21667bde48a2e1,fly_npc_dm_scotia_inspect_fast02_11
b8f1b42a6b325126,fly_npc_dm_scotia_inspect_ext01_10
f30f8f7770839b7e,fly_npc_dm_scotia_ubgl_inspect_05
2dc004a71cc96f40,fly_npc_dm_scotia_ubgl_reload_06
969fd5fcc27e1bce,fly_npc_dm_scotia_reload_empty_ext02_03
f30f92777083a097,fly_npc_dm_scotia_ubgl_inspect_02
c24e37bde4bad1f,fly_npc_dm_scotia_inspect_fast02_08
1223aec3e20e4ccc,fly_npc_dm_scotia_reload_fast01_05
c18dd0f179746b55,fly_npc_dm_scotia_reload_empty_ext01_10
b8f1b52a6b3252d9,fly_npc_dm_scotia_inspect_ext01_11
2dc009a71cc977bf,fly_npc_dm_scotia_ubgl_reload_03
c21637bde489dc8,fly_npc_dm_scotia_inspect_fast02_12
5dbaec8b00852160,fly_npc_dm_scotia_reload_ext02_03
b8f5412a6b357694,fly_npc_dm_scotia_inspect_ext01_09
5dbaf08b0085282c,fly_npc_dm_scotia_reload_ext02_07
1223adc3e20e4b19,fly_npc_dm_scotia_reload_fast01_02
c24e27bde4bab6c,fly_npc_dm_scotia_inspect_fast02_09
1223b1c3e20e51e5,fly_npc_dm_scotia_reload_fast01_06
2dc006a71cc972a6,fly_npc_dm_scotia_ubgl_reload_04
f30f917770839ee4,fly_npc_dm_scotia_ubgl_inspect_03
2dc005a71cc970f3,fly_npc_dm_scotia_ubgl_reload_07
969fd8fcc27e20e7,fly_npc_dm_scotia_reload_empty_ext02_04
c21647bde489f7b,fly_npc_dm_scotia_inspect_fast02_13
969fd3fcc27e1868,fly_npc_dm_scotia_reload_empty_ext02_01
5dbaf38b00852d45,fly_npc_dm_scotia_reload_ext02_04
8cee312409cb56b3,fly_npc_dm_scotia_inspect_ext02_01
c21657bde48a12e,fly_npc_dm_scotia_inspect_fast02_10
eca57c363aeda23a,wpn_dm_scotia_fire_npc_dist
f30f907770839d31,fly_npc_dm_scotia_ubgl_inspect_04
1223acc3e20e4966,fly_npc_dm_scotia_reload_fast01_03
eed57c53185aba6,fly_npc_dm_scotia_ubgl_raise_01
b8f1b22a6b324dc0,fly_npc_dm_scotia_inspect_ext01_12
1223b0c3e20e5032,fly_npc_dm_scotia_reload_fast01_07
90683ebd29ff09cc,fly_npc_dm_scotia_drop_01
2dc012a71cc9870a,fly_npc_dm_scotia_ubgl_reload_08
969fd7fcc27e1f34,fly_npc_dm_scotia_reload_empty_ext02_05
c21697bde48a7fa,fly_npc_dm_scotia_inspect_fast02_14
8cee322409cb5866,fly_npc_dm_scotia_inspect_ext02_02
5dbaf78b00853411,fly_npc_dm_scotia_reload_ext02_08
ce46da75369b97e0,wpn_dm_scotia_fire_npc_med_atmo
5db7698b00820cf0,fly_npc_dm_scotia_reload_ext02_10
5dbaf28b00852b92,fly_npc_dm_scotia_reload_ext02_05
8cee352409cb5d7f,fly_npc_dm_scotia_inspect_ext02_05
1223afc3e20e4e7f,fly_npc_dm_scotia_reload_fast01_04
969fd6fcc27e1d81,fly_npc_dm_scotia_reload_empty_ext02_02
b8f1b32a6b324f73,fly_npc_dm_scotia_inspect_ext01_13
1223b3c3e20e554b,fly_npc_dm_scotia_reload_fast01_08
d41fb59e934bb24c,fly_npc_dm_scotia_reload_empty_fast01_03
5eea62ad467a4d5a,fly_npc_dm_scotia_ubgl_raise_quick_01
5dbaf68b0085325e,fly_npc_dm_scotia_reload_ext02_09
5db76a8b00820ea3,fly_npc_dm_scotia_reload_ext02_11
2dc013a71cc988bd,fly_npc_dm_scotia_ubgl_reload_09
5dbaf18b008529df,fly_npc_dm_scotia_reload_ext02_06
8cee362409cb5f32,fly_npc_dm_scotia_inspect_ext02_06
969fdafcc27e244d,fly_npc_dm_scotia_reload_empty_ext02_06
969fcbfcc27e0ad0,fly_npc_dm_scotia_reload_empty_ext02_09
3ca1c3b898a5c0ca,fly_npc_dm_scotia_reload_fast02_02
969c4efcc27b0092,fly_npc_dm_scotia_reload_empty_ext02_10
d41fb49e934bb099,fly_npc_dm_scotia_reload_empty_fast01_04
1223b2c3e20e5398,fly_npc_dm_scotia_reload_fast01_09
8cee332409cb5a19,fly_npc_dm_scotia_inspect_ext02_03
2dc390a71ccc92fb,fly_npc_dm_scotia_ubgl_reload_10
d41fb39e934baee6,fly_npc_dm_scotia_reload_empty_fast01_05
969c4ffcc27b0245,fly_npc_dm_scotia_reload_empty_ext02_11
969fd9fcc27e229a,fly_npc_dm_scotia_reload_empty_ext02_07
3ca1c4b898a5c27d,fly_npc_dm_scotia_reload_fast02_03
3ca1c2b898a5bf17,fly_npc_dm_scotia_reload_fast02_01
d41fb79e934bb5b2,fly_npc_dm_scotia_reload_empty_fast01_01
8cee342409cb5bcc,fly_npc_dm_scotia_inspect_ext02_04
3ca1bdb898a5b698,fly_npc_dm_scotia_reload_fast02_04
bad2ea6bbd5a0b9,fly_npc_dm_scotia_reload_ext01_01
d41fb29e934bad33,fly_npc_dm_scotia_reload_empty_fast01_06
c18a4bf17971537f,fly_npc_dm_scotia_reload_empty_ext01_01
34f354af7df5e261,fly_npc_dm_scotia_raise_01
d41fb69e934bb3ff,fly_npc_dm_scotia_reload_empty_fast01_02
969fccfcc27e0c83,fly_npc_dm_scotia_reload_empty_ext02_08
909bfbe86d81f104,fly_npc_dm_scotia_drop_quick_01
3ca1beb898a5b84b,fly_npc_dm_scotia_reload_fast02_05
d41fb19e934bab80,fly_npc_dm_scotia_reload_empty_fast01_07
bad2ba6bbd59ba0,fly_npc_dm_scotia_reload_ext01_02
bdf9122e96069cae,fly_npc_dm_scotia_ubgl_to_grenade_01
969c4cfcc27afd2c,fly_npc_dm_scotia_reload_empty_ext02_12
c18a4cf179715532,fly_npc_dm_scotia_reload_empty_ext01_02
4e51ce9733bde87c,wpn_dm_scotia_fire_plr_interrupt
bad2ca6bbd59d53,fly_npc_dm_scotia_reload_ext01_03
3ca1bfb898a5b9fe,fly_npc_dm_scotia_reload_fast02_06
c18a4df1797156e5,fly_npc_dm_scotia_reload_empty_ext01_03
d41fc09e934bc4fd,fly_npc_dm_scotia_reload_empty_fast01_08
d41fbf9e934bc34a,fly_npc_dm_scotia_reload_empty_fast01_09
fe6ae8873666eb8d,fly_npc_dm_scotia_raise_quick_01
c18a46f179714b00,fly_npc_dm_scotia_reload_empty_ext01_04
7bff647decfaaf37,wpn_dm_scotia_fire_plr_last_mech
b5bf227442e1fbfb,fly_npc_dm_scotia_inspect_fast01_01
3ca1c0b898a5bbb1,fly_npc_dm_scotia_reload_fast02_07
d41cb29e9349775c,fly_npc_dm_scotia_reload_empty_fast01_10
8f2e36f7ecd5ca28,wpn_dm_scotia_fire_plr_mech
b5bf247442e1ff61,fly_npc_dm_scotia_inspect_fast01_03
b8f53b2a6b356c62,fly_npc_dm_scotia_inspect_ext01_03
3ca1b9b898a5afcc,fly_npc_dm_scotia_reload_fast02_08
b5bf287442e2062d,fly_npc_dm_scotia_inspect_fast01_07
b5bf237442e1fdae,fly_npc_dm_scotia_inspect_fast01_02
b5c2a67442e5121e,fly_npc_dm_scotia_inspect_fast01_11
f55fb330d7f6b832,wpn_dm_scotia_fire_plr_lfe
b5bf257442e20114,fly_npc_dm_scotia_inspect_fast01_04
b5bf197442e1ecb0,fly_npc_dm_scotia_inspect_fast01_08
3a32bc67162da17d,wpn_dm_scotia_fire_npc
6810a9dcbe40e62,wpn_dm_scotia_fire_plr_atmo_int
b5bf1a7442e1ee63,fly_npc_dm_scotia_inspect_fast01_09
f30f8d7770839818,fly_npc_dm_scotia_ubgl_inspect_07
b8f5392a6b3568fc,fly_npc_dm_scotia_inspect_ext01_01
b5bf267442e202c7,fly_npc_dm_scotia_inspect_fast01_05
b5c2a57442e5106b,fly_npc_dm_scotia_inspect_fast01_12
26df8c5ff8fd34bf,wpn_dm_scotia_fire_npc_atmo
f30f8c7770839665,fly_npc_dm_scotia_ubgl_inspect_08
b5c2a77442e513d1,fly_npc_dm_scotia_inspect_fast01_10
13f9661621fa70a4,fly_npc_dm_scotia_ubgl_from_grenade_02
b8f53c2a6b356e15,fly_npc_dm_scotia_inspect_ext01_02
bbbcc4505069e857,wpn_dm_scotia_fire_npc_lfe
b5c2a47442e50eb8,fly_npc_dm_scotia_inspect_fast01_13
5f5384daff9c89e2,wpn_dm_scotia_fire_plr_first_fcg
9281b3498c188236,wpn_dm_scotia_fire_plr_last_shot
b5bf277442e2047a,fly_npc_dm_scotia_inspect_fast01_06
88a2919d7712e8ff,fly_npc_dm_scotia_selectsemi_off_01
8164c028ebe0caa1,wpn_dm_scotia_fire_plr_shot
af29f6839b0591df,wpn_dm_scotia_fire_npc_mech
c24ea7bde4bb904,fly_npc_dm_scotia_inspect_fast02_01
8b6eed5356b2df6b,fly_npc_dm_scotia_selectsemi_on_01
a9a1849316e746e4,wpn_dm_scotia_fire_plr_atmo
c24ed7bde4bbe1d,fly_npc_dm_scotia_inspect_fast02_02
d6af4ecad4ce5542,wpn_dm_scotia_fire_plr_last_fcg
81a577ba4e403945,fly_npc_dm_scotia_reload_empty_fast02_01
81a574ba4e40342c,fly_npc_dm_scotia_reload_empty_fast02_02
81a575ba4e4035df,fly_npc_dm_scotia_reload_empty_fast02_03
81a572ba4e4030c6,fly_npc_dm_scotia_reload_empty_fast02_04
81a573ba4e403279,fly_npc_dm_scotia_reload_empty_fast02_05
81a570ba4e402d60,fly_npc_dm_scotia_reload_empty_fast02_06
2467324b353a88b2,fly_npc_la_fang_inspect_empty_07
2467354b353a8dcb,fly_npc_la_fang_inspect_empty_08
2463c74b35379d0a,fly_npc_la_fang_inspect_empty_10
2467344b353a8c18,fly_npc_la_fang_inspect_empty_09
2463c84b35379ebd,fly_npc_la_fang_inspect_empty_11
2463c64b35379b57,fly_npc_la_fang_inspect_empty_13
2463c54b353799a4,fly_npc_la_fang_inspect_empty_12
b7671944fe7a8e29,wpn_la_fang_fire_npc_med_atmo
882de7782d27ef31,fly_npc_la_fang_drop_quick_01
ab081530dbdf3b92,fly_npc_la_fang_raise_quick_01
b40f3d8847cc762a,wpn_la_fang_fire_npc_atmo
24672f4b353a8399,fly_npc_la_fang_inspect_empty_02
709dd6cb01ff240c,wpn_la_fang_fire_npc_lfe
2467334b353a8a65,fly_npc_la_fang_inspect_empty_06
233183ed6b5fbeb6,wpn_la_fang_fire_npc_mech
24672e4b353a81e6,fly_npc_la_fang_inspect_empty_03
bb08fabba39453e1,wpn_la_fang_fire_plr_atmo
2467314b353a86ff,fly_npc_la_fang_inspect_empty_04
8d940cefbc2356f7,wpn_la_fang_fire_plr_interrupt
24672c4b353a7e80,fly_npc_la_fang_inspect_empty_01
c465385104113424,wpn_la_fang_fire_plr_shot
fc4cd4fa770c2143,wpn_la_fang_fire_npc_shot
2467304b353a854c,fly_npc_la_fang_inspect_empty_05
581aa4b347cbdd68,wpn_la_fang_fire_plr_fcg
82e920d9bf224159,wpn_la_fang_fire_plr_mech
8b519cb36496e8ed,wpn_la_fang_fire_plr_lfe
d3ba0404a93da564,wpn_la_polis_fire_npc_dist
7a7a8b96f92cd9e,wpn_la_polis_fire_npc_med_atmo
9cee9ccf468306ae,fly_npc_la_polis_drop_01
ffac19f279df7a77,fly_npc_la_polis_raise_01
6d86e11b90f40c3f,fly_npc_la_polis_raise_quick_01
66aabe1d96270a92,fly_npc_la_polis_drop_quick_01
e02182e67597c11,wpn_la_polis_fire_npc_atmo
77851d06a27855dd,wpn_la_polis_fire_npc_lfe
963f9e5209577e69,wpn_la_polis_fire_npc_mech
c1c2d2065d50d99e,wpn_la_polis_fire_plr
f803c9067cb0adc3,wpn_la_polis_fire_npc
88097de2cba3c65a,wpn_la_polis_fire_plr_atmo
69c9bf0547e1a90e,wpn_la_polis_fire_plr_interrupt
9993899546178230,wpn_la_polis_fire_plr_atmo_int
6053a443a20dda86,wpn_la_polis_fire_plr_mech
5b57d20c89e082fc,wpn_la_polis_fire_plr_lfe
4b61a0c58ce7fd9,wpn_la_polis_fire_plr_fcg
6bf88d05c06ce47,fly_npc_lm_hades_transition_reload_empty_ext02_02_01
cef19e490670ffc,fly_npc_lm_hades_reload_fast01_01
2c001d504ac08758,wpn_lm_hades_fire_plr_casing_eject
cef1ce490671515,fly_npc_lm_hades_reload_fast01_02
cef1be490671362,fly_npc_lm_hades_reload_fast01_03
6fc1a0a8070622ea,wpn_lm_hades_fire_npc_dist
ba53b2010e4685f8,fly_npc_lm_hades_drop_01
27e1a01babd2e692,fly_npc_lm_hades_transition_reload_empty_fast01_01_01
cef17e490670c96,fly_npc_lm_hades_reload_fast01_07
825c6034f438cfa5,fly_npc_lm_hades_transition_reload_empty_fast01_02_01
cef16e490670ae3,fly_npc_lm_hades_reload_fast01_04
5dcd8110ff136790,wpn_lm_hades_fire_npc_med_atmo
cef15e490670930,fly_npc_lm_hades_reload_fast01_05
cef22e490671f47,fly_npc_lm_hades_reload_fast01_08
252e52c880e0dd7d,wpn_lm_hades_fcg_dryfire_npc
cef21e490671d94,fly_npc_lm_hades_reload_fast01_09
56d45ad199eb25a8,fly_npc_lm_hades_reload_empty_fast01_03
cef18e490670e49,fly_npc_lm_hades_reload_fast01_06
56d461d199eb318d,fly_npc_lm_hades_reload_empty_fast01_04
32f624681a5fddf0,fly_npc_lm_hades_drop_quick_01
56d45cd199eb290e,fly_npc_lm_hades_reload_empty_fast01_01
945fb0d127b9b14f,wpn_lm_hades_fire_npc_atmo
56d460d199eb2fda,fly_npc_lm_hades_reload_empty_fast01_05
56d45fd199eb2e27,fly_npc_lm_hades_reload_empty_fast01_06
f6283e1b9b7cbf67,wpn_lm_hades_fire_npc_lfe
56d45bd199eb275b,fly_npc_lm_hades_reload_empty_fast01_02
5c7faf42b51114f,wpn_lm_hades_fire_npc_mech
f9ab7327a21ce5f4,wpn_lm_hades_fire_plr
56d45ed199eb2c74,fly_npc_lm_hades_reload_empty_fast01_07
f7c6b21b8f741a52,wpn_lm_hades_fire_plr_atmo_int
a6291da82d57e214,wpn_lm_hades_fire_plr_atmo
56d455d199eb1d29,fly_npc_lm_hades_reload_empty_fast01_08
e7fc998146659a5,fly_npc_lm_hades_transition_reload_empty_ext01_01_01
c2b149b7eb0316c,wpn_lm_hades_fire_plr_interrupt
1f8baa88f14e9086,wpn_lm_hades_fire_plr_last_shot
b9cf721b6059d9d,fly_npc_lm_hades_raise_01
56d454d199eb1b76,fly_npc_lm_hades_reload_empty_fast01_09
a8cbab28c30e5c7,wpn_lm_hades_fire_plr_last_mech
9e58b00d9e1bdbf8,wpn_lm_hades_fire_plr_mech
56d0d7d199e81138,fly_npc_lm_hades_reload_empty_fast01_10
c34e8e2782a4b5ad,wpn_lm_hades_fire_npc
b405097ecc007092,fly_npc_lm_hades_transition_reload_empty_ext01_02_01
2285620f3d522bb9,fly_npc_lm_hades_raise_quick_01
19b10dfd1a27d322,wpn_lm_hades_fire_plr_lfe
f16238545c374f0e,fly_npc_lm_hades_transition_reload_empty_01_01
329db3fc98106e7b,wpn_lm_hades_fire_plr_sup
5d2530d7f77054f0,fly_npc_lm_hades_transition_reload_empty_ext02_01_01
9f5478701787cb01,fly_npc_lm_hades_transition_reload_empty_02_01
1a9b8004b5c08f86,fly_npc_lm_typhon_inspect_01
1e0efcb2e528cb53,fly_npc_lm_typhon_reload_ext01_04
3f8d6112860b62c2,fly_npc_lm_typhon_reload_empty_ext02_13
1a9b7f04b5c08dd3,fly_npc_lm_typhon_inspect_02
91979ef6cab7d412,fly_npc_lm_typhon_reload_empty_ext01_05
2d1b0152e1e26054,fly_npc_lm_typhon_reload_empty_fast02_07
6f0ce5cd1fc1f1bf,fly_npc_lm_typhon_inspect_fast02_03
1e0efbb2e528c9a0,fly_npc_lm_typhon_reload_ext01_05
1a9b7e04b5c08c20,fly_npc_lm_typhon_inspect_03
1a9b8504b5c09805,fly_npc_lm_typhon_inspect_04
3f8d5c12860b5a43,fly_npc_lm_typhon_reload_empty_ext02_14
1e0efdb2e528cd06,fly_npc_lm_typhon_reload_ext01_07
91979df6cab7d25f,fly_npc_lm_typhon_reload_empty_ext01_06
2d1af852e1e25109,fly_npc_lm_typhon_reload_empty_fast02_08
1a9b8404b5c09652,fly_npc_lm_typhon_inspect_05
1e0efeb2e528ceb9,fly_npc_lm_typhon_reload_ext01_06
6f0ce2cd1fc1eca6,fly_npc_lm_typhon_inspect_fast02_04
9197a3f6cab7dc91,fly_npc_lm_typhon_reload_empty_ext01_08
6f0ce3cd1fc1ee59,fly_npc_lm_typhon_inspect_fast02_05
288b6b9d4912c02e,fly_npc_lm_typhon_transition_reload_empty_ext02_02_01
2d177a52e1df4518,fly_npc_lm_typhon_reload_empty_fast02_10
aeaba5a91f8c50b5,wpn_lm_typhon_fire_plr_casing_eject
1a9b8304b5c0949f,fly_npc_lm_typhon_inspect_06
91979cf6cab7d0ac,fly_npc_lm_typhon_reload_empty_ext01_07
6f0ce1cd1fc1eaf3,fly_npc_lm_typhon_inspect_fast02_07
2d1af752e1e24f56,fly_npc_lm_typhon_reload_empty_fast02_09
d568fb7d1651468b,fly_npc_lm_typhon_reload_fast01_01
1e0f08b2e528dfb7,fly_npc_lm_typhon_reload_ext01_08
1a9b8204b5c092ec,fly_npc_lm_typhon_inspect_07
9197a2f6cab7dade,fly_npc_lm_typhon_reload_empty_ext01_09
488cf7a79bc01323,fly_npc_lm_typhon_reload_ext02_01
6f0ce0cd1fc1e940,fly_npc_lm_typhon_inspect_fast02_06
6f0ceecd1fc2010a,fly_npc_lm_typhon_inspect_fast02_08
488cf9a79bc01689,fly_npc_lm_typhon_reload_ext02_03
1a9b8904b5c09ed1,fly_npc_lm_typhon_inspect_08
3f89db1286084939,fly_npc_lm_typhon_reload_empty_ext02_01
d568fc7d1651483e,fly_npc_lm_typhon_reload_fast01_02
d568fd7d165149f1,fly_npc_lm_typhon_reload_fast01_03
488cf8a79bc014d6,fly_npc_lm_typhon_reload_ext02_02
1e0f07b2e528de04,fly_npc_lm_typhon_reload_ext01_09
5c80d73e05aac7db,wpn_lm_typhon_fire_npc_dist
6f106dcd1fc50eae,fly_npc_lm_typhon_inspect_fast02_13
3f89d81286084420,fly_npc_lm_typhon_reload_empty_ext02_02
d568fe7d16514ba4,fly_npc_lm_typhon_reload_fast01_04
488cfaa79bc0183c,fly_npc_lm_typhon_reload_ext02_04
8200ccd57143cae4,fly_npc_lm_typhon_reload_06
6f0cefcd1fc202bd,fly_npc_lm_typhon_inspect_fast02_09
cfbabab6e0679f91,fly_npc_lm_typhon_transition_reload_empty_fast01_01_01
8200c8d57143c418,fly_npc_lm_typhon_reload_02
919415f6cab4b570,fly_npc_lm_typhon_reload_empty_ext01_10
488cfca79bc01ba2,fly_npc_lm_typhon_reload_ext02_06
7685fa9d9916791e,fly_npc_lm_typhon_transition_reload_empty_fast01_02_01
8200cbd57143c931,fly_npc_lm_typhon_reload_01
3f89df1286085005,fly_npc_lm_typhon_reload_empty_ext02_05
8200cdd57143cc97,fly_npc_lm_typhon_reload_07
1e0b7ab2e525b896,fly_npc_lm_typhon_reload_ext01_10
3f89d912860845d3,fly_npc_lm_typhon_reload_empty_ext02_03
d569017d165150bd,fly_npc_lm_typhon_reload_fast01_07
4e098ae3b9ede061,wpn_lm_typhon_fire_npc_med_atmo
8b0727644b03065c,fly_npc_lm_typhon_transition_reload_empty_fast02_01_01
488cfba79bc019ef,fly_npc_lm_typhon_reload_ext02_05
6f106ccd1fc50cfb,fly_npc_lm_typhon_inspect_fast02_10
b5851f59019a4913,fly_npc_lm_typhon_transition_reload_empty_fast02_02_01
d568ff7d16514d57,fly_npc_lm_typhon_reload_fast01_05
aaeb06885fba08ed,fly_npc_lm_typhon_reload_fast02_02
3f89e312860856d1,fly_npc_lm_typhon_reload_empty_ext02_09
8200c2d57143b9e6,fly_npc_lm_typhon_reload_08
488cfda79bc01d55,fly_npc_lm_typhon_reload_ext02_07
3f89dc1286084aec,fly_npc_lm_typhon_reload_empty_ext02_06
6caa12a59fe8dd6e,fly_npc_lm_typhon_reload_empty_06
d568f27d16513740,fly_npc_lm_typhon_reload_fast01_08
8200c9d57143c5cb,fly_npc_lm_typhon_reload_03
3f89de1286084e52,fly_npc_lm_typhon_reload_empty_ext02_04
6caa15a59fe8e287,fly_npc_lm_typhon_reload_empty_01
1e0b7bb2e525ba49,fly_npc_lm_typhon_reload_ext01_11
48907ca79bc32af9,fly_npc_lm_typhon_reload_ext02_10
aaeb05885fba073a,fly_npc_lm_typhon_reload_fast02_03
6f106bcd1fc50b48,fly_npc_lm_typhon_inspect_fast02_11
6caa13a59fe8df21,fly_npc_lm_typhon_reload_empty_07
3f89dd1286084c9f,fly_npc_lm_typhon_reload_empty_ext02_07
3f8d6012860b610f,fly_npc_lm_typhon_reload_empty_ext02_10
6caa16a59fe8e43a,fly_npc_lm_typhon_reload_empty_02
488cfea79bc01f08,fly_npc_lm_typhon_reload_ext02_08
8200ced57143ce4a,fly_npc_lm_typhon_reload_04
6cad9aa59febfa5d,fly_npc_lm_typhon_reload_empty_10
d569007d16514f0a,fly_npc_lm_typhon_reload_fast01_06
6cad99a59febf8aa,fly_npc_lm_typhon_reload_empty_11
3f8d6212860b6475,fly_npc_lm_typhon_reload_empty_ext02_12
864fbd6c29337ffb,fly_npc_lm_typhon_reload_empty_fast01_03
6caa0ca59fe8d33c,fly_npc_lm_typhon_reload_empty_08
864fc26c2933887a,fly_npc_lm_typhon_reload_empty_fast01_04
aaeb00885fb9febb,fly_npc_lm_typhon_reload_fast02_04
6caa17a59fe8e5ed,fly_npc_lm_typhon_reload_empty_03
3f89e2128608551e,fly_npc_lm_typhon_reload_empty_ext02_08
48907ba79bc32946,fly_npc_lm_typhon_reload_ext02_11
9549e6a73c4cb535,fly_npc_lm_typhon_drop_quick_01
6f106ecd1fc51061,fly_npc_lm_typhon_inspect_fast02_12
8200cfd57143cffd,fly_npc_lm_typhon_reload_05
aaeaff885fb9fd08,fly_npc_lm_typhon_reload_fast02_05
919798f6cab7c9e0,fly_npc_lm_typhon_reload_empty_ext01_03
6caa10a59fe8da08,fly_npc_lm_typhon_reload_empty_04
488cffa79bc020bb,fly_npc_lm_typhon_reload_ext02_09
91979af6cab7cd46,fly_npc_lm_typhon_reload_empty_ext01_01
864fbf6c29338361,fly_npc_lm_typhon_reload_empty_fast01_01
6caa0da59fe8d4ef,fly_npc_lm_typhon_reload_empty_09
864fc36c29338a2d,fly_npc_lm_typhon_reload_empty_fast01_05
3f8d5f12860b5f5c,fly_npc_lm_typhon_reload_empty_ext02_11
aaeb03885fba03d4,fly_npc_lm_typhon_reload_fast02_01
6caa11a59fe8dbbb,fly_npc_lm_typhon_reload_empty_05
25466d28aee56026,fly_npc_lm_typhon_raise_quick_01
aaeb02885fba0221,fly_npc_lm_typhon_reload_fast02_06
919799f6cab7cb93,fly_npc_lm_typhon_reload_empty_ext01_02
91979ff6cab7d5c5,fly_npc_lm_typhon_reload_empty_ext01_04
864fc06c29338514,fly_npc_lm_typhon_reload_empty_fast01_06
864fbc6c29337e48,fly_npc_lm_typhon_reload_empty_fast01_02
aaeb01885fba006e,fly_npc_lm_typhon_reload_fast02_07
149227b3d75c0c12,fly_npc_lm_typhon_inspect_fast01_01
864fc16c293386c7,fly_npc_lm_typhon_reload_empty_fast01_07
71b8118393e0e4c6,wpn_lm_typhon_fire_npc
1e0effb2e528d06c,fly_npc_lm_typhon_reload_ext01_01
ef908f14bb25bf82,wpn_lm_typhon_fire_npc_atmo
1e0f02b2e528d585,fly_npc_lm_typhon_reload_ext01_02
864fb66c29337416,fly_npc_lm_typhon_reload_empty_fast01_08
aaeafc885fb9f7ef,fly_npc_lm_typhon_reload_fast02_08
149226b3d75c0a5f,fly_npc_lm_typhon_inspect_fast01_02
1e0f01b2e528d3d2,fly_npc_lm_typhon_reload_ext01_03
149225b3d75c08ac,fly_npc_lm_typhon_inspect_fast01_03
148ea3b3d758f5ef,fly_npc_lm_typhon_inspect_fast01_11
864fb76c293375c9,fly_npc_lm_typhon_reload_empty_fast01_09
23a96dec177e5678,fly_npc_lm_typhon_transition_reload_empty_02_01
148ea4b3d758f7a2,fly_npc_lm_typhon_inspect_fast01_12
61cb240ba5e26e4,wpn_lm_typhon_fire_npc_lfe
8653446c29369b37,fly_npc_lm_typhon_reload_empty_fast01_10
148ea5b3d758f955,fly_npc_lm_typhon_inspect_fast01_13
98d9c2c08f5e28cb,wpn_lm_typhon_fire_plr_atmo_int
2d1afe52e1e25b3b,fly_npc_lm_typhon_reload_empty_fast02_02
de6e94f0cc19ccee,wpn_lm_typhon_fire_npc_mech
ec877083d9e079eb,wpn_lm_typhon_fire_plr
3bdd7636b246c4ec,fly_npc_lm_typhon_transition_reload_empty_ext01_01_01
149224b3d75c06f9,fly_npc_lm_typhon_inspect_fast01_04
6f0ce7cd1fc1f525,fly_npc_lm_typhon_inspect_fast02_01
64b4d201b2a51c2c,wpn_lm_typhon_fire_plr_last
6f0ce4cd1fc1f00c,fly_npc_lm_typhon_inspect_fast02_02
2d1afd52e1e25988,fly_npc_lm_typhon_reload_empty_fast02_03
b91bae6d0f239599,wpn_lm_typhon_fire_plr_atmo
149223b3d75c0546,fly_npc_lm_typhon_inspect_fast01_05
9245fe475b747702,fly_npc_lm_typhon_raise_01
2d1b0452e1e2656d,fly_npc_lm_typhon_reload_empty_fast02_04
149222b3d75c0393,fly_npc_lm_typhon_inspect_fast01_06
9b76fd29fbcf32bf,wpn_lm_typhon_fire_plr_interrupt
665b6e2b68de07a3,fly_npc_lm_typhon_transition_reload_empty_ext01_02_01
2d1b0352e1e263ba,fly_npc_lm_typhon_reload_empty_fast02_05
149221b3d75c01e0,fly_npc_lm_typhon_inspect_fast01_07
986e040bb386df90,wpn_lm_typhon_fire_plr_last_mech
2d1b0252e1e26207,fly_npc_lm_typhon_reload_empty_fast02_06
149230b3d75c1b5d,fly_npc_lm_typhon_inspect_fast01_08
c115f4079e840fd1,wpn_lm_typhon_fire_plr_mech
81c02bb69063e6a1,fly_npc_lm_typhon_transition_reload_empty_ext02_01_01
226e25e6f070c0cf,fly_npc_lm_typhon_transition_reload_empty_01_01
14922fb3d75c19aa,fly_npc_lm_typhon_inspect_fast01_09
d09fb5aa15108785,wpn_lm_typhon_fire_plr_lfe
148ea2b3d758f43c,fly_npc_lm_typhon_inspect_fast01_10
c5e6a3aa0e679518,wpn_lm_typhon_fire_plr_sup
2d1aff52e1e25cee,fly_npc_lm_typhon_reload_empty_fast02_01
216b2d67d17e7aed,fly_npc_lm_zeus_inspect_ext01_04
3a448a1a01eee01f,fly_npc_lm_zeus_transition_reload_empty_ext02_01_02
216b2c67d17e793a,fly_npc_lm_zeus_inspect_ext01_05
216b2b67d17e7787,fly_npc_lm_zeus_inspect_ext01_06
216b2a67d17e75d4,fly_npc_lm_zeus_inspect_ext01_07
94bf4b334a54cae5,fly_npc_lm_zeus_transition_reload_empty_ext02_02_01
50bf721a330116b6,wpn_lm_zeus_fire_plr_casing_eject
216b2167d17e6689,fly_npc_lm_zeus_inspect_ext01_08
7a9fe88118cf98e1,fly_npc_lm_zeus_inspect_ext02_01
216b2067d17e64d6,fly_npc_lm_zeus_inspect_ext01_09
ac7601a9bd64d31d,fly_npc_lm_zeus_transition_reload_empty_fast01_01_02
ac75fea9bd64ce04,fly_npc_lm_zeus_transition_reload_empty_fast01_01_01
2167a367d17b5a98,fly_npc_lm_zeus_inspect_ext01_10
7a9fe58118cf93c8,fly_npc_lm_zeus_inspect_ext02_02
5c44be31fab3cd64,wpn_lm_zeus_fire_npc_dist
7a9fe98118cf9a94,fly_npc_lm_zeus_inspect_ext02_06
561036a221fb10fb,fly_npc_lm_zeus_transition_reload_empty_fast01_02_01
245331da0df759e,wpn_lm_zeus_fire_npc_med_atmo
7a9fea8118cf9c47,fly_npc_lm_zeus_inspect_ext02_07
2167a467d17b5c4b,fly_npc_lm_zeus_inspect_ext01_11
7a9fe68118cf957b,fly_npc_lm_zeus_inspect_ext02_03
8e3acbca274dc692,fly_npc_lm_zeus_drop_01
7a9fdf8118cf8996,fly_npc_lm_zeus_inspect_ext02_08
7a9feb8118cf9dfa,fly_npc_lm_zeus_inspect_ext02_04
f776029c635dccd6,fly_npc_lm_zeus_drop_quick_01
7a9fe08118cf8b49,fly_npc_lm_zeus_inspect_ext02_09
20731272b6a7b57b,fly_npc_lm_zeus_raise_01
7a9fec8118cf9fad,fly_npc_lm_zeus_inspect_ext02_05
aa1c2bdcc215689b,fly_npc_lm_zeus_fidget_small_02_01
e3e4a67d7842da53,fly_npc_lm_zeus_fidget_large_02_01
febae83d9acec9c,fly_npc_lm_zeus_fidget_large_01_01
20731372b6a7b72e,fly_npc_lm_zeus_raise_02
968cd25bb8cfa411,wpn_lm_zeus_fire_npc_atmo
7aa36d8118d2b0b7,fly_npc_lm_zeus_inspect_ext02_10
be6c9618fb858ddd,wpn_lm_zeus_fire_npc_lfe
109438101d19ee5a,wpn_lm_zeus_fire_plr_atmo
377afa7367c45b3e,fly_npc_lm_zeus_fidget_large_03_01
216b2667d17e6f08,fly_npc_lm_zeus_inspect_ext01_03
1eca587f5acda669,wpn_lm_zeus_fire_npc_mech
943113f977642a30,wpn_lm_zeus_fire_plr_atmo_int
9023e7450d23210e,wpn_lm_zeus_fire_plr_interrupt
377af97367c4598b,fly_npc_lm_zeus_fidget_large_03_02
7e151fd660ab4f86,fly_npc_lm_zeus_fidget_small_03_01
377af87367c457d8,fly_npc_lm_zeus_fidget_large_03_03
4cbc69afb6d54279,wpn_lm_zeus_fire_plr_last_mech
7e151ed660ab4dd3,fly_npc_lm_zeus_fidget_small_03_02
f978b11e95043b68,fly_npc_lm_zeus_transition_reload_empty_01_01
96e15d1e4bd19a0d,wpn_lm_zeus_fire_plr_sup
e8de5e70f3840286,wpn_lm_zeus_fire_plr_mech
553ef3e6d17da1a4,fly_npc_lm_zeus_fidget_small_01_01
f978b41e95044081,fly_npc_lm_zeus_transition_reload_empty_01_02
a23f4b1ee2edbafc,wpn_lm_zeus_fire_plr_lfe
246329134bf7767f,fly_npc_lm_zeus_transition_reload_empty_02_01
8ec4aa1cd506919e,wpn_lm_zeus_fire_plr
a9da487ba07c2793,wpn_lm_zeus_fire_plr_last
c505a11cf46665c3,wpn_lm_zeus_fire_npc
578805cc846acf5b,fly_npc_lm_zeus_transition_reload_empty_ext01_01_01
7c8f1e9a6d1ab9fe,fly_plr_lm_zeus_transition_reload_empty_ext01_01_01
216b2867d17e726e,fly_npc_lm_zeus_inspect_ext01_01
216b2767d17e70bb,fly_npc_lm_zeus_inspect_ext01_02
592fcdd1abd45d64,fly_npc_lm_zeus_transition_reload_empty_ext01_02_01
81065eb1406c8af1,fly_plr_lm_zeus_transition_reload_empty_ext01_02_01
3a448b1a01eee1d2,fly_npc_lm_zeus_transition_reload_empty_ext02_01_01
91313dcd707b86a3,wpn_me_ballistic_knife_fire_plr
a2e38ecd7a9cb31e,wpn_me_ballistic_knife_fire_npc
7a114ae766b27ffc,fly_npc_pi_atlas_reload_ext01_04
6fe50cebf8bf8edf,fly_npc_pi_atlas_inspect_empty_07
94f04370991a24d,fly_npc_pi_atlas_inspect_ext01_04
4b0246219af06469,fly_npc_pi_atlas_reload_empty_ext01_05
7a114be766b281af,fly_npc_pi_atlas_reload_ext01_05
8d13f52e044980e,wpn_pi_atlas_fire2_plr_interrupt
6fe511ebf8bf975e,fly_npc_pi_atlas_inspect_empty_08
4b0243219af05f50,fly_npc_pi_atlas_reload_empty_ext01_06
7a114de766b28515,fly_npc_pi_atlas_reload_ext01_07
94f03370991a09a,fly_npc_pi_atlas_inspect_ext01_05
4b0251219af0771a,fly_npc_pi_atlas_reload_empty_ext01_08
7a114ce766b28362,fly_npc_pi_atlas_reload_ext01_06
c569c1bd89f6b979,wpn_pi_atlas_fire2_plr_last_mech
94f013709919d34,fly_npc_pi_atlas_inspect_ext01_07
6fe88febf8c2a34f,fly_npc_pi_atlas_inspect_empty_10
6fe512ebf8bf9911,fly_npc_pi_atlas_inspect_empty_09
c6f6c446e53cc666,wpn_pi_atlas_fire_plr_casing_eject
3a61719df892e9fc,wpn_pi_atlas_fire2_plr_lfe
94f023709919ee7,fly_npc_pi_atlas_inspect_ext01_06
1014c862bb32df86,wpn_pi_atlas_fire2_plr_mech
7a114ee766b286c8,fly_npc_pi_atlas_reload_ext01_08
7a14cce766b592b9,fly_npc_pi_atlas_reload_ext01_10
4b0244219af06103,fly_npc_pi_atlas_reload_empty_ext01_07
94ef83709918de9,fly_npc_pi_atlas_inspect_ext01_08
1f18ccd1cc2da10e,fly_npc_pi_atlas_reload_fast01_01
4b0252219af078cd,fly_npc_pi_atlas_reload_empty_ext01_09
6fe88eebf8c2a19c,fly_npc_pi_atlas_inspect_empty_11
6fe890ebf8c2a502,fly_npc_pi_atlas_inspect_empty_13
6fe88bebf8c29c83,fly_npc_pi_atlas_inspect_empty_14
94b7a37098e81f8,fly_npc_pi_atlas_inspect_ext01_10
e9c5f86c5d970e93,wpn_pi_atlas_fire2_plr_shot
1c98ca098dfae7e2,fly_npc_pi_atlas_reload_empty_ext02_01
a6184cedc81c8813,fly_npc_pi_atlas_reload_ext02_04
94b7b37098e83ab,fly_npc_pi_atlas_inspect_ext01_11
1f18cad1cc2d9da8,fly_npc_pi_atlas_reload_fast01_03
a6184fedc81c8d2c,fly_npc_pi_atlas_reload_ext02_01
7a114fe766b2887b,fly_npc_pi_atlas_reload_ext01_09
6fe891ebf8c2a6b5,fly_npc_pi_atlas_inspect_empty_12
1c98c6098dfae116,fly_npc_pi_atlas_reload_empty_ext02_05
6e2158178e1f4314,wpn_pi_atlas_fire_npc_dist
1f18cbd1cc2d9f5b,fly_npc_pi_atlas_reload_fast01_02
1f18ced1cc2da474,fly_npc_pi_atlas_reload_fast01_07
a6184bedc81c8660,fly_npc_pi_atlas_reload_ext02_05
4b054f219af2a98b,fly_npc_pi_atlas_reload_empty_ext01_10
6fe88aebf8c29ad0,fly_npc_pi_atlas_inspect_empty_15
94ef73709918c36,fly_npc_pi_atlas_inspect_ext01_09
dc63c4ddce365a8,fly_npc_pi_atlas_inspect_ext02_02
30c98803cf5f810d,fly_npc_pi_atlas_inspect_empty_ext01_02
1c98c9098dfae62f,fly_npc_pi_atlas_reload_empty_ext02_02
c3969cff139f908e,wpn_pi_atlas_fire_npc_med_atmo
1c98c5098dfadf63,fly_npc_pi_atlas_reload_empty_ext02_06
1f18d1d1cc2da98d,fly_npc_pi_atlas_reload_fast01_04
94b7c37098e855e,fly_npc_pi_atlas_inspect_ext01_12
a6184eedc81c8b79,fly_npc_pi_atlas_reload_ext02_06
1c98d3098dfaf72d,fly_npc_pi_atlas_reload_empty_ext02_08
30c98203cf5f76db,fly_npc_pi_atlas_inspect_empty_ext01_04
dc63d4ddce3675b,fly_npc_pi_atlas_inspect_ext02_03
6fe88debf8c29fe9,fly_npc_pi_atlas_inspect_empty_16
a61852edc81c9245,fly_npc_pi_atlas_reload_ext02_02
dc6434ddce3718d,fly_npc_pi_atlas_inspect_ext02_05
30c97e03cf5f700f,fly_npc_pi_atlas_inspect_empty_ext01_08
30c98703cf5f7f5a,fly_npc_pi_atlas_inspect_empty_ext01_03
dc6424ddce36fda,fly_npc_pi_atlas_inspect_ext02_04
94b7d37098e8711,fly_npc_pi_atlas_inspect_ext01_13
1c98c4098dfaddb0,fly_npc_pi_atlas_reload_empty_ext02_07
dc6404ddce36c74,fly_npc_pi_atlas_inspect_ext02_06
1f18d0d1cc2da7da,fly_npc_pi_atlas_reload_fast01_05
4b0247219af0661c,fly_npc_pi_atlas_reload_empty_ext01_02
a6184dedc81c89c6,fly_npc_pi_atlas_reload_ext02_07
1c98c8098dfae47c,fly_npc_pi_atlas_reload_empty_ext02_03
1c98d2098dfaf57a,fly_npc_pi_atlas_reload_empty_ext02_09
a61851edc81c9092,fly_npc_pi_atlas_reload_ext02_03
dc6374ddce35d29,fly_npc_pi_atlas_inspect_ext02_09
f872a55335b9470b,fly_npc_pi_atlas_reload_empty_fast01_04
30c98503cf5f7bf4,fly_npc_pi_atlas_inspect_empty_ext01_01
30c97d03cf5f6e5c,fly_npc_pi_atlas_inspect_empty_ext01_09
4b0a48f11986de32,fly_npc_pi_atlas_drop_01
30c98103cf5f7528,fly_npc_pi_atlas_inspect_empty_ext01_05
30c60103cf5c65d1,fly_npc_pi_atlas_inspect_empty_ext01_11
4b0245219af062b6,fly_npc_pi_atlas_reload_empty_ext01_04
dc63f4ddce36ac1,fly_npc_pi_atlas_inspect_ext02_01
1c98c7098dfae2c9,fly_npc_pi_atlas_reload_empty_ext02_04
dc9454ddce5aaca,fly_npc_pi_atlas_inspect_ext02_13
a61858edc81c9c77,fly_npc_pi_atlas_reload_ext02_08
83f861890352aab6,fly_npc_pi_atlas_drop_quick_01
dc9444ddce5a917,fly_npc_pi_atlas_inspect_ext02_10
1c9545098df7d00c,fly_npc_pi_atlas_reload_empty_ext02_10
4b0248219af067cf,fly_npc_pi_atlas_reload_empty_ext01_03
f872a75335b94a71,fly_npc_pi_atlas_reload_empty_fast01_06
dc6414ddce36e27,fly_npc_pi_atlas_inspect_ext02_07
1f18cfd1cc2da627,fly_npc_pi_atlas_reload_fast01_06
f872a45335b94558,fly_npc_pi_atlas_reload_empty_fast01_05
f872a85335b94c24,fly_npc_pi_atlas_reload_empty_fast01_01
30c60503cf5c6c9d,fly_npc_pi_atlas_inspect_empty_ext01_15
30c98403cf5f7a41,fly_npc_pi_atlas_inspect_empty_ext01_06
dc9404ddce5a24b,fly_npc_pi_atlas_inspect_ext02_14
30c5fe03cf5c60b8,fly_npc_pi_atlas_inspect_empty_ext01_12
a61857edc81c9ac4,fly_npc_pi_atlas_reload_ext02_09
dc9434ddce5a764,fly_npc_pi_atlas_inspect_ext02_11
dc6364ddce35b76,fly_npc_pi_atlas_inspect_ext02_08
f872a65335b948be,fly_npc_pi_atlas_reload_empty_fast01_07
30c60003cf5c641e,fly_npc_pi_atlas_inspect_empty_ext01_10
f872ab5335b9513d,fly_npc_pi_atlas_reload_empty_fast01_02
30c60203cf5c6784,fly_npc_pi_atlas_inspect_empty_ext01_16
dc9464ddce5ac7d,fly_npc_pi_atlas_inspect_ext02_12
4b024a219af06b35,fly_npc_pi_atlas_reload_empty_ext01_01
30c5ff03cf5c626b,fly_npc_pi_atlas_inspect_empty_ext01_13
f872a15335b9403f,fly_npc_pi_atlas_reload_empty_fast01_08
30f82fd6c83df5d,fly_npc_pi_atlas_inspect_empty_ext02_07
f872aa5335b94f8a,fly_npc_pi_atlas_reload_empty_fast01_03
bb78ac41e76c5261,wpn_pi_atlas_fire_npc_atmo
30c98303cf5f788e,fly_npc_pi_atlas_inspect_empty_ext01_07
6cc30783409b5560,wpn_pi_atlas_fire_plr_atmo_int
30f7cfd6c83d52b,fly_npc_pi_atlas_inspect_empty_ext02_01
30c60403cf5c6aea,fly_npc_pi_atlas_inspect_empty_ext01_14
30f73fd6c83c5e0,fly_npc_pi_atlas_inspect_empty_ext02_08
f872a05335b93e8c,fly_npc_pi_atlas_reload_empty_fast01_09
31300fd6c86eb4e,fly_npc_pi_atlas_inspect_empty_ext02_11
cfa463bac37eb06d,wpn_pi_atlas_fire_npc_lfe
65ba047206c9179b,fly_npc_pi_atlas_raise_01
31305fd6c86f3cd,fly_npc_pi_atlas_inspect_empty_ext02_14
312fffd6c86e99b,fly_npc_pi_atlas_inspect_empty_ext02_12
8358d26002fa3fd9,wpn_pi_atlas_fire_npc_mech
30f7dfd6c83d6de,fly_npc_pi_atlas_inspect_empty_ext02_02
94efd3709919668,fly_npc_pi_atlas_inspect_ext01_03
312fefd6c86e7e8,fly_npc_pi_atlas_inspect_empty_ext02_13
6fe50aebf8bf8b79,fly_npc_pi_atlas_inspect_empty_01
30f74fd6c83c793,fly_npc_pi_atlas_inspect_empty_ext02_09
52edb9cf0bf2b10a,wpn_pi_atlas_fire_plr_atmo
31033b5e0e593904,wpn_pi_atlas_fire1_plr_fcg
31304fd6c86f21a,fly_npc_pi_atlas_inspect_empty_ext02_15
30f7efd6c83d891,fly_npc_pi_atlas_inspect_empty_ext02_03
6fe507ebf8bf8660,fly_npc_pi_atlas_inspect_empty_02
b5f2a6c1a99f58d4,wpn_pi_atlas_fire_plr_last_shot
7a1147e766b27ae3,fly_npc_pi_atlas_reload_ext01_01
38da03dfcf6d93b6,wpn_pi_atlas_fire2_plr_casing_eject
bb23deaabb210838,wpn_pi_atlas_fire_plr_last_fcg
9b2b51413b325c23,wpn_pi_atlas_fire_plr_shot
b89bbdd8071a137e,wpn_pi_atlas_fire_plr_interrupt
e3bfb99dc780e6d9,wpn_pi_atlas_fire2_plr_fcg
6fe508ebf8bf8813,fly_npc_pi_atlas_inspect_empty_03
31301fd6c86ed01,fly_npc_pi_atlas_inspect_empty_ext02_10
e75e8b07259f726b,wpn_pi_atlas_fire1_plr_interrupt
6fe50debf8bf9092,fly_npc_pi_atlas_inspect_empty_04
30f7ffd6c83da44,fly_npc_pi_atlas_inspect_empty_ext02_04
7a1148e766b27c96,fly_npc_pi_atlas_reload_ext01_02
31303fd6c86f067,fly_npc_pi_atlas_inspect_empty_ext02_16
6fe50eebf8bf9245,fly_npc_pi_atlas_inspect_empty_05
6ab74eeaa4dc8573,fly_npc_pi_atlas_raise_quick_01
cb15f057a1917609,wpn_pi_atlas_fire_plr_last_mech
30f80fd6c83dbf7,fly_npc_pi_atlas_inspect_empty_ext02_05
3d1414f91031e0dc,wpn_pi_atlas_fire1_plr_last_mech
7a1149e766b27e49,fly_npc_pi_atlas_reload_ext01_03
34fcfaa91745089d,wpn_pi_atlas_fire1_plr_atmo
6fe50bebf8bf8d2c,fly_npc_pi_atlas_inspect_empty_06
152e002f44a27296,wpn_pi_atlas_fire_plr_mech
30f81fd6c83ddaa,fly_npc_pi_atlas_inspect_empty_ext02_06
91fb229a61a81e7,wpn_pi_atlas_fire1_plr_atmo_int
b4db88860c1318ed,wpn_pi_atlas_fire1_plr_mech
6a935e1133e1cd6c,wpn_pi_atlas_fire_plr_lfe
ec260e5646432251,wpn_pi_atlas_fire1_plr_casing_eject
da60c35ddd45efa1,wpn_pi_atlas_fire1_plr_lfe
3efd8b00bb4959b3,wpn_pi_atlas_fire_npc
e413f03db3af9268,wpn_pi_atlas_fire1_plr_shot
94eff37099199ce,fly_npc_pi_atlas_inspect_ext01_01
37caa201e4c8cb5a,wpn_pi_atlas_fire2_plr_atmo
94efe370991981b,fly_npc_pi_atlas_inspect_ext01_02
73e6a201bcbb5730,wpn_pi_atlas_fire2_plr_atmo_int
13f0e61102ce8409,wpn_pi_atlas_fire_plr_fcg
67b6216f393e1db0,wpn_pi_orion_fire2_plr_interrupt
6973be4a16dcf28b,wpn_pi_orion_fire2_plr_last_mech
c87121751d278bcc,wpn_pi_orion_fire2_plr_mech
ac0110fc92f277cc,wpn_pi_orion_fire_plr_casing_eject
b8e0d321d3d3a4b6,wpn_pi_orion_fire2_plr_lfe
cc609aeb1cb418b5,wpn_pi_orion_fire2_plr_shot
55e80f25478efc5e,wpn_pi_orion_fire_npc_dist
ef6ff55fc90f34ac,wpn_pi_orion_fire_npc_med_atmo
f2512b40243c3c3d,fly_npc_pi_orion_raise_01
8ac2da94c4f09bd0,fly_npc_pi_orion_drop_quick_01
76c1870d67dd66bb,wpn_pi_orion_fire_npc_atmo
a043696c387db69b,wpn_pi_orion_fire_npc_lfe
47b1f8f8d398e746,wpn_pi_orion_fire_plr_atmo_int
1b2dba291c56bb19,fly_npc_pi_orion_raise_quick_01
dc65c8e9bb634383,wpn_pi_orion_fire_npc_mech
7d69492dcfbe6ffa,wpn_pi_orion_fire_plr_last_shot
22960bab4e162810,wpn_pi_orion_fire_plr_atmo
629db03cb2e4360a,wpn_pi_orion_fire1_plr_fcg
6b12479217d4f351,wpn_pi_orion_fire_npc
7834fde415c636cc,wpn_pi_orion_fire2_plr_casing_eject
8696cb21b7d117cb,wpn_pi_orion_fire2_plr_fcg
c9758e4ccbcee0b0,wpn_pi_orion_fire_plr_interrupt
c03e1f44f99239b5,wpn_pi_orion_fire_plr_shot
e47aa985bb1eddd9,wpn_pi_orion_fire1_plr_interrupt
cb332b27a96db58b,wpn_pi_orion_fire_plr_last_mech
3788e75f1d06d72f,wpn_pi_orion_fire1_plr_atmo
bc4ea5cefa05accc,wpn_pi_orion_fire_plr_mech
ed87c9153af36382,wpn_pi_orion_fire1_plr_last_mech
85816b7a40016481,wpn_pi_orion_fire1_plr_atmo_int
3e7b04def1c27fb6,wpn_pi_orion_fire_plr_lfe
a8f13182209e372f,wpn_pi_orion_fire1_plr_mech
c30fcded5bff2cb,wpn_pi_orion_fire_plr_fcg
982b51075a9e1383,wpn_pi_orion_fire1_plr_casing_eject
b91d683ce3d952c7,wpn_pi_orion_fire1_plr_lfe
b438e36e83a0169e,wpn_pi_orion_fire_plr_last_fcg
8bd7ffca837f8e2e,wpn_pi_orion_fire1_plr_shot
2eb8875171380710,wpn_pi_orion_fire2_plr_atmo
841da2ccc48c3646,wpn_pi_orion_fire2_plr_atmo_int
d54ab571dbeba083,fly_npc_pi_timir_inspect_ext01_04
bf23f497ef830fb1,fly_npc_pi_timir_inspect_empty_07
50f830051b6a748d,fly_npc_pi_timir_transition_reload_empty_ext02_01_02
8e9281c516e7da40,wpn_pi_timir_fire2_plr_interrupt
bf23ed97ef8303cc,fly_npc_pi_timir_inspect_empty_08
d54ab471dbeb9ed0,fly_npc_pi_timir_inspect_ext01_05
d54ab671dbeba236,fly_npc_pi_timir_inspect_ext01_07
bf277b97ef862aed,fly_npc_pi_timir_inspect_empty_10
960baf5539d65fb,wpn_pi_timir_fire2_plr_last_mech
bf23ee97ef83057f,fly_npc_pi_timir_inspect_empty_09
233e24feb88ec8ab,fly_npc_pi_timir_transition_reload_empty_ext02_02_01
c1fa054f88beff46,wpn_pi_timir_fire2_plr_lfe
bf277a97ef86293a,fly_npc_pi_timir_inspect_empty_11
d54ab771dbeba3e9,fly_npc_pi_timir_inspect_ext01_06
d54ac171dbebb4e7,fly_npc_pi_timir_inspect_ext01_08
bf277897ef8625d4,fly_npc_pi_timir_inspect_empty_13
fe63b51e4e59f97c,wpn_pi_timir_fire2_plr_mech
731dab513085ba9c,wpn_pi_timir_fire_plr_casing_eject
58e18103f4faeff6,fly_npc_pi_timir_inspect_empty_ext01_01
ce71aea72696d148,fly_npc_pi_timir_reload_empty_ext02_01
d5473371dbe88dc6,fly_npc_pi_timir_inspect_ext01_10
2fd4d89872e5125,wpn_pi_timir_fire2_plr_shot
dc4b223654ec9d5e,fly_npc_pi_timir_transition_reload_empty_fast01_01_01
d5473471dbe88f79,fly_npc_pi_timir_inspect_ext01_11
ce71b1a72696d661,fly_npc_pi_timir_reload_empty_ext02_02
7dc53f87577d7be5,fly_npc_pi_timir_reload_ext02_04
bf277997ef862787,fly_npc_pi_timir_inspect_empty_12
7dc53d87577d787f,fly_npc_pi_timir_reload_ext02_06
d54ac071dbebb334,fly_npc_pi_timir_inspect_ext01_09
7dc53a87577d7366,fly_npc_pi_timir_reload_ext02_01
ce71b5a72696dd2d,fly_npc_pi_timir_reload_empty_ext02_06
58e18003f4faee43,fly_npc_pi_timir_inspect_empty_ext01_02
54b64b6d5933db7c,wpn_pi_timir_fire_npc_med_atmo
dc4b213654ec9bab,fly_npc_pi_timir_transition_reload_empty_fast01_01_02
d5473171dbe88a60,fly_npc_pi_timir_inspect_ext01_12
71b60b61da7f456e,wpn_pi_timir_fire_npc_dist
357fe24f9c3dc3d1,fly_npc_pi_timir_transition_reload_empty_fast01_02_01
7dc53c87577d76cc,fly_npc_pi_timir_reload_ext02_07
58e18603f4faf875,fly_npc_pi_timir_inspect_empty_ext01_04
7dc53e87577d7a32,fly_npc_pi_timir_reload_ext02_05
ce71b4a72696db7a,fly_npc_pi_timir_reload_empty_ext02_07
7dc53987577d71b3,fly_npc_pi_timir_reload_ext02_02
ce71b0a72696d4ae,fly_npc_pi_timir_reload_empty_ext02_03
58e17f03f4faec90,fly_npc_pi_timir_inspect_empty_ext01_03
d5473271dbe88c13,fly_npc_pi_timir_inspect_ext01_13
58e18a03f4faff41,fly_npc_pi_timir_inspect_empty_ext01_08
ce71a7a72696c563,fly_npc_pi_timir_reload_empty_ext02_08
7dc53887577d7000,fly_npc_pi_timir_reload_ext02_03
2336182c7716a82c,fly_npc_pi_timir_drop_01
58e18503f4faf6c2,fly_npc_pi_timir_inspect_empty_ext01_05
ce71b3a72696d9c7,fly_npc_pi_timir_reload_empty_ext02_04
58e18903f4fafd8e,fly_npc_pi_timir_inspect_empty_ext01_09
e521ce6459df3624,fly_npc_pi_timir_drop_quick_01
ce71a6a72696c3b0,fly_npc_pi_timir_reload_empty_ext02_09
58e18403f4faf50f,fly_npc_pi_timir_inspect_empty_ext01_06
ce71b2a72696d814,fly_npc_pi_timir_reload_empty_ext02_05
58ddfc03f4f7d820,fly_npc_pi_timir_inspect_empty_ext01_10
ce6e29a72693b972,fly_npc_pi_timir_reload_empty_ext02_10
58e18303f4faf35c,fly_npc_pi_timir_inspect_empty_ext01_07
58ddfd03f4f7d9d3,fly_npc_pi_timir_inspect_empty_ext01_11
ce6e2aa72693bb25,fly_npc_pi_timir_reload_empty_ext02_11
5fb60554d11d46cb,wpn_pi_timir_fire_npc_lfe
a4edee2534b84120,wpn_pi_timir_fire_plr_atmo
d900a2e79cd963d6,wpn_pi_timir_fire_plr_atmo_int
bf23f397ef830dfe,fly_npc_pi_timir_inspect_empty_06
959daab8b43808c1,fly_npc_pi_timir_raise_01
f89fa5264eae7513,wpn_pi_timir_fire_npc_mech
a6dd30156c710500,wpn_pi_timir_fire_plr_interrupt
d54aba71dbeba902,fly_npc_pi_timir_inspect_ext01_03
6e45ee8659914ada,wpn_pi_timir_fire1_plr_fcg
f03dd3f1be0c9677,fly_npc_pi_timir_transition_reload_empty_01_02
f03dd4f1be0c982a,fly_npc_pi_timir_transition_reload_empty_01_01
24fea71499a6b7aa,wpn_pi_timir_fire_plr_last_shot
be5434af7f785adc,wpn_pi_timir_fire2_plr_casing_eject
cc14ee85f50432ff,wpn_pi_timir_fire1_plr_atmo
5427c6cf259eb1a9,wpn_pi_timir_fire1_plr_interrupt
83bb40ae93c31fe5,wpn_pi_timir_fire_plr_shot
7372e803ac9e34bb,wpn_pi_timir_fire_plr_last_mech
bf23f697ef831317,fly_npc_pi_timir_inspect_empty_01
b15b8cad6c689011,wpn_pi_timir_fire1_plr_atmo_int
4972950b055dbe9d,fly_npc_pi_timir_transition_reload_empty_02_01
5f7a0baf12ba8a2d,fly_npc_pi_timir_raise_quick_01
5737865e0e1b872,wpn_pi_timir_fire1_plr_last_mech
289da84842ef263c,wpn_pi_timir_fire_plr_mech
8ed73d4f6c04ee5b,wpn_pi_timir_fire2_plr_fcg
60e7b403033d2e1b,wpn_pi_timir_fire_plr_fcg
bf23f797ef8314ca,fly_npc_pi_timir_inspect_empty_02
a77f58a4ac2c6f1f,wpn_pi_timir_fire1_plr_mech
d78843fc6e988a13,wpn_pi_timir_fire1_plr_casing_eject
940a7c031ff73f06,wpn_pi_timir_fire_plr_lfe
e7de5fdb4d5aebae,wpn_pi_timir_fire_plr_last_fcg
c59f66868b3f9e97,wpn_pi_timir_fire1_plr_lfe
bf23f897ef83167d,fly_npc_pi_timir_inspect_empty_03
a71c727d05613749,fly_npc_pi_timir_transition_reload_empty_ext01_01_01
9d3b21235aca9ca1,wpn_pi_timir_fire_npc
bf23f197ef830a98,fly_npc_pi_timir_inspect_empty_04
d54ab871dbeba59c,fly_npc_pi_timir_inspect_ext01_01
a71c6f7d05613230,fly_npc_pi_timir_transition_reload_empty_ext01_01_02
880807f7d452b3de,wpn_pi_timir_fire1_plr_shot
7c1943495cb79b2b,wpn_pi_timir_fire_npc_atmo
d54abb71dbebaab5,fly_npc_pi_timir_inspect_ext01_02
bf23f297ef830c4b,fly_npc_pi_timir_inspect_empty_05
78467264f80fbb96,fly_npc_pi_timir_transition_reload_empty_ext01_02_01
7e19fafb43063d60,wpn_pi_timir_fire2_plr_atmo
99f21610d32e316,wpn_pi_timir_fire2_plr_atmo_int
50f82d051b6a6f74,fly_npc_pi_timir_transition_reload_empty_ext02_01_01
567df10486f11c7f,fly_plr_sh_akita_inspect_empty_07
db4c46656fa23902,fly_npc_sh_akita_inspect_empty_07
3b485dd79006a7ac,fly_npc_sh_akita_inspect_ext01_04
8d5160d3da82922b,fly_npc_sh_akita_inspect_fast02_03
a860992a7eb34c98,fly_npc_sh_akita_reload_empty_fast02_07
6bd2caf7c72edf34,fly_npc_sh_akita_transition_reload_empty_ext02_01_02
421369c08843c11d,wpn_sh_akita_fire2_plr_interrupt
567df60486f124fe,fly_plr_sh_akita_inspect_empty_08
db4c49656fa23e1b,fly_npc_sh_akita_inspect_empty_08
5681740486f430ef,fly_plr_sh_akita_inspect_empty_10
db48db656f9f4d5a,fly_npc_sh_akita_inspect_empty_10
a860982a7eb34ae5,fly_npc_sh_akita_reload_empty_fast02_08
3b485ed79006a95f,fly_npc_sh_akita_inspect_ext01_05
3b485fd79006ab12,fly_npc_sh_akita_inspect_ext01_06
8d5165d3da829aaa,fly_npc_sh_akita_inspect_fast02_04
8d5163d3da829744,fly_npc_sh_akita_inspect_fast02_06
cc7a9551339efe5,fly_plr_sh_akita_transition_reload_empty_ext02_02_01
567df70486f126b1,fly_plr_sh_akita_inspect_empty_09
db4c48656fa23c68,fly_npc_sh_akita_inspect_empty_09
a85d9a2a7eb11874,fly_npc_sh_akita_reload_empty_fast02_10
675b8de0f3dd135a,fly_npc_sh_akita_transition_reload_empty_ext02_02_01
8d5166d3da829c5d,fly_npc_sh_akita_inspect_fast02_05
5681730486f42f3c,fly_plr_sh_akita_inspect_empty_11
db48dc656f9f4f0d,fly_npc_sh_akita_inspect_empty_11
412343563aa072b6,wpn_sh_akita_fire2_plr_last_mech
3b4860d79006acc5,fly_npc_sh_akita_inspect_ext01_07
8d5164d3da8298f7,fly_npc_sh_akita_inspect_fast02_07
a860972a7eb34932,fly_npc_sh_akita_reload_empty_fast02_09
92c69826b5db58bb,wpn_sh_akita_fire2_plr_lfe
3b4861d79006ae78,fly_npc_sh_akita_inspect_ext01_08
5681750486f432a2,fly_plr_sh_akita_inspect_empty_13
db48da656f9f4ba7,fly_npc_sh_akita_inspect_empty_13
8d515ad3da8287f9,fly_npc_sh_akita_inspect_fast02_09
5681760486f43455,fly_plr_sh_akita_inspect_empty_12
8d5159d3da828646,fly_npc_sh_akita_inspect_fast02_08
db48d9656f9f49f4,fly_npc_sh_akita_inspect_empty_12
d27b7912c590ca9c,fly_npc_sh_akita_transition_reload_empty_fast01_01_02
76328f62c3ed40d2,wpn_sh_akita_fire2_plr_shot
5681700486f42a23,fly_plr_sh_akita_inspect_empty_14
52560fccc4607c23,wpn_sh_akita_fire2_plr_mech
db48d7656f9f468e,fly_npc_sh_akita_inspect_empty_14
8d54e7d3da85ad67,fly_npc_sh_akita_inspect_fast02_10
3b4862d79006b02b,fly_npc_sh_akita_inspect_ext01_09
10ca62e2d96f5fdc,fly_npc_sh_akita_inspect_ext02_01
8d54e8d3da85af1a,fly_npc_sh_akita_inspect_fast02_13
d27b7c12c590cfb5,fly_npc_sh_akita_transition_reload_empty_fast01_01_01
3c5b9d1fc77761f5,fly_npc_sh_akita_drop_01
8d54e3d3da85a69b,fly_npc_sh_akita_inspect_fast02_14
a411fbfab89b4c62,fly_npc_sh_akita_transition_reload_empty_fast01_02_01
316d2a0a7f58effb,fly_plr_sh_akita_transition_reload_empty_fast01_02_01
8684da4694f74463,wpn_sh_akita_fire_npc_dist
56816f0486f42870,fly_plr_sh_akita_inspect_empty_15
db48d8656f9f4841,fly_npc_sh_akita_inspect_empty_15
af213771f767f926,fly_plr_sh_akita_transition_reload_empty_fast02_02_01
10ca65e2d96f64f5,fly_npc_sh_akita_inspect_ext02_02
10ca5fe2d96f5ac3,fly_npc_sh_akita_inspect_ext02_04
45114808fda14e97,fly_npc_sh_akita_transition_reload_empty_fast02_02_01
8d54e6d3da85abb4,fly_npc_sh_akita_inspect_fast02_11
10ca64e2d96f6342,fly_npc_sh_akita_inspect_ext02_03
80954ae3ae5a3739,wpn_sh_akita_fire_npc_med_atmo
5681720486f42d89,fly_plr_sh_akita_inspect_empty_16
10ca5ee2d96f5910,fly_npc_sh_akita_inspect_ext02_05
db48d5656f9f4328,fly_npc_sh_akita_inspect_empty_16
1a9330144709d580,fly_npc_sh_akita_transition_reload_empty_fast02_01_01
8d54e9d3da85b0cd,fly_npc_sh_akita_inspect_fast02_12
10ca6be2d96f6f27,fly_npc_sh_akita_inspect_ext02_08
10ca61e2d96f5e29,fly_npc_sh_akita_inspect_ext02_06
3d039e84a9a8e8a0,fly_npc_sh_akita_inspect_empty_fast02_08
10c6dbe2d96c44a0,fly_npc_sh_akita_inspect_ext02_12
31bcdf0254f96039,fly_npc_sh_akita_inspect_empty_ext02_04
1a9333144709da99,fly_npc_sh_akita_transition_reload_empty_fast02_01_02
10ca6ae2d96f6d74,fly_npc_sh_akita_inspect_ext02_09
10ca60e2d96f5c76,fly_npc_sh_akita_inspect_ext02_07
3d03a784a9a8f7eb,fly_npc_sh_akita_inspect_empty_fast02_01
10d8e0c6e85d0ee1,fly_npc_sh_akita_drop_quick_01
10c6dce2d96c4653,fly_npc_sh_akita_inspect_ext02_13
3d072a84a9ac0c5b,fly_npc_sh_akita_inspect_empty_fast02_12
3d039f84a9a8ea53,fly_npc_sh_akita_inspect_empty_fast02_09
3d072984a9ac0aa8,fly_npc_sh_akita_inspect_empty_fast02_13
1f536d4e28118c1e,fly_npc_sh_akita_raise_01
e67eef087b6ba2a2,fly_npc_sh_akita_raise_quick_01
31bcde0254f95e86,fly_npc_sh_akita_inspect_empty_ext02_05
10c6dde2d96c4806,fly_npc_sh_akita_inspect_ext02_10
3d03a884a9a8f99e,fly_npc_sh_akita_inspect_empty_fast02_02
10c6e1e2d96c4ed2,fly_npc_sh_akita_inspect_ext02_14
31bcdc0254f95b20,fly_npc_sh_akita_inspect_empty_ext02_07
3d073084a9ac168d,fly_npc_sh_akita_inspect_empty_fast02_14
7dd6f21c6260c49a,wpn_sh_akita_fire_npc_atmo
800c96916d222b3,wpn_sh_akita_fire_plr_atmo_int
10c6dee2d96c49b9,fly_npc_sh_akita_inspect_ext02_11
31bcdd0254f95cd3,fly_npc_sh_akita_inspect_empty_ext02_06
3d072f84a9ac14da,fly_npc_sh_akita_inspect_empty_fast02_15
3d072c84a9ac0fc1,fly_npc_sh_akita_inspect_empty_fast02_10
1f536c4e28118a6b,fly_npc_sh_akita_raise_02
3d03a984a9a8fb51,fly_npc_sh_akita_inspect_empty_fast02_03
da45a19e082b9e3c,wpn_sh_akita_fire_npc_lfe
31b95a0254f64863,fly_npc_sh_akita_inspect_empty_ext02_15
31bceb0254f9749d,fly_npc_sh_akita_inspect_empty_ext02_08
1f536b4e281188b8,fly_npc_sh_akita_raise_03
3d072e84a9ac1327,fly_npc_sh_akita_inspect_empty_fast02_16
3b485bd79006a446,fly_npc_sh_akita_inspect_ext01_02
3b485ad79006a293,fly_npc_sh_akita_inspect_ext01_01
8d515fd3da829078,fly_npc_sh_akita_inspect_fast02_02
3d072b84a9ac0e0e,fly_npc_sh_akita_inspect_empty_fast02_11
3d03aa84a9a8fd04,fly_npc_sh_akita_inspect_empty_fast02_04
567def0486f11919,fly_plr_sh_akita_inspect_empty_01
ff9b188220c7d0c6,wpn_sh_akita_fire_npc_mech
db4c40656fa22ed0,fly_npc_sh_akita_inspect_empty_01
34adf8df4ba8aede,wpn_sh_akita_fire_npc
31bcea0254f972ea,fly_npc_sh_akita_inspect_empty_ext02_09
3b485cd79006a5f9,fly_npc_sh_akita_inspect_ext01_03
31b95b0254f64a16,fly_npc_sh_akita_inspect_empty_ext02_16
567dec0486f11400,fly_plr_sh_akita_inspect_empty_02
db4c43656fa233e9,fly_npc_sh_akita_inspect_empty_02
a8609e2a7eb35517,fly_npc_sh_akita_reload_empty_fast02_02
a8609c2a7eb351b1,fly_npc_sh_akita_reload_empty_fast02_04
a8609a2a7eb34e4b,fly_npc_sh_akita_reload_empty_fast02_06
3d03ab84a9a8feb7,fly_npc_sh_akita_inspect_empty_fast02_05
e8e4e7a1ca436af1,wpn_sh_akita_fire_plr_atmo
e92fa87ea169d4f8,fly_npc_sh_akita_transition_reload_empty_ext01_01_01
567ded0486f115b3,fly_plr_sh_akita_inspect_empty_03
db4c42656fa23236,fly_npc_sh_akita_inspect_empty_03
e92fab7ea169da11,fly_npc_sh_akita_transition_reload_empty_ext01_01_02
567df20486f11e32,fly_plr_sh_akita_inspect_empty_04
cbe0e854577cd517,wpn_sh_akita_fire1_plr_fcg
db4c45656fa2374f,fly_npc_sh_akita_inspect_empty_04
31bce20254f96552,fly_npc_sh_akita_inspect_empty_ext02_01
752a50542658ac4a,wpn_sh_akita_fire1_plr_lfe
2ab12a9ef75d7319,wpn_sh_akita_fire1_plr_shot
e94bcdf06df7765b,wpn_sh_akita_fire2_plr_atmo
31b95d0254f64d7c,fly_npc_sh_akita_inspect_empty_ext02_10
ba57b55b8b794247,wpn_sh_akita_fire_plr_interrupt
73ab015719c785c,wpn_sh_akita_fire1_plr_atmo
567df30486f11fe5,fly_plr_sh_akita_inspect_empty_05
db4c44656fa2359c,fly_npc_sh_akita_inspect_empty_05
a8609b2a7eb34ffe,fly_npc_sh_akita_reload_empty_fast02_05
53645ef00acc1675,wpn_sh_akita_fire2_plr_atmo_int
6d149b63a480e5a4,wpn_sh_akita_fire1_plr_interrupt
a8609d2a7eb35364,fly_npc_sh_akita_reload_empty_fast02_03
567df00486f11acc,fly_plr_sh_akita_inspect_empty_06
88f7ca63c704762a,wpn_sh_akita_fire1_plr_atmo_int
db4c47656fa23ab5,fly_npc_sh_akita_inspect_empty_06
d1382bf374b98264,fly_plr_sh_akita_transition_reload_empty_ext01_02_01
31bce10254f9639f,fly_npc_sh_akita_inspect_empty_ext02_02
e7f460797a5c3f4f,fly_npc_sh_akita_transition_reload_empty_ext01_02_01
fa0072981a253b8,wpn_sh_akita_fire_plr_last_mech
3d03ac84a9a9006a,fly_npc_sh_akita_inspect_empty_fast02_06
bb98649f6ad27f77,wpn_sh_akita_fire2_plr_casing_eject
de9a472607da0e80,wpn_sh_akita_fire1_plr_casing_eject
31b95e0254f64f2f,fly_npc_sh_akita_inspect_empty_ext02_11
c4406dc0815de649,wpn_sh_akita_fire_plr_mech
c7d11606c133a9df,wpn_sh_akita_fire1_plr_last_mech
31bce00254f961ec,fly_npc_sh_akita_inspect_empty_ext02_03
31b95f0254f650e2,fly_npc_sh_akita_inspect_empty_ext02_12
3d03ad84a9a9021d,fly_npc_sh_akita_inspect_empty_fast02_07
ce22173ffc267b3d,wpn_sh_akita_fire_plr_lfe
22fba7df41878263,wpn_sh_akita_fire_plr
6bd2cdf7c72ee44d,fly_npc_sh_akita_transition_reload_empty_ext02_01_01
959c41f26dd74bc0,wpn_sh_akita_fire1_plr_mech
31b9600254f65295,fly_npc_sh_akita_inspect_empty_ext02_13
d63027153a07834d,wpn_sh_akita_fire_plr_first_fcg
c50f6026d1dbc5e6,wpn_sh_akita_fire2_plr_fcg
bb5bd99bb860f313,fly_npc_sh_akita_transition_reload_empty_01_01
8d5162d3da829591,fly_npc_sh_akita_inspect_fast02_01
31b9590254f646b0,fly_npc_sh_akita_inspect_empty_ext02_14
3f34fbb95cf34db4,wpn_sh_akita_fire_plr_last
bb5bda9bb860f4c6,fly_npc_sh_akita_transition_reload_empty_01_02
a8609f2a7eb356ca,fly_npc_sh_akita_reload_empty_fast02_01
90dde1a701c9b05c,fly_npc_sh_akita_transition_reload_empty_02_01
a2714d23e60bee7f,wpn_sh_akita_fire_plr_last_fcg
36c4c14ef7ea2738,fly_npc_sh_corso_inspect_empty_07
36c4c04ef7ea2585,fly_npc_sh_corso_inspect_empty_08
36c1424ef7e71994,fly_npc_sh_corso_inspect_empty_10
36c4bf4ef7ea23d2,fly_npc_sh_corso_inspect_empty_09
376a36a3c164e1b7,wpn_sh_corso_fire_plr_casing_eject
36c1434ef7e71b47,fly_npc_sh_corso_inspect_empty_11
36c1444ef7e71cfa,fly_npc_sh_corso_inspect_empty_12
ee03375800dad511,wpn_sh_corso_fire_npc_dist
7d5fcdde7417db9b,wpn_sh_corso_fire_npc_med_atmo
7499ccb473f1392b,fly_npc_sh_corso_drop_01
fa7dee0938e160e3,fly_npc_sh_corso_drop_quick_01
43d93b6f93234068,wpn_sh_corso_fire_npc_atmo
7fabc87dfd5d92ee,wpn_sh_corso_fire_npc_lfe
731bd73ab64f5878,fly_npc_sh_corso_raise_quick_01
36c4c64ef7ea2fb7,fly_npc_sh_corso_inspect_empty_02
73c3d50aca899ea4,wpn_sh_corso_fire_npc_mech
840b8518cd32a9b5,wpn_sh_corso_fire_plr_atmo_int
1d0605acafdf84f1,wpn_sh_corso_fire_plr
36c4c54ef7ea2e04,fly_npc_sh_corso_inspect_empty_03
23cc68fa81e6299b,wpn_sh_corso_fire_plr_atmo
a05dfbcd2f5ca530,fly_npc_sh_corso_raise_01
36c4c44ef7ea2c51,fly_npc_sh_corso_inspect_empty_04
75c1c8d113b0e1ce,wpn_sh_corso_fire_plr_last
ad1ef8a7bbf0b85d,wpn_sh_corso_fire_plr_interrupt
a05dfecd2f5caa49,fly_npc_sh_corso_raise_02
36c4c34ef7ea2a9e,fly_npc_sh_corso_inspect_empty_05
fd4ba7c01ee306f6,wpn_sh_corso_fire_plr_last_mech
6e4603cda78e84e9,wpn_sh_corso_fire_plr_last_fcg
36c4c24ef7ea28eb,fly_npc_sh_corso_inspect_empty_06
3650aadbc04c2763,wpn_sh_corso_fire_plr_mech
5ed841d571ae3973,wpn_sh_corso_fire_plr_first_fcg
4dc03241375fb7fb,wpn_sh_corso_fire_plr_lfe
c6596aac7ec3ab90,wpn_sh_corso_fire_npc
36c4c74ef7ea316a,fly_npc_sh_corso_inspect_empty_01
20387b9c67782a6d,wpn_sh_husky_fire_plr_casing_eject
920c42224ccf8583,wpn_sh_husky_fire_npc_dist
f347da38a7e12319,wpn_sh_husky_fire_npc_med_atmo
4e76a685b76e8d1d,fly_npc_sh_husky_drop_quick_01
8fee93837e876a4a,fly_npc_sh_husky_raise_01
9f1140d296d85851,fly_npc_sh_husky_drop_01
8fee92837e876897,fly_npc_sh_husky_raise_02
2e940a63b29bfddc,wpn_sh_husky_fire_npc_lfe
fcdeb786f9f82b93,wpn_sh_husky_fire_plr_atmo_int
15e2d763900af0be,wpn_sh_husky_fire_npc
9f113dd296d85338,fly_npc_sh_husky_drop_02
b21805dd89e5ee6,wpn_sh_husky_fire_npc_mech
4f4febd22291859e,fly_npc_sh_husky_raise_quick_01
85f759f8175429ba,wpn_sh_husky_fire_npc_atmo
943fc2950d3e2f91,wpn_sh_husky_fire_plr_atmo
b4f04106eb02d967,wpn_sh_husky_fire_plr_interrupt
e3598610dd8800ad,wpn_sh_husky_fire_plr_first_fcg
9be099752bd7bf18,wpn_sh_husky_fire_plr_last_mech
1c7d48b8af3c31e9,wpn_sh_husky_fire_plr_mech
cb2f7bdf70d4145d,wpn_sh_husky_fire_plr_lfe
430866385e9c443,wpn_sh_husky_fire_plr
9ca332eb9375665f,wpn_sh_husky_fire_plr_last_fcg
ea8fd6ac9fee1254,wpn_sh_husky_fire_plr_last
33e64e26f86f774f,wpn_sm_cobra_fire_plr_casing_eject
43f4da342c29eed3,wpn_sm_cobra_fire_npc_med_atmo
f823ba6b9047e599,wpn_sm_cobra_fire_npc_dist
ed8a5e840de1c340,wpn_sm_cobra_fire_npc_atmo
1ab8f4b18a6564a6,wpn_sm_cobra_fire_npc_lfe
cc0cf6c7deee0e3d,wpn_sm_cobra_fire_plr_atmo_int
c4acd51ff3503cec,fly_npc_sm_cobra_raise_01
e2aa05ec55886b08,wpn_sm_cobra_fire_npc
713a18a71c18a85c,wpn_sm_cobra_fire_npc_mech
776938e5de0bae9b,wpn_sm_cobra_fire_plr_first_fcg
83fd7bc9b1ca87b3,wpn_sm_cobra_fire_plr_atmo
db861f404aa06e4,fly_npc_sm_cobra_raise_quick_01
55773af708ce3e85,wpn_sm_cobra_fire_plr_interrupt
6534bcfdb9e2c901,wpn_sm_cobra_fire_plr_last_fcg
94cc3be76cb7b85e,wpn_sm_cobra_fire_plr_last_mech
5daf86352980ae6d,fly_npc_sm_cobra_transition_reload_empty_01_01
c06afe2a2ff0f49b,wpn_sm_cobra_fire_plr_mech
5daf83352980a954,fly_npc_sm_cobra_transition_reload_empty_01_02
6913ce9a44fab493,wpn_sm_cobra_fire_plr_lfe
acd4f0ec368382c9,wpn_sm_cobra_fire_plr
47ac61be22f87fa,fly_npc_sm_cobra_transition_reload_empty_02_01
803dcc2332687d36,wpn_sm_cobra_fire_plr_last
47ac51be22f8647,fly_npc_sm_cobra_transition_reload_empty_02_02
da9ffc76a5307c76,fly_npc_sm_hyena_inspect_01
ab7b1bbe4a8dadee,fly_npc_sm_hyena_inspect_empty_07
eba8d1cb14881cc3,fly_npc_sm_hyena_reload_ext01_04
e1f918a7b7da1702,fly_npc_sm_hyena_reload_empty_ext01_05
da9ffb76a5307ac3,fly_npc_sm_hyena_inspect_02
4b7848dc0faf1a64,fly_npc_sm_hyena_reload_empty_fast02_07
664ea927d439dff1,wpn_sm_hyena_fire2_plr_interrupt
daa00176a53084f5,fly_npc_sm_hyena_inspect_04
ab7b16be4a8da56f,fly_npc_sm_hyena_inspect_empty_08
eba8d0cb14881b10,fly_npc_sm_hyena_reload_ext01_05
ab7798be4a8a997e,fly_npc_sm_hyena_inspect_empty_10
eba8d3cb14882029,fly_npc_sm_hyena_reload_ext01_06
da9ffa76a5307910,fly_npc_sm_hyena_inspect_03
4b783fdc0faf0b19,fly_npc_sm_hyena_reload_empty_fast02_08
e1f917a7b7da154f,fly_npc_sm_hyena_reload_empty_ext01_06
e1f91da7b7da1f81,fly_npc_sm_hyena_reload_empty_ext01_08
cde0d863b8811d1a,wpn_sm_hyena_fire2_plr_last_mech
ab7b15be4a8da3bc,fly_npc_sm_hyena_inspect_empty_09
eba8ddcb14883127,fly_npc_sm_hyena_reload_ext01_08
4b7541dc0facd8a8,fly_npc_sm_hyena_reload_empty_fast02_10
da9ffe76a5307fdc,fly_npc_sm_hyena_inspect_07
eba8d2cb14881e76,fly_npc_sm_hyena_reload_ext01_07
ab7799be4a8a9b31,fly_npc_sm_hyena_inspect_empty_11
daa00076a5308342,fly_npc_sm_hyena_inspect_05
a84266297927195b,fly_npc_sm_hyena_reload_fast01_01
4b783edc0faf0966,fly_npc_sm_hyena_reload_empty_fast02_09
e1f91ca7b7da1dce,fly_npc_sm_hyena_reload_empty_ext01_09
daa00576a5308bc1,fly_npc_sm_hyena_inspect_08
29d93ffabdcb3db9,wpn_sm_hyena_fire_plr_casing_eject
e1f916a7b7da139c,fly_npc_sm_hyena_reload_empty_ext01_07
eba8dccb14882f74,fly_npc_sm_hyena_reload_ext01_09
ab7797be4a8a97cb,fly_npc_sm_hyena_inspect_empty_13
64fa5bb560efd34f,wpn_sm_hyena_fire2_plr_lfe
a8426a2979272027,fly_npc_sm_hyena_reload_fast01_05
c7e43f3eaddbffb7,wpn_sm_hyena_fire2_plr_mech
eba54fcb14850a06,fly_npc_sm_hyena_reload_ext01_10
e1f58fa7b7d6f860,fly_npc_sm_hyena_reload_empty_ext01_10
da9c7876a52d6653,fly_npc_sm_hyena_inspect_11
da9fff76a530818f,fly_npc_sm_hyena_inspect_06
1626cebfcb1f67f9,fly_npc_sm_hyena_reload_ext02_03
ab7796be4a8a9618,fly_npc_sm_hyena_inspect_empty_12
daa00476a5308a0e,fly_npc_sm_hyena_inspect_09
a842672979271b0e,fly_npc_sm_hyena_reload_fast01_02
10cf14bfc52b8be9,fly_npc_sm_hyena_reload_empty_ext02_01
de668e0a4cf9d2b6,wpn_sm_hyena_fire2_plr_shot
1626cfbfcb1f69ac,fly_npc_sm_hyena_reload_ext02_04
da9c7776a52d64a0,fly_npc_sm_hyena_inspect_10
ab779cbe4a8aa04a,fly_npc_sm_hyena_inspect_empty_14
a8426b29792721da,fly_npc_sm_hyena_reload_fast01_06
10cf15bfc52b8d9c,fly_npc_sm_hyena_reload_empty_ext02_06
da9c7976a52d6806,fly_npc_sm_hyena_inspect_12
9c3a884815a68868,fly_npc_sm_hyena_reload_02
1626d3bfcb1f7078,fly_npc_sm_hyena_reload_ext02_08
a842682979271cc1,fly_npc_sm_hyena_reload_fast01_03
10cf18bfc52b92b5,fly_npc_sm_hyena_reload_empty_ext02_05
10cf11bfc52b86d0,fly_npc_sm_hyena_reload_empty_ext02_02
82e60cb7fc5689cf,wpn_sm_hyena_fire_npc_dist
9c3a8c4815a68f34,fly_npc_sm_hyena_reload_06
a8426c297927238d,fly_npc_sm_hyena_reload_fast01_07
9c3a894815a68a1b,fly_npc_sm_hyena_reload_03
9c3a8b4815a68d81,fly_npc_sm_hyena_reload_01
10cf16bfc52b8f4f,fly_npc_sm_hyena_reload_empty_ext02_07
a8425d2979270a10,fly_npc_sm_hyena_reload_fast01_08
1626ccbfcb1f6493,fly_npc_sm_hyena_reload_ext02_01
9c3a8d4815a690e7,fly_npc_sm_hyena_reload_07
1626d0bfcb1f6b5f,fly_npc_sm_hyena_reload_ext02_05
1626d4bfcb1f722b,fly_npc_sm_hyena_reload_ext02_09
10cf12bfc52b8883,fly_npc_sm_hyena_reload_empty_ext02_03
a842692979271e74,fly_npc_sm_hyena_reload_fast01_04
c902935da848aefd,wpn_sm_hyena_fire_npc_med_atmo
a9ea302ea090aaca,fly_npc_sm_hyena_reload_fast02_03
10d219bfc52dca3f,fly_npc_sm_hyena_reload_empty_ext02_10
9c3a8e4815a6929a,fly_npc_sm_hyena_reload_04
1626cdbfcb1f6646,fly_npc_sm_hyena_reload_ext02_02
2f9da104b4f6733e,fly_npc_sm_hyena_reload_empty_06
9c3a824815a67e36,fly_npc_sm_hyena_reload_08
10cf1bbfc52b97ce,fly_npc_sm_hyena_reload_empty_ext02_08
1626d1bfcb1f6d12,fly_npc_sm_hyena_reload_ext02_06
2fa12904b4f9902d,fly_npc_sm_hyena_reload_empty_10
162a51bfcb227c69,fly_npc_sm_hyena_reload_ext02_10
2fa12804b4f98e7a,fly_npc_sm_hyena_reload_empty_11
ae8976b48af36f09,fly_npc_sm_hyena_drop_01
2f9da404b4f67857,fly_npc_sm_hyena_reload_empty_01
a9ea2b2ea090a24b,fly_npc_sm_hyena_reload_fast02_04
a9ea2a2ea090a098,fly_npc_sm_hyena_reload_fast02_05
10cf17bfc52b9102,fly_npc_sm_hyena_reload_empty_ext02_04
162a50bfcb227ab6,fly_npc_sm_hyena_reload_ext02_11
9c3a8f4815a6944d,fly_npc_sm_hyena_reload_05
10cf1cbfc52b9981,fly_npc_sm_hyena_reload_empty_ext02_09
10d218bfc52dc88c,fly_npc_sm_hyena_reload_empty_ext02_11
2f9da204b4f674f1,fly_npc_sm_hyena_reload_empty_07
2f9da504b4f67a0a,fly_npc_sm_hyena_reload_empty_02
1626d2bfcb1f6ec5,fly_npc_sm_hyena_reload_ext02_07
e1f912a7b7da0cd0,fly_npc_sm_hyena_reload_empty_ext01_03
a9ea2e2ea090a764,fly_npc_sm_hyena_reload_fast02_01
e1f914a7b7da1036,fly_npc_sm_hyena_reload_empty_ext01_01
ae8973b48af369f0,fly_npc_sm_hyena_drop_02
4fef86f2e300e7f1,fly_npc_sm_hyena_reload_empty_fast01_01
2f9da604b4f67bbd,fly_npc_sm_hyena_reload_empty_03
45fca25da2505056,fly_npc_sm_hyena_raise_quick_01
4fef89f2e300ed0a,fly_npc_sm_hyena_reload_empty_fast01_04
2f9d9b04b4f6690c,fly_npc_sm_hyena_reload_empty_08
a9ea2d2ea090a5b1,fly_npc_sm_hyena_reload_fast02_06
a9ea312ea090ac7d,fly_npc_sm_hyena_reload_fast02_02
e1f919a7b7da18b5,fly_npc_sm_hyena_reload_empty_ext01_04
eba8d7cb148826f5,fly_npc_sm_hyena_reload_ext01_02
2f9d9f04b4f66fd8,fly_npc_sm_hyena_reload_empty_04
4fef83f2e300e2d8,fly_npc_sm_hyena_reload_empty_fast01_02
e1f913a7b7da0e83,fly_npc_sm_hyena_reload_empty_ext01_02
a9ea2c2ea090a3fe,fly_npc_sm_hyena_reload_fast02_07
21bfd9beb93f1505,fly_npc_sm_hyena_drop_quick_01
2f9da004b4f6718b,fly_npc_sm_hyena_reload_empty_05
2f9d9c04b4f66abf,fly_npc_sm_hyena_reload_empty_09
eba8d6cb14882542,fly_npc_sm_hyena_reload_ext01_03
a18804fa6328a078,wpn_sm_hyena_fire_npc_lfe
7576e2d1117348df,wpn_sm_hyena_fire_plr_atmo_int
4fef8af2e300eebd,fly_npc_sm_hyena_reload_empty_fast01_05
4fef84f2e300e48b,fly_npc_sm_hyena_reload_empty_fast01_03
291688d760f5f65,wpn_sm_hyena_fire_plr_atmo
e3af904606c3a10a,wpn_sm_hyena_fire_npc
a9ea272ea0909b7f,fly_npc_sm_hyena_reload_fast02_08
4fef87f2e300e9a4,fly_npc_sm_hyena_reload_empty_fast01_06
4c8317ee388c643,wpn_sm_hyena_fire_plr_interrupt
377bea6a4f2e9e92,wpn_sm_hyena_fire_npc_mech
a713fcd0030d89ae,wpn_sm_hyena_fire_npc_atmo
4fef7df2e300d8a6,fly_npc_sm_hyena_reload_empty_fast01_08
fd5b7f849516503a,wpn_sm_hyena_dryfire_plr
4b7845dc0faf154b,fly_npc_sm_hyena_reload_empty_fast02_02
a9ea262ea09099cc,fly_npc_sm_hyena_reload_fast02_09
11b5bc4de890ee54,wpn_sm_hyena_fire_plr_last_mech
4b7849dc0faf1c17,fly_npc_sm_hyena_reload_empty_fast02_06
4fef88f2e300eb57,fly_npc_sm_hyena_reload_empty_fast01_07
ec3ee7fd0a531f43,wpn_sm_hyena_fire1_plr_fcg
4b7844dc0faf1398,fly_npc_sm_hyena_reload_empty_fast02_03
d262d6f23e6f41f5,wpn_sm_hyena_fire_plr_mech
4fef7ef2e300da59,fly_npc_sm_hyena_reload_empty_fast01_09
184209b032d06612,fly_npc_sm_hyena_raise_01
43b4d81c9a61fc08,wpn_sm_hyena_fire1_plr_interrupt
305ade9699af128b,wpn_sm_hyena_fire2_plr_casing_eject
4ff30bf2e303ffc7,fly_npc_sm_hyena_reload_empty_fast01_10
4b784bdc0faf1f7d,fly_npc_sm_hyena_reload_empty_fast02_04
831c40fd99d8f289,wpn_sm_hyena_fire_plr_lfe
6d174d87be4423c3,wpn_sm_hyena_fire_plr_last_fcg
eba8d4cb148821dc,fly_npc_sm_hyena_reload_ext01_01
9ac453b57fea82c2,wpn_sm_hyena_fire2_plr_fcg
184208b032d0645f,fly_npc_sm_hyena_raise_02
ab7b1dbe4a8db154,fly_npc_sm_hyena_inspect_empty_01
6d9ff7fea459df38,wpn_sm_hyena_fire1_plr_atmo
8176c0db2d4cfe72,fly_npc_sm_hyena_selectsemi_off_01
4b784adc0faf1dca,fly_npc_sm_hyena_reload_empty_fast02_05
74d46b35e91a9cc3,wpn_sm_hyena_fire1_plr_last_mech
4b7846dc0faf16fe,fly_npc_sm_hyena_reload_empty_fast02_01
9ab24bceebc8a79e,wpn_sm_hyena_fire1_plr_atmo_int
8d02f745d5a7cb0f,wpn_sm_hyena_fire_plr
ab7b20be4a8db66d,fly_npc_sm_hyena_inspect_empty_02
7708b59cf193b968,fly_npc_sm_hyena_selectsemi_on_01
184207b032d062ac,fly_npc_sm_hyena_raise_03
30fcb19e260648d4,wpn_sm_hyena_fire1_plr_mech
bb4dd4ec79d0be00,wpn_sm_hyena_fire_plr_last
c6a3697df0804734,wpn_sm_hyena_fire1_plr_casing_eject
ab7b1fbe4a8db4ba,fly_npc_sm_hyena_inspect_empty_03
95a33ffcd945a2fe,wpn_sm_hyena_fire1_plr_lfe
c2c39f72aa988d19,wpn_sm_hyena_fire_plr_first_fcg
ab7b1abe4a8dac3b,fly_npc_sm_hyena_inspect_empty_04
b9eb94529d109d,wpn_sm_hyena_fire1_plr_shot
ab7b19be4a8daa88,fly_npc_sm_hyena_inspect_empty_05
13d4f59f34471117,wpn_sm_hyena_fire2_plr_atmo
9d8db154d1419319,wpn_sm_hyena_fire2_plr_atmo_int
ab7b1cbe4a8dafa1,fly_npc_sm_hyena_inspect_empty_06
5a57dacda084b6aa,fly_npc_sm_komodo_inspect_empty_07
5a57cdcda084a093,fly_npc_sm_komodo_inspect_empty_08
5a544fcda08194a2,fly_npc_sm_komodo_inspect_empty_10
8f07c63fa260a4e5,wpn_sm_komodo_fire_plr_casing_eject
5a5450cda0819655,fly_npc_sm_komodo_inspect_empty_11
5a57cccda0849ee0,fly_npc_sm_komodo_inspect_empty_09
5a544ecda08192ef,fly_npc_sm_komodo_inspect_empty_13
5a544dcda081913c,fly_npc_sm_komodo_inspect_empty_12
5a544bcda0818dd6,fly_npc_sm_komodo_inspect_empty_14
a7c8267579c1194b,wpn_sm_komodo_fire_npc_dist
49fcd9a307630891,wpn_sm_komodo_fire_npc_med_atmo
5a544ccda0818f89,fly_npc_sm_komodo_inspect_empty_15
4ff03bbecf1c649,fly_npc_sm_komodo_drop_quick_01
5a5449cda0818a70,fly_npc_sm_komodo_inspect_empty_16
ae193af763c40b0d,fly_npc_sm_komodo_drop_01
e37954da542d73bb,wpn_sm_komodo_fire_plr_atmo_int
4aa28a5149909bfc,wpn_sm_komodo_fire_plr_last
fdf0a4a44f6770b4,wpn_sm_komodo_fire_npc_lfe
5a57d4cda084ac78,fly_npc_sm_komodo_inspect_empty_01
5a57d6cda084afde,fly_npc_sm_komodo_inspect_empty_03
d703c42d2b6e8dde,wpn_sm_komodo_fire_npc_mech
5a57d9cda084b4f7,fly_npc_sm_komodo_inspect_empty_04
5a57d8cda084b344,fly_npc_sm_komodo_inspect_empty_05
5a57d7cda084b191,fly_npc_sm_komodo_inspect_empty_02
b57fa6bd44252a09,wpn_sm_komodo_fire_plr_atmo
5a57dbcda084b85d,fly_npc_sm_komodo_inspect_empty_06
40e410ffe3b58b86,fly_npc_sm_komodo_raise_01
e0a171093f2013ef,wpn_sm_komodo_fire_plr_interrupt
79a0a602475f3fe6,fly_npc_sm_komodo_selectsemi_off_01
c9e67cf607a1afe0,wpn_sm_komodo_fire_plr_last_mech
7e8d57c0c297606c,fly_npc_sm_komodo_selectsemi_on_01
d2a80c58708359e1,wpn_sm_komodo_fire_plr_mech
410b494e1a2fa635,wpn_sm_komodo_fire_plr_first_fcg
65016b21c0df89b6,wpn_sm_komodo_fire_npc
509d291aab7b36f5,wpn_sm_komodo_fire_plr_lfe
8a7aadef2032ab7a,fly_npc_sm_komodo_raise_quick_01
28a19e4b94c2c912,wpn_sm_komodo_fire_npc_atmo
c95a8a2168c90a3b,wpn_sm_komodo_fire_plr
394e85601ec343b7,wpn_sm_komodo_fire_plr_last_fcg
42654478d48974c4,fly_npc_sm_orca_reload_empty_ext02_13
d18e1efe0c1f0a21,fly_npc_sm_orca_reload_ext01_04
98c76e806fefef7c,fly_npc_sm_orca_reload_empty_ext01_05
42654378d4897311,fly_npc_sm_orca_reload_empty_ext02_14
d18e1cfe0c1f06bb,fly_npc_sm_orca_reload_ext01_06
d18e1dfe0c1f086e,fly_npc_sm_orca_reload_ext01_05
98c771806feff495,fly_npc_sm_orca_reload_empty_ext01_06
98c773806feff7fb,fly_npc_sm_orca_reload_empty_ext01_08
e9be1cd7b6107e6c,fly_npc_sm_orca_transition_reload_empty_ext02_02_01
d18e1bfe0c1f0508,fly_npc_sm_orca_reload_ext01_07
b917a6be02b2a8b,wpn_sm_orca_fire_plr_casing_eject
98c770806feff2e2,fly_npc_sm_orca_reload_empty_ext01_07
d18e1afe0c1f0355,fly_npc_sm_orca_reload_ext01_08
d18a9cfe0c1bf764,fly_npc_sm_orca_reload_ext01_10
98c772806feff648,fly_npc_sm_orca_reload_empty_ext01_09
d18a9dfe0c1bf917,fly_npc_sm_orca_reload_ext01_11
4261c278d4866207,fly_npc_sm_orca_reload_empty_ext02_01
b0a3006642ee447c,fly_npc_sm_orca_transition_reload_empty_fast01_02_01
4261c378d48663ba,fly_npc_sm_orca_reload_empty_ext02_02
849bf95fe18433e6,fly_npc_sm_orca_transition_reload_empty_fast01_01_02
5034a01eb5a15865,wpn_sm_orca_fire_npc_dist
d18e19fe0c1f01a2,fly_npc_sm_orca_reload_ext01_09
e1620100b7689263,fly_npc_sm_orca_drop_01
849bf85fe1843233,fly_npc_sm_orca_transition_reload_empty_fast01_01_01
4261bf78d4865cee,fly_npc_sm_orca_reload_empty_ext02_06
addadc69770e7e27,wpn_sm_orca_fire_npc_med_atmo
be0e472945af9897,fly_npc_sm_orca_inspect_ext02_02
be0e452945af9531,fly_npc_sm_orca_inspect_ext02_04
865c40109a37090a,fly_npc_sm_orca_transition_reload_empty_fast02_01_01
4261c478d486656d,fly_npc_sm_orca_reload_empty_ext02_03
e1620200b7689416,fly_npc_sm_orca_drop_02
98c405806fed073a,fly_npc_sm_orca_reload_empty_ext01_10
4261c078d4865ea1,fly_npc_sm_orca_reload_empty_ext02_07
865c3f109a370757,fly_npc_sm_orca_transition_reload_empty_fast02_01_02
be0e462945af96e4,fly_npc_sm_orca_inspect_ext02_03
be0e442945af937e,fly_npc_sm_orca_inspect_ext02_05
42654578d4897677,fly_npc_sm_orca_reload_empty_ext02_12
4261b978d48652bc,fly_npc_sm_orca_reload_empty_ext02_08
4261bd78d4865988,fly_npc_sm_orca_reload_empty_ext02_04
8ad380276d88d9fd,fly_npc_sm_orca_transition_reload_empty_fast02_02_01
98c76d806fefedc9,fly_npc_sm_orca_reload_empty_ext01_02
be0e432945af91cb,fly_npc_sm_orca_inspect_ext02_06
ba7404e36f4c61b8,fly_npc_sm_orca_reload_empty_fast01_04
5f6f7f80532f76eb,fly_npc_sm_orca_drop_quick_01
be0e482945af9a4a,fly_npc_sm_orca_inspect_ext02_01
be0e412945af8e65,fly_npc_sm_orca_inspect_ext02_08
be0b452945ad5f5a,fly_npc_sm_orca_inspect_ext02_12
ba7409e36f4c6a37,fly_npc_sm_orca_reload_empty_fast01_01
98c76f806feff12f,fly_npc_sm_orca_reload_empty_ext01_04
ba7405e36f4c636b,fly_npc_sm_orca_reload_empty_fast01_05
98c76a806fefe8b0,fly_npc_sm_orca_reload_empty_ext01_01
98c76c806fefec16,fly_npc_sm_orca_reload_empty_ext01_03
be0b462945ad610d,fly_npc_sm_orca_inspect_ext02_13
be0e422945af9018,fly_npc_sm_orca_inspect_ext02_07
4261be78d4865b3b,fly_npc_sm_orca_reload_empty_ext02_05
4261ba78d486546f,fly_npc_sm_orca_reload_empty_ext02_09
ba740ae36f4c6bea,fly_npc_sm_orca_reload_empty_fast01_02
be0e402945af8cb2,fly_npc_sm_orca_inspect_ext02_09
ba7406e36f4c651e,fly_npc_sm_orca_reload_empty_fast01_06
42654778d48979dd,fly_npc_sm_orca_reload_empty_ext02_10
be0b3f2945ad5528,fly_npc_sm_orca_inspect_ext02_14
158e8bf4f736a034,wpn_sm_orca_fire_npc_atmo
ba740be36f4c6d9d,fly_npc_sm_orca_reload_empty_fast01_03
42654678d489782a,fly_npc_sm_orca_reload_empty_ext02_11
be0b432945ad5bf4,fly_npc_sm_orca_inspect_ext02_10
ba7407e36f4c66d1,fly_npc_sm_orca_reload_empty_fast01_07
84ab9b435278f4c2,wpn_sm_orca_fire_npc_lfe
bfb813fea2682b19,wpn_sm_orca_fire_plr_atmo_int
bffcca0f47e121f2,wpn_sm_orca_fire_plr_last
dbd1e5a67f8e718,wpn_sm_orca_fire_npc_mech
be0b442945ad5da7,fly_npc_sm_orca_inspect_ext02_11
ba7400e36f4c5aec,fly_npc_sm_orca_reload_empty_fast01_08
14c2a27aa4b02917,wpn_sm_orca_fire_plr_atmo
c00fba4d68a2b9fa,fly_npc_sm_orca_transition_reload_empty_ext01_01_01
9aec4fb638ce27f1,wpn_sm_orca_fire_plr_interrupt
ba7401e36f4c5c9f,fly_npc_sm_orca_reload_empty_fast01_09
871b538d91016a18,fly_npc_sm_orca_raise_01
d18e21fe0c1f0f3a,fly_npc_sm_orca_reload_ext01_01
27e7ef21d15651a,wpn_sm_orca_fire_plr_last_mech
ba778ee36f4f820d,fly_npc_sm_orca_reload_empty_fast01_10
871b568d91016f31,fly_npc_sm_orca_raise_02
d18e20fe0c1f0d87,fly_npc_sm_orca_reload_ext01_02
c00fb94d68a2b847,fly_npc_sm_orca_transition_reload_empty_ext01_01_02
d18e1ffe0c1f0bd4,fly_npc_sm_orca_reload_ext01_03
2fa7e6b846f71b78,fly_npc_sm_orca_selectsemi_off_01
19447a66aff3e06d,fly_npc_sm_orca_transition_reload_empty_ext01_02_01
871b558d91016d7e,fly_npc_sm_orca_raise_03
c8d1ec1a1e4517b7,wpn_sm_orca_fire_plr_mech
107e9f1de9f4b776,fly_npc_sm_orca_selectsemi_on_01
19447766aff3db54,fly_npc_sm_orca_transition_reload_empty_ext01_02_02
993dd13cc3e599d0,fly_npc_sm_orca_raise_quick_01
7a128c4da4bcca54,wpn_sm_orca_fire_npc
64b525f69e665b4f,wpn_sm_orca_fire_plr_lfe
d1b4797dc2f6bf31,fly_npc_sm_orca_transition_reload_empty_01_01
e88c6c0f0d95df77,wpn_sm_orca_fire_plr_first_fcg
ff432f4d5ebd3895,wpn_sm_orca_fire_plr
d1b4767dc2f6ba18,fly_npc_sm_orca_transition_reload_empty_01_02
23c2396207a6433e,fly_npc_sm_orca_transition_reload_empty_02_01
bca56ac32c837d05,wpn_sm_orca_fire_plr_last_fcg
23c2386207a6418b,fly_npc_sm_orca_transition_reload_empty_02_02
98a8b20b59aafb34,wpn_sm_otter_fire_plr_casing_eject
fecd665d45ca9296,wpn_sm_otter_fire_npc_dist
d66d7386adbe8e54,wpn_sm_otter_fire_npc_med_atmo
653bf40e89fe5844,fly_npc_sm_otter_drop_01
7a93aeaa3b431a4c,fly_npc_sm_otter_drop_quick_01
6f8381b340721b9e,wpn_sm_otter_fire_plr_atmo_int
c75ba36885cdf991,wpn_sm_otter_fire_plr_last
c78df4d6c72088a9,fly_npc_sm_otter_raise_01
fc5a0e46fcf5fcc3,wpn_sm_otter_fire_npc_lfe
c43ecfc206f61338,wpn_sm_otter_fire_plr_atmo
7b5add002b21c59,wpn_sm_otter_fire_npc
c78df1d6c7208390,fly_npc_sm_otter_raise_02
d365a0a5975e87eb,wpn_sm_otter_fire_npc_mech
a8c17e45b354c763,wpn_sm_otter_fire_npc_atmo
8ca76b1876521808,wpn_sm_otter_fire_plr_interrupt
bdc6fe31c50ab8c3,wpn_sm_otter_fire_plr_last_mech
879b896188a27cd4,wpn_sm_otter_fire_plr_mech
9b1baa7ca9ace7e5,fly_npc_sm_otter_raise_quick_01
5908d8e81c969efe,wpn_sm_otter_fire_plr_lfe
7faeb3d1bff0204e,wpn_sm_otter_fire_plr_first_fcg
f5b16acff84afd80,wpn_sm_otter_fire_plr
f2235178dab1ba06,wpn_sm_otter_fire_plr_last_fcg
f74dff8b294b18bc,fly_npc_sm_puma_inspect_empty_07
f74e058b294b22ee,fly_npc_sm_puma_inspect_empty_09
f74e068b294b24a1,fly_npc_sm_puma_inspect_empty_08
f74a788b2947fd80,fly_npc_sm_puma_inspect_empty_10
b22ede29985797,fly_npc_sm_puma_drop_01
b22fde2998594a,fly_npc_sm_puma_drop_02
8803fc0d18d05f9f,fly_npc_sm_puma_drop_quick_01
bd820b5ae5d49064,fly_npc_sm_puma_raise_quick_01
eea415ccf47b126c,fly_npc_sm_puma_raise_01
eea418ccf47b1785,fly_npc_sm_puma_raise_02
f74dfc8b294b13a3,fly_npc_sm_puma_inspect_empty_02
f74dfb8b294b11f0,fly_npc_sm_puma_inspect_empty_03
f74e028b294b1dd5,fly_npc_sm_puma_inspect_empty_04
f74e018b294b1c22,fly_npc_sm_puma_inspect_empty_05
f74e008b294b1a6f,fly_npc_sm_puma_inspect_empty_06
f74dfd8b294b1556,fly_npc_sm_puma_inspect_empty_01
eddd9f6c99a89b16,wpn_sm_zebra_fire_plr_casing_eject
47b085aed3a5e504,wpn_sm_zebra_fire_npc_dist
50cfff8adff8a706,fly_npc_sm_zebra_drop_01
438d7d6db92bb6fe,wpn_sm_zebra_fire_npc_med_atmo
bf3c8bd364a1c9b7,fly_npc_sm_zebra_raise_quick_01
65bd449f95e8cafa,fly_npc_sm_zebra_drop_quick_01
759996d913f4f77f,fly_npc_sm_zebra_raise_01
81f799d891c008b1,wpn_sm_zebra_fire_npc_atmo
532f31a8dfbf5a90,wpn_sm_zebra_fire_plr_atmo_int
e0ef72c1535a3fe,wpn_sm_zebra_fire_plr
9d651783363a2ffd,wpn_sm_zebra_fire_npc_lfe
a351ffc33be0b09,wpn_sm_zebra_fire_npc_mech
40eaee2c31b40223,wpn_sm_zebra_fire_npc
9d25453541cb5c33,wpn_sm_zebra_fire_plr_last
3df34c9be6922fa,wpn_sm_zebra_fire_plr_atmo
b87d9428d9ab2964,wpn_sm_zebra_fire_plr_first_fcg
f5a129867bec1c2e,wpn_sm_zebra_fire_plr_interrupt
6bdcf2bff833e65,fly_npc_sm_zebra_selectsemi_off_01
883e7ab921ca3759,wpn_sm_zebra_fire_plr_last_mech
85a45b2f7cd1e226,wpn_sm_zebra_fire_plr_mech
b4535a355e7bd199,fly_npc_sm_zebra_selectsemi_on_01
1422cca86f5ed71c,wpn_sm_zebra_fire_plr_lfe
ce7a1003d4ad0f68,wpn_sm_zebra_fire_plr_last_fcg
66b9426bdce26c5f,wpn_sl_crossbow_fire_npc_med_atmo
1b5b9b654ce1749f,fly_npc_sl_crossbow_drop_01
4e668bd25f249b1a,wpn_sl_crossbow_fire_npc_lfe
f2c015ccc0e43f81,wpn_sl_crossbow_fire_plr_atmo_int
55f8696bb4333430,wpn_sl_crossbow_fire_npc_mech
d195d8021b2c3524,fly_npc_sl_crossbow_raise_01
ed1d85bca915822f,wpn_sl_crossbow_fire_plr_atmo
416c9e280f8e392e,wpn_sl_crossbow_fire_plr_shot
71de33463c6d8482,wpn_sl_crossbow_fire_plr_last_mech
5e85cfdfacace22f,wpn_sl_crossbow_fire_plr_mech
f8c0abb10a6c7bc7,wpn_sl_crossbow_fire_plr_lfe
5fe235969afc8e0c,wpn_sl_crossbow_fire_npc
dda0b78f55b2b36c,wpn_sl_crossbow_fire_npc_atmo
59179dd4d92dad3a,wpn_sl_crossbow_fire_plr_last
a240f3b0d9775f0a,wpn_sl_crossbow_fire_plr_fcg
92af3deb1cb9d8fd,wpn_sl_crossbow_fire_plr_last_fcg
39705046b0509f06,wpn_sn_baltic_fire_npc_dist
c9b6a52dcd0abdc4,wpn_sn_baltic_fire_npc_med_atmo
10a3fe361bae0afd,fly_npc_sn_baltic_raise_quick_01
5903f5b7d4edb47c,fly_npc_sn_baltic_drop_01
5903f8b7d4edb995,fly_npc_sn_baltic_drop_02
11ad5dd8f605cfd4,fly_npc_sn_baltic_drop_quick_01
d48165cdb66627d3,wpn_sn_baltic_fire_npc_lfe
5f41ac3c5f49ac8e,wpn_sn_baltic_fire_plr_atmo_int
71cdd3c56f191609,wpn_sn_baltic_fire_npc
b715aa93e984f0db,wpn_sn_baltic_fire_npc_mech
72d7dc4d34a5dff1,fly_npc_sn_baltic_raise_01
cdc8282e807e62f3,wpn_sn_baltic_fire_npc_atmo
2673c759389ee442,wpn_sn_baltic_fire_plr_last_shot
7786a614e7fd6ae8,wpn_sn_baltic_fire_plr_atmo
72d7d94d34a5dad8,fly_npc_sn_baltic_raise_02
76ea58a2e1f8b9ad,wpn_sn_baltic_fire_plr_shot
85b5eb1d01ddb478,wpn_sn_baltic_fire_plr_interrupt
72d7da4d34a5dc8b,fly_npc_sn_baltic_raise_03
ac5668cb8b12a1d3,wpn_sn_baltic_fire_plr_last_mech
a7713fb01f63c924,wpn_sn_baltic_fire_plr_mech
ad5d5e8313ec7e6e,wpn_sn_baltic_fire_plr_lfe
3f8c68344f98df3,wpn_sn_baltic_fire_plr_fcg
cd1ff1f980850436,wpn_sn_baltic_fire_plr_last_fcg
57a0ff59612c5c37,fly_npc_sn_caspian_inspect_empty_07
57a48259612f70a7,fly_npc_sn_caspian_inspect_empty_10
57a0f459612c4986,fly_npc_sn_caspian_inspect_empty_08
57a48159612f6ef4,fly_npc_sn_caspian_inspect_empty_11
a8f23dd3a3ac2e6e,wpn_sn_caspian_fire_plr_casing_eject
57a0f559612c4b39,fly_npc_sn_caspian_inspect_empty_09
57a48459612f740d,fly_npc_sn_caspian_inspect_empty_12
57a48359612f725a,fly_npc_sn_caspian_inspect_empty_13
57a47e59612f69db,fly_npc_sn_caspian_inspect_empty_14
a11861989881c44c,wpn_sn_caspian_fire_npc_dist
c4bafebec4e05c1a,fly_npc_sn_caspian_drop_01
57a47d59612f6828,fly_npc_sn_caspian_inspect_empty_15
57e7244ed702fa76,wpn_sn_caspian_fire_npc_med_atmo
57a48059612f6d41,fly_npc_sn_caspian_inspect_empty_16
c4cf2a4de682ecf3,fly_npc_sn_caspian_raise_01
a7bd0d77685ec0ce,fly_npc_sn_caspian_drop_quick_01
c4cf2b4de682eea6,fly_npc_sn_caspian_raise_02
4f4c15c206da3329,wpn_sn_caspian_fire_npc_atmo
f9413acb3b863995,wpn_sn_caspian_fire_npc_lfe
afd05332c7b8f2b8,wpn_sn_caspian_fire_plr_atmo_int
dd15caa2c284645b,fly_npc_sn_caspian_raise_quick_01
6c757b5d333a1601,wpn_sn_caspian_fire_npc_mech
cc5807aecf4cdd9b,wpn_sn_caspian_fire_npc
b99a7dda626b5b52,wpn_sn_caspian_fire_plr_atmo
ad10ee678b94352c,wpn_sn_caspian_fire_plr_last_shot
57a0fd59612c58d1,fly_npc_sn_caspian_inspect_empty_01
8e5ad6f8360fba76,wpn_sn_caspian_fire_plr_interrupt
57a0fa59612c53b8,fly_npc_sn_caspian_inspect_empty_02
bf875508e85ce8b,wpn_sn_caspian_fire_plr_shot
57a0fb59612c556b,fly_npc_sn_caspian_inspect_empty_03
4d28b66da7689bc1,wpn_sn_caspian_fire_plr_last_mech
57a10059612c5dea,fly_npc_sn_caspian_inspect_empty_04
57a10159612c5f9d,fly_npc_sn_caspian_inspect_empty_05
be81a3b71118751e,wpn_sn_caspian_fire_plr_mech
b4eebbaa860341f4,wpn_sn_caspian_fire_plr_lfe
57a0fe59612c5a84,fly_npc_sn_caspian_inspect_empty_06
e80ab3aaa2b785c1,wpn_sn_caspian_fire_plr_fcg
7a108db5170a86c0,wpn_sn_caspian_fire_plr_last_fcg
a6f1351445248be2,fly_npc_sn_drake_drop_01
c483027dde94dd82,wpn_sn_drake_fire_npc_med_atmo
b2fb5e7311df38e0,wpn_sn_drake_fire_npc_dist
a6f1341445248a2f,fly_npc_sn_drake_drop_02
4509288e903546b,fly_npc_sn_drake_raise_01
adc65f06d0b7a746,fly_npc_sn_drake_drop_quick_01
4509388e903561e,fly_npc_sn_drake_raise_02
19a8bf781918950f,wpn_sn_drake_fire_npc
ba7b4eeb265f7c23,fly_npc_sn_drake_raise_quick_01
bda2aa5a94517d65,wpn_sn_drake_fire_npc_atmo
aa92939345c6b10e,wpn_sn_drake_fire_plr_atmo
6855b93273135c89,wpn_sn_drake_fire_npc_lfe
2f6d2c17a9664258,wpn_sn_drake_fire_plr_lfe
e0c94fafd84d9bda,wpn_sn_drake_fire_plr_interrupt
8d7418bf5cb15ff5,wpn_sn_drake_fire_npc_mech
ae94c3054eae584f,wpn_sn_drake_fire_plr_shot
55df8ffa6ca16f5,wpn_sn_drake_fire_plr_last_mech
3794812d8f049cf2,wpn_sn_drake_fire_plr_mech
64fa4417c82d7a0d,wpn_sn_drake_fire_plr_fcg
80bc350f29dedcbc,wpn_sn_drake_fire_plr_last_fcg
27f1f294c2bb950,wpn_sn_drake_fire_plr_last_shot
bfd462e51b11f84c,wpn_sn_drake_fire_plr_atmo_int
90b2bfd458ff4f87,wpn_ww_ruby_fire_npc_lfe
c61de03b766288b4,wpn_ww_ruby_fire_plr_atmo
4714f95b3ab129b2,wpn_ww_ruby_fire_plr_atmo_int
820860ad7e2567d4,wpn_ww_ruby_fire_plr
1dd75cc7e5e42a42,wpn_ww_ruby_fire_plr_lfe
4f117bad6190608d,wpn_ww_ruby_fire_npc
6cefdb644957fef,wpn_ww_ruby_fire_npc_atmo
bd489f91942f9a1e,fly_npc_ar_coslo723_inspect_ext01_04
2f31f58c83882529,fly_npc_ar_coslo723_inspect_fast02_03
8b334e6955d0dfad,fly_npc_ar_coslo723_inspect_empty_ext03_12
4f7963d54f25c0f2,fly_npc_ar_coslo723_reload_empty_fast02_07
4f7966d54f25c60b,fly_npc_ar_coslo723_reload_empty_fast02_08
bd48a091942f9bd1,fly_npc_ar_coslo723_inspect_ext01_05
2f31f68c838826dc,fly_npc_ar_coslo723_inspect_fast02_04
8b334d6955d0ddfa,fly_npc_ar_coslo723_inspect_empty_ext03_13
bd489d91942f96b8,fly_npc_ar_coslo723_inspect_ext01_06
2f31f78c8388288f,fly_npc_ar_coslo723_inspect_fast02_05
4f7965d54f25c458,fly_npc_ar_coslo723_reload_empty_fast02_09
546b846861bf4e1e,fly_npc_ar_coslo723_inspect_empty_fast01_01
bd489e91942f986b,fly_npc_ar_coslo723_inspect_ext01_07
2f31f88c83882a42,fly_npc_ar_coslo723_inspect_fast02_06
4f75f8d54f22d54a,fly_npc_ar_coslo723_reload_empty_fast02_10
546b836861bf4c6b,fly_npc_ar_coslo723_inspect_empty_fast01_02
2f31f98c83882bf5,fly_npc_ar_coslo723_inspect_fast02_07
bd489b91942f9352,fly_npc_ar_coslo723_inspect_ext01_08
546b826861bf4ab8,fly_npc_ar_coslo723_inspect_empty_fast01_03
2f31fa8c83882da8,fly_npc_ar_coslo723_inspect_fast02_08
bd489c91942f9505,fly_npc_ar_coslo723_inspect_ext01_09
546b896861bf569d,fly_npc_ar_coslo723_inspect_empty_fast01_04
2f31fb8c83882f5b,fly_npc_ar_coslo723_inspect_fast02_09
bd4c099194328413,fly_npc_ar_coslo723_inspect_ext01_10
32ec30074aaa6835,wpn_ar_coslo723_fire_npc_dist
546b886861bf54ea,fly_npc_ar_coslo723_inspect_empty_fast01_05
2f34f88c838a6019,fly_npc_ar_coslo723_inspect_fast02_10
bd4c089194328260,fly_npc_ar_coslo723_inspect_ext01_11
546b876861bf5337,fly_npc_ar_coslo723_inspect_empty_fast01_06
2f34f78c838a5e66,fly_npc_ar_coslo723_inspect_fast02_11
bd4c0b9194328779,fly_npc_ar_coslo723_inspect_ext01_12
2f34f68c838a5cb3,fly_npc_ar_coslo723_inspect_fast02_12
bd4c0a91943285c6,fly_npc_ar_coslo723_inspect_ext01_13
546b866861bf5184,fly_npc_ar_coslo723_inspect_empty_fast01_07
89a73357aafbc793,fly_npc_ar_coslo723_inspect_empty_ext01_01
6413e4784cde7c2a,fly_npc_ar_coslo723_inspect_ext02_01
2f34f58c838a5b00,fly_npc_ar_coslo723_inspect_fast02_13
546b7d6861bf4239,fly_npc_ar_coslo723_inspect_empty_fast01_08
89a73457aafbc946,fly_npc_ar_coslo723_inspect_empty_ext01_02
6413e3784cde7a77,fly_npc_ar_coslo723_inspect_ext02_02
2f34fc8c838a66e5,fly_npc_ar_coslo723_inspect_fast02_14
b7be4f09f964f937,wpn_ar_coslo723_fire_npc_med_atmo
546b7c6861bf4086,fly_npc_ar_coslo723_inspect_empty_fast01_09
89a73557aafbcaf9,fly_npc_ar_coslo723_inspect_empty_ext01_03
6413e2784cde78c4,fly_npc_ar_coslo723_inspect_ext02_03
3978786227a376e,fly_npc_ar_coslo723_inspect_fast03_01
5467ff6861bc3648,fly_npc_ar_coslo723_inspect_empty_fast01_10
6413e1784cde7711,fly_npc_ar_coslo723_inspect_ext02_04
89a73657aafbccac,fly_npc_ar_coslo723_inspect_empty_ext01_04
f2203ade92bb184a,fly_npc_ar_coslo723_reload_fast02_01
3978686227a35bb,fly_npc_ar_coslo723_inspect_fast03_02
5468006861bc37fb,fly_npc_ar_coslo723_inspect_empty_fast01_11
6413e0784cde755e,fly_npc_ar_coslo723_inspect_ext02_05
f22039de92bb1697,fly_npc_ar_coslo723_reload_fast02_02
89a73757aafbce5f,fly_npc_ar_coslo723_inspect_empty_ext01_05
3978586227a3408,fly_npc_ar_coslo723_inspect_fast03_03
5468016861bc39ae,fly_npc_ar_coslo723_inspect_empty_fast01_12
6413df784cde73ab,fly_npc_ar_coslo723_inspect_ext02_06
f22038de92bb14e4,fly_npc_ar_coslo723_reload_fast02_03
89a73857aafbd012,fly_npc_ar_coslo723_inspect_empty_ext01_06
3978c86227a3fed,fly_npc_ar_coslo723_inspect_fast03_04
5468026861bc3b61,fly_npc_ar_coslo723_inspect_empty_fast01_13
6413de784cde71f8,fly_npc_ar_coslo723_inspect_ext02_07
f22037de92bb1331,fly_npc_ar_coslo723_reload_fast02_04
3978b86227a3e3a,fly_npc_ar_coslo723_inspect_fast03_05
89a73957aafbd1c5,fly_npc_ar_coslo723_inspect_empty_ext01_07
6413dd784cde7045,fly_npc_ar_coslo723_inspect_ext02_08
5468036861bc3d14,fly_npc_ar_coslo723_inspect_empty_fast01_14
f22036de92bb117e,fly_npc_ar_coslo723_reload_fast02_05
3978a86227a3c87,fly_npc_ar_coslo723_inspect_fast03_06
6413dc784cde6e92,fly_npc_ar_coslo723_inspect_ext02_09
89a73a57aafbd378,fly_npc_ar_coslo723_inspect_empty_ext01_08
f22035de92bb0fcb,fly_npc_ar_coslo723_reload_fast02_06
5468046861bc3ec7,fly_npc_ar_coslo723_inspect_empty_fast01_15
3978986227a3ad4,fly_npc_ar_coslo723_inspect_fast03_07
64105f784cdb6454,fly_npc_ar_coslo723_inspect_ext02_10
89a73b57aafbd52b,fly_npc_ar_coslo723_inspect_empty_ext01_09
f22034de92bb0e18,fly_npc_ar_coslo723_reload_fast02_07
5468056861bc407a,fly_npc_ar_coslo723_inspect_empty_fast01_16
641060784cdb6607,fly_npc_ar_coslo723_inspect_ext02_11
3978086227a2b89,fly_npc_ar_coslo723_inspect_fast03_08
89aab857aafedf69,fly_npc_ar_coslo723_inspect_empty_ext01_10
f22033de92bb0c65,fly_npc_ar_coslo723_reload_fast02_08
ada04481a9107491,fly_npc_ar_coslo723_inspect_empty_fast02_01
641061784cdb67ba,fly_npc_ar_coslo723_inspect_ext02_12
3977f86227a29d6,fly_npc_ar_coslo723_inspect_fast03_09
89aab757aafeddb6,fly_npc_ar_coslo723_inspect_empty_ext01_11
f22032de92bb0ab2,fly_npc_ar_coslo723_reload_fast02_09
641062784cdb696d,fly_npc_ar_coslo723_inspect_ext02_13
394028622771f98,fly_npc_ar_coslo723_inspect_fast03_10
ada04181a9106f78,fly_npc_ar_coslo723_inspect_empty_fast02_02
89aab657aafedc03,fly_npc_ar_coslo723_inspect_empty_ext01_12
f21d35de92b8d9f4,fly_npc_ar_coslo723_reload_fast02_10
64105b784cdb5d88,fly_npc_ar_coslo723_inspect_ext02_14
39403862277214b,fly_npc_ar_coslo723_inspect_fast03_11
ada04281a910712b,fly_npc_ar_coslo723_inspect_empty_fast02_03
89aab557aafeda50,fly_npc_ar_coslo723_inspect_empty_ext01_13
ba79907fe848099f,fly_npc_ar_coslo723_inspect_ext03_01
3940486227722fe,fly_npc_ar_coslo723_inspect_fast03_12
ada04781a91079aa,fly_npc_ar_coslo723_inspect_empty_fast02_04
89aabc57aafee635,fly_npc_ar_coslo723_inspect_empty_ext01_14
ba79917fe8480b52,fly_npc_ar_coslo723_inspect_ext03_02
3940586227724b1,fly_npc_ar_coslo723_inspect_fast03_13
ada04881a9107b5d,fly_npc_ar_coslo723_inspect_empty_fast02_05
89aabb57aafee482,fly_npc_ar_coslo723_inspect_empty_ext01_15
ba79927fe8480d05,fly_npc_ar_coslo723_inspect_ext03_03
394068622772664,fly_npc_ar_coslo723_inspect_fast03_14
ada04581a9107644,fly_npc_ar_coslo723_inspect_empty_fast02_06
89aaba57aafee2cf,fly_npc_ar_coslo723_inspect_empty_ext01_16
ba798b7fe8480120,fly_npc_ar_coslo723_inspect_ext03_04
5f293b62f46484dc,fly_npc_ar_coslo723_inspect_empty_ext02_01
ada04681a91077f7,fly_npc_ar_coslo723_inspect_empty_fast02_07
ba798c7fe84802d3,fly_npc_ar_coslo723_inspect_ext03_05
b477f6ac29148624,wpn_ar_coslo723_fire_npc
5f293e62f46489f5,fly_npc_ar_coslo723_inspect_empty_ext02_02
ada03b81a9106546,fly_npc_ar_coslo723_inspect_empty_fast02_08
ba798d7fe8480486,fly_npc_ar_coslo723_inspect_ext03_06
e2a8dbdceee18c24,wpn_ar_coslo723_fire_npc_atmo
5f293d62f4648842,fly_npc_ar_coslo723_inspect_empty_ext02_03
ada03c81a91066f9,fly_npc_ar_coslo723_inspect_empty_fast02_09
ba798e7fe8480639,fly_npc_ar_coslo723_inspect_ext03_07
ac7fc6f593043d72,wpn_ar_coslo723_fire_npc_lfe
3397ec1189bbfa9,wpn_ar_coslo723_fire_plr_atmo_int
c4cf8e41c1ece668,wpn_ar_coslo723_fire_npc_mech
5f293862f4647fc3,fly_npc_ar_coslo723_inspect_empty_ext02_04
ba79977fe8481584,fly_npc_ar_coslo723_inspect_ext03_08
ada3c981a9138c67,fly_npc_ar_coslo723_inspect_empty_fast02_10
5f293a62f4648329,fly_npc_ar_coslo723_inspect_empty_ext02_06
8b2fc86955cdc624,fly_npc_ar_coslo723_inspect_empty_ext03_06
ada3c581a913859b,fly_npc_ar_coslo723_inspect_empty_fast02_14
ba79987fe8481737,fly_npc_ar_coslo723_inspect_ext03_09
5f293762f4647e10,fly_npc_ar_coslo723_inspect_empty_ext02_05
ada3c881a9138ab4,fly_npc_ar_coslo723_inspect_empty_fast02_11
5f293962f4648176,fly_npc_ar_coslo723_inspect_empty_ext02_07
d66b3b765e362115,fly_npc_ar_coslo723_inspect_empty_fast03_02
8b2fc96955cdc7d7,fly_npc_ar_coslo723_inspect_empty_ext03_07
ba7d157fe84b2175,fly_npc_ar_coslo723_inspect_ext03_10
ada3c481a91383e8,fly_npc_ar_coslo723_inspect_empty_fast02_15
d66b37765e361a49,fly_npc_ar_coslo723_inspect_empty_fast03_06
d66b36765e361896,fly_npc_ar_coslo723_inspect_empty_fast03_07
ada3cb81a9138fcd,fly_npc_ar_coslo723_inspect_empty_fast02_12
5f294462f4649427,fly_npc_ar_coslo723_inspect_empty_ext02_08
d66b3a765e361f62,fly_npc_ar_coslo723_inspect_empty_fast03_03
6637697ce5f5bb6,fly_npc_ar_coslo723_inspect_fast01_10
8b2fbe6955cdb526,fly_npc_ar_coslo723_inspect_empty_ext03_08
ba7d147fe84b1fc2,fly_npc_ar_coslo723_inspect_ext03_11
ada3c781a9138901,fly_npc_ar_coslo723_inspect_empty_fast02_16
d66b41765e362b47,fly_npc_ar_coslo723_inspect_empty_fast03_08
5f294362f4649274,fly_npc_ar_coslo723_inspect_empty_ext02_09
ada3ca81a9138e1a,fly_npc_ar_coslo723_inspect_empty_fast02_13
6637797ce5f5d69,fly_npc_ar_coslo723_inspect_fast01_11
8b2fbf6955cdb6d9,fly_npc_ar_coslo723_inspect_empty_ext03_09
d66b35765e3616e3,fly_npc_ar_coslo723_inspect_empty_fast03_04
ba7d137fe84b1e0f,fly_npc_ar_coslo723_inspect_ext03_12
d66b38765e361bfc,fly_npc_ar_coslo723_inspect_empty_fast03_01
d66b40765e362994,fly_npc_ar_coslo723_inspect_empty_fast03_09
6637497ce5f5850,fly_npc_ar_coslo723_inspect_fast01_12
5f25b662f4616d06,fly_npc_ar_coslo723_inspect_empty_ext02_10
8b334c6955d0dc47,fly_npc_ar_coslo723_inspect_empty_ext03_10
d66b34765e361530,fly_npc_ar_coslo723_inspect_empty_fast03_05
ba7d127fe84b1c5c,fly_npc_ar_coslo723_inspect_ext03_13
4f7961d54f25bd8c,fly_npc_ar_coslo723_reload_empty_fast02_05
6637597ce5f5a03,fly_npc_ar_coslo723_inspect_fast01_13
8b334b6955d0da94,fly_npc_ar_coslo723_inspect_empty_ext03_11
d667b3765e330426,fly_npc_ar_coslo723_inspect_empty_fast03_10
5f25b762f4616eb9,fly_npc_ar_coslo723_inspect_empty_ext02_11
ba7d117fe84b1aa9,fly_npc_ar_coslo723_inspect_ext03_14
2f31f38c838821c3,fly_npc_ar_coslo723_inspect_fast02_01
4f7964d54f25c2a5,fly_npc_ar_coslo723_reload_empty_fast02_06
d667b4765e3305d9,fly_npc_ar_coslo723_inspect_empty_fast03_11
5f25b462f46169a0,fly_npc_ar_coslo723_inspect_empty_ext02_12
6667b97ce619a0c,fly_npc_ar_coslo723_inspect_fast01_01
2f31f48c83882376,fly_npc_ar_coslo723_inspect_fast02_02
6667e97ce619f25,fly_npc_ar_coslo723_inspect_fast01_02
d667b1765e3300c0,fly_npc_ar_coslo723_inspect_empty_fast03_12
5f25b562f4616b53,fly_npc_ar_coslo723_inspect_empty_ext02_13
6667d97ce619d72,fly_npc_ar_coslo723_inspect_fast01_03
d667b2765e330273,fly_npc_ar_coslo723_inspect_empty_fast03_13
5f25ba62f46173d2,fly_npc_ar_coslo723_inspect_empty_ext02_14
6667897ce6194f3,fly_npc_ar_coslo723_inspect_fast01_04
d667b7765e330af2,fly_npc_ar_coslo723_inspect_empty_fast03_14
5f25bb62f4617585,fly_npc_ar_coslo723_inspect_empty_ext02_15
6667797ce619340,fly_npc_ar_coslo723_inspect_fast01_05
d667b8765e330ca5,fly_npc_ar_coslo723_inspect_empty_fast03_15
5f25b862f461706c,fly_npc_ar_coslo723_inspect_empty_ext02_16
6667a97ce619859,fly_npc_ar_coslo723_inspect_fast01_06
d667b5765e33078c,fly_npc_ar_coslo723_inspect_empty_fast03_16
8b2fc76955cdc471,fly_npc_ar_coslo723_inspect_empty_ext03_01
6667997ce6196a6,fly_npc_ar_coslo723_inspect_fast01_07
bd48a491942fa29d,fly_npc_ar_coslo723_inspect_ext01_01
8b2fc46955cdbf58,fly_npc_ar_coslo723_inspect_empty_ext03_02
6668497ce61a957,fly_npc_ar_coslo723_inspect_fast01_08
bd48a191942f9d84,fly_npc_ar_coslo723_inspect_ext01_02
8b2fc56955cdc10b,fly_npc_ar_coslo723_inspect_empty_ext03_03
6668397ce61a7a4,fly_npc_ar_coslo723_inspect_fast01_09
bd48a291942f9f37,fly_npc_ar_coslo723_inspect_ext01_03
8b2fca6955cdc98a,fly_npc_ar_coslo723_inspect_empty_ext03_04
8b2fcb6955cdcb3d,fly_npc_ar_coslo723_inspect_empty_ext03_05
4f795dd54f25b6c0,fly_npc_ar_coslo723_reload_empty_fast02_01
4f7960d54f25bbd9,fly_npc_ar_coslo723_reload_empty_fast02_02
4f795fd54f25ba26,fly_npc_ar_coslo723_reload_empty_fast02_03
4f7962d54f25bf3f,fly_npc_ar_coslo723_reload_empty_fast02_04
4a3c13ce2ff5cb46,wpn_lm_aroger10_fire_plr_lfe
cdb04c6a761dc987,fly_npc_ar_aking74_inspect_empty_07
cdb0416a761db6d6,fly_npc_ar_aking74_inspect_empty_08
cdb0426a761db889,fly_npc_ar_aking74_inspect_empty_09
cdb3cf6a7620ddf7,fly_npc_ar_aking74_inspect_empty_10
cdb3ce6a7620dc44,fly_npc_ar_aking74_inspect_empty_11
cdb3d16a7620e15d,fly_npc_ar_aking74_inspect_empty_12
600dcd3e30ee91d6,wpn_ar_aking74_fire_plr_casing_eject
489614b8043810c4,wpn_ar_aking74_fire_npc_dist
9b1a1dd23078a96a,fly_npc_ar_aking74_reload_empty_ext02_12
880d06d5cfd33abe,wpn_ar_aking74_fire_npc_med_atmo
d6a1f886cfb5c619,wpn_ar_aking74_fire_plr_last_mech
2256479f0695fee6,wpn_ar_aking74_fire_plr_mech
d51e88c9a8b5dddc,wpn_ar_aking74_fire_plr_lfe
cdb04a6a761dc621,fly_npc_ar_aking74_inspect_empty_01
cdb0476a761dc108,fly_npc_ar_aking74_inspect_empty_02
cdb0486a761dc2bb,fly_npc_ar_aking74_inspect_empty_03
eb2a8d40e4f0ec9,fly_npc_ar_aking74_selectsemi_off_01
cdb04d6a761dcb3a,fly_npc_ar_aking74_inspect_empty_04
ea36fbdc0678325d,fly_npc_ar_aking74_selectsemi_on_01
cdb04e6a761dcced,fly_npc_ar_aking74_inspect_empty_05
1ddf2da4e8f6d0be,wpn_ar_aking74_fire_plr
e35331a9b38fd6f3,wpn_ar_aking74_fire_plr_last
cdb04b6a761dc7d4,fly_npc_ar_aking74_inspect_empty_06
6bcd5d080cda1424,wpn_ar_aking74_fire_plr_first_fcg
50ba24a505737be3,wpn_ar_aking74_fire_npc
82de28e1c253e771,wpn_ar_aking74_fire_npc_atmo
b16ca0d0e788ccbd,wpn_ar_aking74_fire_npc_lfe
b6cbe240e88b8a28,wpn_ar_aking74_fire_plr_last_fcg
fa2f4f014ea4d950,wpn_ar_aking74_fire_plr_atmo_int
5e39af00796e62c9,wpn_ar_aking74_fire_npc_mech
9d2c2139454bc9ba,wpn_ar_aking74_fire_plr_atmo
ea2eda27ac1d28ee,wpn_ar_aking74_fire_plr_interrupt
79b376aeaef33a82,fly_npc_ar_clove_inspect_fast02_03
395151cef06e6059,fly_npc_ar_clove_inspect_empty_07
79b371aeaef33203,fly_npc_ar_clove_inspect_fast02_04
92cd80f7989dd2f5,fly_npc_ar_clove_ubgl_drop_01
39515acef06e6fa4,fly_npc_ar_clove_inspect_empty_08
39515bcef06e7157,fly_npc_ar_clove_inspect_empty_09
79b373aeaef33569,fly_npc_ar_clove_inspect_fast02_06
79b370aeaef33050,fly_npc_ar_clove_inspect_fast02_05
3954d7cef07179e2,fly_npc_ar_clove_inspect_empty_11
3954d8cef0717b95,fly_npc_ar_clove_inspect_empty_10
c4e01565965237e1,fly_npc_ar_clove_ubgl_drop_quick_01
4beca7e208cfb8bd,fly_npc_ar_clove_ubgl_reload_01
e90c28dad4dad75,fly_npc_ar_clove_ubgl_from_grenade_01
c76f59bf2e24ac38,wpn_ar_clove_fire_plr_casing_eject
79b372aeaef333b6,fly_npc_ar_clove_inspect_fast02_07
79b37caeaef344b4,fly_npc_ar_clove_inspect_fast02_09
3954d5cef071767c,fly_npc_ar_clove_inspect_empty_13
3954d6cef071782f,fly_npc_ar_clove_inspect_empty_12
6e99e234ff308712,fly_npc_ar_clove_ubgl_inspect_01
6e99de34ff308046,fly_npc_ar_clove_ubgl_inspect_05
4beca5e208cfb557,fly_npc_ar_clove_ubgl_reload_03
4beca4e208cfb3a4,fly_npc_ar_clove_ubgl_reload_02
4beca1e208cfae8b,fly_npc_ar_clove_ubgl_reload_07
7baf30520e2de0ab,fly_npc_ar_clove_inspect_ext02_01
6e99e134ff30855f,fly_npc_ar_clove_ubgl_inspect_02
79b37daeaef34667,fly_npc_ar_clove_inspect_fast02_08
79afefaeaef01f46,fly_npc_ar_clove_inspect_fast02_10
79afeeaeaef01d93,fly_npc_ar_clove_inspect_fast02_13
a776f5c66949aa0a,wpn_ar_clove_fire_npc_dist
3954d4cef07174c9,fly_npc_ar_clove_inspect_empty_14
4bec9ee208cfa972,fly_npc_ar_clove_ubgl_reload_08
4beca2e208cfb03e,fly_npc_ar_clove_ubgl_reload_04
7baf31520e2de25e,fly_npc_ar_clove_inspect_ext02_02
7baf35520e2de92a,fly_npc_ar_clove_inspect_ext02_06
79aff0aeaef020f9,fly_npc_ar_clove_inspect_fast02_11
79aff3aeaef02612,fly_npc_ar_clove_inspect_fast02_14
294a95068c638f1e,fly_npc_ar_clove_ubgl_raise_01
6e99e034ff3083ac,fly_npc_ar_clove_ubgl_inspect_03
4bec9fe208cfab25,fly_npc_ar_clove_ubgl_reload_09
3954d3cef0717316,fly_npc_ar_clove_inspect_empty_15
33f676f136bf4cf0,wpn_ar_clove_fire_npc_med_atmo
4beca3e208cfb1f1,fly_npc_ar_clove_ubgl_reload_05
79afedaeaef01be0,fly_npc_ar_clove_inspect_fast02_12
7baf36520e2deadd,fly_npc_ar_clove_inspect_ext02_07
c3e658aa13004da2,fly_npc_ar_clove_ubgl_raise_quick_01
6e99df34ff3081f9,fly_npc_ar_clove_ubgl_inspect_04
7baf32520e2de411,fly_npc_ar_clove_inspect_ext02_03
4beca0e208cfacd8,fly_npc_ar_clove_ubgl_reload_06
1d96b3c3602a76c4,fly_npc_ar_clove_drop_01
7baf27520e2dd160,fly_npc_ar_clove_inspect_ext02_08
ef4bcde474ea4027,fly_plr_ar_clove_inspect_empty_ext02_04
2246c19233b86ba5,fly_npc_ar_clove_inspect_empty_fast02_04
4f9a8a94b5013f8a,fly_npc_ar_clove_inspect_empty_ext02_04
7baf33520e2de5c4,fly_npc_ar_clove_inspect_ext02_04
7bb2b3520e30f51b,fly_npc_ar_clove_inspect_ext02_12
2246bc9233b86326,fly_npc_ar_clove_inspect_empty_fast02_01
ef4bcce474ea3e74,fly_plr_ar_clove_inspect_empty_ext02_05
4f9a8b94b501413d,fly_npc_ar_clove_inspect_empty_ext02_05
7baf28520e2dd313,fly_npc_ar_clove_inspect_ext02_09
2246c09233b869f2,fly_npc_ar_clove_inspect_empty_fast02_05
8a1aa859412ce4cc,fly_npc_ar_clove_drop_quick_01
35e0351eb4185c29,fly_npc_ar_clove_raise_01
76748bed0b2c7276,fly_npc_ar_clove_ubgl_to_grenade_01
7baf34520e2de777,fly_npc_ar_clove_inspect_ext02_05
ef4bcfe474ea438d,fly_plr_ar_clove_inspect_empty_ext02_06
4f9a8894b5013c24,fly_npc_ar_clove_inspect_empty_ext02_06
2243b99233b62836,fly_npc_ar_clove_inspect_empty_fast02_12
2246bb9233b86173,fly_npc_ar_clove_inspect_empty_fast02_02
35e0321eb4185710,fly_npc_ar_clove_raise_02
7bb2b5520e30f881,fly_npc_ar_clove_inspect_ext02_10
ef4bcee474ea41da,fly_plr_ar_clove_inspect_empty_ext02_07
2246bf9233b8683f,fly_npc_ar_clove_inspect_empty_fast02_06
2243ba9233b629e9,fly_npc_ar_clove_inspect_empty_fast02_13
4f9a8994b5013dd7,fly_npc_ar_clove_inspect_empty_ext02_07
e7406ee3b5efff65,fly_npc_ar_clove_raise_quick_01
2246ba9233b85fc0,fly_npc_ar_clove_inspect_empty_fast02_03
1695ba04be75bd0c,wpn_ar_clove_fire_plr_interrupt
7bb2b4520e30f6ce,fly_npc_ar_clove_inspect_ext02_11
2246be9233b8668c,fly_npc_ar_clove_inspect_empty_fast02_07
ef4841e474e71c6c,fly_plr_ar_clove_inspect_empty_ext02_12
4f9e0e94b50455ad,fly_npc_ar_clove_inspect_empty_ext02_12
2243bb9233b62b9c,fly_npc_ar_clove_inspect_empty_fast02_14
ef4842e474e71e1f,fly_plr_ar_clove_inspect_empty_ext02_13
4f9e0d94b50453fa,fly_npc_ar_clove_inspect_empty_ext02_13
f485e8c47f2eee0d,wpn_ar_clove_fire_npc
ef4bc1e474ea2bc3,fly_plr_ar_clove_inspect_empty_ext02_08
395154cef06e6572,fly_npc_ar_clove_inspect_empty_02
ef4bc8e474ea37a8,fly_plr_ar_clove_inspect_empty_ext02_01
4f9a7e94b5012b26,fly_npc_ar_clove_inspect_empty_ext02_08
f13cbbd12219b6a7,wpn_ar_clove_fire_plr_last_mech
4f9a8794b5013a71,fly_npc_ar_clove_inspect_empty_ext02_01
395153cef06e63bf,fly_npc_ar_clove_inspect_empty_01
2246c59233b87271,fly_npc_ar_clove_inspect_empty_fast02_08
4f9a7f94b5012cd9,fly_npc_ar_clove_inspect_empty_ext02_09
ef4bc0e474ea2a10,fly_plr_ar_clove_inspect_empty_ext02_09
cc1505ef89fd386f,wpn_ar_clove_fire_npc_atmo
395155cef06e6725,fly_npc_ar_clove_inspect_empty_03
83927ada2c8c8818,wpn_ar_clove_fire_plr_mech
ef4bcbe474ea3cc1,fly_plr_ar_clove_inspect_empty_ext02_02
2243bc9233b62d4f,fly_npc_ar_clove_inspect_empty_fast02_15
4f9a8494b5013558,fly_npc_ar_clove_inspect_empty_ext02_02
2246c49233b870be,fly_npc_ar_clove_inspect_empty_fast02_09
ef4843e474e71fd2,fly_plr_ar_clove_inspect_empty_ext02_10
39514ecef06e5b40,fly_npc_ar_clove_inspect_empty_04
4f9e0c94b5045247,fly_npc_ar_clove_inspect_empty_ext02_10
44845508db377507,wpn_ar_clove_fire_npc_lfe
d1a8f1fc681c4fc2,wpn_ar_clove_fire_plr_lfe
2243bd9233b62f02,fly_npc_ar_clove_inspect_empty_fast02_16
ef4bcae474ea3b0e,fly_plr_ar_clove_inspect_empty_ext02_03
4f9a8594b501370b,fly_npc_ar_clove_inspect_empty_ext02_03
39514fcef06e5cf3,fly_npc_ar_clove_inspect_empty_05
3d7d50128d94986f,wpn_ar_clove_fire_npc_mech
2243b79233b624d0,fly_npc_ar_clove_inspect_empty_fast02_10
ef4844e474e72185,fly_plr_ar_clove_inspect_empty_ext02_11
395150cef06e5ea6,fly_npc_ar_clove_inspect_empty_06
4f9e0b94b5045094,fly_npc_ar_clove_inspect_empty_ext02_11
eb29ab37e86eaa32,wpn_ar_clove_fire_plr_atmo_int
79b374aeaef3371c,fly_npc_ar_clove_inspect_fast02_01
8b63e874bbca4134,wpn_ar_clove_fire_plr_atmo
bc13971402718217,fly_npc_ar_clove_selectsemi_off_01
2243b89233b62683,fly_npc_ar_clove_inspect_empty_fast02_11
63aaba78735ae66,wpn_ar_clove_fire_plr_last_shot
4d4627598de31c9a,fly_plr_ar_clove_selectsemi_on_01
7bfa5a9559010023,fly_npc_ar_clove_selectsemi_on_01
79b377aeaef33c35,fly_npc_ar_clove_inspect_fast02_02
cf70e302dc7be251,wpn_ar_clove_fire_plr_shot
9edda6bfcd11ea72,wpn_ar_clove_fire_plr_first_fcg
e5c03aa71fac5ed2,wpn_ar_clove_fire_plr_last_fcg
cbe93a91c94016ad,fly_npc_ar_fable_inspect_fast02_03
cbe93391c9400ac8,fly_npc_ar_fable_inspect_fast02_04
4440d3adbe7c0ad0,fly_npc_ar_fable_transition_reload_empty_ext02_02_01
cbe93591c9400e2e,fly_npc_ar_fable_inspect_fast02_06
8a9d0e3119bf5af8,fly_npc_ar_fable_ubgl_drop_01
cbe93491c9400c7b,fly_npc_ar_fable_inspect_fast02_05
29473032a2882538,fly_npc_ar_fable_ubgl_reload_01
cbe93691c9400fe1,fly_npc_ar_fable_inspect_fast02_07
d34017eba2054af0,fly_npc_ar_fable_ubgl_drop_quick_01
4ea889f0c5b29bb7,wpn_ar_fable_fire_plr_casing_eject
29473332a2882a51,fly_npc_ar_fable_ubgl_reload_02
29473232a288289e,fly_npc_ar_fable_ubgl_reload_03
dea7ff40f8f25764,fly_npc_ar_fable_ubgl_from_grenade_01
cbe92f91c94003fc,fly_npc_ar_fable_inspect_fast02_08
cbe93091c94005af,fly_npc_ar_fable_inspect_fast02_09
b132ca5ac3eab58d,fly_npc_ar_fable_ubgl_inspect_01
c365ad5e3b0183a6,fly_npc_ar_fable_transition_reload_empty_fast02_01_01
cbecbd91c9432b1d,fly_npc_ar_fable_inspect_fast02_10
280858b540954f11,wpn_ar_fable_fire_npc_dist
29473532a2882db7,fly_npc_ar_fable_ubgl_reload_04
cbecba91c9432604,fly_npc_ar_fable_inspect_fast02_13
b132c75ac3eab074,fly_npc_ar_fable_ubgl_inspect_02
ffa8a2722b74ab2f,fly_npc_ar_fable_transition_reload_empty_fast01_01_01
cbecbc91c943296a,fly_npc_ar_fable_inspect_fast02_11
c64ad513c04ef59b,wpn_ar_fable_fire_npc_med_atmo
29473432a2882c04,fly_npc_ar_fable_ubgl_reload_05
b132c85ac3eab227,fly_npc_ar_fable_ubgl_inspect_03
ec481bec79d1f2d7,fly_npc_ar_fable_drop_01
cbecbb91c94327b7,fly_npc_ar_fable_inspect_fast02_12
29473732a288311d,fly_npc_ar_fable_ubgl_reload_06
71199cc534578c9d,fly_npc_ar_fable_ubgl_raise_01
1c9a6d778252aa19,fly_npc_ar_fable_transition_reload_empty_fast02_02_01
57546a79c7f32ad8,fly_npc_ar_fable_transition_reload_empty_fast01_02_01
259b2a8ebb6a62b9,fly_npc_ar_fable_ubgl_raise_quick_01
7e1f80f2d012e435,fly_npc_ar_fable_inspect_empty_fast02_01
7e1f87f2d012f01a,fly_npc_ar_fable_inspect_empty_fast02_08
a498eda38a6dc3df,fly_npc_ar_fable_drop_quick_01
7e1f7df2d012df1c,fly_npc_ar_fable_inspect_empty_fast02_02
ccf68c4e1969c3b5,wpn_ar_fable_fire_plr_atmo_int
7e1f88f2d012f1cd,fly_npc_ar_fable_inspect_empty_fast02_09
63123220c76b5a4,fly_npc_ar_fable_raise_quick_01
7e1f7ef2d012e0cf,fly_npc_ar_fable_inspect_empty_fast02_03
41169455fa4623ac,fly_npc_ar_fable_raise_01
7e2285f2d015228b,fly_npc_ar_fable_inspect_empty_fast02_10
998d227104ae380b,fly_npc_ar_fable_ubgl_to_grenade_01
7e1f7bf2d012dbb6,fly_npc_ar_fable_inspect_empty_fast02_04
7e2284f2d01520d8,fly_npc_ar_fable_inspect_empty_fast02_11
7e1f7cf2d012dd69,fly_npc_ar_fable_inspect_empty_fast02_05
7e2287f2d01525f1,fly_npc_ar_fable_inspect_empty_fast02_12
cb9638383d91e65d,wpn_ar_fable_fire_plr_interrupt
298ff9eae92caea7,fly_plr_ar_fable_inspect_empty_fast02_06
7e1f79f2d012d850,fly_npc_ar_fable_inspect_empty_fast02_06
7e2286f2d015243e,fly_npc_ar_fable_inspect_empty_fast02_13
1bc2e750a08434f6,wpn_ar_fable_fire_plr_last_mech
7e1f7af2d012da03,fly_npc_ar_fable_inspect_empty_fast02_07
7e2289f2d0152957,fly_npc_ar_fable_inspect_empty_fast02_14
7055cc390006a163,wpn_ar_fable_fire_plr_mech
dcf9928ad57b6990,wpn_ar_fable_fire_npc
634dacbd9afa55fb,wpn_ar_fable_fire_plr_lfe
7dde5cccd2ddba68,wpn_ar_fable_fire_npc_atmo
d11391e3392ebeba,fly_npc_ar_fable_transition_reload_empty_02_01
953942fa60f830ee,wpn_ar_fable_fire_npc_lfe
a1c0386297141e83,wpn_ar_fable_fire_plr_last_shot
5b94368fbd8a6afe,fly_npc_ar_fable_transition_reload_empty_ext01_01_01
adc8f6680a4418a4,wpn_ar_fable_fire_npc_mech
5dd18a57c1a0a39b,wpn_ar_fable_fire_plr_atmo
9f16bccaaaffacac,fly_npc_ar_fable_selectsemi_off_01
7d4f8165f34f6773,wpn_ar_fable_fire_plr_first_fcg
97984bcf02768f12,wpn_ar_fable_fire_plr_shot
600b76a690dc3bf1,fly_npc_ar_fable_transition_reload_empty_ext01_02_01
f181025a690e522a,fly_npc_ar_fable_selectsemi_on_01
2a4851fc807fe52d,fly_npc_ar_fable_transition_reload_empty_01_01
cbe93891c9401347,fly_npc_ar_fable_inspect_fast02_01
976aaba3ada19a27,fly_npc_ar_fable_transition_reload_empty_ext02_01_01
b7310b02f3c59ee9,wpn_ar_fable_fire_plr_last_fcg
cbe93991c94014fa,fly_npc_ar_fable_inspect_fast02_02
e3788b22cd0299f1,fly_npc_ar_rmary2_inspect_ext01_04
ac1b069b26271574,fly_npc_ar_rmary2_inspect_fast02_03
8030bc1b772dfde9,fly_npc_ar_rmary2_ubgl_inspect_06
e3788a22cd02983e,fly_npc_ar_rmary2_inspect_ext01_05
ac1b059b262713c1,fly_npc_ar_rmary2_inspect_fast02_04
3433249b9d4053d7,fly_npc_ar_rmary2_ubgl_drop_01
e01c541d78c7d867,fly_npc_ar_rmary2_inspect_empty_fast01_01
e3788922cd02968b,fly_npc_ar_rmary2_inspect_ext01_06
ac1b049b2627120e,fly_npc_ar_rmary2_inspect_fast02_05
70158e384c8b43a7,fly_npc_ar_rmary2_ubgl_reload_01
a0c5cec01e075cdf,fly_npc_ar_rmary2_ubgl_drop_quick_01
e01c561d78c7dbcd,fly_npc_ar_rmary2_inspect_empty_fast01_03
e3788822cd0294d8,fly_npc_ar_rmary2_inspect_ext01_07
ac1b039b2627105b,fly_npc_ar_rmary2_inspect_fast02_06
e3758a22cd006267,fly_npc_ar_rmary2_inspect_ext01_11
e01c551d78c7da1a,fly_npc_ar_rmary2_inspect_empty_fast01_02
70158f384c8b455a,fly_npc_ar_rmary2_ubgl_reload_02
ac860dece99d0ce3,fly_npc_ar_rmary2_ubgl_from_grenade_01
ac17839b26240104,fly_npc_ar_rmary2_inspect_fast02_10
e01c4f1d78c7cfe8,fly_npc_ar_rmary2_inspect_empty_fast01_04
70158a384c8b3cdb,fly_npc_ar_rmary2_ubgl_reload_05
e3788722cd029325,fly_npc_ar_rmary2_inspect_ext01_08
701590384c8b470d,fly_npc_ar_rmary2_ubgl_reload_03
d832bae0e3081cea,wpn_ar_rmary2_fire_plr_casing_eject
e3758b22cd00641a,fly_npc_ar_rmary2_inspect_ext01_12
ac1b029b26270ea8,fly_npc_ar_rmary2_inspect_fast02_07
70158b384c8b3e8e,fly_npc_ar_rmary2_ubgl_reload_06
e01c521d78c7d501,fly_npc_ar_rmary2_inspect_empty_fast01_07
8030ba1b772dfa83,fly_npc_ar_rmary2_ubgl_inspect_04
8030bd1b772dff9c,fly_npc_ar_rmary2_ubgl_inspect_01
e01c501d78c7d19b,fly_npc_ar_rmary2_inspect_empty_fast01_05
e3788622cd029172,fly_npc_ar_rmary2_inspect_ext01_09
701589384c8b3b28,fly_npc_ar_rmary2_ubgl_reload_04
ac17849b262402b7,fly_npc_ar_rmary2_inspect_fast02_11
ac1b019b26270cf5,fly_npc_ar_rmary2_inspect_fast02_08
e3758c22cd0065cd,fly_npc_ar_rmary2_inspect_ext01_13
70158c384c8b4041,fly_npc_ar_rmary2_ubgl_reload_07
8030c01b772e04b5,fly_npc_ar_rmary2_ubgl_inspect_02
e01c4b1d78c7c91c,fly_npc_ar_rmary2_inspect_empty_fast01_08
e01c511d78c7d34e,fly_npc_ar_rmary2_inspect_empty_fast01_06
701892384c8d804a,fly_npc_ar_rmary2_ubgl_reload_11
b09421c59e5940d9,fly_npc_ar_rmary2_inspect_empty_ext01_02
e3758922cd0060b4,fly_npc_ar_rmary2_inspect_ext01_10
8030b91b772df8d0,fly_npc_ar_rmary2_ubgl_inspect_05
b0941ec59e593bc0,fly_npc_ar_rmary2_inspect_empty_ext01_01
4557dd3493263d48,wpn_ar_rmary2_fire_npc_dist
e7efce39a0546ffd,fly_npc_ar_rmary2_inspect_ext02_01
ac1b009b26270b42,fly_npc_ar_rmary2_inspect_fast02_09
e01c4c1d78c7cacf,fly_npc_ar_rmary2_inspect_empty_fast01_09
8030bf1b772e0302,fly_npc_ar_rmary2_ubgl_inspect_03
ac17859b2624046a,fly_npc_ar_rmary2_inspect_fast02_12
b09420c59e593f26,fly_npc_ar_rmary2_inspect_empty_ext01_03
e01f591d78ca16bd,fly_npc_ar_rmary2_inspect_empty_fast01_10
e7efca39a0546931,fly_npc_ar_rmary2_inspect_ext02_05
e01f551d78ca0ff1,fly_npc_ar_rmary2_inspect_empty_fast01_14
5db0e442a95c2626,fly_npc_ar_rmary2_drop_01
701585384c8b345c,fly_npc_ar_rmary2_ubgl_reload_08
e7f33439a0575326,fly_npc_ar_rmary2_inspect_ext02_13
b09425c59e5947a5,fly_npc_ar_rmary2_inspect_empty_ext01_06
ac17869b2624061d,fly_npc_ar_rmary2_inspect_fast02_13
e7efcb39a0546ae4,fly_npc_ar_rmary2_inspect_ext02_02
ac177f9b2623fa38,fly_npc_ar_rmary2_inspect_fast02_14
e3d755ef2ed4f6ac,fly_npc_ar_rmary2_ubgl_raise_01
b090b5c59e56537e,fly_npc_ar_rmary2_inspect_empty_ext01_14
e7efc739a0546418,fly_npc_ar_rmary2_inspect_ext02_06
e01f541d78ca0e3e,fly_npc_ar_rmary2_inspect_empty_fast01_15
701586384c8b360f,fly_npc_ar_rmary2_ubgl_reload_09
b09423c59e59443f,fly_npc_ar_rmary2_inspect_empty_ext01_04
e7f33739a057583f,fly_npc_ar_rmary2_inspect_ext02_14
e01f581d78ca150a,fly_npc_ar_rmary2_inspect_empty_fast01_11
b09424c59e5945f2,fly_npc_ar_rmary2_inspect_empty_ext01_07
9909bab3e50162ba,wpn_ar_rmary2_fire_npc_med_atmo
e3778322a1a3a9f5,fly_npc_ar_rmary2_inspect_empty_fast02_06
701893384c8d81fd,fly_npc_ar_rmary2_ubgl_reload_10
e7efc839a05465cb,fly_npc_ar_rmary2_inspect_ext02_07
b09422c59e59428c,fly_npc_ar_rmary2_inspect_empty_ext01_05
b090b6c59e565531,fly_npc_ar_rmary2_inspect_empty_ext01_15
e01f531d78ca0c8b,fly_npc_ar_rmary2_inspect_empty_fast01_16
e7efcc39a0546c97,fly_npc_ar_rmary2_inspect_ext02_03
200ca6b0da75b0a4,fly_npc_ar_rmary2_ubgl_raise_quick_01
e01f571d78ca1357,fly_npc_ar_rmary2_inspect_empty_fast01_12
b09427c59e594b0b,fly_npc_ar_rmary2_inspect_empty_ext01_08
e7efc539a05460b2,fly_npc_ar_rmary2_inspect_ext02_08
e3778222a1a3a842,fly_npc_ar_rmary2_inspect_empty_fast02_07
b090b3c59e565018,fly_npc_ar_rmary2_inspect_empty_ext01_16
848d2dbf3cef508c,fly_npc_ar_rmary2_inspect_empty_ext02_08
e7efc939a054677e,fly_npc_ar_rmary2_inspect_ext02_04
87eb029eaa7a93da,fly_npc_ar_rmary2_drop_quick_01
e3777c22a1a39e10,fly_npc_ar_rmary2_inspect_empty_fast02_01
e7efc639a0546265,fly_npc_ar_rmary2_inspect_ext02_09
b09426c59e594958,fly_npc_ar_rmary2_inspect_empty_ext01_09
8490b9bf3cf27447,fly_npc_ar_rmary2_inspect_empty_ext02_12
e7e807bad2deef1f,fly_npc_ar_rmary2_raise_01
848d36bf3cef5fd7,fly_npc_ar_rmary2_inspect_empty_ext02_01
e3777f22a1a3a329,fly_npc_ar_rmary2_inspect_empty_fast02_02
e01f561d78ca11a4,fly_npc_ar_rmary2_inspect_empty_fast01_13
e3778522a1a3ad5b,fly_npc_ar_rmary2_inspect_empty_fast02_08
e7f33339a0575173,fly_npc_ar_rmary2_inspect_ext02_10
b090b9c59e565a4a,fly_npc_ar_rmary2_inspect_empty_ext01_10
848d2ebf3cef523f,fly_npc_ar_rmary2_inspect_empty_ext02_09
e7e808bad2def0d2,fly_npc_ar_rmary2_raise_02
848d37bf3cef618a,fly_npc_ar_rmary2_inspect_empty_ext02_02
e3741522a1a0b934,fly_npc_ar_rmary2_inspect_empty_fast02_12
16c117757f06005c,fly_npc_ar_rmary2_ubgl_to_grenade_01
e3777e22a1a3a176,fly_npc_ar_rmary2_inspect_empty_fast02_03
b090bac59e565bfd,fly_npc_ar_rmary2_inspect_empty_ext01_11
e3741622a1a0bae7,fly_npc_ar_rmary2_inspect_empty_fast02_13
124ca33b933ef817,fly_npc_ar_rmary2_raise_quick_01
8490bbbf3cf277ad,fly_npc_ar_rmary2_inspect_empty_ext02_10
8490b8bf3cf27294,fly_npc_ar_rmary2_inspect_empty_ext02_13
e7f33239a0574fc0,fly_npc_ar_rmary2_inspect_ext02_11
ef23c91d008ed53d,wpn_ar_rmary2_fire_npc_atmo
e3778422a1a3aba8,fly_npc_ar_rmary2_inspect_empty_fast02_09
e3d757ef2ed4fa12,fly_npc_ar_rmary2_ubgl_raise_03
848d38bf3cef633d,fly_npc_ar_rmary2_inspect_empty_ext02_03
b090b7c59e5656e4,fly_npc_ar_rmary2_inspect_empty_ext01_12
e3778122a1a3a68f,fly_npc_ar_rmary2_inspect_empty_fast02_04
b5f345810385c374,wpn_ar_rmary2_fire_plr_atmo_int
e3741322a1a0b5ce,fly_npc_ar_rmary2_inspect_empty_fast02_14
8490babf3cf275fa,fly_npc_ar_rmary2_inspect_empty_ext02_11
8490b7bf3cf270e1,fly_npc_ar_rmary2_inspect_empty_ext02_14
b090b8c59e565897,fly_npc_ar_rmary2_inspect_empty_ext01_13
8490b6bf3cf26f2e,fly_npc_ar_rmary2_inspect_empty_ext02_15
7ed09602e992adc1,wpn_ar_rmary2_fire_npc_lfe
848d31bf3cef5758,fly_npc_ar_rmary2_inspect_empty_ext02_04
b09248b1f978e9cd,fly_npc_ar_rmary2_inspect_fast01_01
e7f33539a05754d9,fly_npc_ar_rmary2_inspect_ext02_12
e3778022a1a3a4dc,fly_npc_ar_rmary2_inspect_empty_fast02_05
e3741722a1a0bc9a,fly_npc_ar_rmary2_inspect_empty_fast02_10
e3741422a1a0b781,fly_npc_ar_rmary2_inspect_empty_fast02_15
b09246b1f978e667,fly_npc_ar_rmary2_inspect_fast01_03
6b9c56f9f279bc8d,wpn_ar_rmary2_fire_npc_mech
3ee148142b2533a7,wpn_ar_rmary2_fire_npc
b09245b1f978e4b4,fly_npc_ar_rmary2_inspect_fast01_02
8490b5bf3cf26d7b,fly_npc_ar_rmary2_inspect_empty_ext02_16
848d32bf3cef590b,fly_npc_ar_rmary2_inspect_empty_ext02_05
e3741822a1a0be4d,fly_npc_ar_rmary2_inspect_empty_fast02_11
6c6b922937a42e66,wpn_ar_rmary2_fire_plr_atmo
e3741122a1a0b268,fly_npc_ar_rmary2_inspect_empty_fast02_16
b09243b1f978e14e,fly_npc_ar_rmary2_inspect_fast01_04
e3788e22cd029f0a,fly_npc_ar_rmary2_inspect_ext01_01
848d33bf3cef5abe,fly_npc_ar_rmary2_inspect_empty_ext02_06
e3788d22cd029d57,fly_npc_ar_rmary2_inspect_ext01_02
b09244b1f978e301,fly_npc_ar_rmary2_inspect_fast01_05
73c3ff8a18da4f82,wpn_ar_rmary2_fire_plr_interrupt
ac860eece99d0e96,fly_npc_ar_rmary2_ubgl_from_grenade_02
8030bb1b772dfc36,fly_npc_ar_rmary2_ubgl_inspect_07
b09241b1f978dde8,fly_npc_ar_rmary2_inspect_fast01_06
51476a66c001d71d,wpn_ar_rmary2_fire_plr_last_mech
848d34bf3cef5c71,fly_npc_ar_rmary2_inspect_empty_ext02_07
e3788c22cd029ba4,fly_npc_ar_rmary2_inspect_ext01_03
8030c61b772e0ee7,fly_npc_ar_rmary2_ubgl_inspect_08
ac860fece99d1049,fly_npc_ar_rmary2_ubgl_from_grenade_03
b09242b1f978df9b,fly_npc_ar_rmary2_inspect_fast01_07
8ee0e04d3080be0a,wpn_ar_rmary2_fire_plr_mech
82033113a19e78d8,wpn_ar_rmary2_fire_plr_last_shot
b0923fb1f978da82,fly_npc_ar_rmary2_inspect_fast01_08
e3d758ef2ed4fbc5,fly_npc_ar_rmary2_ubgl_raise_02
a33a81a075f5c3e7,wpn_ar_rmary2_fire_plr_shot
fb025056b3a3e9d0,wpn_ar_rmary2_fire_plr_lfe
b09240b1f978dc35,fly_npc_ar_rmary2_inspect_fast01_09
b095adb1f97bcb43,fly_npc_ar_rmary2_inspect_fast01_10
b095acb1f97bc990,fly_npc_ar_rmary2_inspect_fast01_11
b095afb1f97bcea9,fly_npc_ar_rmary2_inspect_fast01_12
b095aeb1f97bccf6,fly_npc_ar_rmary2_inspect_fast01_13
16c11a757f060575,fly_npc_ar_rmary2_ubgl_to_grenade_02
ac1b089b262718da,fly_npc_ar_rmary2_inspect_fast02_01
ac1b079b26271727,fly_npc_ar_rmary2_inspect_fast02_02
297bff2b5b700018,wpn_ar_rmary2_fire_plr_first_fcg
9b6248cc06b55194,wpn_ar_rmary2_fire_plr_last_fcg
60d81f25f0e77048,fly_npc_ar_asvalor_ubgl_drop_01
166312e7689956d4,fly_npc_ar_asvalor_ubgl_from_grenade_01
b9b23e0315a2b2a0,fly_npc_ar_asvalor_ubgl_drop_quick_01
8af0c06203cf5ea4,fly_npc_ar_asvalor_inspect_09
8af0b66203cf4da6,fly_npc_ar_asvalor_inspect_07
5a6a35de12834e1d,fly_npc_ar_asvalor_ubgl_inspect_01
c43bc113bb905811,fly_npc_ar_asvalor_reload_fast01_01
5a6a33de12834ab7,fly_npc_ar_asvalor_ubgl_inspect_03
c43bbf13bb9054ab,fly_npc_ar_asvalor_reload_fast01_03
8af0c16203cf6057,fly_npc_ar_asvalor_inspect_08
5a6a30de1283459e,fly_npc_ar_asvalor_ubgl_inspect_04
5a6a32de12834904,fly_npc_ar_asvalor_ubgl_inspect_02
c43bbe13bb9052f8,fly_npc_ar_asvalor_reload_fast01_02
c43bc413bb905d2a,fly_npc_ar_asvalor_reload_fast01_04
ad5072218525570d,fly_npc_ar_asvalor_ubgl_raise_01
c43bc513bb905edd,fly_npc_ar_asvalor_reload_fast01_05
c43bc313bb905b77,fly_npc_ar_asvalor_reload_fast01_07
8b3639e32863b249,fly_npc_ar_asvalor_ubgl_raise_quick_01
c43bc213bb9059c4,fly_npc_ar_asvalor_reload_fast01_06
a53929f024ed896e,fly_npc_ar_asvalor_reload_ext02_08
773806a46aa4c647,fly_npc_ar_asvalor_drop_01
c43bb813bb9048c6,fly_npc_ar_asvalor_reload_fast01_08
7b0251521349ad15,fly_npc_ar_asvalor_reload_empty_ext02_07
6b06fffa743f2feb,fly_npc_ar_asvalor_reload_fast02_02
c43bb913bb904a79,fly_npc_ar_asvalor_reload_fast01_09
288b4e86954e847d,fly_npc_ar_asvalor_reload_empty_fast01_07
6b0700fa743f319e,fly_npc_ar_asvalor_reload_fast02_01
6b06fefa743f2e38,fly_npc_ar_asvalor_reload_fast02_03
6b0705fa743f3a1d,fly_npc_ar_asvalor_reload_fast02_04
288b4886954e7a4b,fly_npc_ar_asvalor_reload_empty_fast01_01
6694cd3e01c6603c,fly_npc_ar_asvalor_raise_01
6b0704fa743f386a,fly_npc_ar_asvalor_reload_fast02_05
21bd3b0587334b6f,fly_npc_ar_asvalor_drop_quick_01
288b4986954e7bfe,fly_npc_ar_asvalor_reload_empty_fast01_02
288b4a86954e7db1,fly_npc_ar_asvalor_reload_empty_fast01_03
65238051068dcbbb,fly_npc_ar_asvalor_ubgl_to_grenade_01
21cb085c55204494,fly_npc_ar_asvalor_raise_quick_01
288b4b86954e7f64,fly_npc_ar_asvalor_reload_empty_fast01_04
288b4c86954e8117,fly_npc_ar_asvalor_reload_empty_fast01_05
288b4d86954e82ca,fly_npc_ar_asvalor_reload_empty_fast01_06
6abce4ac30db729c,fly_npc_ar_asvalor_selectsemi_off_01
aea3b0a99d7bd9fa,fly_npc_ar_asvalor_selectsemi_on_01
5492508cf6b88c94,fly_npc_ar_asvalor_reload_empty_fast02_01
5492538cf6b891ad,fly_npc_ar_asvalor_reload_empty_fast02_02
5492528cf6b88ffa,fly_npc_ar_asvalor_reload_empty_fast02_03
54924d8cf6b8877b,fly_npc_ar_asvalor_reload_empty_fast02_04
54924c8cf6b885c8,fly_npc_ar_asvalor_reload_empty_fast02_05
54924f8cf6b88ae1,fly_npc_ar_asvalor_reload_empty_fast02_06
1ebc4d3200bc007e,fly_npc_sn_ultiger_inspect_ext01_04
14491229b0c04a09,fly_npc_sn_ultiger_inspect_fast02_03
1ebc4e3200bc0231,fly_npc_sn_ultiger_inspect_ext01_05
14491329b0c04bbc,fly_npc_sn_ultiger_inspect_fast02_04
1ebc4c3200bbfecb,fly_npc_sn_ultiger_inspect_ext01_07
1ebc4b3200bbfd18,fly_npc_sn_ultiger_inspect_ext01_06
14491529b0c04f22,fly_npc_sn_ultiger_inspect_fast02_06
14491429b0c04d6f,fly_npc_sn_ultiger_inspect_fast02_05
ec333207b464692c,fly_npc_sn_ultiger_transition_reload_empty_ext02_02_01
1ebc493200bbf9b2,fly_npc_sn_ultiger_inspect_ext01_08
14491629b0c050d5,fly_npc_sn_ultiger_inspect_fast02_07
1ebfb73200beea73,fly_npc_sn_ultiger_inspect_ext01_10
144c9429b0c35cc6,fly_npc_sn_ultiger_inspect_fast02_11
1ebc4a3200bbfb65,fly_npc_sn_ultiger_inspect_ext01_09
1ebfb63200bee8c0,fly_npc_sn_ultiger_inspect_ext01_11
14491729b0c05288,fly_npc_sn_ultiger_inspect_fast02_08
1a45121b2d6a380a,fly_npc_sn_ultiger_inspect_ext02_01
144c9329b0c35b13,fly_npc_sn_ultiger_inspect_fast02_12
14491829b0c0543b,fly_npc_sn_ultiger_inspect_fast02_09
1ebfb93200beedd9,fly_npc_sn_ultiger_inspect_ext01_12
1a450e1b2d6a313e,fly_npc_sn_ultiger_inspect_ext02_05
144c9229b0c35960,fly_npc_sn_ultiger_inspect_fast02_13
c1489791ef7c63f3,fly_npc_sn_ultiger_transition_reload_empty_fast01_01_01
bcacf1b3cf0f9e23,fly_npc_sn_ultiger_drop_01
1ebfb83200beec26,fly_npc_sn_ultiger_inspect_ext01_13
144c9529b0c35e79,fly_npc_sn_ultiger_inspect_fast02_10
144c9929b0c36545,fly_npc_sn_ultiger_inspect_fast02_14
1a450d1b2d6a2f8b,fly_npc_sn_ultiger_inspect_ext02_06
1a45111b2d6a3657,fly_npc_sn_ultiger_inspect_ext02_02
53f7c8f2b6275801,wpn_sn_ultiger_fire_npc_dist
96ca9f9d38e5213c,fly_npc_sn_ultiger_transition_reload_empty_fast01_02_01
1a450b1b2d6a2c25,fly_npc_sn_ultiger_inspect_ext02_08
75f524c5545efbd,fly_npc_sn_ultiger_transition_reload_empty_fast02_02_01
1a450c1b2d6a2dd8,fly_npc_sn_ultiger_inspect_ext02_07
1a45101b2d6a34a4,fly_npc_sn_ultiger_inspect_ext02_03
596d123099f573ca,fly_npc_sn_ultiger_transition_reload_empty_fast02_01_01
45b4a8a9b34fcc4b,wpn_sn_ultiger_fire_npc_med_atmo
1a450a1b2d6a2a72,fly_npc_sn_ultiger_inspect_ext02_09
1a450f1b2d6a32f1,fly_npc_sn_ultiger_inspect_ext02_04
1a420d1b2d67f9b4,fly_npc_sn_ultiger_inspect_ext02_10
195cc38e576923ab,fly_npc_sn_ultiger_drop_quick_01
79c093dc4ddb0bd8,fly_npc_sn_ultiger_raise_01
66652d93e074a390,fly_npc_sn_ultiger_raise_quick_01
1a420e1b2d67fb67,fly_npc_sn_ultiger_inspect_ext02_11
d4c48ef581ad1e8d,wpn_sn_ultiger_fire_plr_interrupt
1a420f1b2d67fd1a,fly_npc_sn_ultiger_inspect_ext02_12
a95d09d33fec0f06,wpn_sn_ultiger_fire_plr_last_mech
e9cb1834fa2903ec,fly_npc_sn_ultiger_inspect_fast01_01
1a42101b2d67fecd,fly_npc_sn_ultiger_inspect_ext02_13
c2ea9f66237f3ba5,wpn_sn_ultiger_fire_plr_atmo_int
fc07ee6b562d5480,wpn_sn_ultiger_fire_npc
f9ba106b0f108bf3,wpn_sn_ultiger_fire_plr_mech
e9cb1b34fa290905,fly_npc_sn_ultiger_inspect_fast01_02
e9cb2134fa291337,fly_npc_sn_ultiger_inspect_fast01_08
1a42091b2d67f2e8,fly_npc_sn_ultiger_inspect_ext02_14
7c0455b6feb7b2b,wpn_sn_ultiger_fire_plr_lfe
e9cb2034fa291184,fly_npc_sn_ultiger_inspect_fast01_09
c042cd0ae683b838,wpn_sn_ultiger_fire_npc_atmo
e9c79434fa25edc9,fly_npc_sn_ultiger_inspect_fast01_11
14491129b0c04856,fly_npc_sn_ultiger_inspect_fast02_02
e9c79334fa25ec16,fly_npc_sn_ultiger_inspect_fast01_10
e9cb1a34fa290752,fly_npc_sn_ultiger_inspect_fast01_03
e0eaadf084ade5fe,wpn_sn_ultiger_fire_npc_lfe
e9c79134fa25e8b0,fly_npc_sn_ultiger_inspect_fast01_12
839f86aa683021d4,wpn_sn_ultiger_fire_npc_mech
1ebc523200bc08fd,fly_npc_sn_ultiger_inspect_ext01_01
e9c79234fa25ea63,fly_npc_sn_ultiger_inspect_fast01_13
e9cb1534fa28fed3,fly_npc_sn_ultiger_inspect_fast01_04
830e39dce2503e13,wpn_sn_ultiger_fire_plr_last_shot
1ebc4f3200bc03e4,fly_npc_sn_ultiger_inspect_ext01_02
d3b8ae89351b070b,wpn_sn_ultiger_fire_plr_atmo
14491029b0c046a3,fly_npc_sn_ultiger_inspect_fast02_01
e9cb1434fa28fd20,fly_npc_sn_ultiger_inspect_fast01_05
ca5c6ef3d49e2362,wpn_sn_ultiger_fire_plr_shot
1ebc503200bc0597,fly_npc_sn_ultiger_inspect_ext01_03
e9cb1734fa290239,fly_npc_sn_ultiger_inspect_fast01_06
e9cb1634fa290086,fly_npc_sn_ultiger_inspect_fast01_07
3e494d5b8f8921d6,wpn_sn_ultiger_fire_plr_fcg
332eedd97a203959,wpn_sn_ultiger_fire_plr_last_fcg
4d65ba9ab763dcf1,fly_npc_sn_ultiger_transition_reload_empty_01_01
48ee7a83e4120bfe,fly_npc_sn_ultiger_transition_reload_empty_02_01
c284cf7d66f6a4ba,fly_npc_sn_ultiger_transition_reload_empty_ext01_01_01
1bb98f96ae47cb2d,fly_npc_sn_ultiger_transition_reload_empty_ext01_02_01
c02c2a0152fa56e3,fly_npc_sn_ultiger_transition_reload_empty_ext02_01_01
26798657333c1970,fly_npc_sn_droger_inspect_fast02_03
26798d57333c2555,fly_npc_sn_droger_inspect_fast02_04
26798c57333c23a2,fly_npc_sn_droger_inspect_fast02_05
26798b57333c21ef,fly_npc_sn_droger_inspect_fast02_06
26798a57333c203c,fly_npc_sn_droger_inspect_fast02_07
e0f7af4e0616870e,wpn_sn_droger_fire_plr_casing_eject
26760457333906b3,fly_npc_sn_droger_inspect_fast02_11
26799157333c2c21,fly_npc_sn_droger_inspect_fast02_08
2676055733390866,fly_npc_sn_droger_inspect_fast02_12
26799057333c2a6e,fly_npc_sn_droger_inspect_fast02_09
2676065733390a19,fly_npc_sn_droger_inspect_fast02_13
a008d341674150ac,wpn_sn_droger_fire_npc_dist
2676035733390500,fly_npc_sn_droger_inspect_fast02_10
2676075733390bcc,fly_npc_sn_droger_inspect_fast02_14
3e15013448aa0c32,fly_npc_sn_droger_drop_01
bff5a49c28c02c96,wpn_sn_droger_fire_npc_med_atmo
38dbaa7054058e9,fly_npc_sn_droger_inspect_empty_fast02_06
38db9a705405736,fly_npc_sn_droger_inspect_empty_fast02_07
38dc4a7054069e7,fly_npc_sn_droger_inspect_empty_fast02_08
38a38a7053d462c,fly_npc_sn_droger_inspect_empty_fast02_16
841f1e9b1f90419b,fly_npc_sn_droger_raise_01
38dbba705405a9c,fly_npc_sn_droger_inspect_empty_fast02_01
38dc3a705406834,fly_npc_sn_droger_inspect_empty_fast02_09
7c994ca805bbe8b6,fly_npc_sn_droger_drop_quick_01
38a36a7053d42c6,fly_npc_sn_droger_inspect_empty_fast02_10
38dbea705405fb5,fly_npc_sn_droger_inspect_empty_fast02_02
9818c6f6aaae2358,wpn_sn_droger_fire_plr_atmo_int
4d64d49bbdb0df73,fly_npc_sn_droger_raise_quick_01
38a37a7053d4479,fly_npc_sn_droger_inspect_empty_fast02_11
6b64ed0601f7ef61,wpn_sn_droger_fire_npc_mech
38dbda705405e02,fly_npc_sn_droger_inspect_empty_fast02_03
38a34a7053d3f60,fly_npc_sn_droger_inspect_empty_fast02_12
aa78d180e9af732,wpn_sn_droger_fire_plr_atmo
38db8a705405583,fly_npc_sn_droger_inspect_empty_fast02_04
9cbc2eccd3838bd6,wpn_sn_droger_fire_plr_interrupt
38a35a7053d4113,fly_npc_sn_droger_inspect_empty_fast02_13
38db7a7054053d0,fly_npc_sn_droger_inspect_empty_fast02_05
395e74e46bfd2ce1,wpn_sn_droger_fire_plr_last_mech
38a3aa7053d4992,fly_npc_sn_droger_inspect_empty_fast02_14
38a3ba7053d4b45,fly_npc_sn_droger_inspect_empty_fast02_15
b0df1bb28d1756bb,wpn_sn_droger_fire_npc
c28b2f4ba64e7fe,wpn_sn_droger_fire_plr_mech
4e3c876ad599bf89,wpn_sn_droger_fire_npc_atmo
82fedf1dfdc8754,wpn_sn_droger_fire_plr_lfe
9946acde5028c64c,wpn_sn_droger_fire_plr_last_shot
a5b168e292828b75,wpn_sn_droger_fire_npc_lfe
b38b848952b8726b,wpn_sn_droger_fire_plr_shot
3b4be5f1fc90cb21,wpn_sn_droger_fire_plr_fcg
7ad7f90857a3e160,wpn_sn_droger_fire_plr_last_fcg
26798857333c1cd6,fly_npc_sn_droger_inspect_fast02_01
26798757333c1b23,fly_npc_sn_droger_inspect_fast02_02
6ab354bcbc384e81,fly_npc_sh_moslo500_inspect_empty_07
6ab34dbcbc38429c,fly_npc_sh_moslo500_inspect_empty_08
6ab34ebcbc38444f,fly_npc_sh_moslo500_inspect_empty_09
20c17bb35e14ec46,wpn_sh_moslo500_fire_npc_dist
dd38a187752fe604,wpn_sh_moslo500_fire_npc_med_atmo
ecebf4f3e3f2937c,fly_npc_sh_moslo500_drop_01
caed8f5ab9ecccf1,fly_npc_sh_moslo500_raise_01
d13ed9df019576d4,fly_npc_sh_moslo500_drop_quick_01
b519539b2e42b033,wpn_sh_moslo500_fire_npc_atmo
61f2f0596d48aa13,wpn_sh_moslo500_fire_npc_lfe
f80a71af500399ce,wpn_sh_moslo500_fire_plr_atmo_int
f186d5fbac691d1b,wpn_sh_moslo500_fire_npc_mech
331a67d47302e049,wpn_sh_moslo500_fire_npc
378d24d506b31c50,wpn_sh_moslo500_fire_plr
f53c046f8787f128,wpn_sh_moslo500_fire_plr_atmo
3942981081066ea1,wpn_sh_moslo500_fire_plr_last
b75c307caaf0cdfe,wpn_sh_moslo500_fire_plr_first_fcg
6ab356bcbc3851e7,fly_npc_sh_moslo500_inspect_empty_01
27374efdc28ae3b8,wpn_sh_moslo500_fire_plr_interrupt
f2a14ab0aac4ab13,wpn_sh_moslo500_fire_plr_last_mech
6ab357bcbc38539a,fly_npc_sh_moslo500_inspect_empty_02
6ab358bcbc38554d,fly_npc_sh_moslo500_inspect_empty_03
2f5124a9fdf1b676,wpn_sh_moslo500_fire_plr_last_fcg
21c09e0abc0b2664,wpn_sh_moslo500_fire_plr_mech
6ab351bcbc384968,fly_npc_sh_moslo500_inspect_empty_04
e9b2138c1a3963ae,wpn_sh_moslo500_fire_plr_lfe
6ab352bcbc384b1b,fly_npc_sh_moslo500_inspect_empty_05
6ab353bcbc384cce,fly_npc_sh_moslo500_inspect_empty_06
d77e9947a8c8f951,wpn_pi_paris30_fire2_plr_interrupt
cffb893b5c7aa3d1,fly_npc_pi_paris30_reload_empty_ext03_02
cffb863b5c7a9eb8,fly_npc_pi_paris30_reload_empty_ext03_01
a71167d3407123ba,wpn_pi_paris30_fire2_plr_last_mech
cffb883b5c7aa21e,fly_npc_pi_paris30_reload_empty_ext03_03
cffb8c3b5c7aa8ea,fly_npc_pi_paris30_reload_empty_ext03_07
e748e0ecb92494db,fly_npc_pi_paris30_transition_reload_empty_ext03_01_02
705ffd3800a6e59,wpn_pi_paris30_fire_plr_casing_eject
77a55c21036607af,wpn_pi_paris30_fire2_plr_lfe
e748e1ecb924968e,fly_npc_pi_paris30_transition_reload_empty_ext03_01_01
4d2e961ed4b70d97,wpn_pi_paris30_fire2_plr_mech
953b220874751281,fly_npc_pi_paris30_transition_reload_empty_ext03_02_01
cffb8b3b5c7aa737,fly_npc_pi_paris30_reload_empty_ext03_04
d2be4ef5bd38b96,wpn_pi_paris30_fire2_plr_shot
cffb7e3b5c7a9120,fly_npc_pi_paris30_reload_empty_ext03_09
cffb7f3b5c7a92d3,fly_npc_pi_paris30_reload_empty_ext03_08
b3186891b5a073af,wpn_pi_paris30_fire_npc_dist
cffb8a3b5c7aa584,fly_npc_pi_paris30_reload_empty_ext03_05
cffb8d3b5c7aaa9d,fly_npc_pi_paris30_reload_empty_ext03_06
8ac85b67c1b01e1d,wpn_pi_paris30_fire_npc_med_atmo
f88a5b1af2220218,fly_npc_pi_paris30_inspect_ext03_02
f88a5c1af22203cb,fly_npc_pi_paris30_inspect_ext03_03
25a1f84e0e89b6a3,wpn_pi_paris30_fire_plr_interrupt
5125130534b6c74,wpn_pi_paris30_fire_plr_last_mech
f88a611af2220c4a,fly_npc_pi_paris30_inspect_ext03_04
982515c794c8dc98,wpn_pi_paris30_fire1_plr_atmo
5fc32cbfa9e07d5,wpn_pi_paris30_fire_plr_mech
f88a621af2220dfd,fly_npc_pi_paris30_inspect_ext03_05
a5f1ae3be4b0f7aa,wpn_pi_paris30_fire_npc
6ab52a787fda3be9,wpn_pi_paris30_fire_plr_lfe
1792b64816dfc93e,wpn_pi_paris30_fire1_plr_atmo_int
daad58a9bf3c4f8e,wpn_pi_paris30_fire_npc_atmo
380010d31ee80354,wpn_pi_paris30_fire1_plr_casing_eject
8920ee754929e9d8,wpn_pi_paris30_fire_npc_lfe
f88a5e1af2220731,fly_npc_pi_paris30_inspect_ext03_01
67af4644087a3b72,wpn_pi_paris30_fire_npc_mech
27d9095d4028e4fd,wpn_pi_paris30_fire1_plr_shot
563b58f0b51c2330,wpn_pi_paris30_fire_plr_shot
619f77900c22c1ff,wpn_pi_paris30_fire_plr_atmo_int
32c4c4672f5afc45,wpn_pi_paris30_fire_plr_atmo
46014c844605a5f7,wpn_pi_paris30_fire2_plr_atmo
7e0b77679052eeb9,wpn_pi_paris30_fire2_plr_atmo_int
eb2330f5435fbd23,wpn_pi_paris30_fire1_plr_fcg
379932786325f81c,wpn_pi_paris30_fire_plr_fcg
7e4a8b2b67e0df3d,wpn_pi_paris30_fire_plr_last_shot
8de7aa4806f585ab,wpn_pi_paris30_fire2_plr_casing_eject
a20f25bba8a08fe8,wpn_pi_paris30_fire1_plr_interrupt
494d86bca4075d63,wpn_pi_paris30_fire_plr_last_fcg
fc3d54c96b795a63,wpn_pi_paris30_fire1_plr_last_mech
aea1cf622b952534,wpn_pi_paris30_fire1_plr_mech
948788f5125240de,wpn_pi_paris30_fire1_plr_lfe
aa0a54211f7f4122,wpn_pi_paris30_fire2_plr_fcg
8e5ee8ca9ac4737b,wpn_pi_usugar9_fire2_plr_interrupt
15b07d3bb26b9dcc,wpn_pi_usugar9_fire2_plr_last_mech
369f9ec1a679ba5d,wpn_pi_usugar9_fire2_plr_mech
311294bb26c0d587,wpn_pi_usugar9_fire_plr_casing_eject
b42846e97ae4e7b1,wpn_pi_usugar9_fire2_plr_lfe
675b656e88165c18,wpn_pi_usugar9_fire2_plr_shot
409fe0596f6f7da1,wpn_pi_usugar9_fire_npc_dist
d400ec3346f13aab,wpn_pi_usugar9_fire_npc_med_atmo
197f4f16fb8abead,wpn_pi_usugar9_fire_plr_interrupt
64f7a1cc8a5998e6,wpn_pi_usugar9_fire_plr_last_mech
9545524f17c31493,wpn_pi_usugar9_fire_plr_mech
a52a7887f32e972a,wpn_pi_usugar9_fire1_plr_atmo
eb948c2df4201e0,wpn_pi_usugar9_fire_npc
94997c5033db694b,wpn_pi_usugar9_fire_plr_lfe
5665e47687ca88d8,wpn_pi_usugar9_fire_npc_atmo
762607c4d5e10f40,wpn_pi_usugar9_fire1_plr_atmo_int
952ed1d144c0cff3,wpn_pi_usugar9_fire_plr_last_shot
81e7823cfc46b5a9,wpn_pi_usugar9_fire1_plr_fcg
d889fa3d2d59ff0c,wpn_pi_usugar9_fire1_plr_lfe
e3a3fe21449fdb05,wpn_pi_usugar9_fire_plr_atmo_int
ec5d6eb5bb885161,wpn_pi_usugar9_fire2_plr_casing_eject
6fb2dc8f0fffcd1e,wpn_pi_usugar9_fire_npc_lfe
694eb0d7e0358802,wpn_pi_usugar9_fire_plr_shot
40241039e36c4746,wpn_pi_usugar9_fire1_plr_casing_eject
ed680ffa226e4243,wpn_pi_usugar9_fire1_plr_shot
1ef17e80b34e3a1e,wpn_pi_usugar9_fire1_plr_interrupt
70479e1121784774,wpn_pi_usugar9_fire_npc_mech
c7bc84505095e6f6,wpn_pi_usugar9_fire_plr_fcg
ac97ea899f5788e9,wpn_pi_usugar9_fire1_plr_last_mech
53e84c949b40d8b9,wpn_pi_usugar9_fire_plr_last_fcg
d02f70e55246992d,wpn_pi_usugar9_fire2_plr_atmo
18bef07225cc3aab,wpn_pi_usugar9_fire_plr_atmo
acafee9abf89dd4,wpn_pi_usugar9_fire2_plr_fcg
144cbeed16c1dfb6,wpn_pi_usugar9_fire1_plr_mech
3543490a4b3ceab7,wpn_pi_usugar9_fire2_plr_atmo_int
ad2bb87cacd9fa73,fly_npc_pi_mable_transition_reload_empty_ext02_01_02
a9177d569b9733e9,fly_npc_pi_mable_reload_empty_fast02_07
15dff1ea2c59094a,wpn_pi_mable_fire2_plr_interrupt
89bda4f3a3933385,wpn_pi_mable_fire2_plr_last_mech
a91786569b974334,fly_npc_pi_mable_reload_empty_fast02_08
6607995f42b2299,fly_npc_pi_mable_transition_reload_empty_ext02_02_01
6416290b62173ac8,wpn_pi_mable_fire2_plr_lfe
af1acc4b16af538a,wpn_pi_mable_fire_plr_casing_eject
a91787569b9744e7,fly_npc_pi_mable_reload_empty_fast02_09
7e7968b30166d032,fly_npc_pi_mable_reload_fast01_01
5c2c24210c1c715f,wpn_pi_mable_fire2_plr_shot
92514351a156ce02,wpn_pi_mable_fire2_plr_mech
d9a17fe91a86bb6b,fly_npc_pi_mable_reload_empty_ext02_02
95339b6314e701a8,wpn_pi_mable_fire_npc_dist
7e7967b30166ce7f,fly_npc_pi_mable_reload_fast01_02
d9a180e91a86bd1e,fly_npc_pi_mable_reload_empty_ext02_01
2f2d288c66f05c67,fly_npc_pi_mable_reload_ext02_04
a91a84569b9975a5,fly_npc_pi_mable_reload_empty_fast02_10
7e7966b30166cccc,fly_npc_pi_mable_reload_fast01_03
2f2d238c66f053e8,fly_npc_pi_mable_reload_ext02_01
d9a17ee91a86b9b8,fly_npc_pi_mable_reload_empty_ext02_03
2e567da766ddef50,fly_npc_pi_mable_transition_reload_empty_fast01_01_01
7e7965b30166cb19,fly_npc_pi_mable_reload_fast01_04
3078564bc76ddbf2,fly_npc_pi_mable_transition_reload_empty_fast02_02_01
7e7971b30166df7d,fly_npc_pi_mable_reload_fast01_08
18c1c2729bec8b5a,wpn_pi_mable_fire_npc_med_atmo
2f2d278c66f05ab4,fly_npc_pi_mable_reload_ext02_05
2f2d268c66f05901,fly_npc_pi_mable_reload_ext02_02
d9a183e91a86c237,fly_npc_pi_mable_reload_empty_ext02_06
d99dfbe91a83a548,fly_npc_pi_mable_reload_empty_ext02_10
2f2d2a8c66f05fcd,fly_npc_pi_mable_reload_ext02_06
2bff26cebc5b505f,fly_npc_pi_mable_reload_fast02_03
d9a185e91a86c59d,fly_npc_pi_mable_reload_empty_ext02_04
7e7970b30166ddca,fly_npc_pi_mable_reload_fast01_09
8180559d56037ea7,fly_npc_pi_mable_transition_reload_empty_fast01_02_01
2f2d258c66f0574e,fly_npc_pi_mable_reload_ext02_03
7e7964b30166c966,fly_npc_pi_mable_reload_fast01_05
2f2d298c66f05e1a,fly_npc_pi_mable_reload_ext02_07
d9a182e91a86c084,fly_npc_pi_mable_reload_empty_ext02_07
d9a184e91a86c3ea,fly_npc_pi_mable_reload_empty_ext02_05
d7bb24b3d2f9f6b6,fly_npc_pi_mable_drop_01
2f2d1c8c66f04803,fly_npc_pi_mable_reload_ext02_08
2bff28cebc5b53c5,fly_npc_pi_mable_reload_fast02_01
7e7963b30166c7b3,fly_npc_pi_mable_reload_fast01_06
2bff23cebc5b4b46,fly_npc_pi_mable_reload_fast02_04
aa52c75bc2a4ccf8,fly_npc_pi_mable_reload_empty_fast01_01
348316629a63b485,fly_npc_pi_mable_transition_reload_empty_fast02_01_01
aa52cc5bc2a4d577,fly_npc_pi_mable_reload_empty_fast01_04
2f2d1b8c66f04650,fly_npc_pi_mable_reload_ext02_09
2bff24cebc5b4cf9,fly_npc_pi_mable_reload_fast02_05
aa52ca5bc2a4d211,fly_npc_pi_mable_reload_empty_fast01_02
d9a179e91a86b139,fly_npc_pi_mable_reload_empty_ext02_08
2bff25cebc5b4eac,fly_npc_pi_mable_reload_fast02_02
7e7962b30166c600,fly_npc_pi_mable_reload_fast01_07
aa52ce5bc2a4d8dd,fly_npc_pi_mable_reload_empty_fast01_06
aa52cb5bc2a4d3c4,fly_npc_pi_mable_reload_empty_fast01_05
5d66cabac985154a,fly_npc_pi_mable_drop_quick_01
2bff21cebc5b47e0,fly_npc_pi_mable_reload_fast02_06
aa52c95bc2a4d05e,fly_npc_pi_mable_reload_empty_fast01_03
2bff30cebc5b615d,fly_npc_pi_mable_reload_fast02_09
d9a178e91a86af86,fly_npc_pi_mable_reload_empty_ext02_09
aa52cd5bc2a4d72a,fly_npc_pi_mable_reload_empty_fast01_07
3eff874b824f999d,wpn_pi_mable_fire_npc_atmo
2bff22cebc5b4993,fly_npc_pi_mable_reload_fast02_07
2bff2fcebc5b5faa,fly_npc_pi_mable_reload_fast02_08
f49b39fac7be9aa1,wpn_pi_mable_fire_npc_lfe
7f6c7328c9166514,wpn_pi_mable_fire_plr_atmo_int
aa52c05bc2a4c113,fly_npc_pi_mable_reload_empty_fast01_08
aa52bf5bc2a4bf60,fly_npc_pi_mable_reload_empty_fast01_09
bede1528771da9ed,wpn_pi_mable_fire_npc_mech
e96eae909d4d23af,fly_npc_pi_mable_transition_reload_empty_ext01_01_01
3dc71457040c46f8,wpn_pi_mable_fire1_plr_fcg
3ac822df99499d47,wpn_pi_mable_fire_npc
aa4f425bc2a1b522,fly_npc_pi_mable_reload_empty_fast01_10
57703814d14b92c6,wpn_pi_mable_fire_plr_atmo
bcbe2d79a41e94f8,wpn_pi_mable_fire_plr_last_shot
8d4d7d0a8eab94c7,wpn_pi_mable_fire1_plr_interrupt
785dc6b080b6a8f,fly_npc_pi_mable_raise_01
387bf14f7c1b9422,wpn_pi_mable_fire2_plr_casing_eject
a9177f569b97374f,fly_npc_pi_mable_reload_empty_fast02_01
e295ced884d4a638,wpn_pi_mable_fire1_plr_last_mech
8e3e278c0f9b7547,wpn_pi_mable_fire_plr_shot
8ba9b956ef9ad762,wpn_pi_mable_fire_plr_interrupt
411a769839cba358,fly_npc_pi_mable_transition_reload_empty_ext01_02_01
a91780569b973902,fly_npc_pi_mable_reload_empty_fast02_02
82d6412a14d91c9,wpn_pi_mable_fire1_plr_mech
b9328efaf8455cf4,fly_npc_pi_mable_transition_reload_empty_01_01
8c0266ccc281f33d,wpn_pi_mable_fire_plr_last_mech
2cd1ddf3ea331671,wpn_pi_mable_fire1_plr_atmo
411a799839cba871,fly_npc_pi_mable_transition_reload_empty_ext01_02_02
5a02c20fd792bc35,wpn_pi_mable_fire_plr_fcg
70250c57201f61bd,wpn_pi_mable_fire1_plr_lfe
a91781569b973ab5,fly_npc_pi_mable_reload_empty_fast02_03
1d8f199cb1044633,wpn_pi_mable_fire1_plr_atmo_int
e577678b4465134,wpn_pi_mable_fire_plr_last_fcg
79e58638ca28226a,wpn_pi_mable_fire_plr_mech
f8a7fff718c71ba7,fly_npc_pi_mable_raise_quick_01
ad2bb97cacd9fc26,fly_npc_pi_mable_transition_reload_empty_ext02_01_01
a9177a569b972ed0,fly_npc_pi_mable_reload_empty_fast02_04
f6701a7cac3e9d94,wpn_pi_mable_fire1_plr_shot
d65ef7daee8d150d,wpn_pi_mable_fire1_plr_casing_eject
8b7886f49569b62b,fly_npc_pi_mable_transition_reload_empty_02_01
b0bf5a1008bb50b0,wpn_pi_mable_fire_plr_lfe
a9177b569b973083,fly_npc_pi_mable_reload_empty_fast02_05
ebdff5b6b77c3ffe,wpn_pi_mable_fire2_plr_atmo
9a7d010b8197a97d,wpn_pi_mable_fire2_plr_fcg
a9177c569b973236,fly_npc_pi_mable_reload_empty_fast02_06
27341b6067416a7c,wpn_pi_mable_fire2_plr_atmo_int
e8ef87025dde251c,fly_npc_pi_stiger_inspect_empty_07
5a27f8f788e97989,fly_npc_pi_stiger_inspect_empty_ext03_12
d4dabbf7f70f8a77,fly_plr_pi_stiger_transition_reload_empty_ext02_01_02
7cf271120d34c6bf,wpn_pi_stiger_fire2_plr_interrupt
e8ef8e025dde3101,fly_npc_pi_stiger_inspect_empty_08
2e0f7d113e60b29d,fly_plr_pi_stiger_transition_reload_empty_ext02_02_01
e8ec00025ddb09e0,fly_npc_pi_stiger_inspect_empty_10
e8ef8d025dde2f4e,fly_npc_pi_stiger_inspect_empty_09
92ae7e1507998a33,wpn_pi_stiger_fire_plr_casing_eject
79e977f3c4ec7390,wpn_pi_stiger_fire2_plr_last_mech
e67adf6a1dd26bd1,wpn_pi_stiger_fire2_plr_mech
e8ec01025ddb0b93,fly_npc_pi_stiger_inspect_empty_11
b32b4c464342bb85,wpn_pi_stiger_fire2_plr_lfe
470d76593b463cbc,wpn_pi_stiger_fire2_plr_shot
661cf2555a97643d,wpn_pi_stiger_fire_npc_dist
d671bee98afdfda2,fly_npc_pi_stiger_inspect_empty_ext01_02
d671bde98afdfbef,fly_npc_pi_stiger_inspect_empty_ext01_01
b1fee88addaf42b7,fly_npc_pi_stiger_drop_01
a894380b9b48e0cf,wpn_pi_stiger_fire_npc_med_atmo
b1fee98addaf446a,fly_npc_pi_stiger_drop_02
d671bfe98afdff55,fly_npc_pi_stiger_inspect_empty_ext01_03
d671bae98afdf6d6,fly_npc_pi_stiger_inspect_empty_ext01_06
d671b8e98afdf370,fly_npc_pi_stiger_inspect_empty_ext01_04
c97ac1e5ca225581,fly_npc_pi_stiger_reload_empty_fast01_03
d671bbe98afdf889,fly_npc_pi_stiger_inspect_empty_ext01_07
d671b9e98afdf523,fly_npc_pi_stiger_inspect_empty_ext01_05
c97abfe5ca22521b,fly_npc_pi_stiger_reload_empty_fast01_01
e2a2179fe2cf757f,fly_npc_pi_stiger_drop_quick_01
d671c4e98afe07d4,fly_npc_pi_stiger_inspect_empty_ext01_08
c97ac2e5ca225734,fly_npc_pi_stiger_reload_empty_fast01_04
c97ac0e5ca2253ce,fly_npc_pi_stiger_reload_empty_fast01_02
2e1d8af1277c8417,fly_npc_pi_stiger_inspect_empty_ext02_04
d671c5e98afe0987,fly_npc_pi_stiger_inspect_empty_ext01_09
d0c7dea97f67c10c,fly_npc_pi_stiger_raise_01
c97ac3e5ca2258e7,fly_npc_pi_stiger_reload_empty_fast01_05
2e1d85f1277c7b98,fly_npc_pi_stiger_inspect_empty_ext02_01
d0c7e1a97f67c625,fly_npc_pi_stiger_raise_02
2e1d89f1277c8264,fly_npc_pi_stiger_inspect_empty_ext02_05
2e1a7ef1277a39dc,fly_npc_pi_stiger_inspect_empty_ext02_12
f1fccf0a56ad0944,fly_npc_pi_stiger_raise_quick_01
2e1d88f1277c80b1,fly_npc_pi_stiger_inspect_empty_ext02_02
c97ac4e5ca225a9a,fly_npc_pi_stiger_reload_empty_fast01_06
2e1d8cf1277c877d,fly_npc_pi_stiger_inspect_empty_ext02_06
d67542e98b0113c5,fly_npc_pi_stiger_inspect_empty_ext01_10
2e1a7ff1277a3b8f,fly_npc_pi_stiger_inspect_empty_ext02_13
fdc77bbcb7635389,wpn_pi_stiger_fire_plr_interrupt
2e1d87f1277c7efe,fly_npc_pi_stiger_inspect_empty_ext02_03
c97ac5e5ca225c4d,fly_npc_pi_stiger_reload_empty_fast01_07
d67541e98b011212,fly_npc_pi_stiger_inspect_empty_ext01_11
3667c959782c577c,wpn_pi_stiger_fire_npc
550d5e68546aeda6,wpn_pi_stiger_fire1_plr_atmo
32f95e86915ede92,wpn_pi_stiger_fire_plr_last_mech
2e1d8bf1277c85ca,fly_npc_pi_stiger_inspect_empty_ext02_07
e8ef85025dde21b6,fly_npc_pi_stiger_inspect_empty_01
c97ab6e5ca2242d0,fly_npc_pi_stiger_reload_empty_fast01_08
2e1d7ef1277c6fb3,fly_npc_pi_stiger_inspect_empty_ext02_08
726737c82882317f,wpn_pi_stiger_fire_plr_mech
d67540e98b01105f,fly_npc_pi_stiger_inspect_empty_ext01_12
f4e05f4ed1b22b4,wpn_pi_stiger_fire1_plr_atmo_int
b4fd5e2be9c35efc,wpn_pi_stiger_fire_npc_atmo
e8ef84025dde2003,fly_npc_pi_stiger_inspect_empty_02
5a2491f788e694ad,fly_npc_pi_stiger_inspect_empty_ext03_01
dbec4840b2c6872a,wpn_pi_stiger_fire1_plr_casing_eject
c97ab7e5ca224483,fly_npc_pi_stiger_reload_empty_fast01_09
3bf90c6488b140b1,wpn_pi_stiger_fire_plr_atmo_int
14bc6cd997f2ba77,wpn_pi_stiger_fire_plr_lfe
2e1d7df1277c6e00,fly_npc_pi_stiger_inspect_empty_ext02_09
c5cc767783064e6a,wpn_pi_stiger_fire_npc_lfe
2e1a80f1277a3d42,fly_npc_pi_stiger_inspect_empty_ext02_10
c97dc4e5ca249071,fly_npc_pi_stiger_reload_empty_fast01_10
5a248ef788e68f94,fly_npc_pi_stiger_inspect_empty_ext03_02
e8ef83025dde1e50,fly_npc_pi_stiger_inspect_empty_03
435ef008e5fe3260,wpn_pi_stiger_fire_npc_mech
2e1a81f1277a3ef5,fly_npc_pi_stiger_inspect_empty_ext02_11
e8ef8a025dde2a35,fly_npc_pi_stiger_inspect_empty_04
ea1ccda48679d45f,wpn_pi_stiger_fire_plr_atmo
d4dabcf7f70f8c2a,fly_plr_pi_stiger_transition_reload_empty_ext02_01_01
720318e18ac7c595,wpn_pi_stiger_fire1_plr_fcg
500ea06336241bef,wpn_pi_stiger_fire_plr_last_shot
e8ef89025dde2882,fly_npc_pi_stiger_inspect_empty_05
5a248ff788e69147,fly_npc_pi_stiger_inspect_empty_ext03_03
892b45c1fb5135c2,wpn_pi_stiger_fire1_plr_interrupt
52f0e71b50aa293e,wpn_pi_stiger_fire_plr_shot
e8ef88025dde26cf,fly_npc_pi_stiger_inspect_empty_06
efa2f57bdf0035d,wpn_pi_stiger_fire1_plr_last_mech
5a248cf788e68c2e,fly_npc_pi_stiger_inspect_empty_ext03_04
ce06ac8765471f4a,wpn_pi_stiger_fire1_plr_mech
5a248df788e68de1,fly_npc_pi_stiger_inspect_empty_ext03_05
c0c8f4d969278fba,wpn_pi_stiger_fire_plr_fcg
a456af31e17b6f2d,wpn_pi_stiger_fire_plr_last_fcg
5a248af788e688c8,fly_npc_pi_stiger_inspect_empty_ext03_06
c8c0b0e1bbf20d10,wpn_pi_stiger_fire1_plr_lfe
e2604ddaaabc2527,wpn_pi_stiger_fire1_plr_shot
5a248bf788e68a7b,fly_npc_pi_stiger_inspect_empty_ext03_07
de8099cf8e71f199,wpn_pi_stiger_fire2_plr_atmo
5a2488f788e68562,fly_npc_pi_stiger_inspect_empty_ext03_08
2e4af929425044cb,wpn_pi_stiger_fire2_plr_atmo_int
5a2489f788e68715,fly_npc_pi_stiger_inspect_empty_ext03_09
81eb9be8133e2cb5,wpn_pi_stiger_fire2_plr_casing_eject
5a27f6f788e97623,fly_npc_pi_stiger_inspect_empty_ext03_10
5a27f5f788e97470,fly_npc_pi_stiger_inspect_empty_ext03_11
9b20446743df6f0,wpn_pi_stiger_fire2_plr_fcg
9b666e7db7a05c42,fly_npc_la_pable3_drop_01
9b666d7db7a05a8f,fly_npc_la_pable3_drop_02
951ce43001305066,fly_npc_la_pable3_drop_quick_01
67cb2f489a54cc4b,fly_npc_la_pable3_raise_01
67cb30489a54cdfe,fly_npc_la_pable3_raise_02
e8011ac42506c843,fly_npc_la_pable3_raise_quick_01
77d8333077a9b133,fly_npc_la_stisaac_drop_01
1359311669caf29b,fly_npc_la_stisaac_drop_quick_01
90c161b627382060,fly_npc_la_stisaac_raise_quick_01
11b503a10888e908,fly_npc_la_stisaac_raise_01
e547457283607c8f,fly_npc_la_stisaac_inspect_empty_02
e547447283607adc,fly_npc_la_stisaac_inspect_empty_03
e547437283607929,fly_npc_la_stisaac_inspect_empty_04
e547427283607776,fly_npc_la_stisaac_inspect_empty_05
e5474172836075c3,fly_npc_la_stisaac_inspect_empty_06
e547467283607e42,fly_npc_la_stisaac_inspect_empty_01
8d5ff6e87b87bf79,fly_npc_ar_able18_reload_empty_ext02_13
7452177276de7973,fly_npc_ar_able18_inspect_empty_07
8d5ff7e87b87c12c,fly_npc_ar_able18_reload_empty_ext02_14
7452247276de8f8a,fly_npc_ar_able18_inspect_empty_08
7455a27276e19b7b,fly_npc_ar_able18_inspect_empty_10
fa828c42d4fee26f,fly_npc_ar_able18_ubgl_drop_01
7452257276de913d,fly_npc_ar_able18_inspect_empty_09
92b10bbc210b8a8f,fly_npc_ar_able18_ubgl_reload_01
92b10dbc210b8df5,fly_npc_ar_able18_ubgl_reload_03
2ce9b39503963347,fly_npc_ar_able18_ubgl_drop_quick_01
8d6378e87b8ad236,fly_npc_ar_able18_reload_empty_ext02_01
de0858fc7e07a08a,wpn_ar_able18_fire_plr_casing_eject
f3c94fd830441a6b,fly_npc_ar_able18_ubgl_from_grenade_01
92b10cbc210b8c42,fly_npc_ar_able18_ubgl_reload_02
92b106bc210b8210,fly_npc_ar_able18_ubgl_reload_04
92b109bc210b8729,fly_npc_ar_able18_ubgl_reload_07
3117a8fcff27aea8,wpn_ar_able18_fire_npc_dist
8d6377e87b8ad083,fly_npc_ar_able18_reload_empty_ext02_02
92b112bc210b9674,fly_npc_ar_able18_ubgl_reload_08
8d637ce87b8ad902,fly_npc_ar_able18_reload_empty_ext02_05
92b107bc210b83c3,fly_npc_ar_able18_ubgl_reload_05
92b113bc210b9827,fly_npc_ar_able18_ubgl_reload_09
8d637be87b8ad74f,fly_npc_ar_able18_reload_empty_ext02_06
1cbb20299a9a885a,wpn_ar_able18_fire_npc_med_atmo
8d6376e87b8aced0,fly_npc_ar_able18_reload_empty_ext02_03
92b108bc210b8576,fly_npc_ar_able18_ubgl_reload_06
f573076833184014,fly_npc_ar_able18_ubgl_raise_01
92b410bc210dc8e5,fly_npc_ar_able18_ubgl_reload_10
562b7091c300c03c,fly_npc_ar_able18_ubgl_raise_quick_01
8d5ff3e87b87ba60,fly_npc_ar_able18_reload_empty_ext02_10
8d637ae87b8ad59c,fly_npc_ar_able18_reload_empty_ext02_07
8d637de87b8adab5,fly_npc_ar_able18_reload_empty_ext02_04
8d5ff4e87b87bc13,fly_npc_ar_able18_reload_empty_ext02_11
8d6381e87b8ae181,fly_npc_ar_able18_reload_empty_ext02_08
8d5ff5e87b87bdc6,fly_npc_ar_able18_reload_empty_ext02_12
8d6380e87b8adfce,fly_npc_ar_able18_reload_empty_ext02_09
5726bbfc8ada3f9f,fly_npc_ar_able18_raise_quick_01
591f66c3f2f13797,fly_npc_ar_able18_raise_01
490881f6b6c4ceb4,fly_npc_ar_able18_ubgl_to_grenade_01
74521a7276de7e8c,fly_npc_ar_able18_inspect_empty_02
dae394e56c90469d,wpn_ar_able18_fire_npc_atmo
7452167276de77c0,fly_npc_ar_able18_inspect_empty_06
102c73af3782b9a1,wpn_ar_able18_fire_npc_lfe
8365d0dfc7c46214,wpn_ar_able18_fire_plr_atmo_int
74521b7276de803f,fly_npc_ar_able18_inspect_empty_03
5ac222c2615e56ed,wpn_ar_able18_fire_npc_mech
7452187276de7b26,fly_npc_ar_able18_inspect_empty_04
f35445aebb8c3fc6,wpn_ar_able18_fire_plr_atmo
ee1ba90af1d74c47,wpn_ar_able18_fire_npc
7452197276de7cd9,fly_npc_ar_able18_inspect_empty_05
fa60f749b13fbe62,wpn_ar_able18_fire_plr_interrupt
f5730a683318452d,fly_npc_ar_able18_ubgl_raise_02
fab9a4bf8426da3d,wpn_ar_able18_fire_plr_last_mech
74521d7276de83a5,fly_npc_ar_able18_inspect_empty_01
2b756b6c65c37bf8,wpn_ar_able18_fire_plr_last_shot
2a223525f9dc2247,wpn_ar_able18_fire_plr_shot
15c993d2b468cf6a,wpn_ar_able18_fire_plr_mech
a32521bbed6b0e0d,fly_npc_ar_able18_selectsemi_off_01
cc5093c4787f6fb0,wpn_ar_able18_fire_plr_lfe
a7ea001ebdc29f61,fly_npc_ar_able18_selectsemi_on_01
fffd020de6022ab8,wpn_ar_able18_fire_plr_first_fcg
1250d42fb2f44e34,wpn_ar_able18_fire_plr_last_fcg
b3ce45b0e52239c5,fly_npc_ar_love85_reload_empty_fast02_flip_01
6e308b8883678468,wpn_ar_love85_fire_plr_casing_eject
b3ce41b0e52232f9,fly_npc_ar_love85_reload_empty_fast02_flip_05
b3ce42b0e52234ac,fly_npc_ar_love85_reload_empty_fast02_flip_02
5f7463bec5a26490,fly_plr_ar_love85_inspect_ext02_01
b4795f53f23581db,fly_npc_ar_love85_inspect_ext02_01
b3ce3eb0e5222de0,fly_npc_ar_love85_reload_empty_fast02_flip_06
ac8db8498de9f33a,wpn_ar_love85_fire_npc_dist
5f7466bec5a269a9,fly_plr_ar_love85_inspect_ext02_02
b4796053f235838e,fly_npc_ar_love85_inspect_ext02_02
b3ce3fb0e5222f93,fly_npc_ar_love85_reload_empty_fast02_flip_07
b3ce43b0e522365f,fly_npc_ar_love85_reload_empty_fast02_flip_03
5f7465bec5a267f6,fly_plr_ar_love85_inspect_ext02_03
b4796153f2358541,fly_npc_ar_love85_inspect_ext02_03
5f746abec5a27075,fly_plr_ar_love85_inspect_ext02_06
b4796453f2358a5a,fly_npc_ar_love85_inspect_ext02_06
5f746cbec5a273db,fly_plr_ar_love85_inspect_ext02_08
b4795653f2357290,fly_npc_ar_love85_inspect_ext02_08
d1fb8aae43154814,fly_npc_ar_love85_drop_01
5f7468bec5a26d0f,fly_plr_ar_love85_inspect_ext02_04
b3ce40b0e5223146,fly_npc_ar_love85_reload_empty_fast02_flip_04
331e8bcb480178e0,wpn_ar_love85_fire_npc_med_atmo
1e66b9258e87883c,fly_npc_ar_love85_drop_quick_01
5ca7c50d0d46296b,fly_npc_ar_love85_reload_fast02_flip_01
5f746bbec5a27228,fly_plr_ar_love85_inspect_ext02_09
b4795753f2357443,fly_npc_ar_love85_inspect_ext02_09
b16f2b7d85db4341,fly_npc_ar_love85_inspect_empty_fast02_08
5f7469bec5a26ec2,fly_plr_ar_love85_inspect_ext02_07
b4796553f2358c0d,fly_npc_ar_love85_inspect_ext02_07
5ca7c60d0d462b1e,fly_npc_ar_love85_reload_fast02_flip_02
5f7467bec5a26b5c,fly_plr_ar_love85_inspect_ext02_05
b4796353f23588a7,fly_npc_ar_love85_inspect_ext02_05
b47c6453f237c031,fly_npc_ar_love85_inspect_ext02_10
5f70febec59f831a,fly_plr_ar_love85_inspect_ext02_10
b16f227d85db33f6,fly_npc_ar_love85_inspect_empty_fast02_01
b16f2a7d85db418e,fly_npc_ar_love85_inspect_empty_fast02_09
eac98201ec0720b5,fly_npc_ar_love85_raise_quick_01
5ca7c70d0d462cd1,fly_npc_ar_love85_reload_fast02_flip_03
b16b9f7d85d81f86,fly_npc_ar_love85_inspect_empty_fast02_12
bdf2449a3fd3a019,fly_npc_ar_love85_raise_01
b16f217d85db3243,fly_npc_ar_love85_inspect_empty_fast02_02
5ca7c80d0d462e84,fly_npc_ar_love85_reload_fast02_flip_04
b16b9d7d85d81c20,fly_npc_ar_love85_inspect_empty_fast02_10
5ca7c90d0d463037,fly_npc_ar_love85_reload_fast02_flip_05
b16ba07d85d82139,fly_npc_ar_love85_inspect_empty_fast02_13
5ca7cb0d0d46339d,fly_npc_ar_love85_reload_fast02_flip_07
b16f207d85db3090,fly_npc_ar_love85_inspect_empty_fast02_03
b16b9e7d85d81dd3,fly_npc_ar_love85_inspect_empty_fast02_11
5ca7bc0d0d461a20,fly_npc_ar_love85_reload_fast02_flip_08
b16f277d85db3c75,fly_npc_ar_love85_inspect_empty_fast02_04
5ca7ca0d0d4631ea,fly_npc_ar_love85_reload_fast02_flip_06
e6c7c8734bf985bf,wpn_ar_love85_fire_npc_atmo
5ca7bd0d0d461bd3,fly_npc_ar_love85_reload_fast02_flip_09
b16f267d85db3ac2,fly_npc_ar_love85_inspect_empty_fast02_05
8ea4a1bae0c9d357,wpn_ar_love85_fire_npc_lfe
6f123296ee01e2df,wpn_ar_love85_fire_npc_mech
6b58bbf3dd49ef62,wpn_ar_love85_fire_plr_atmo_int
b16f257d85db390f,fly_npc_ar_love85_inspect_empty_fast02_06
dbec9814c4b05c7d,wpn_ar_love85_fire_npc
6989c0a669e397e4,wpn_ar_love85_fire_plr_atmo
eb523d6c3db3b7c,wpn_ar_love85_fire_plr_interrupt
1fb6da1a8fb9dce2,wpn_ar_love85_fire_plr_first_fcg
b16f247d85db375c,fly_npc_ar_love85_inspect_empty_fast02_07
3c62b9bd7d180237,wpn_ar_love85_fire_plr_last_mech
52e508891c35d536,wpn_ar_love85_fire_plr_last_shot
4f16730b3fd21b28,wpn_ar_love85_fire_plr_mech
414cfc3c3edd1ba1,wpn_ar_love85_fire_plr_shot
22ba05754fe6c7a7,fly_npc_ar_love85_selectsemi_off_01
c847909b6856a332,wpn_ar_love85_fire_plr_lfe
3b870020e6343642,wpn_ar_love85_fire_plr_last_fcg
4688629c2b35d393,fly_npc_ar_love85_selectsemi_on_01
193fa2f8f2204bc9,fly_npc_sn_love96_inspect_ext01_04
804737255e82bfab,fly_npc_sn_love96_transition_reload_empty_ext02_01_02
193fa1f8f2204a16,fly_npc_sn_love96_inspect_ext01_05
d97bf83ea5d3e7d1,fly_npc_sn_love96_transition_reload_empty_ext02_02_01
193fa0f8f2204863,fly_npc_sn_love96_inspect_ext01_06
193f9ff8f22046b0,fly_npc_sn_love96_inspect_ext01_07
193faef8f220602d,fly_npc_sn_love96_inspect_ext01_08
a97c4f40330077aa,fly_npc_sn_love96_reload_fast01_01
a97c4b40330070de,fly_npc_sn_love96_reload_fast01_05
193c22f8f21d3c72,fly_npc_sn_love96_inspect_ext01_12
a97c4e40330075f7,fly_npc_sn_love96_reload_fast01_02
a97c4a4033006f2b,fly_npc_sn_love96_reload_fast01_06
193fadf8f2205e7a,fly_npc_sn_love96_inspect_ext01_09
72ad786d1c7a0e61,fly_npc_sn_love96_transition_reload_empty_fast01_01_02
47a92610ff15d435,fly_npc_sn_love96_inspect_ext02_01
193c23f8f21d3e25,fly_npc_sn_love96_inspect_ext01_13
193c20f8f21d390c,fly_npc_sn_love96_inspect_ext01_10
336f0e79edef38be,fly_npc_sn_love96_drop_01
72ad756d1c7a0948,fly_npc_sn_love96_transition_reload_empty_fast01_01_01
a97c4d4033007444,fly_npc_sn_love96_reload_fast01_03
15a35b7f00ba2e34,wpn_sn_love96_fire_npc_dist
a97c494033006d78,fly_npc_sn_love96_reload_fast01_07
9be56d61d1fc895f,fly_npc_sn_love96_transition_reload_empty_fast01_02_01
47a92310ff15cf1c,fly_npc_sn_love96_inspect_ext02_02
47a91f10ff15c850,fly_npc_sn_love96_inspect_ext02_06
3392fc1e4c0efc19,fly_npc_sn_love96_reload_empty_06
193c21f8f21d3abf,fly_npc_sn_love96_inspect_ext01_11
5d79381c286022ee,wpn_sn_love96_fire_npc_med_atmo
336f0d79edef370b,fly_npc_sn_love96_drop_02
a97c4c4033007291,fly_npc_sn_love96_reload_fast01_04
47a92010ff15ca03,fly_npc_sn_love96_inspect_ext02_07
a97c484033006bc5,fly_npc_sn_love96_reload_fast01_08
47a92410ff15d0cf,fly_npc_sn_love96_inspect_ext02_03
3392fd1e4c0efdcc,fly_npc_sn_love96_reload_empty_01
3392fb1e4c0efa66,fly_npc_sn_love96_reload_empty_07
47a92d10ff15e01a,fly_npc_sn_love96_inspect_ext02_08
3393001e4c0f02e5,fly_npc_sn_love96_reload_empty_02
47a92110ff15cbb6,fly_npc_sn_love96_inspect_ext02_04
165ad85ddab0092,fly_npc_sn_love96_reload_empty_fast01_07
47a92e10ff15e1cd,fly_npc_sn_love96_inspect_ext02_09
338ff81e4c0cbf76,fly_npc_sn_love96_reload_empty_10
3393061e4c0f0d17,fly_npc_sn_love96_reload_empty_08
3392ff1e4c0f0132,fly_npc_sn_love96_reload_empty_03
a97c474033006a12,fly_npc_sn_love96_reload_fast01_09
47ac2b10ff18128b,fly_npc_sn_love96_inspect_ext02_10
3392fa1e4c0ef8b3,fly_npc_sn_love96_reload_empty_04
338ff91e4c0cc129,fly_npc_sn_love96_reload_empty_11
3393051e4c0f0b64,fly_npc_sn_love96_reload_empty_09
8f13536fa14aaf02,fly_npc_sn_love96_drop_quick_01
47a92210ff15cd69,fly_npc_sn_love96_inspect_ext02_05
3392f91e4c0ef700,fly_npc_sn_love96_reload_empty_05
165a785ddaaf660,fly_npc_sn_love96_reload_empty_fast01_01
47ac2a10ff1810d8,fly_npc_sn_love96_inspect_ext02_11
3aebc07281c5778f,fly_npc_sn_love96_raise_quick_01
2700e2f0acf00927,fly_npc_sn_love96_raise_01
165b085ddab05ab,fly_npc_sn_love96_reload_empty_fast01_08
2700e3f0acf00ada,fly_npc_sn_love96_raise_02
47ac2d10ff1815f1,fly_npc_sn_love96_inspect_ext02_12
2bd060582898a2e5,fly_npc_sn_love96_inspect_fast01_01
165af85ddab03f8,fly_npc_sn_love96_reload_empty_fast01_09
2700e4f0acf00c8d,fly_npc_sn_love96_raise_03
165aa85ddaafb79,fly_npc_sn_love96_reload_empty_fast01_02
2bd05d5828989dcc,fly_npc_sn_love96_inspect_fast01_02
1624285dda814ea,fly_npc_sn_love96_reload_empty_fast01_10
27d5e8b71db27640,wpn_sn_love96_fire_plr_atmo_int
62faafa95a073d81,wpn_sn_love96_fire_npc_atmo
47ac2c10ff18143e,fly_npc_sn_love96_inspect_ext02_13
2bd05e5828989f7f,fly_npc_sn_love96_inspect_fast01_03
d4b72b9bcf87480d,wpn_sn_love96_fire_npc_lfe
165a985ddaaf9c6,fly_npc_sn_love96_reload_empty_fast01_03
2bd05a58289898b3,fly_npc_sn_love96_inspect_fast01_07
d454d5cc5d9222f9,wpn_sn_love96_fire_npc_mech
193fa3f8f2204d7c,fly_npc_sn_love96_inspect_ext01_03
2bd05b5828989a66,fly_npc_sn_love96_inspect_fast01_04
2bd067582898aeca,fly_npc_sn_love96_inspect_fast01_08
62f3606895256d13,wpn_sn_love96_fire_npc
47ac2f10ff181957,fly_npc_sn_love96_inspect_ext02_14
165ac85ddaafedf,fly_npc_sn_love96_reload_empty_fast01_04
2bd05c5828989c19,fly_npc_sn_love96_inspect_fast01_05
b7c9c2aa9c0d907,fly_npc_sn_love96_transition_reload_empty_ext01_01_01
2bd068582898b07d,fly_npc_sn_love96_inspect_fast01_09
a7f332e4aab90e2a,wpn_sn_love96_fire_plr_atmo
56b6dca3b03770b4,wpn_sn_love96_fire_plr_last_shot
193fa5f8f22050e2,fly_npc_sn_love96_inspect_ext01_01
2bd0595828989700,fly_npc_sn_love96_inspect_fast01_06
165ab85ddaafd2c,fly_npc_sn_love96_reload_empty_fast01_05
f030ca56d9f8b943,wpn_sn_love96_fire_plr_shot
de33ba30bc203f1e,wpn_sn_love96_fire_plr_interrupt
b7c9d2aa9c0daba,fly_npc_sn_love96_transition_reload_empty_ext01_01_02
2bd3e558289bbabb,fly_npc_sn_love96_inspect_fast01_10
193fa4f8f2204f2f,fly_npc_sn_love96_inspect_ext01_02
165ae85ddab0245,fly_npc_sn_love96_reload_empty_fast01_06
2bd3e458289bb908,fly_npc_sn_love96_inspect_fast01_11
6bda2639a8298de9,wpn_sn_love96_fire_plr_last_mech
829f7b041d10e2a9,wpn_sn_love96_fire_plr_fcg
61e24432452a5fb0,fly_npc_sn_love96_transition_reload_empty_ext01_02_01
78dfbbb37d582d98,wpn_sn_love96_fire_plr_last_fcg
2bd3e758289bbe21,fly_npc_sn_love96_inspect_fast01_12
17157949ce4c56b6,wpn_sn_love96_fire_plr_mech
61e24732452a64c9,fly_npc_sn_love96_transition_reload_empty_ext01_02_02
8acd930fcdfa552c,fly_npc_sn_love96_transition_reload_empty_01_01
2bd3e658289bbc6e,fly_npc_sn_love96_inspect_fast01_13
d941f3044e242c0c,wpn_sn_love96_fire_plr_lfe
804738255e82c15e,fly_npc_sn_love96_transition_reload_empty_ext02_01_01
8acd960fcdfa5a45,fly_npc_sn_love96_transition_reload_empty_01_02
5ec68b096c9042e3,fly_npc_sn_love96_transition_reload_empty_02_01
5ec68c096c904496,fly_npc_sn_love96_transition_reload_empty_02_02
dfecb99bba81e8ec,fly_npc_sh_uncle12_inspect_ext02_01
27d2aada12a75743,wpn_sh_uncle12_fire_npc_dist
dfecbc9bba81ee05,fly_npc_sh_uncle12_inspect_ext02_02
8307526516c08bd9,wpn_sh_uncle12_fire_npc_med_atmo
dfecb89bba81e739,fly_npc_sh_uncle12_inspect_ext02_06
3e9458d1b45edce5,fly_npc_sh_uncle12_drop_01
dfecbb9bba81ec52,fly_npc_sh_uncle12_inspect_ext02_03
3e9455d1b45ed7cc,fly_npc_sh_uncle12_drop_02
dfecb79bba81e586,fly_npc_sh_uncle12_inspect_ext02_07
dfecb69bba81e3d3,fly_npc_sh_uncle12_inspect_ext02_04
dfecc29bba81f837,fly_npc_sh_uncle12_inspect_ext02_08
dfecb59bba81e220,fly_npc_sh_uncle12_inspect_ext02_05
dfecc19bba81f684,fly_npc_sh_uncle12_inspect_ext02_09
b13b8eba48ad3ea2,fly_npc_sh_uncle12_inspect_empty_ext02_01
dfe9329bba7ecdb0,fly_npc_sh_uncle12_inspect_ext02_12
b13b8bba48ad3989,fly_npc_sh_uncle12_inspect_empty_ext02_04
dfe9349bba7ed116,fly_npc_sh_uncle12_inspect_ext02_10
3672aaa935fa18b1,fly_npc_sh_uncle12_drop_quick_01
b13b8dba48ad3cef,fly_npc_sh_uncle12_inspect_empty_ext02_02
694872269309682e,fly_npc_sh_uncle12_raise_01
b13b8aba48ad37d6,fly_npc_sh_uncle12_inspect_empty_ext02_05
9c094182d8fbc012,fly_npc_sh_uncle12_raise_quick_01
dfe9359bba7ed2c9,fly_npc_sh_uncle12_inspect_ext02_11
694871269309667b,fly_npc_sh_uncle12_raise_02
b13b89ba48ad3623,fly_npc_sh_uncle12_inspect_empty_ext02_06
b1380bba48aa2a32,fly_npc_sh_uncle12_inspect_empty_ext02_12
b13805ba48aa2000,fly_npc_sh_uncle12_inspect_empty_ext02_14
b13b88ba48ad3470,fly_npc_sh_uncle12_inspect_empty_ext02_07
d4ad7f7dbfce5527,wpn_sh_uncle12_fire_plr_interrupt
b1380cba48aa2be5,fly_npc_sh_uncle12_inspect_empty_ext02_13
b13b97ba48ad4ded,fly_npc_sh_uncle12_inspect_empty_ext02_08
b13807ba48aa2366,fly_npc_sh_uncle12_inspect_empty_ext02_16
1763026e3af124d8,wpn_sh_uncle12_fire_plr_last_mech
b13b96ba48ad4c3a,fly_npc_sh_uncle12_inspect_empty_ext02_09
64883ca3d272947e,wpn_sh_uncle12_fire_npc
53640680988963a9,wpn_sh_uncle12_fire_plr_mech
1f23c2afe00f247a,wpn_sh_uncle12_fire_npc_atmo
52d6eba3c8531b03,wpn_sh_uncle12_fire_plr
f1b13edc2a010f9c,wpn_sh_uncle12_fire_npc_lfe
91c6e3268844981d,wpn_sh_uncle12_fire_plr_lfe
2bf90b95a362091f,wpn_sh_uncle12_fire_plr_last_fcg
b1380aba48aa287f,fly_npc_sh_uncle12_inspect_empty_ext02_11
3d05b25820af7753,wpn_sh_uncle12_fire_plr_atmo_int
a0e8e9159e77e3a6,wpn_sh_uncle12_fire_npc_mech
ce579479741d1814,wpn_sh_uncle12_fire_plr_last
b531bb81adece26d,wpn_sh_uncle12_fire_plr_first_fcg
78088061e16ee851,wpn_sh_uncle12_fire_plr_atmo
64ac4968fb47478,wpn_sn_mary82_fire_plr_casing_eject
b0bb82beaac3994a,wpn_sn_mary82_fire_npc_dist
bd06ccecbd986330,wpn_sn_mary82_fire_npc_med_atmo
d55992e7cb7727af,wpn_sn_mary82_fire_npc_atmo
d12022e4edaa8047,wpn_sn_mary82_fire_npc_lfe
46c1dd0acf0e87af,wpn_sn_mary82_fire_npc_mech
b8df295da2f3b64d,wpn_sn_mary82_fire_npc
b5e164a6280ef274,wpn_sn_mary82_fire_plr_atmo
ebd50e5dbf870a94,wpn_sn_mary82_fire_plr
1c795dc2c4bd3e4c,wpn_sn_mary82_fire_plr_interrupt
ce6585ac5cfa639f,wpn_sn_mary82_fire_plr_fcg
44ec67e0733da7e7,wpn_sn_mary82_fire_plr_last_mech
6cb57bbc33b73a6,wpn_sn_mary82_fire_plr_last_shot
d39757719adb8812,wpn_sn_mary82_fire_plr_last_fcg
2b7d525437726172,wpn_sn_mary82_fire_plr_atmo_int
ae10f70b98d2ec58,wpn_sn_mary82_fire_plr_mech
939dac78e49102,wpn_sn_mary82_fire_plr_lfe
dc36daadaea4804a,wpn_sh_jhavana_fire_npc_dist
427bb550ec9f3a30,wpn_sh_jhavana_fire_npc_med_atmo
e8f73ffead5c934c,wpn_sh_jhavana_fire_plr_interrupt
116a4a1c5bdcfce7,wpn_sh_jhavana_fire_plr_last_mech
d98c4efa9cb3d358,wpn_sh_jhavana_fire_plr_mech
7e933a1d18c8634d,wpn_sh_jhavana_fire_npc
b1891f1d355bb794,wpn_sh_jhavana_fire_plr
d4ead6cf580eaf,wpn_sh_jhavana_fire_npc_atmo
85f7f3cc36668e02,wpn_sh_jhavana_fire_plr_lfe
b0f23ab866793872,wpn_sh_jhavana_fire_plr_atmo_int
56847904ab2c7d47,wpn_sh_jhavana_fire_npc_lfe
35ec890088913cc5,wpn_sh_jhavana_fire_plr_last
723d34f9d2ef6eaf,wpn_sh_jhavana_fire_npc_mech
e15cbc952befd974,wpn_sh_jhavana_fire_plr_atmo
68b46893458801b2,wpn_sh_jhavana_fire_plr_first_fcg
590c3fd5c9e25f12,wpn_sh_jhavana_fire_plr_last_fcg
6d354e93c6d44429,fly_npc_ar_tbaker_reload_empty_ext02_13
a37240323beee538,fly_npc_ar_tbaker_reload_ext01_04
c66d14ad0e27aaa5,fly_npc_ar_tbaker_reload_empty_ext01_05
6d354f93c6d445dc,fly_npc_ar_tbaker_reload_empty_ext02_14
a37241323beee6eb,fly_npc_ar_tbaker_reload_ext01_05
c66d11ad0e27a58c,fly_npc_ar_tbaker_reload_empty_ext01_06
a37243323beeea51,fly_npc_ar_tbaker_reload_ext01_07
a37242323beee89e,fly_npc_ar_tbaker_reload_ext01_06
d90d5ab574525d3f,fly_npc_ar_tbaker_ubgl_drop_01
c66d12ad0e27a73f,fly_npc_ar_tbaker_reload_empty_ext01_07
dce4b69c6f212bbf,fly_npc_ar_tbaker_ubgl_reload_01
a3723c323beede6c,fly_npc_ar_tbaker_reload_ext01_08
c66d17ad0e27afbe,fly_npc_ar_tbaker_reload_empty_ext01_08
cf792d389d58c9a0,fly_npc_ar_tbaker_reload_ext02_01
322870ca25a87277,fly_npc_ar_tbaker_ubgl_drop_quick_01
dce4b29c6f2124f3,fly_npc_ar_tbaker_ubgl_reload_05
ca2a625fba5d05d1,fly_npc_ar_tbaker_reload_fast01_04
da086159a1b7b5db,fly_npc_ar_tbaker_ubgl_from_grenade_01
5bfd0e9a7906beea,wpn_ar_tbaker_fire_plr_casing_eject
dce4b79c6f212d72,fly_npc_ar_tbaker_ubgl_reload_02
a3723d323beee01f,fly_npc_ar_tbaker_reload_ext01_09
ca2a655fba5d0aea,fly_npc_ar_tbaker_reload_fast01_01
6d384e93c6d67a00,fly_npc_ar_tbaker_reload_empty_ext02_03
c66d18ad0e27b171,fly_npc_ar_tbaker_reload_empty_ext01_09
cf7930389d58ceb9,fly_npc_ar_tbaker_reload_ext02_02
84460079992e332a,fly_npc_ar_tbaker_ubgl_inspect_03
8445fe79992e2fc4,fly_npc_ar_tbaker_ubgl_inspect_01
dce4b39c6f2126a6,fly_npc_ar_tbaker_ubgl_reload_06
dce4b89c6f212f25,fly_npc_ar_tbaker_ubgl_reload_03
a375ca323bf2058d,fly_npc_ar_tbaker_reload_ext01_10
cf792f389d58cd06,fly_npc_ar_tbaker_reload_ext02_03
dce4b49c6f212859,fly_npc_ar_tbaker_ubgl_reload_07
d7675053e7049f48,wpn_ar_tbaker_fire_npc_dist
6d385593c6d685e5,fly_npc_ar_tbaker_reload_empty_ext02_04
ca2a645fba5d0937,fly_npc_ar_tbaker_reload_fast01_02
ca2a615fba5d041e,fly_npc_ar_tbaker_reload_fast01_05
8445fb79992e2aab,fly_npc_ar_tbaker_ubgl_inspect_04
cf7932389d58d21f,fly_npc_ar_tbaker_reload_ext02_04
84460179992e34dd,fly_npc_ar_tbaker_ubgl_inspect_02
c67095ad0e2abbaf,fly_npc_ar_tbaker_reload_empty_ext01_10
cf7936389d58d8eb,fly_npc_ar_tbaker_reload_ext02_08
ca2a635fba5d0784,fly_npc_ar_tbaker_reload_fast01_03
a375c9323bf203da,fly_npc_ar_tbaker_reload_ext01_11
dce4b19c6f212340,fly_npc_ar_tbaker_ubgl_reload_04
2e5d5ede5df81efe,fly_npc_ar_tbaker_drop_01
6d385893c6d68afe,fly_npc_ar_tbaker_reload_empty_ext02_09
6d385493c6d68432,fly_npc_ar_tbaker_reload_empty_ext02_05
ca2a5f5fba5d00b8,fly_npc_ar_tbaker_reload_fast01_07
cf7931389d58d06c,fly_npc_ar_tbaker_reload_ext02_05
6f395c737bc2ae44,fly_npc_ar_tbaker_ubgl_raise_01
ca2a605fba5d026b,fly_npc_ar_tbaker_reload_fast01_06
c4c912ffffeee4ba,wpn_ar_tbaker_fire_npc_med_atmo
8445fa79992e28f8,fly_npc_ar_tbaker_ubgl_inspect_05
cf7935389d58d738,fly_npc_ar_tbaker_reload_ext02_09
cf75c8389d55e82a,fly_npc_ar_tbaker_reload_ext02_10
ca2a5e5fba5cff05,fly_npc_ar_tbaker_reload_fast01_08
6d385093c6d67d66,fly_npc_ar_tbaker_reload_empty_ext02_01
bb892994e07e404c,fly_npc_ar_tbaker_ubgl_raise_quick_01
cf7934389d58d585,fly_npc_ar_tbaker_reload_ext02_06
6d354b93c6d43f10,fly_npc_ar_tbaker_reload_empty_ext02_10
cf75c9389d55e9dd,fly_npc_ar_tbaker_reload_ext02_11
ca2a5d5fba5cfd52,fly_npc_ar_tbaker_reload_fast01_09
832e775c0fc65042,fly_npc_ar_tbaker_drop_quick_01
6d385393c6d6827f,fly_npc_ar_tbaker_reload_empty_ext02_06
f085bbcd4b951c06,fly_npc_ar_tbaker_reload_empty_fast01_03
6d354c93c6d440c3,fly_npc_ar_tbaker_reload_empty_ext02_11
cf7933389d58d3d2,fly_npc_ar_tbaker_reload_ext02_07
c66d10ad0e27a3d9,fly_npc_ar_tbaker_reload_empty_ext01_01
f085becd4b95211f,fly_npc_ar_tbaker_reload_empty_fast01_04
6d384f93c6d67bb3,fly_npc_ar_tbaker_reload_empty_ext02_02
f085b9cd4b9518a0,fly_npc_ar_tbaker_reload_empty_fast01_01
6d385293c6d680cc,fly_npc_ar_tbaker_reload_empty_ext02_07
b5b741446264c9cf,fly_npc_ar_tbaker_raise_quick_01
a37245323beeedb7,fly_npc_ar_tbaker_reload_ext01_01
6d354d93c6d44276,fly_npc_ar_tbaker_reload_empty_ext02_12
c66d0dad0e279ec0,fly_npc_ar_tbaker_reload_empty_ext01_02
f085bdcd4b951f6c,fly_npc_ar_tbaker_reload_empty_fast01_05
f085bccd4b951db9,fly_npc_ar_tbaker_reload_empty_fast01_02
6d385993c6d68cb1,fly_npc_ar_tbaker_reload_empty_ext02_08
a2d9974390d971a4,fly_npc_ar_tbaker_ubgl_to_grenade_01
a37246323beeef6a,fly_npc_ar_tbaker_reload_ext01_02
16352cddb2c767,fly_npc_ar_tbaker_raise_01
c66d0ead0e27a073,fly_npc_ar_tbaker_reload_empty_ext01_03
f085c0cd4b952485,fly_npc_ar_tbaker_reload_empty_fast01_06
81333c3c546d373d,wpn_ar_tbaker_fire_npc_atmo
16362cddb2c91a,fly_npc_ar_tbaker_raise_02
da086259a1b7b78e,fly_npc_ar_tbaker_ubgl_from_grenade_02
a37247323beef11d,fly_npc_ar_tbaker_reload_ext01_03
c66d13ad0e27a8f2,fly_npc_ar_tbaker_reload_empty_ext01_04
1fe10c90d075c3c1,wpn_ar_tbaker_fire_npc_lfe
f085bfcd4b9522d2,fly_npc_ar_tbaker_reload_empty_fast01_07
e1b29dcd1e734574,wpn_ar_tbaker_fire_plr_atmo_int
16372cddb2cacd,fly_npc_ar_tbaker_raise_03
fdabca1946581e8d,wpn_ar_tbaker_fire_npc_mech
669056aed721d362,wpn_ar_tbaker_fire_plr
da086359a1b7b941,fly_npc_ar_tbaker_ubgl_from_grenade_03
f085c2cd4b9527eb,fly_npc_ar_tbaker_reload_empty_fast01_08
6ae745af6ab9e9a7,wpn_ar_tbaker_fire_npc
7d508d72703c8977,wpn_ar_tbaker_fire_plr_last
fe7b05488b829066,wpn_ar_tbaker_fire_plr_atmo
6f395f737bc2b35d,fly_npc_ar_tbaker_ubgl_raise_02
b76908dbda6e3582,wpn_ar_tbaker_fire_plr_interrupt
f085c1cd4b952638,fly_npc_ar_tbaker_reload_empty_fast01_09
6d21087d1d03e618,wpn_ar_tbaker_fire_plr_first_fcg
94ec73b88195bd1d,wpn_ar_tbaker_fire_plr_last_mech
f08254cd4b92372a,fly_npc_ar_tbaker_reload_empty_fast01_10
20f0536c845f200a,wpn_ar_tbaker_fire_plr_mech
9c12c6e49a86ffd0,wpn_ar_tbaker_fire_plr_lfe
c721a11821a2d394,wpn_ar_tbaker_fire_plr_last_fcg
a2d99a4390d976bd,fly_npc_ar_tbaker_ubgl_to_grenade_02
e2fecdd6be497c3f,fly_npc_sl_blauncher_drop_01
aa9f2e2b61ae9029,wpn_sl_blauncher_fire_npc_dist
6b7244078227257c,fly_npc_sl_blauncher_reload_empty_06
f7c9f1d131df6d23,wpn_sl_blauncher_fire_npc_med_atmo
6b724307822723c9,fly_npc_sl_blauncher_reload_empty_01
6b72400782271eb0,fly_npc_sl_blauncher_reload_empty_02
6b7245078227272f,fly_npc_sl_blauncher_reload_empty_07
6b72410782272063,fly_npc_sl_blauncher_reload_empty_03
6b724a0782272fae,fly_npc_sl_blauncher_reload_empty_08
6b724607822728e2,fly_npc_sl_blauncher_reload_empty_04
4b9efe042aac5b44,fly_npc_sl_blauncher_raise_01
6b72470782272a95,fly_npc_sl_blauncher_reload_empty_05
437ad3396b53c54c,fly_npc_sl_blauncher_raise_quick_01
802749bfeea85977,fly_npc_sl_blauncher_drop_quick_01
6b724b0782273161,fly_npc_sl_blauncher_reload_empty_09
4b9f01042aac605d,fly_npc_sl_blauncher_raise_02
4b9f00042aac5eaa,fly_npc_sl_blauncher_raise_03
8cf5d2434415eef0,wpn_sl_blauncher_fire_npc_atmo
90c5c1fed791f3f9,wpn_sl_blauncher_fire_plr
1f97b4ec3da5ba16,wpn_sl_blauncher_fire_npc_lfe
ad9896fe56574258,wpn_sl_blauncher_fire_npc
23486c66ed224aac,wpn_sl_blauncher_fire_npc_mech
62ce70353fb6c543,wpn_sl_blauncher_fire_plr_atmo
29383aea5fe403de,wpn_sl_blauncher_fire_plr_fcg
4816dbffe0132e95,wpn_sl_blauncher_fire_plr_interrupt
3386929a08da54cb,wpn_sl_blauncher_fire_plr_mech
7fd3e2ea90f18023,wpn_sl_blauncher_fire_plr_lfe
ee0f2715daadc722,fly_npc_ar_kent_inspect_01
d057a3f215b12f52,fly_npc_ar_kent_inspect_empty_07
ee0f2615daadc56f,fly_npc_ar_kent_inspect_02
624b0c84957d1ada,fly_npc_ar_kent_ubgl_inspect_06
ee0f2415daadc209,fly_npc_ar_kent_inspect_04
d057a6f215b1346b,fly_npc_ar_kent_inspect_empty_08
ee0f2515daadc3bc,fly_npc_ar_kent_inspect_03
ee0f2315daadc056,fly_npc_ar_kent_inspect_05
d057a5f215b132b8,fly_npc_ar_kent_inspect_empty_09
f5fc03224300502e,fly_npc_ar_kent_ubgl_drop_01
7ec36359dc7d6844,fly_npc_ar_kent_inspect_empty_fast01_01
ee0f2115daadbcf0,fly_npc_ar_kent_inspect_07
d05438f215ae43aa,fly_npc_ar_kent_inspect_empty_10
7ec36659dc7d6d5d,fly_npc_ar_kent_inspect_empty_fast01_02
ee0f2215daadbea3,fly_npc_ar_kent_inspect_06
fc82fd7ca80b290e,fly_npc_ar_kent_ubgl_reload_01
11d8bfde66656812,fly_npc_ar_kent_ubgl_drop_quick_01
d05439f215ae455d,fly_npc_ar_kent_inspect_empty_11
d05435f215ae3e91,fly_npc_ar_kent_inspect_empty_15
ee0f3015daadd66d,fly_npc_ar_kent_inspect_08
fc83017ca80b2fda,fly_npc_ar_kent_ubgl_reload_05
7ec36559dc7d6baa,fly_npc_ar_kent_inspect_empty_fast01_03
ee0ba315daaab0ff,fly_npc_ar_kent_inspect_11
fbec0fcd8f27b7c6,fly_npc_ar_kent_ubgl_from_grenade_01
d05436f215ae4044,fly_npc_ar_kent_inspect_empty_12
fc82fc7ca80b275b,fly_npc_ar_kent_ubgl_reload_02
7ec36159dc7d64de,fly_npc_ar_kent_inspect_empty_fast01_07
ee0f2f15daadd4ba,fly_npc_ar_kent_inspect_09
d05432f215ae3978,fly_npc_ar_kent_inspect_empty_16
fc83007ca80b2e27,fly_npc_ar_kent_ubgl_reload_06
a28a286f518d277,fly_npc_ar_kent_reload_empty_ext02_03
624b0784957d125b,fly_npc_ar_kent_ubgl_inspect_01
7ec36059dc7d632b,fly_npc_ar_kent_inspect_empty_fast01_04
624b0a84957d1774,fly_npc_ar_kent_ubgl_inspect_04
d05437f215ae41f7,fly_npc_ar_kent_inspect_empty_13
ee0ba415daaab2b2,fly_npc_ar_kent_inspect_12
fc82fb7ca80b25a8,fly_npc_ar_kent_ubgl_reload_03
ee0ba215daaaaf4c,fly_npc_ar_kent_inspect_10
d1b86d14dc1b2ab7,fly_npc_ar_kent_reload_ext02_01
3cc2c76777366623,wpn_ar_kent_fire_npc_med
f6a28f9381456507,fly_npc_ar_kent_reload_03
fc82ff7ca80b2c74,fly_npc_ar_kent_ubgl_reload_07
f6a28c9381455fee,fly_npc_ar_kent_reload_04
46348017dfd0ccab,wpn_ar_kent_fire_npc_dist
d1b86b14dc1b2751,fly_npc_ar_kent_reload_ext02_07
624b0884957d140e,fly_npc_ar_kent_ubgl_inspect_02
d1b86f14dc1b2e1d,fly_npc_ar_kent_reload_ext02_03
d05434f215ae3cde,fly_npc_ar_kent_inspect_empty_14
f6a291938145686d,fly_npc_ar_kent_reload_01
a289f86f518cd5e,fly_npc_ar_kent_reload_empty_ext02_04
fc83027ca80b318d,fly_npc_ar_kent_ubgl_reload_04
7ec35b59dc7d5aac,fly_npc_ar_kent_inspect_empty_fast01_09
d1b86e14dc1b2c6a,fly_npc_ar_kent_reload_ext02_02
7ec35f59dc7d6178,fly_npc_ar_kent_inspect_empty_fast01_05
a3bd974db80f470c,fly_npc_ar_kent_inspect_ext02_01
a3bd9a4db80f4c25,fly_npc_ar_kent_inspect_ext02_02
7ec35c59dc7d5c5f,fly_npc_ar_kent_inspect_empty_fast01_08
74b5999973ba7f59,wpn_ar_kent_fire_npc_dist_atmo
f6a28d93814561a1,fly_npc_ar_kent_reload_05
fc82f67ca80b1d29,fly_npc_ar_kent_ubgl_reload_08
624b0b84957d1927,fly_npc_ar_kent_ubgl_inspect_05
76c3d2679751f030,wpn_ar_kent_fire_npc_far
8de0f716173e862c,fly_npc_ar_kent_reload_empty_04
d1b86814dc1b2238,fly_npc_ar_kent_reload_ext02_04
9d615cc375197cc5,fly_npc_ar_kent_drop_01
624b0984957d15c1,fly_npc_ar_kent_ubgl_inspect_03
f6a28a9381455c88,fly_npc_ar_kent_reload_06
d1b86414dc1b1b6c,fly_npc_ar_kent_reload_ext02_08
a28a486f518d5dd,fly_npc_ar_kent_reload_empty_ext02_01
d1bbf214dc1e428d,fly_npc_ar_kent_reload_ext02_10
7ebfde59dc7a506e,fly_npc_ar_kent_inspect_empty_fast01_10
3eaeac9d4c94b4b1,wpn_ar_kent_fire_npc_med_atmo
6ea7c96bdc06bff8,fly_npc_ar_kent_drop_grip_01
668080b510185d48,wpn_ar_kent_fire_npc_far_atmo
a3bd994db80f4a72,fly_npc_ar_kent_inspect_ext02_03
7ec36259dc7d6691,fly_npc_ar_kent_inspect_empty_fast01_06
7ebfdc59dc7a4d08,fly_npc_ar_kent_inspect_empty_fast01_12
f6a28b9381455e3b,fly_npc_ar_kent_reload_07
d1b86914dc1b23eb,fly_npc_ar_kent_reload_ext02_05
a28a086f518cf11,fly_npc_ar_kent_reload_empty_ext02_05
a3bd964db80f4559,fly_npc_ar_kent_inspect_ext02_06
9d6159c3751977ac,fly_npc_ar_kent_drop_02
a289d86f518c9f8,fly_npc_ar_kent_reload_empty_ext02_06
f6a28e9381456354,fly_npc_ar_kent_reload_02
f6a2889381455922,fly_npc_ar_kent_reload_08
ceba78f582c35ef7,fly_npc_ar_kent_ubgl_raise_01
8de0f816173e87df,fly_npc_ar_kent_reload_empty_05
a28a186f518d0c4,fly_npc_ar_kent_reload_empty_ext02_02
7ebfe059dc7a53d4,fly_npc_ar_kent_inspect_empty_fast01_16
7ebfdf59dc7a5221,fly_npc_ar_kent_inspect_empty_fast01_11
d1b86514dc1b1d1f,fly_npc_ar_kent_reload_ext02_09
8de0f916173e8992,fly_npc_ar_kent_reload_empty_06
a3bd944db80f41f3,fly_npc_ar_kent_inspect_ext02_04
8de0f416173e8113,fly_npc_ar_kent_reload_empty_01
d1b86a14dc1b259e,fly_npc_ar_kent_reload_ext02_06
7ebfdd59dc7a4ebb,fly_npc_ar_kent_inspect_empty_fast01_13
8de47916174198e9,fly_npc_ar_kent_reload_empty_10
a289e86f518cbab,fly_npc_ar_kent_reload_empty_ext02_07
8b115bbd6aececbf,fly_npc_ar_kent_ubgl_raise_quick_01
8de0fa16173e8b45,fly_npc_ar_kent_reload_empty_07
a3bd954db80f43a6,fly_npc_ar_kent_inspect_ext02_07
8de0f516173e82c6,fly_npc_ar_kent_reload_empty_02
a2c0986f51bb753,fly_npc_ar_kent_reload_empty_ext02_10
a0200b9d856c9dd1,fly_npc_ar_kent_drop_quick_01
a3bd934db80f4040,fly_npc_ar_kent_inspect_ext02_05
a3bda04db80f5657,fly_npc_ar_kent_inspect_ext02_08
8de0f616173e8479,fly_npc_ar_kent_reload_empty_03
8de4781617419736,fly_npc_ar_kent_reload_empty_11
8de0fb16173e8cf8,fly_npc_ar_kent_reload_empty_08
a289b86f518c692,fly_npc_ar_kent_reload_empty_ext02_08
7ebfe259dc7a573a,fly_npc_ar_kent_inspect_empty_fast01_14
a2c0886f51bb5a0,fly_npc_ar_kent_reload_empty_ext02_11
4fd0bcf166013c0e,fly_npc_ar_kent_raise_01
80fc41893e1c8782,fly_npc_ar_kent_inspect_empty_ext02_01
a3bd9f4db80f54a4,fly_npc_ar_kent_inspect_ext02_09
80fc3e893e1c8269,fly_npc_ar_kent_inspect_empty_ext02_04
af9ac8f4c8b86fb2,fly_npc_ar_kent_raise_quick_01
7ebfe359dc7a58ed,fly_npc_ar_kent_inspect_empty_fast01_15
8de0fc16173e8eab,fly_npc_ar_kent_reload_empty_09
a3ba924db80d08b6,fly_npc_ar_kent_inspect_ext02_10
4fd0bbf166013a5b,fly_npc_ar_kent_raise_02
5eb1d0cde725b0db,wpn_ar_kent_fire_plr_atmo_int
80fc3d893e1c80b6,fly_npc_ar_kent_inspect_empty_ext02_05
80fc40893e1c85cf,fly_npc_ar_kent_inspect_empty_ext02_02
a289c86f518c845,fly_npc_ar_kent_reload_empty_ext02_09
80fc3c893e1c7f03,fly_npc_ar_kent_inspect_empty_ext02_06
a3ba934db80d0a69,fly_npc_ar_kent_inspect_ext02_11
80fc3f893e1c841c,fly_npc_ar_kent_inspect_empty_ext02_03
81966c82d1124a25,fly_npc_ar_kent_ubgl_to_grenade_01
80fc3b893e1c7d50,fly_npc_ar_kent_inspect_empty_ext02_07
3dbd10eb9471d4f6,wpn_ar_kent_dryfire_plr
a3ba904db80d0550,fly_npc_ar_kent_inspect_ext02_12
cbb22a0f9c5497cf,wpn_ar_kent_fire_plr_interrupt
80f8be893e197312,fly_npc_ar_kent_inspect_empty_ext02_12
80f8bf893e1974c5,fly_npc_ar_kent_inspect_empty_ext02_13
80f8b9893e196a93,fly_npc_ar_kent_inspect_empty_ext02_15
a3ba914db80d0703,fly_npc_ar_kent_inspect_ext02_13
9c2add04563558ed,fly_npc_ar_kent_inspect_fast01_04
9c2ad70456354ebb,fly_npc_ar_kent_inspect_fast01_02
d0579df215b12520,fly_npc_ar_kent_inspect_empty_01
7fd178f47240f556,wpn_ar_kent_fire_npc
80fc4a893e1c96cd,fly_npc_ar_kent_inspect_empty_ext02_08
80f8b8893e1968e0,fly_npc_ar_kent_inspect_empty_ext02_14
9c2ad8045635506e,fly_npc_ar_kent_inspect_fast01_01
a3ba964db80d0f82,fly_npc_ar_kent_inspect_ext02_14
9c2ad60456354d08,fly_npc_ar_kent_inspect_fast01_03
9c2adc045635573a,fly_npc_ar_kent_inspect_fast01_05
d057a0f215b12a39,fly_npc_ar_kent_inspect_empty_02
80fc49893e1c951a,fly_npc_ar_kent_inspect_empty_ext02_09
80f8ba893e196c46,fly_npc_ar_kent_inspect_empty_ext02_16
c70df7edfad27c72,wpn_ar_kent_fire_npc_atmo
e42a97f41a2a75db,wpn_ar_kent_fire_plr
711465fad6930d41,wpn_ar_kent_fire_plr_mech
d0579ff215b12886,fly_npc_ar_kent_inspect_empty_03
9c2adb0456355587,fly_npc_ar_kent_inspect_fast01_06
ceba79f582c360aa,fly_npc_ar_kent_ubgl_raise_02
43a0ff677a97cc94,wpn_ar_kent_fire_npc_lfe
92e883ddd3ca1cd5,wpn_ar_kent_fire_plr_lfe
9c2ada04563553d4,fly_npc_ar_kent_inspect_fast01_07
75701dcf917e413e,wpn_ar_kent_fire_npc_mech
d057a2f215b12d9f,fly_npc_ar_kent_inspect_empty_04
80f8bc893e196fac,fly_npc_ar_kent_inspect_empty_ext02_10
9c2ad10456354489,fly_npc_ar_kent_inspect_fast01_08
aa71005ac2363269,wpn_ar_kent_fire_plr_atmo
d8c45e95e88d71fe,fly_npc_ar_kent_selectsemi_off_01
d057a1f215b12bec,fly_npc_ar_kent_inspect_empty_05
d057a4f215b13105,fly_npc_ar_kent_inspect_empty_06
9c2ad004563542d6,fly_npc_ar_kent_inspect_fast01_09
80f8bd893e19715f,fly_npc_ar_kent_inspect_empty_ext02_11
5bc960ccdde0f8e4,fly_npc_ar_kent_selectsemi_on_01
9c27530456323898,fly_npc_ar_kent_inspect_fast01_10
9c27540456323a4b,fly_npc_ar_kent_inspect_fast01_11
9c27550456323bfe,fly_npc_ar_kent_inspect_fast01_12
9c27560456323db1,fly_npc_ar_kent_inspect_fast01_13
81966982d112450c,fly_npc_ar_kent_ubgl_to_grenade_02
b97a120881a0b3f1,fly_npc_sn_hugo_inspect_empty_07
758541cee1325bc3,fly_npc_sn_hugo_inspect_ext01_04
634620a29775cbcd,fly_npc_sn_hugo_transition_reload_empty_ext02_01_02
95bb86a365d9b7ca,fly_npc_sn_hugo_inspect_fast02_03
b97a0b0881a0a80c,fly_npc_sn_hugo_inspect_empty_08
758540cee1325a10,fly_npc_sn_hugo_inspect_ext01_05
95bb81a365d9af4b,fly_npc_sn_hugo_inspect_fast02_04
8c1115974c9b74eb,fly_npc_sn_hugo_transition_reload_empty_ext02_02_01
b97a0c0881a0a9bf,fly_npc_sn_hugo_inspect_empty_09
b97d990881a3cf2d,fly_npc_sn_hugo_inspect_empty_10
758543cee1325f29,fly_npc_sn_hugo_inspect_ext01_06
758542cee1325d76,fly_npc_sn_hugo_inspect_ext01_07
e854fc578d52ccf1,fly_npc_sn_hugo_inspect_empty_fast01_01
e854f9578d52c7d8,fly_npc_sn_hugo_inspect_empty_fast01_02
95bb83a365d9b2b1,fly_npc_sn_hugo_inspect_fast02_06
95bb80a365d9ad98,fly_npc_sn_hugo_inspect_fast02_05
b97d980881a3cd7a,fly_npc_sn_hugo_inspect_empty_11
b97d940881a3c6ae,fly_npc_sn_hugo_inspect_empty_15
e854fa578d52c98b,fly_npc_sn_hugo_inspect_empty_fast01_03
75854dcee1327027,fly_npc_sn_hugo_inspect_ext01_08
7581bfcee12f4906,fly_npc_sn_hugo_inspect_ext01_10
e85500578d52d3bd,fly_npc_sn_hugo_inspect_empty_fast01_05
95b880a365d777c1,fly_npc_sn_hugo_inspect_fast02_11
95bb82a365d9b0fe,fly_npc_sn_hugo_inspect_fast02_07
b97d970881a3cbc7,fly_npc_sn_hugo_inspect_empty_12
b97d930881a3c4fb,fly_npc_sn_hugo_inspect_empty_16
75854ccee1326e74,fly_npc_sn_hugo_inspect_ext01_09
7581c0cee12f4ab9,fly_npc_sn_hugo_inspect_ext01_11
95bb7da365d9a87f,fly_npc_sn_hugo_inspect_fast02_08
e854ff578d52d20a,fly_npc_sn_hugo_inspect_empty_fast01_04
95b87da365d772a8,fly_npc_sn_hugo_inspect_fast02_12
e7dd8952d4bde214,wpn_sn_hugo_fire_npc_med
a4c65acfb135e59e,fly_npc_sn_hugo_transition_reload_empty_fast01_01_01
b97d960881a3ca14,fly_npc_sn_hugo_inspect_empty_13
7581bdcee12f45a0,fly_npc_sn_hugo_inspect_ext01_12
e854fd578d52cea4,fly_npc_sn_hugo_inspect_empty_fast01_06
6e9a8c64457c1736,fly_npc_sn_hugo_inspect_empty_ext01_01
f01c8be222af1947,fly_npc_sn_hugo_transition_reload_empty_fast02_01_01
95b87ea365d7745b,fly_npc_sn_hugo_inspect_fast02_13
95bb7ca365d9a6cc,fly_npc_sn_hugo_inspect_fast02_09
e854f4578d52bf59,fly_npc_sn_hugo_inspect_empty_fast01_09
7581becee12f4753,fly_npc_sn_hugo_inspect_ext01_13
a0033cc397c9a393,fly_npc_sn_hugo_inspect_ext02_01
b97d950881a3c861,fly_npc_sn_hugo_inspect_empty_14
ea1d73772ff495f6,wpn_sn_hugo_fire_npc_dist
e854fe578d52d057,fly_npc_sn_hugo_inspect_empty_fast01_07
6e9a8b64457c1583,fly_npc_sn_hugo_inspect_empty_ext01_02
95b883a365d77cda,fly_npc_sn_hugo_inspect_fast02_14
95b87fa365d7760e,fly_npc_sn_hugo_inspect_fast02_10
a00340c397c9aa5f,fly_npc_sn_hugo_inspect_ext02_05
baacf73d3153e052,wpn_sn_hugo_fire_npc_dist_atmo
6e9a9064457c1e02,fly_npc_sn_hugo_inspect_empty_ext01_05
a0033dc397c9a546,fly_npc_sn_hugo_inspect_ext02_02
e85881578d55e4c7,fly_npc_sn_hugo_inspect_empty_fast01_10
e854f3578d52bda6,fly_npc_sn_hugo_inspect_empty_fast01_08
8a5cae52a048e92f,wpn_sn_hugo_fire_npc_far
6e9a8a64457c13d0,fly_npc_sn_hugo_inspect_empty_ext01_03
fdfb1ae8f8870c11,fly_npc_sn_hugo_transition_reload_empty_fast01_02_01
a00341c397c9ac12,fly_npc_sn_hugo_inspect_ext02_06
6e970a6445790479,fly_npc_sn_hugo_inspect_empty_ext01_13
e85880578d55e314,fly_npc_sn_hugo_inspect_empty_fast01_11
1a54852b39fc22c5,wpn_sn_hugo_fire_npc_far_atmo
e2259a5c11ff48f4,wpn_sn_hugo_fire_npc_med_atmo
a0033ec397c9a6f9,fly_npc_sn_hugo_inspect_ext02_03
e85882578d55e67a,fly_npc_sn_hugo_inspect_empty_fast01_13
a006bec397ccb650,fly_npc_sn_hugo_inspect_ext02_13
468233e9be189ff0,fly_npc_sn_hugo_transition_reload_empty_fast02_02_01
6e9a8f64457c1c4f,fly_npc_sn_hugo_inspect_empty_ext01_06
a00342c397c9adc5,fly_npc_sn_hugo_inspect_ext02_07
e8587d578d55ddfb,fly_npc_sn_hugo_inspect_empty_fast01_14
eecf15b34852856c,fly_npc_sn_hugo_drop_01
6e9a9164457c1fb5,fly_npc_sn_hugo_inspect_empty_ext01_04
6e970b644579062c,fly_npc_sn_hugo_inspect_empty_ext01_14
a006c5c397ccc235,fly_npc_sn_hugo_inspect_ext02_14
a0033fc397c9a8ac,fly_npc_sn_hugo_inspect_ext02_04
a00343c397c9af78,fly_npc_sn_hugo_inspect_ext02_08
e85883578d55e82d,fly_npc_sn_hugo_inspect_empty_fast01_12
e3ddbf40ba010117,fly_npc_sn_hugo_inspect_empty_fast02_06
e8587c578d55dc48,fly_npc_sn_hugo_inspect_empty_fast01_15
6e9a8e64457c1a9c,fly_npc_sn_hugo_inspect_empty_ext01_07
eecf18b348528a85,fly_npc_sn_hugo_drop_02
a00344c397c9b12b,fly_npc_sn_hugo_inspect_ext02_09
6e970d6445790992,fly_npc_sn_hugo_inspect_empty_ext01_16
6e970c64457907df,fly_npc_sn_hugo_inspect_empty_ext01_15
e3ddb540ba00f019,fly_npc_sn_hugo_inspect_empty_fast02_08
e3ddbe40ba00ff64,fly_npc_sn_hugo_inspect_empty_fast02_07
e8587f578d55e161,fly_npc_sn_hugo_inspect_empty_fast01_16
6e9a9564457c2681,fly_npc_sn_hugo_inspect_empty_ext01_08
a006c1c397ccbb69,fly_npc_sn_hugo_inspect_ext02_10
9d708c7c52cd92e9,fly_npc_sn_hugo_inspect_empty_ext02_01
e3ddb440ba00ee66,fly_npc_sn_hugo_inspect_empty_fast02_09
9d70937c52cd9ece,fly_npc_sn_hugo_inspect_empty_ext02_08
a006c0c397ccb9b6,fly_npc_sn_hugo_inspect_ext02_11
72feb8cc4f069c01,fly_npc_sn_hugo_raise_01
6e9a9464457c24ce,fly_npc_sn_hugo_inspect_empty_ext01_09
e3ddbc40ba00fbfe,fly_npc_sn_hugo_inspect_empty_fast02_01
e3dabd40b9fec7da,fly_npc_sn_hugo_inspect_empty_fast02_16
bb4eadbf7ea3af4b,wpn_sn_hugo_fire_npc_mech
e3dab740b9febda8,fly_npc_sn_hugo_inspect_empty_fast02_10
9d70897c52cd8dd0,fly_npc_sn_hugo_inspect_empty_ext02_02
9d70947c52cda081,fly_npc_sn_hugo_inspect_empty_ext02_09
72feb5cc4f0696e8,fly_npc_sn_hugo_raise_02
e3ddbb40ba00fa4b,fly_npc_sn_hugo_inspect_empty_fast02_02
177503c676bf2b64,fly_npc_sn_hugo_drop_quick_01
45f20fc9e2e49c98,wpn_sn_hugo_fire_plr_atmo
e3dab840b9febf5b,fly_npc_sn_hugo_inspect_empty_fast02_11
a006bfc397ccb803,fly_npc_sn_hugo_inspect_ext02_12
100e1f9c4e8fa727,wpn_sn_hugo_dryfire_plr
72feb6cc4f06989b,fly_npc_sn_hugo_raise_03
9d73917c52cfd13f,fly_npc_sn_hugo_inspect_empty_ext02_10
6e9707644578ff60,fly_npc_sn_hugo_inspect_empty_ext01_10
e3ddba40ba00f898,fly_npc_sn_hugo_inspect_empty_fast02_03
9d708a7c52cd8f83,fly_npc_sn_hugo_inspect_empty_ext02_03
ea7ff0479adbcfe8,wpn_sn_hugo_fire_plr_interrupt
9d73937c52cfd4a5,fly_npc_sn_hugo_inspect_empty_ext02_12
e3dab940b9fec10e,fly_npc_sn_hugo_inspect_empty_fast02_12
32822be349f4106d,fly_npc_sn_hugo_raise_quick_01
6e97086445790113,fly_npc_sn_hugo_inspect_empty_ext01_11
b97a150881a0b90a,fly_npc_sn_hugo_inspect_empty_02
9413b39e3e701710,fly_npc_sn_hugo_inspect_fast01_08
b97a0f0881a0aed8,fly_npc_sn_hugo_inspect_empty_04
b97a110881a0b23e,fly_npc_sn_hugo_inspect_empty_06
9d73907c52cfcf8c,fly_npc_sn_hugo_inspect_empty_ext02_11
9d708f7c52cd9802,fly_npc_sn_hugo_inspect_empty_ext02_04
e3ddc140ba01047d,fly_npc_sn_hugo_inspect_empty_fast02_04
9d73927c52cfd2f2,fly_npc_sn_hugo_inspect_empty_ext02_13
b97a140881a0b757,fly_npc_sn_hugo_inspect_empty_01
9413bc9e3e70265b,fly_npc_sn_hugo_inspect_fast01_01
9d738c7c52cfc8c0,fly_npc_sn_hugo_inspect_empty_ext02_15
b97a160881a0babd,fly_npc_sn_hugo_inspect_empty_03
e3ddc040ba0102ca,fly_npc_sn_hugo_inspect_empty_fast02_05
e3daba40b9fec2c1,fly_npc_sn_hugo_inspect_empty_fast02_13
9d70907c52cd99b5,fly_npc_sn_hugo_inspect_empty_ext02_05
9413b49e3e7018c3,fly_npc_sn_hugo_inspect_fast01_09
b97a100881a0b08b,fly_npc_sn_hugo_inspect_empty_05
9d738d7c52cfca73,fly_npc_sn_hugo_inspect_empty_ext02_14
6e970964457902c6,fly_npc_sn_hugo_inspect_empty_ext01_12
9413bd9e3e70280e,fly_npc_sn_hugo_inspect_fast01_02
9d738f7c52cfcdd9,fly_npc_sn_hugo_inspect_empty_ext02_16
e3dabb40b9fec474,fly_npc_sn_hugo_inspect_empty_fast02_14
2001a44b13938ba0,wpn_sn_hugo_fire_plr
9416c19e3e7264b1,fly_npc_sn_hugo_inspect_fast01_10
253a1ef17170e4dd,fly_npc_sn_hugo_transition_reload_empty_02_01
cc055dd82a1fbcb7,fly_npc_sn_hugo_transition_reload_empty_01_02
3204e74b1df8f779,wpn_sn_hugo_fire_npc
9d708d7c52cd949c,fly_npc_sn_hugo_inspect_empty_ext02_06
9413be9e3e7029c1,fly_npc_sn_hugo_inspect_fast01_03
2edb81317597893e,wpn_sn_hugo_fire_plr_atmo_int
9416c09e3e7262fe,fly_npc_sn_hugo_inspect_fast01_11
ec914671406780de,wpn_sn_hugo_fire_plr_lfe
ea968b5ab5801fc3,wpn_sn_hugo_fire_npc_atmo
e3dabc40b9fec627,fly_npc_sn_hugo_inspect_empty_fast02_15
9d708e7c52cd964f,fly_npc_sn_hugo_inspect_empty_ext02_07
9413bf9e3e702b74,fly_npc_sn_hugo_inspect_fast01_04
9416bf9e3e72614b,fly_npc_sn_hugo_inspect_fast01_12
253a1bf17170dfc4,fly_npc_sn_hugo_transition_reload_empty_02_02
758544cee13260dc,fly_npc_sn_hugo_inspect_ext01_01
e0ff5152d15c7ba3,wpn_sn_hugo_fire_npc_lfe
9416be9e3e725f98,fly_npc_sn_hugo_inspect_fast01_13
9413c09e3e702d27,fly_npc_sn_hugo_inspect_fast01_05
b96a631a816c8e89,fly_npc_sn_hugo_transition_reload_empty_ext01_01_01
758547cee13265f5,fly_npc_sn_hugo_inspect_ext01_02
9413c19e3e702eda,fly_npc_sn_hugo_inspect_fast01_06
95bb84a365d9b464,fly_npc_sn_hugo_inspect_fast02_01
b96a601a816c8970,fly_npc_sn_hugo_transition_reload_empty_ext01_01_02
758546cee1326442,fly_npc_sn_hugo_inspect_ext01_03
cc055ed82a1fbe6a,fly_npc_sn_hugo_transition_reload_empty_01_01
9413c29e3e70308d,fly_npc_sn_hugo_inspect_fast01_07
95bb87a365d9b97d,fly_npc_sn_hugo_inspect_fast02_02
8a946302741b12d6,fly_npc_sn_hugo_transition_reload_empty_ext01_02_01
8a946202741b1123,fly_npc_sn_hugo_transition_reload_empty_ext01_02_02
63461da29775c6b4,fly_npc_sn_hugo_transition_reload_empty_ext02_01_01
c43f55300e83be9a,fly_npc_ar_gilroy_ubgl_inspect_06
a54973d987746cee,fly_npc_ar_gilroy_ubgl_drop_01
7d2f0e3b292511d2,fly_npc_ar_gilroy_ubgl_drop_quick_01
d92fef220d153ece,fly_npc_ar_gilroy_ubgl_reload_01
d92fed220d153b68,fly_npc_ar_gilroy_ubgl_reload_03
c43f50300e83b61b,fly_npc_ar_gilroy_ubgl_inspect_01
ad9fe57c6ffe4986,fly_npc_ar_gilroy_ubgl_from_grenade_01
d92fee220d153d1b,fly_npc_ar_gilroy_ubgl_reload_02
d92ff4220d15474d,fly_npc_ar_gilroy_ubgl_reload_04
c43f51300e83b7ce,fly_npc_ar_gilroy_ubgl_inspect_02
d92ff1220d154234,fly_npc_ar_gilroy_ubgl_reload_07
c43f54300e83bce7,fly_npc_ar_gilroy_ubgl_inspect_05
d92c6b220d1228ab,fly_npc_ar_gilroy_ubgl_reload_11
d92ff3220d15459a,fly_npc_ar_gilroy_ubgl_reload_05
bf92e204a14dc1ad,wpn_ar_gilroy_fire_npc_dist_atmo
d92fe8220d1532e9,fly_npc_ar_gilroy_ubgl_reload_08
2f248cac2d82e137,wpn_ar_gilroy_fire_npc_dist
c43f52300e83b981,fly_npc_ar_gilroy_ubgl_inspect_03
1cef7a19cb3d7085,fly_npc_ar_gilroy_drop_01
d92fe7220d153136,fly_npc_ar_gilroy_ubgl_reload_09
d92ff2220d1543e7,fly_npc_ar_gilroy_ubgl_reload_06
fac65e9c286a07ac,wpn_ar_gilroy_fire_npc_far_atmo
51046fa1045f814c,wpn_ar_gilroy_fire_npc_far
c43f53300e83bb34,fly_npc_ar_gilroy_ubgl_inspect_04
3837da9fd12261b7,fly_npc_ar_gilroy_ubgl_raise_01
ccfb5d9923ac0dd5,wpn_ar_gilroy_fire_npc_med_atmo
1cef7719cb3d6b6c,fly_npc_ar_gilroy_drop_02
a0a6cca131f4af1f,wpn_ar_gilroy_fire_npc_med
d92c6a220d1226f8,fly_npc_ar_gilroy_ubgl_reload_10
ca3f03a8506b5c7f,fly_npc_ar_gilroy_ubgl_raise_quick_01
b706e241466b3591,fly_npc_ar_gilroy_drop_quick_01
81a9defe6ed451ce,fly_npc_ar_gilroy_raise_01
fd3b4f4a2df976e5,fly_npc_ar_gilroy_ubgl_to_grenade_01
81a9ddfe6ed4501b,fly_npc_ar_gilroy_raise_02
404e844f7a7996d2,wpn_ar_gilroy_dryfire_plr
4ddcf887828f2972,fly_npc_ar_gilroy_raise_quick_01
c43f56300e83c04d,fly_npc_ar_gilroy_ubgl_inspect_07
ad9fe47c6ffe47d3,fly_npc_ar_gilroy_ubgl_from_grenade_02
f75694d0e65bb26b,wpn_ar_gilroy_fire_plr_interrupt
c43f47300e83a6d0,fly_npc_ar_gilroy_ubgl_inspect_08
ad9fe37c6ffe4620,fly_npc_ar_gilroy_ubgl_from_grenade_03
bbd1b52780d9a82,wpn_ar_gilroy_fire_npc
2bf4f251f9b46247,wpn_ar_gilroy_fire_plr
cd9dbcc3e9e10946,wpn_ar_gilroy_fire_npc_atmo
d2aadf73c0f9d8ed,wpn_ar_gilroy_fire_plr_mech
399877ec51cd41e7,wpn_ar_gilroy_fire_plr_atmo_int
a7bb14a13583c030,wpn_ar_gilroy_fire_npc_lfe
a111b4bbda140ebe,fly_npc_ar_gilroy_selectsemi_off_01
f818b4da95e42fa1,wpn_ar_gilroy_fire_plr_lfe
3837db9fd122636a,fly_npc_ar_gilroy_ubgl_raise_02
f0130ae7e2bd98ea,wpn_ar_gilroy_fire_npc_mech
fd3b4c4a2df971cc,fly_npc_ar_gilroy_ubgl_to_grenade_02
d4953c5d24bb9da4,fly_npc_ar_gilroy_selectsemi_on_01
52cc5196cc2bc89d,wpn_ar_gilroy_fire_plr_atmo
1267abe2c2d65311,wpn_sl_napa_fire_npc_med_atmo
e16f3354c407ab6f,wpn_sl_napa_fire_plr_interrupt
cab43f418c894760,wpn_sl_napa_fire_plr_last_mech
802b2b8ea1513c61,wpn_sl_napa_fire_plr_mech
acf74fb91a3b8a75,wpn_sl_napa_fire_plr_lfe
3f0a7c4e74526536,wpn_sl_napa_fire_npc
d624bd81c590ab92,wpn_sl_napa_fire_npc_atmo
5a4acb42be27c434,wpn_sl_napa_fire_npc_lfe
abe4271a0fa0be3b,wpn_sl_napa_fire_plr_atmo_int
8486e3635c3c705e,wpn_sl_napa_fire_npc_mech
5fca27ee161121b9,wpn_sl_napa_fire_plr_last_shot
e0136388857cd5cc,wpn_sl_napa_fire_plr_shot
41d90b999f173db5,wpn_sl_napa_fire_plr_first_fcg
6302c5f374f30c89,wpn_sl_napa_fire_plr_atmo
1b9579fda368e37,wpn_sl_napa_fire_plr_last_fcg
a044f1915881b492,fly_npc_ar_fresno_inspect_fast02_03
cf501ac4e03d99b,fly_npc_ar_fresno_reload_empty_fast02_07
15451cb5c361a48b,fly_npc_ar_fresno_inspect_ext01_04
15451bb5c361a2d8,fly_npc_ar_fresno_inspect_ext01_05
cf4feac4e03d482,fly_npc_ar_fresno_reload_empty_fast02_08
a044ec915881ac13,fly_npc_ar_fresno_inspect_fast02_04
1973642810a01e65,fly_npc_ar_fresno_ubgl_drop_01
15451eb5c361a7f1,fly_npc_ar_fresno_inspect_ext01_06
330786a57d24c550,fly_npc_ar_fresno_inspect_empty_fast01_02
875a918c639e7d0d,fly_npc_ar_fresno_ubgl_reload_01
330789a57d24ca69,fly_npc_ar_fresno_inspect_empty_fast01_01
15451db5c361a63e,fly_npc_ar_fresno_inspect_ext01_07
cf4ffac4e03d635,fly_npc_ar_fresno_reload_empty_fast02_09
a044ee915881af79,fly_npc_ar_fresno_inspect_fast02_06
a044eb915881aa60,fly_npc_ar_fresno_inspect_fast02_05
f7eb0a5062aaae31,fly_npc_ar_fresno_ubgl_drop_quick_01
cf86cac4e06c543,fly_npc_ar_fresno_reload_empty_fast02_10
154518b5c3619dbf,fly_npc_ar_fresno_inspect_ext01_08
7d965efae28cf345,fly_npc_ar_fresno_ubgl_from_grenade_01
875a8e8c639e77f4,fly_npc_ar_fresno_ubgl_reload_02
33078da57d24d135,fly_npc_ar_fresno_inspect_empty_fast01_05
330787a57d24c703,fly_npc_ar_fresno_inspect_empty_fast01_03
9d7e8ee69e4a440c,wpn_ar_fresno_fire_plr_casing_eject
875a8f8c639e79a7,fly_npc_ar_fresno_ubgl_reload_03
154517b5c3619c0c,fly_npc_ar_fresno_inspect_ext01_09
a0416b91587e9b09,fly_npc_ar_fresno_inspect_fast02_11
154218b5c35f67e8,fly_npc_ar_fresno_inspect_ext01_12
5f6db60378d64dc2,fly_npc_ar_fresno_ubgl_inspect_01
a044ed915881adc6,fly_npc_ar_fresno_inspect_fast02_07
33078aa57d24cc1c,fly_npc_ar_fresno_inspect_empty_fast01_06
15421ab5c35f6b4e,fly_npc_ar_fresno_inspect_ext01_10
33078ca57d24cf82,fly_npc_ar_fresno_inspect_empty_fast01_04
957fb4d08a6cf52e,fly_npc_ar_fresno_inspect_empty_ext01_01
5f6db50378d64c0f,fly_npc_ar_fresno_ubgl_inspect_02
154219b5c35f699b,fly_npc_ar_fresno_inspect_ext01_13
875a8c8c639e748e,fly_npc_ar_fresno_ubgl_reload_04
a0416891587e95f0,fly_npc_ar_fresno_inspect_fast02_12
a044f8915881c077,fly_npc_ar_fresno_inspect_fast02_08
15421bb5c35f6d01,fly_npc_ar_fresno_inspect_ext01_11
957fb3d08a6cf37b,fly_npc_ar_fresno_inspect_empty_ext01_02
ac9653408899f79e,wpn_ar_fresno_fire_npc_dist
957fb8d08a6cfbfa,fly_npc_ar_fresno_inspect_empty_ext01_05
5f6db40378d64a5c,fly_npc_ar_fresno_ubgl_inspect_03
6a2257abb3f9709b,fly_npc_ar_fresno_inspect_ext02_01
e71edc32b488f3d4,fly_npc_ar_fresno_drop_01
938a35e555ebb4ae,fly_npc_ar_fresno_ubgl_raise_01
33078ba57d24cdcf,fly_npc_ar_fresno_inspect_empty_fast01_07
330791a57d24d801,fly_npc_ar_fresno_inspect_empty_fast01_09
330a8ea57d2708bf,fly_npc_ar_fresno_inspect_empty_fast01_10
a0416991587e97a3,fly_npc_ar_fresno_inspect_fast02_13
6a225babb3f97767,fly_npc_ar_fresno_inspect_ext02_05
a0416e91587ea022,fly_npc_ar_fresno_inspect_fast02_14
875a8d8c639e7641,fly_npc_ar_fresno_ubgl_reload_05
6a225cabb3f9791a,fly_npc_ar_fresno_inspect_ext02_06
a044f7915881bec4,fly_npc_ar_fresno_inspect_fast02_09
957fb2d08a6cf1c8,fly_npc_ar_fresno_inspect_empty_ext01_03
957fb7d08a6cfa47,fly_npc_ar_fresno_inspect_empty_ext01_06
6f901cc0992d6aec,wpn_ar_fresno_fire_npc_med_atmo
330790a57d24d64e,fly_npc_ar_fresno_inspect_empty_fast01_08
330a8da57d27070c,fly_npc_ar_fresno_inspect_empty_fast01_11
6a2560abb3fbb5bd,fly_npc_ar_fresno_inspect_ext02_14
330a8aa57d2701f3,fly_npc_ar_fresno_inspect_empty_fast01_14
875a8a8c639e7128,fly_npc_ar_fresno_ubgl_reload_06
c294a93c909c892,fly_npc_ar_fresno_ubgl_raise_quick_01
6a2258abb3f9724e,fly_npc_ar_fresno_inspect_ext02_02
a0416a91587e9956,fly_npc_ar_fresno_inspect_fast02_10
6a225dabb3f97acd,fly_npc_ar_fresno_inspect_ext02_07
957fb6d08a6cf894,fly_npc_ar_fresno_inspect_empty_ext01_07
957fb9d08a6cfdad,fly_npc_ar_fresno_inspect_empty_ext01_04
6a2259abb3f97401,fly_npc_ar_fresno_inspect_ext02_03
330a8ca57d270559,fly_npc_ar_fresno_inspect_empty_fast01_16
330a90a57d270c25,fly_npc_ar_fresno_inspect_empty_fast01_12
330a89a57d270040,fly_npc_ar_fresno_inspect_empty_fast01_15
957fadd08a6ce949,fly_npc_ar_fresno_inspect_empty_ext01_08
6a224eabb3f96150,fly_npc_ar_fresno_inspect_ext02_08
957c35d08a69e78a,fly_npc_ar_fresno_inspect_empty_ext01_16
6a225aabb3f975b4,fly_npc_ar_fresno_inspect_ext02_04
eeb46be9d1be0c56,fly_npc_ar_fresno_inspect_empty_ext02_08
431898d6fd34eb6,fly_npc_ar_fresno_inspect_empty_fast02_01
431928d6fd35e01,fly_npc_ar_fresno_inspect_empty_fast02_08
957facd08a6ce796,fly_npc_ar_fresno_inspect_empty_ext01_09
330a8fa57d270a72,fly_npc_ar_fresno_inspect_empty_fast01_13
2f7bfa4dc0b8ad06,fly_npc_ar_fresno_ubgl_to_grenade_01
58894a8c5c976cfc,fly_npc_ar_fresno_drop_quick_01
eeb474e9d1be1ba1,fly_npc_ar_fresno_inspect_empty_ext02_01
eeb46ce9d1be0e09,fly_npc_ar_fresno_inspect_empty_ext02_09
6a224fabb3f96303,fly_npc_ar_fresno_inspect_ext02_09
431918d6fd35c4e,fly_npc_ar_fresno_inspect_empty_fast02_09
957c2fd08a69dd58,fly_npc_ar_fresno_inspect_empty_ext01_10
df044b64cdc80dd9,fly_npc_ar_fresno_raise_01
745af45173fd7e75,fly_npc_ar_fresno_raise_quick_01
eeb471e9d1be1688,fly_npc_ar_fresno_inspect_empty_ext02_02
431888d6fd34d03,fly_npc_ar_fresno_inspect_empty_fast02_02
eeb7f9e9d1c13377,fly_npc_ar_fresno_inspect_empty_ext02_10
eeb7fbe9d1c136dd,fly_npc_ar_fresno_inspect_empty_ext02_12
42e048d6fd036e0,fly_npc_ar_fresno_inspect_empty_fast02_10
957c30d08a69df0b,fly_npc_ar_fresno_inspect_empty_ext01_11
6a255cabb3fbaef1,fly_npc_ar_fresno_inspect_ext02_10
42e078d6fd03bf9,fly_npc_ar_fresno_inspect_empty_fast02_13
42e068d6fd03a46,fly_npc_ar_fresno_inspect_empty_fast02_12
eeb472e9d1be183b,fly_npc_ar_fresno_inspect_empty_ext02_03
fc4ee5ee7fbff4f0,wpn_ar_fresno_fire_plr_interrupt
957c31d08a69e0be,fly_npc_ar_fresno_inspect_empty_ext01_12
431878d6fd34b50,fly_npc_ar_fresno_inspect_empty_fast02_03
6a255babb3fbad3e,fly_npc_ar_fresno_inspect_ext02_11
eeb7f8e9d1c131c4,fly_npc_ar_fresno_inspect_empty_ext02_11
eeb7fae9d1c1352a,fly_npc_ar_fresno_inspect_empty_ext02_13
42e088d6fd03dac,fly_npc_ar_fresno_inspect_empty_fast02_14
42e058d6fd03893,fly_npc_ar_fresno_inspect_empty_fast02_11
eeb477e9d1be20ba,fly_npc_ar_fresno_inspect_empty_ext02_04
9e6d162135983ecb,wpn_ar_fresno_fire_plr_last_mech
957c32d08a69e271,fly_npc_ar_fresno_inspect_empty_ext01_13
4318e8d6fd35735,fly_npc_ar_fresno_inspect_empty_fast02_04
eeb7f4e9d1c12af8,fly_npc_ar_fresno_inspect_empty_ext02_15
eeb7f5e9d1c12cab,fly_npc_ar_fresno_inspect_empty_ext02_14
6a255aabb3fbab8b,fly_npc_ar_fresno_inspect_ext02_12
743de78af7179ee3,fly_npc_ar_fresno_inspect_fast01_01
6607b716b3068b0c,wpn_ar_fresno_fire_plr_mech
eeb7f7e9d1c13011,fly_npc_ar_fresno_inspect_empty_ext02_16
42e098d6fd03f5f,fly_npc_ar_fresno_inspect_empty_fast02_15
743de98af717a249,fly_npc_ar_fresno_inspect_fast01_03
957c33d08a69e424,fly_npc_ar_fresno_inspect_empty_ext01_14
74416b8af71ab506,fly_npc_ar_fresno_inspect_fast01_11
64a7d89915c4e391,wpn_ar_fresno_fire_npc
4318d8d6fd35582,fly_npc_ar_fresno_inspect_empty_fast02_05
eeb478e9d1be226d,fly_npc_ar_fresno_inspect_empty_ext02_05
a044f2915881b645,fly_npc_ar_fresno_inspect_fast02_02
6a2559abb3fba9d8,fly_npc_ar_fresno_inspect_ext02_13
57df785aaebb0f6,wpn_ar_fresno_fire_plr_lfe
cf504ac4e03deb4,fly_npc_ar_fresno_reload_empty_fast02_02
cf500ac4e03d7e8,fly_npc_ar_fresno_reload_empty_fast02_06
74416a8af71ab353,fly_npc_ar_fresno_inspect_fast01_12
743dea8af717a3fc,fly_npc_ar_fresno_inspect_fast01_04
4318c8d6fd353cf,fly_npc_ar_fresno_inspect_empty_fast02_06
743de88af717a096,fly_npc_ar_fresno_inspect_fast01_02
ca08cb28a60385fb,wpn_ar_fresno_fire_npc_atmo
957c34d08a69e5d7,fly_npc_ar_fresno_inspect_empty_ext01_15
42e0a8d6fd04112,fly_npc_ar_fresno_inspect_empty_fast02_16
50a434275beaac3a,wpn_ar_fresno_fire_plr_last_shot
85c8f5980ba1e7b6,wpn_ar_fresno_fire_plr_first_fcg
eeb475e9d1be1d54,fly_npc_ar_fresno_inspect_empty_ext02_06
cf505ac4e03e067,fly_npc_ar_fresno_reload_empty_fast02_03
cf507ac4e03e3cd,fly_npc_ar_fresno_reload_empty_fast02_01
4318b8d6fd3521c,fly_npc_ar_fresno_inspect_empty_fast02_07
7441698af71ab1a0,fly_npc_ar_fresno_inspect_fast01_13
807646e0c7efadb,wpn_ar_fresno_fire_npc_lfe
743deb8af717a5af,fly_npc_ar_fresno_inspect_fast01_05
69f6308cb29164f5,wpn_ar_fresno_fire_plr_shot
a044ef915881b12c,fly_npc_ar_fresno_inspect_fast02_01
cf502ac4e03db4e,fly_npc_ar_fresno_reload_empty_fast02_04
dc8e0d09e46b36c3,wpn_ar_fresno_fire_npc_mech
bb28b15ef8d88486,wpn_ar_fresno_fire_plr_atmo_int
eeb476e9d1be1f07,fly_npc_ar_fresno_inspect_empty_ext02_07
743dec8af717a762,fly_npc_ar_fresno_inspect_fast01_06
15451fb5c361a9a4,fly_npc_ar_fresno_inspect_ext01_01
79301cf7f1f8da50,wpn_ar_fresno_fire_plr_atmo
cf503ac4e03dd01,fly_npc_ar_fresno_reload_empty_fast02_05
743ded8af717a915,fly_npc_ar_fresno_inspect_fast01_07
154522b5c361aebd,fly_npc_ar_fresno_inspect_ext01_02
25ac715c445571de,wpn_ar_fresno_fire_plr_last_fcg
743dee8af717aac8,fly_npc_ar_fresno_inspect_fast01_08
154521b5c361ad0a,fly_npc_ar_fresno_inspect_ext01_03
743def8af717ac7b,fly_npc_ar_fresno_inspect_fast01_09
74416c8af71ab6b9,fly_npc_ar_fresno_inspect_fast01_10
4a3c27c81132c84c,fly_npc_ar_aspen_reload_ext01_04
88846924560d2879,fly_npc_ar_aspen_reload_empty_ext01_05
29b57e0e8f85247d,fly_npc_ar_aspen_reload_empty_fast02_07
2abd83220c0d1f35,fly_npc_ar_aspen_ubgl_inspect_06
4a3c28c81132c9ff,fly_npc_ar_aspen_reload_ext01_05
88846624560d2360,fly_npc_ar_aspen_reload_empty_ext01_06
29b56f0e8f850b00,fly_npc_ar_aspen_reload_empty_fast02_08
4a3c2ac81132cd65,fly_npc_ar_aspen_reload_ext01_07
59e55b8988a2ef6b,fly_npc_ar_aspen_ubgl_drop_01
4a3c29c81132cbb2,fly_npc_ar_aspen_reload_ext01_06
7d503ec2a76ae4fb,fly_npc_ar_aspen_ubgl_reload_01
88847424560d3b2a,fly_npc_ar_aspen_reload_empty_ext01_08
88846724560d2513,fly_npc_ar_aspen_reload_empty_ext01_07
4a3c2bc81132cf18,fly_npc_ar_aspen_reload_ext01_08
2453c88a87f7b0ef,fly_npc_ar_aspen_ubgl_from_grenade_01
127d9440dcaff23,fly_npc_ar_aspen_ubgl_drop_quick_01
db34eb7429e65d96,wpn_ar_aspen_fire_plr_casing_eject
7d503fc2a76ae6ae,fly_npc_ar_aspen_ubgl_reload_02
7d5040c2a76ae861,fly_npc_ar_aspen_ubgl_reload_03
88847524560d3cdd,fly_npc_ar_aspen_reload_empty_ext01_09
2abd7c220c0d1350,fly_npc_ar_aspen_ubgl_inspect_01
dafead089b18abb2,fly_npc_ar_aspen_reload_empty_ext02_01
76432ece729cd8e2,fly_npc_ar_aspen_reload_ext02_03
2abd7e220c0d16b6,fly_npc_ar_aspen_ubgl_inspect_03
9a3a6d5a3907c43e,fly_npc_ar_aspen_reload_fast01_01
9a3a715a3907cb0a,fly_npc_ar_aspen_reload_fast01_05
2b1630ea6289dad9,fly_npc_ar_aspen_reload_04
764329ce729cd063,fly_npc_ar_aspen_reload_ext02_04
2abd7f220c0d1869,fly_npc_ar_aspen_ubgl_inspect_02
2b162eea6289d773,fly_npc_ar_aspen_reload_06
7d5041c2a76aea14,fly_npc_ar_aspen_ubgl_reload_04
349858e162556a31,fly_npc_ar_aspen_inspect_ext02_01
8887f2245610471b,fly_npc_ar_aspen_reload_empty_ext01_10
764335ce729ce4c7,fly_npc_ar_aspen_reload_ext02_08
9a3a705a3907c957,fly_npc_ar_aspen_reload_fast01_06
d13632ec267c5784,wpn_ar_aspen_fire_npc_dist
dafeac089b18a9ff,fly_npc_ar_aspen_reload_empty_ext02_02
2abd81220c0d1bcf,fly_npc_ar_aspen_ubgl_inspect_04
2b162dea6289d5c0,fly_npc_ar_aspen_reload_07
9a3a6c5a3907c28b,fly_npc_ar_aspen_reload_fast01_02
2b31c1b4f2ebe714,fly_npc_ar_aspen_transition_reload_empty_fast01_01_01
2b162fea6289d926,fly_npc_ar_aspen_reload_05
e201cd4826869a70,fly_npc_ar_aspen_ubgl_raise_01
dafea9089b18a4e6,fly_npc_ar_aspen_reload_empty_ext02_05
2b1633ea6289dff2,fly_npc_ar_aspen_reload_01
349855e162556518,fly_npc_ar_aspen_inspect_ext02_02
c7a56adbd538917e,wpn_ar_aspen_fire_npc_med_atmo
764328ce729cceb0,fly_npc_ar_aspen_reload_ext02_05
9a3a6f5a3907c7a4,fly_npc_ar_aspen_reload_fast01_07
7d5042c2a76aebc7,fly_npc_ar_aspen_ubgl_reload_05
76432cce729cd57c,fly_npc_ar_aspen_reload_ext02_01
dafea8089b18a333,fly_npc_ar_aspen_reload_empty_ext02_06
2b163cea6289ef3d,fly_npc_ar_aspen_reload_08
9a3a6b5a3907c0d8,fly_npc_ar_aspen_reload_fast01_03
482caa75f4583b18,fly_npc_ar_aspen_reload_fast02_02
34985be162556f4a,fly_npc_ar_aspen_inspect_ext02_04
764334ce729ce314,fly_npc_ar_aspen_reload_ext02_09
2abd80220c0d1a1c,fly_npc_ar_aspen_ubgl_inspect_05
34984fe162555ae6,fly_npc_ar_aspen_inspect_ext02_08
f8d3b110e27d50f0,fly_npc_ar_aspen_reload_empty_01
2b1632ea6289de3f,fly_npc_ar_aspen_reload_02
76432bce729cd3c9,fly_npc_ar_aspen_reload_ext02_06
dafba8089b166d5c,fly_npc_ar_aspen_reload_empty_ext02_10
dafeab089b18a84c,fly_npc_ar_aspen_reload_empty_ext02_03
6026c3241f01c9b8,fly_npc_ar_aspen_ubgl_raise_quick_01
349856e1625566cb,fly_npc_ar_aspen_inspect_ext02_03
9a3a725a3907ccbd,fly_npc_ar_aspen_reload_fast01_04
9a3a665a3907b859,fly_npc_ar_aspen_reload_fast01_08
7d5043c2a76aed7a,fly_npc_ar_aspen_ubgl_reload_06
f8d3b810e27d5cd5,fly_npc_ar_aspen_reload_empty_06
dafea7089b18a180,fly_npc_ar_aspen_reload_empty_ext02_07
55bc8214f0ef2ffa,fly_npc_ar_aspen_reload_empty_fast01_03
76432fce729cda95,fly_npc_ar_aspen_reload_ext02_02
f8d3b410e27d5609,fly_npc_ar_aspen_reload_empty_02
f8d04c10e27a6f7a,fly_npc_ar_aspen_reload_empty_10
482cab75f4583ccb,fly_npc_ar_aspen_reload_fast02_03
34985ce1625570fd,fly_npc_ar_aspen_inspect_ext02_05
2b1631ea6289dc8c,fly_npc_ar_aspen_reload_03
f8d04d10e27a712d,fly_npc_ar_aspen_reload_empty_11
22f920a64b378ee9,fly_npc_ar_aspen_transition_reload_empty_fast02_01_01
dafba9089b166f0f,fly_npc_ar_aspen_reload_empty_ext02_11
349850e162555c99,fly_npc_ar_aspen_inspect_ext02_09
76432ace729cd216,fly_npc_ar_aspen_reload_ext02_07
f8d3b310e27d5456,fly_npc_ar_aspen_reload_empty_03
482cb175f45846fd,fly_npc_ar_aspen_reload_fast02_05
dafeaa089b18a699,fly_npc_ar_aspen_reload_empty_ext02_04
ea5291afd67bb082,fly_npc_ar_aspen_drop_01
dafeb6089b18bafd,fly_npc_ar_aspen_reload_empty_ext02_08
482cb075f458454a,fly_npc_ar_aspen_reload_fast02_04
55bc7d14f0ef277b,fly_npc_ar_aspen_reload_empty_fast01_04
f8d3b710e27d5b22,fly_npc_ar_aspen_reload_empty_07
9a3a655a3907b6a6,fly_npc_ar_aspen_reload_fast01_09
349859e162556be4,fly_npc_ar_aspen_inspect_ext02_06
dafeb5089b18b94a,fly_npc_ar_aspen_reload_empty_ext02_09
7c2b6edf0e0ca74,fly_npc_ar_aspen_inspect_empty_ext02_04
f8d3b610e27d596f,fly_npc_ar_aspen_reload_empty_04
88846d24560d2f45,fly_npc_ar_aspen_reload_empty_ext01_01
55bc8014f0ef2c94,fly_npc_ar_aspen_reload_empty_fast01_01
8436cb9c4b7a2da6,fly_npc_ar_aspen_drop_quick_01
4a3c24c81132c333,fly_npc_ar_aspen_reload_ext01_01
482cae75f45841e4,fly_npc_ar_aspen_reload_fast02_06
482cad75f4584031,fly_npc_ar_aspen_reload_fast02_01
349bdde162588207,fly_npc_ar_aspen_inspect_ext02_10
f8d3b510e27d57bc,fly_npc_ar_aspen_reload_empty_05
55bc7c14f0ef25c8,fly_npc_ar_aspen_reload_empty_fast01_05
34985ae162556d97,fly_npc_ar_aspen_inspect_ext02_07
b066ab5d6ba0a9a0,fly_npc_ar_aspen_ubgl_to_grenade_01
fea93bf9452df183,fly_npc_ar_aspen_raise_quick_01
7c2b7edf0e0cc27,fly_npc_ar_aspen_inspect_empty_ext02_05
88846a24560d2a2c,fly_npc_ar_aspen_reload_empty_ext01_02
f8d3ba10e27d603b,fly_npc_ar_aspen_reload_empty_08
55bc8314f0ef31ad,fly_npc_ar_aspen_reload_empty_fast01_02
556a9b497b57cd8b,fly_npc_ar_aspen_raise_01
4a3c25c81132c4e6,fly_npc_ar_aspen_reload_ext01_02
55bc7f14f0ef2ae1,fly_npc_ar_aspen_reload_empty_fast01_06
482caf75f4584397,fly_npc_ar_aspen_reload_fast02_07
4a3c26c81132c699,fly_npc_ar_aspen_reload_ext01_03
19c14185038ea570,fly_npc_ar_aspen_inspect_empty_02
88846b24560d2bdf,fly_npc_ar_aspen_reload_empty_ext01_03
7c2b8edf0e0cdda,fly_npc_ar_aspen_inspect_empty_ext02_06
f8d3b910e27d5e88,fly_npc_ar_aspen_reload_empty_09
55bc7e14f0ef292e,fly_npc_ar_aspen_reload_empty_fast01_07
482ca475f45830e6,fly_npc_ar_aspen_reload_fast02_08
19c14585038eac3c,fly_npc_ar_aspen_inspect_empty_06
88846824560d26c6,fly_npc_ar_aspen_reload_empty_ext01_04
b7d4715e4967b31,wpn_ar_aspen_fire_npc_atmo
19c14285038ea723,fly_npc_ar_aspen_inspect_empty_03
d7471f16fbcc3510,wpn_ar_aspen_fire_plr_atmo_int
55bc7914f0ef20af,fly_npc_ar_aspen_reload_empty_fast01_08
7c2b3edf0e0c55b,fly_npc_ar_aspen_inspect_empty_ext02_01
7c2b9edf0e0cf8d,fly_npc_ar_aspen_inspect_empty_ext02_07
29b5790e8f851bfe,fly_npc_ar_aspen_reload_empty_fast02_02
24ab21085ae7b37d,wpn_ar_aspen_fire_npc_lfe
19c14785038eafa2,fly_npc_ar_aspen_inspect_empty_04
84927a39ef990da3,wpn_ar_aspen_fire_npc
f148ddaa86c971cb,fly_npc_ar_aspen_transition_reload_empty_ext01_01_01
21499a788709bac2,fly_npc_ar_aspen_transition_reload_empty_ext02_01_01
93bacd3986947d89,wpn_ar_aspen_fire_npc_mech
19c14885038eb155,fly_npc_ar_aspen_inspect_empty_05
7c2aaedf0e0b610,fly_npc_ar_aspen_inspect_empty_ext02_08
29b57a0e8f851db1,fly_npc_ar_aspen_reload_empty_fast02_03
55bc7814f0ef1efc,fly_npc_ar_aspen_reload_empty_fast01_09
7c2b4edf0e0c70e,fly_npc_ar_aspen_inspect_empty_ext02_02
4b3d844a109071a4,wpn_ar_aspen_fire_plr_last_shot
3a008642838270e4,wpn_ar_aspen_fire_plr_first_fcg
5c0c3ecfd863f441,fly_npc_ar_aspen_selectsemi_off_01
8d64e207113f957a,wpn_ar_aspen_fire_plr_atmo
77241ba025c363ae,wpn_ar_aspen_fire_plr_interrupt
55b8fb14f0ec14be,fly_npc_ar_aspen_reload_empty_fast01_10
3f6038718a0dd8b3,wpn_ar_aspen_fire_plr_shot
3aa29ca8bb9e6f95,fly_npc_ar_aspen_selectsemi_on_01
29b57b0e8f851f64,fly_npc_ar_aspen_reload_empty_fast02_04
7c2b5edf0e0c8c1,fly_npc_ar_aspen_inspect_empty_ext02_03
9c16cd2cba17ed9,wpn_ar_aspen_fire_plr_last_mech
29b57c0e8f852117,fly_npc_ar_aspen_reload_empty_fast02_05
19c14485038eaa89,fly_npc_ar_aspen_inspect_empty_01
f2a086ccfa854a6,wpn_ar_aspen_fire_plr_mech
d46cb1931b234438,fly_npc_ar_aspen_transition_reload_empty_01_01
5291fd71f0b9e9e8,wpn_ar_aspen_fire_plr_last_fcg
29b57d0e8f8522ca,fly_npc_ar_aspen_reload_empty_fast02_06
9b68d62d940c5a9c,wpn_ar_aspen_fire_plr_lfe
29b5780e8f851a4b,fly_npc_ar_aspen_reload_empty_fast02_01
defb5d83d67e9246,wpn_pi_pyork_fire2_plr_interrupt
d0dc2846b22804be,wpn_pi_pyork_fire_plr_casing_eject
6e731225e2032704,wpn_pi_pyork_fire2_plr_lfe
1aa257e1debdd93b,wpn_pi_pyork_fire2_plr_shot
e557d2716d32575c,wpn_pi_pyork_fire_npc_dist
42ac4e9a3ad23806,wpn_pi_pyork_fire_npc_med_atmo
a927869b78e6ca59,wpn_pi_pyork_fire_npc_atmo
dc5c9769740e9f45,wpn_pi_pyork_fire_npc_lfe
5a9bcc3af0443c91,wpn_pi_pyork_fire_npc_mech
395684ca7294d5e5,wpn_pi_pyork_fire1_plr_atmo
51101ade08c81da2,wpn_pi_pyork_fire_plr_atmo
e875feacb3f7c5ab,wpn_pi_pyork_fire_npc
5a177c3ea491675f,wpn_pi_pyork_fire1_plr_atmo_int
7d1829d6daad188,wpn_pi_pyork_fire_plr_atmo_int
90bab5b3a0f9611c,wpn_pi_pyork_fire_plr_last_shot
4b07269080c08439,wpn_pi_pyork_fire1_plr_casing_eject
ebceb12c0f9dffc6,wpn_pi_pyork_fire_plr_interrupt
8c5d1148cf016dbb,wpn_pi_pyork_fire_plr_shot
1f5b8305db59f53c,wpn_pi_pyork_fire1_plr_fcg
109b9b66daea0084,wpn_pi_pyork_fire_plr_lfe
9fcb66afdfb699c3,wpn_pi_pyork_fire1_plr_interrupt
42dd9366f6e4a091,wpn_pi_pyork_fire_plr_fcg
55dd7b05faf16209,wpn_pi_pyork_fire1_plr_lfe
a4c9e8926dadad0,wpn_pi_pyork_fire_plr_last_fcg
6491958e0565ad0,wpn_pi_pyork_fire1_plr_shot
df55617718848922,wpn_pi_pyork_fire2_plr_atmo
16fdd0fcf7d5b508,wpn_pi_pyork_fire2_plr_atmo_int
11e5d5298d04e03e,wpn_pi_pyork_fire2_plr_casing_eject
a0b50a25fdfdc711,wpn_pi_pyork_fire2_plr_fcg
544d1858cdc67015,fly_npc_ar_milan_inspect_01
f4198ebc9565e8c6,fly_npc_ar_milan_reload_ext01_04
6326ca6be076837d,fly_npc_ar_milan_inspect_empty_07
48ffc67a8c9e769e,fly_npc_ar_milan_inspect_fast02_03
1c7bf77f0a74200f,fly_npc_ar_milan_reload_empty_fast02_07
7ebb90b6c67e077,fly_npc_ar_milan_reload_empty_ext01_05
979824386ea9d507,fly_npc_ar_milan_inspect_ext01_04
f4198fbc9565ea79,fly_npc_ar_milan_reload_ext01_05
544d1558cdc66afc,fly_npc_ar_milan_inspect_02
544d1358cdc66796,fly_npc_ar_milan_inspect_04
6326bb6be0766a00,fly_npc_ar_milan_inspect_empty_08
f4198dbc9565e713,fly_npc_ar_milan_reload_ext01_07
544d1658cdc66caf,fly_npc_ar_milan_inspect_03
48ffc97a8c9e7bb7,fly_npc_ar_milan_inspect_fast02_04
1c7bfc7f0a74288e,fly_npc_ar_milan_reload_empty_fast02_08
7ebba0b6c67e22a,fly_npc_ar_milan_reload_empty_ext01_06
632a496be0799121,fly_npc_ar_milan_inspect_empty_10
979823386ea9d354,fly_npc_ar_milan_inspect_ext01_05
544d1458cdc66949,fly_npc_ar_milan_inspect_05
979825386ea9d6ba,fly_npc_ar_milan_inspect_ext01_07
7b0c23c0bcb8db05,fly_npc_ar_milan_inspect_empty_fast01_01
7b0c20c0bcb8d5ec,fly_npc_ar_milan_inspect_empty_fast01_02
7ebac0b6c67ca60,fly_npc_ar_milan_reload_empty_ext01_08
544d1258cdc665e3,fly_npc_ar_milan_inspect_07
f4198cbc9565e560,fly_npc_ar_milan_reload_ext01_06
6326bc6be0766bb3,fly_npc_ar_milan_inspect_empty_09
48ffcb7a8c9e7f1d,fly_npc_ar_milan_inspect_fast02_06
61bed7403c311c91,fly_npc_ar_milan_ubgl_reload_01
48ffc87a8c9e7a04,fly_npc_ar_milan_inspect_fast02_05
1c7efa7f0a765aff,fly_npc_ar_milan_reload_empty_fast02_10
e64ce9179eacac79,fly_npc_ar_milan_ubgl_drop_01
f4199abc9565fd2a,fly_npc_ar_milan_reload_ext01_08
1c7bfd7f0a742a41,fly_npc_ar_milan_reload_empty_fast02_09
544d1f58cdc67bfa,fly_npc_ar_milan_inspect_08
979826386ea9d86d,fly_npc_ar_milan_inspect_ext01_06
632a466be0798c08,fly_npc_ar_milan_inspect_empty_13
544d1158cdc66430,fly_npc_ar_milan_inspect_06
7ebbb0b6c67e3dd,fly_npc_ar_milan_reload_empty_ext01_07
979818386ea9c0a3,fly_npc_ar_milan_inspect_ext01_08
632a486be0798f6e,fly_npc_ar_milan_inspect_empty_11
7b0c21c0bcb8d79f,fly_npc_ar_milan_inspect_empty_fast01_03
48ffca7a8c9e7d6a,fly_npc_ar_milan_inspect_fast02_07
f41d18bc9569091b,fly_npc_ar_milan_reload_ext01_10
7ebad0b6c67cc13,fly_npc_ar_milan_reload_empty_ext01_09
61bed5403c31192b,fly_npc_ar_milan_ubgl_reload_03
48fc407a8c9b5d15,fly_npc_ar_milan_inspect_fast02_11
7b0c1fc0bcb8d439,fly_npc_ar_milan_inspect_empty_fast01_05
f685096321208501,fly_npc_ar_milan_ubgl_from_grenade_01
f243348339b1afb4,wpn_ar_milan_fire_plr_casing_eject
4ba35841cd4f3655,fly_npc_ar_milan_ubgl_drop_quick_01
544d2058cdc67dad,fly_npc_ar_milan_inspect_09
f4199bbc9565fedd,fly_npc_ar_milan_reload_ext01_09
97949a386ea6b4b2,fly_npc_ar_milan_inspect_ext01_10
7cef14c894c0d294,fly_npc_ar_milan_reload_fast01_01
54509c58cdc98638,fly_npc_ar_milan_inspect_11
979817386ea9bef0,fly_npc_ar_milan_inspect_ext01_09
632a476be0798dbb,fly_npc_ar_milan_inspect_empty_12
7cef10c894c0cbc8,fly_npc_ar_milan_reload_fast01_05
35a5bd11cf438074,fly_npc_ar_milan_reload_empty_ext02_01
f117e63d932c2656,fly_npc_ar_milan_reload_03
7ef3a0b6c6af181,fly_npc_ar_milan_reload_empty_ext01_10
61bed4403c311778,fly_npc_ar_milan_ubgl_reload_02
4693d1a0da716a4c,fly_npc_ar_milan_reload_ext02_03
61bed9403c311ff7,fly_npc_ar_milan_ubgl_reload_07
48fc3d7a8c9b57fc,fly_npc_ar_milan_inspect_fast02_12
7b0c1ec0bcb8d286,fly_npc_ar_milan_inspect_empty_fast01_04
61beda403c3121aa,fly_npc_ar_milan_ubgl_reload_04
48ffbd7a8c9e6753,fly_npc_ar_milan_inspect_fast02_08
2d42f9f49c3c9a82,fly_npc_ar_milan_inspect_empty_ext01_01
632a4d6be07997ed,fly_npc_ar_milan_inspect_empty_14
54509d58cdc987eb,fly_npc_ar_milan_inspect_10
7b0c1cc0bcb8cf20,fly_npc_ar_milan_inspect_empty_fast01_06
4e0c66cdaf2f02e6,fly_npc_ar_milan_ubgl_inspect_01
4693d0a0da716899,fly_npc_ar_milan_reload_ext02_04
4e0c64cdaf2eff80,fly_npc_ar_milan_ubgl_inspect_03
6a4b17320c2af79f,fly_npc_ar_milan_inspect_ext02_01
2d42f8f49c3c98cf,fly_npc_ar_milan_inspect_empty_ext01_02
7b0c2bc0bcb8e89d,fly_npc_ar_milan_inspect_empty_fast01_09
7cef17c894c0d7ad,fly_npc_ar_milan_reload_fast01_02
61bece403c310d46,fly_npc_ar_milan_ubgl_reload_08
54509f58cdc98b51,fly_npc_ar_milan_inspect_12
61bedb403c31235d,fly_npc_ar_milan_ubgl_reload_05
38bab0ea5ae06d00,fly_npc_ar_milan_drop_01
f117e93d932c2b6f,fly_npc_ar_milan_reload_04
35a5b911cf4379a8,fly_npc_ar_milan_reload_empty_ext02_05
7cef13c894c0d0e1,fly_npc_ar_milan_reload_fast01_06
48fc3e7a8c9b59af,fly_npc_ar_milan_inspect_fast02_13
7b0fa8c0bcbbf2db,fly_npc_ar_milan_inspect_empty_fast01_10
48ffbc7a8c9e65a0,fly_npc_ar_milan_inspect_fast02_09
2d42f4f49c3c9203,fly_npc_ar_milan_inspect_empty_ext01_06
f117eb3d932c2ed5,fly_npc_ar_milan_reload_06
97949b386ea6b665,fly_npc_ar_milan_inspect_ext01_11
7b0c1dc0bcb8d0d3,fly_npc_ar_milan_inspect_empty_fast01_07
6a4b13320c2af0d3,fly_npc_ar_milan_inspect_ext02_05
35a5c011cf43858d,fly_npc_ar_milan_reload_empty_ext02_02
4693d3a0da716db2,fly_npc_ar_milan_reload_ext02_01
4693cfa0da7166e6,fly_npc_ar_milan_reload_ext02_05
4693dca0da717cfd,fly_npc_ar_milan_reload_ext02_08
7e50518fcb1fb716,wpn_ar_milan_fire_npc_dist
4e0c6bcdaf2f0b65,fly_npc_ar_milan_ubgl_inspect_04
2d42f7f49c3c971c,fly_npc_ar_milan_inspect_empty_ext01_03
f117e43d932c22f0,fly_npc_ar_milan_reload_01
7cef16c894c0d5fa,fly_npc_ar_milan_reload_fast01_03
61becf403c310ef9,fly_npc_ar_milan_ubgl_reload_09
f117e83d932c29bc,fly_npc_ar_milan_reload_05
61bed8403c311e44,fly_npc_ar_milan_ubgl_reload_06
4e0c65cdaf2f0133,fly_npc_ar_milan_ubgl_inspect_02
f117ea3d932c2d22,fly_npc_ar_milan_reload_07
48fc3f7a8c9b5b62,fly_npc_ar_milan_inspect_fast02_10
7cef12c894c0cf2e,fly_npc_ar_milan_reload_fast01_07
6a4b18320c2af952,fly_npc_ar_milan_inspect_ext02_02
48fc3b7a8c9b5496,fly_npc_ar_milan_inspect_fast02_14
35a5bc11cf437ec1,fly_npc_ar_milan_reload_empty_ext02_06
7b0fa7c0bcbbf128,fly_npc_ar_milan_inspect_empty_fast01_11
35a5b511cf4372dc,fly_npc_ar_milan_reload_empty_ext02_09
7b0facc0bcbbf9a7,fly_npc_ar_milan_inspect_empty_fast01_14
7b0c2ac0bcb8e6ea,fly_npc_ar_milan_inspect_empty_fast01_08
2d42f3f49c3c9050,fly_npc_ar_milan_inspect_empty_ext01_07
6a4b14320c2af286,fly_npc_ar_milan_inspect_ext02_06
2d42f6f49c3c9569,fly_npc_ar_milan_inspect_empty_ext01_04
4693cea0da716533,fly_npc_ar_milan_reload_ext02_06
f117ed3d932c323b,fly_npc_ar_milan_reload_08
35a5bf11cf4383da,fly_npc_ar_milan_reload_empty_ext02_03
50e80dc23356c1fe,fly_npc_ar_milan_reload_fast02_02
ebef460f5fa0162,fly_npc_ar_milan_ubgl_raise_01
979498386ea6b14c,fly_npc_ar_milan_inspect_ext01_12
7cef11c894c0cd7b,fly_npc_ar_milan_reload_fast01_04
f117e73d932c2809,fly_npc_ar_milan_reload_02
4693d2a0da716bff,fly_npc_ar_milan_reload_ext02_02
61c25c403c343467,fly_npc_ar_milan_ubgl_reload_10
6a4b19320c2afb05,fly_npc_ar_milan_inspect_ext02_03
7cef0dc894c0c6af,fly_npc_ar_milan_reload_fast01_08
4257d3381d35318b,fly_npc_ar_milan_reload_empty_06
4693dba0da717b4a,fly_npc_ar_milan_reload_ext02_09
7b0faac0bcbbf641,fly_npc_ar_milan_inspect_empty_fast01_12
62bd1df248463ad4,wpn_ar_milan_fire_npc_med_atmo
35a23811cf40689e,fly_npc_ar_milan_reload_empty_ext02_10
35a5bb11cf437d0e,fly_npc_ar_milan_reload_empty_ext02_07
4257d8381d353a0a,fly_npc_ar_milan_reload_empty_01
4693cda0da716380,fly_npc_ar_milan_reload_ext02_07
50e80ec23356c3b1,fly_npc_ar_milan_reload_fast02_03
7b0fabc0bcbbf7f4,fly_npc_ar_milan_inspect_empty_fast01_15
7b0faec0bcbbfd0d,fly_npc_ar_milan_inspect_empty_fast01_16
4254d3381d32fbb4,fly_npc_ar_milan_reload_empty_10
6a4b15320c2af439,fly_npc_ar_milan_inspect_ext02_07
2d42f5f49c3c93b6,fly_npc_ar_milan_inspect_empty_ext01_05
eda5f366fd229d90,fly_npc_ar_milan_reload_empty_fast01_03
c80a519a669fd0c6,fly_npc_ar_milan_ubgl_raise_quick_01
50e810c23356c717,fly_npc_ar_milan_reload_fast02_05
4257d7381d353857,fly_npc_ar_milan_reload_empty_02
61c25b403c3432b4,fly_npc_ar_milan_ubgl_reload_11
4690cfa0da6f310f,fly_npc_ar_milan_reload_ext02_11
35a5ba11cf437b5b,fly_npc_ar_milan_reload_empty_ext02_04
2d4302f49c3ca9cd,fly_npc_ar_milan_inspect_empty_ext01_08
4257d2381d352fd8,fly_npc_ar_milan_reload_empty_07
6a4b12320c2aef20,fly_npc_ar_milan_inspect_ext02_04
7b0fa9c0bcbbf48e,fly_npc_ar_milan_inspect_empty_fast01_13
4690cea0da6f2f5c,fly_npc_ar_milan_reload_ext02_10
979499386ea6b2ff,fly_npc_ar_milan_inspect_ext01_13
35a23911cf406a51,fly_npc_ar_milan_reload_empty_ext02_11
770163a9e9c30272,fly_npc_ar_milan_inspect_empty_fast02_01
50e80fc23356c564,fly_npc_ar_milan_reload_fast02_04
6a4b1e320c2b0384,fly_npc_ar_milan_inspect_ext02_08
2d3f76f49c398612,fly_npc_ar_milan_inspect_empty_ext01_12
4257d6381d3536a4,fly_npc_ar_milan_reload_empty_03
5babf50ca9313bd6,fly_npc_ar_milan_inspect_empty_ext02_04
4254d4381d32fd67,fly_npc_ar_milan_reload_empty_11
77016ca9e9c311bd,fly_npc_ar_milan_inspect_empty_fast02_08
a861a74634fe6328,fly_npc_ar_milan_drop_quick_01
6a4e9a320c2e0c0f,fly_npc_ar_milan_inspect_ext02_12
eda5fa66fd22a975,fly_npc_ar_milan_reload_empty_fast01_04
50e811c23356c8ca,fly_npc_ar_milan_reload_fast02_06
50e80cc23356c04b,fly_npc_ar_milan_reload_fast02_01
2d4301f49c3ca81a,fly_npc_ar_milan_inspect_empty_ext01_09
35a23611cf406538,fly_npc_ar_milan_reload_empty_ext02_12
35a5b611cf43748f,fly_npc_ar_milan_reload_empty_ext02_08
4257d1381d352e25,fly_npc_ar_milan_reload_empty_08
4257d5381d3534f1,fly_npc_ar_milan_reload_empty_04
eda5f566fd22a0f6,fly_npc_ar_milan_reload_empty_fast01_01
6a4b1f320c2b0537,fly_npc_ar_milan_inspect_ext02_09
76fe60a9e9c0c782,fly_npc_ar_milan_inspect_empty_fast02_12
7ebb50b6c67d9ab,fly_npc_ar_milan_reload_empty_ext01_01
5baf810ca9345f91,fly_npc_ar_milan_inspect_empty_ext02_12
2d3f77f49c3987c5,fly_npc_ar_milan_inspect_empty_ext01_13
6a4e99320c2e0a5c,fly_npc_ar_milan_inspect_ext02_13
77016ba9e9c3100a,fly_npc_ar_milan_inspect_empty_fast02_09
5babf60ca9313d89,fly_npc_ar_milan_inspect_empty_ext02_05
770162a9e9c300bf,fly_npc_ar_milan_inspect_empty_fast02_02
f41993bc9565f145,fly_npc_ar_milan_reload_ext01_01
4257d4381d35333e,fly_npc_ar_milan_reload_empty_05
50e812c23356ca7d,fly_npc_ar_milan_reload_fast02_07
eda5f966fd22a7c2,fly_npc_ar_milan_reload_empty_fast01_05
58504c20ac7a8bb5,fly_npc_ar_milan_raise_01
2d3f74f49c3982ac,fly_npc_ar_milan_inspect_empty_ext01_10
4257d0381d352c72,fly_npc_ar_milan_reload_empty_09
b85cf291af22f36a,fly_npc_ar_milan_ubgl_to_grenade_01
2d3f70f49c397be0,fly_npc_ar_milan_inspect_empty_ext01_14
76fe5ea9e9c0c41c,fly_npc_ar_milan_inspect_empty_fast02_10
6a4e98320c2e08a9,fly_npc_ar_milan_inspect_ext02_14
7ebb60b6c67db5e,fly_npc_ar_milan_reload_empty_ext01_02
f41990bc9565ec2c,fly_npc_ar_milan_reload_ext01_02
6a4e9c320c2e0f75,fly_npc_ar_milan_inspect_ext02_10
58504920ac7a869c,fly_npc_ar_milan_raise_02
eda5f466fd229f43,fly_npc_ar_milan_reload_empty_fast01_02
5baf800ca9345dde,fly_npc_ar_milan_inspect_empty_ext02_13
5babf30ca9313870,fly_npc_ar_milan_inspect_empty_ext02_06
7fb27ff00adc3588,wpn_ar_milan_fire_plr_interrupt
50e803c23356b100,fly_npc_ar_milan_reload_fast02_08
2d3f75f49c39845f,fly_npc_ar_milan_inspect_empty_ext01_11
770161a9e9c2ff0c,fly_npc_ar_milan_inspect_empty_fast02_03
7ebb70b6c67dd11,fly_npc_ar_milan_reload_empty_ext01_03
eda5f866fd22a60f,fly_npc_ar_milan_reload_empty_fast01_06
76fe5fa9e9c0c5cf,fly_npc_ar_milan_inspect_empty_fast02_11
9e497c707d92328f,fly_npc_ar_milan_inspect_fast01_01
2d3f71f49c397d93,fly_npc_ar_milan_inspect_empty_ext01_15
76fe61a9e9c0c935,fly_npc_ar_milan_inspect_empty_fast02_13
5baf830ca93462f7,fly_npc_ar_milan_inspect_empty_ext02_14
f41991bc9565eddf,fly_npc_ar_milan_reload_ext01_03
6326c56be0767afe,fly_npc_ar_milan_inspect_empty_02
5baf820ca9346144,fly_npc_ar_milan_inspect_empty_ext02_15
5babf40ca9313a23,fly_npc_ar_milan_inspect_empty_ext02_07
6a4e9b320c2e0dc2,fly_npc_ar_milan_inspect_ext02_11
770160a9e9c2fd59,fly_npc_ar_milan_inspect_empty_fast02_04
53457ff489faa5a1,fly_npc_ar_milan_raise_quick_01
7ebb80b6c67dec4,fly_npc_ar_milan_reload_empty_ext01_04
fbd32c1edaf9c81e,wpn_ar_milan_fire_plr_atmo_int
9e497d707d923442,fly_npc_ar_milan_inspect_fast01_02
eda5f766fd22a45c,fly_npc_ar_milan_reload_empty_fast01_07
b0d213095994d643,wpn_ar_milan_fire_plr_last_mech
9e497e707d9235f5,fly_npc_ar_milan_inspect_fast01_03
e6c28b8dd9534dd9,wpn_ar_milan_fire_npc
9e4c80707d946f32,fly_npc_ar_milan_inspect_fast01_11
6326c66be0767cb1,fly_npc_ar_milan_inspect_empty_03
48ffc77a8c9e7851,fly_npc_ar_milan_inspect_fast02_02
76fe5aa9e9c0bd50,fly_npc_ar_milan_inspect_empty_fast02_14
5bac010ca931503a,fly_npc_ar_milan_inspect_empty_ext02_08
2d3f72f49c397f46,fly_npc_ar_milan_inspect_empty_ext01_16
77015fa9e9c2fba6,fly_npc_ar_milan_inspect_empty_fast02_05
9e4c7f707d946d7f,fly_npc_ar_milan_inspect_fast01_12
6326c76be0767e64,fly_npc_ar_milan_inspect_empty_04
71e74940df7a154,wpn_ar_milan_fire_plr_mech
2844697838a9ebe3,wpn_ar_milan_fire_npc_atmo
9e4977707d922a10,fly_npc_ar_milan_inspect_fast01_04
1c7bf27f0a741790,fly_npc_ar_milan_reload_empty_fast02_02
eda5fe66fd22b041,fly_npc_ar_milan_reload_empty_fast01_08
9e4c7e707d946bcc,fly_npc_ar_milan_inspect_fast01_13
5bac020ca93151ed,fly_npc_ar_milan_inspect_empty_ext02_09
6326c86be0768017,fly_npc_ar_milan_inspect_empty_05
5babfa0ca9314455,fly_npc_ar_milan_inspect_empty_ext02_01
77015ea9e9c2f9f3,fly_npc_ar_milan_inspect_empty_fast02_06
a9dcfd0d4dbda87e,wpn_ar_milan_fire_plr_lfe
9e4978707d922bc3,fly_npc_ar_milan_inspect_fast01_05
b01b7015a61db623,fly_npc_ar_milan_selectsemi_off_01
97981f386ea9cc88,fly_npc_ar_milan_inspect_ext01_01
72b9c8a9547a3dce,wpn_ar_milan_fire_plr_first_fcg
6326c96be07681ca,fly_npc_ar_milan_inspect_empty_06
48ffc47a8c9e7338,fly_npc_ar_milan_inspect_fast02_01
4d2e326c2e1d0643,wpn_ar_milan_fire_npc_lfe
eda5fd66fd22ae8e,fly_npc_ar_milan_reload_empty_fast01_09
1c7bf37f0a741943,fly_npc_ar_milan_reload_empty_fast02_03
f685066321207fe8,fly_npc_ar_milan_ubgl_from_grenade_02
9e4979707d922d76,fly_npc_ar_milan_inspect_fast01_06
77015da9e9c2f840,fly_npc_ar_milan_inspect_empty_fast02_07
b369b24b0b1c57af,fly_npc_ar_milan_selectsemi_on_01
5baf7f0ca9345c2b,fly_npc_ar_milan_inspect_empty_ext02_10
52e88bd81cb3ac6b,wpn_ar_milan_fire_npc_mech
979822386ea9d1a1,fly_npc_ar_milan_inspect_ext01_02
5babf70ca9313f3c,fly_npc_ar_milan_inspect_empty_ext02_02
d4ae929f59219af2,wpn_ar_milan_fire_plr_last_shot
9e497a707d922f29,fly_npc_ar_milan_inspect_fast01_07
eda27066fd1f8920,fly_npc_ar_milan_reload_empty_fast01_10
43c1baf48c4b37b8,wpn_ar_milan_fire_plr_atmo
5baf7e0ca9345a78,fly_npc_ar_milan_inspect_empty_ext02_11
1c7bf87f0a7421c2,fly_npc_ar_milan_reload_empty_fast02_04
5babf80ca93140ef,fly_npc_ar_milan_inspect_empty_ext02_03
d6dbae8a3a8e691d,wpn_ar_milan_fire_plr_shot
979821386ea9cfee,fly_npc_ar_milan_inspect_ext01_03
9e4983707d923e74,fly_npc_ar_milan_inspect_fast01_08
6326c46be076794b,fly_npc_ar_milan_inspect_empty_01
1c7bf97f0a742375,fly_npc_ar_milan_reload_empty_fast02_05
7e72fbe475396686,wpn_ar_milan_fire_plr_last_fcg
9e4984707d924027,fly_npc_ar_milan_inspect_fast01_09
1c7bf67f0a741e5c,fly_npc_ar_milan_reload_empty_fast02_06
9e4c81707d9470e5,fly_npc_ar_milan_inspect_fast01_10
1c7bf57f0a741ca9,fly_npc_ar_milan_reload_empty_fast02_01
f57281b8b5f34cf3,wpn_sl_artifact_fire_plr
d2230ad575bca6cc,wpn_sl_artifact_fire_npc_lfe
960b31b016641176,wpn_sl_artifact_fire_npc_mech
f188d2b822b8754e,wpn_sl_artifact_fire_npc
a2a3cea155086819,wpn_sl_artifact_fire_plr_mech
b877792b42d2373,wpn_sh_aromeo410_fire_npc_dist
2731860b7aeca1b8,wpn_sh_aromeo410_fire_npc_far
72ae0b0ba4fa5b7b,wpn_sh_aromeo410_fire_npc_med
824961a5462c7621,wpn_sh_aromeo410_fire_npc_dist_atmo
58ed066a7414d90,wpn_sh_aromeo410_fire_npc_far_atmo
feea98d47536949,wpn_sh_aromeo410_fire_npc_med_atmo
7dd0b5a7bd9a263c,wpn_sh_aromeo410_fcg_dryfire_npc
5fa7d5172cda5fae,wpn_sh_aromeo410_fire_npc
15e88f691cc76f8a,wpn_sh_aromeo410_fire_npc_atmo
560f020def5faeb2,wpn_sh_aromeo410_fire_casing_eject
7dcd030babf9d4ec,wpn_sh_aromeo410_fire_npc_lfe
d828d5c955773116,wpn_sh_aromeo410_fire_npc_mech
1cfb9c06d6d33543,wpn_sh_aromeo410_fire_plr_atmo_int
b7ade1f0a4e518c1,wpn_sh_aromeo410_fire_plr_atmo
8ba8590c8ce69657,wpn_sh_aromeo410_fire_plr_interrupt
21e4d6a9704903e8,wpn_sh_aromeo410_fire_plr_last_mech
29090813a871b139,wpn_sh_aromeo410_fire_plr_mech
e75cb22bb4c24fdd,wpn_sh_aromeo410_fire_plr_first_fcg
a092ef415b1f094d,wpn_sh_aromeo410_fire_plr_lfe
887a01bb709e50fb,wpn_sh_aromeo410_fire_plr_first_transient
671f1f8aea7d7b04,wpn_sh_aromeo410_fire_plr_shot
2a93f06867ef1bd2,wpn_sh_aromeo410_fire_plr_transient
ecc19b1b03d57b2a,wfoly_plr_sm_coscar635_reload_01
ecc19a1b03d57977,wfoly_plr_sm_coscar635_reload_02
ecc1991b03d577c4,wfoly_plr_sm_coscar635_reload_03
ecc1981b03d57611,wfoly_plr_sm_coscar635_reload_04
ecc1971b03d5745e,wfoly_plr_sm_coscar635_reload_05
ecc1961b03d572ab,wfoly_plr_sm_coscar635_reload_06
d6050ae7f180f9b3,wpn_sm_coscar635_fire_npc_dist
750efa775f67d2f8,wpn_sm_coscar635_fire_npc_far
12b56233108f7ca,wfoly_plr_sm_coscar635_drop_01
c3f27f778c5a68bb,wpn_sm_coscar635_fire_npc_med
fc681e73d52a69f8,wfoly_plr_sm_coscar635_reload_empty_01
94280369472f3261,wpn_sm_coscar635_fire_npc_dist_atmo
fc682173d52a6f11,wfoly_plr_sm_coscar635_reload_empty_02
fc682073d52a6d5e,wfoly_plr_sm_coscar635_reload_empty_03
a44e66e42ae822d0,wpn_sm_coscar635_fire_npc_far_atmo
fc682373d52a7277,wfoly_plr_sm_coscar635_reload_empty_04
467127c7dffdb589,wpn_sm_coscar635_fire_npc_med_atmo
f68b6466ca5b071e,wfoly_plr_sm_coscar635_drop_quick_01
7201be495c77aa7c,wpn_sm_coscar635_fcg_dryfire_npc
fc682273d52a70c4,wfoly_plr_sm_coscar635_reload_empty_05
fc682573d52a75dd,wfoly_plr_sm_coscar635_reload_empty_06
fc682473d52a742a,wfoly_plr_sm_coscar635_reload_empty_07
8126831b2383e803,wfoly_plr_sm_coscar635_raise_01
ece1fbd03e6568ee,wpn_sm_coscar635_fire_npc
b2ab55a9723241cb,wfoly_plr_sm_coscar635_raise_quick_01
e06622be5a1b45ca,wpn_sm_coscar635_fire_npc_atmo
cbaa77779075062c,wpn_sm_coscar635_fire_npc_lfe
7fcecfcfff8694f2,wpn_sm_coscar635_fire_casing_eject
4f8869237dae8e56,wpn_sm_coscar635_fire_npc_mech
3ed275305d9a0801,wpn_sm_coscar635_fire_plr_atmo
77c152c5ed91c483,wpn_sm_coscar635_fire_plr_atmo_int
f8ef5b7119031297,wpn_sm_coscar635_fire_plr_interrupt
3a33ae8bc7df9b28,wpn_sm_coscar635_fire_plr_last_mech
b02c9b536124ed79,wpn_sm_coscar635_fire_plr_mech
e3b4418b0deb138d,wpn_sm_coscar635_fire_plr_lfe
365d83312e636e1d,wpn_sm_coscar635_fire_plr_first_fcg
6b0ac8c8f45bd33b,wpn_sm_coscar635_fire_plr_first_transient
482db2c5be153544,wpn_sm_coscar635_fire_plr_shot
95ecfb232cab5212,wpn_sm_coscar635_fire_plr_transient
e34b7e594bd5de75,wpn_sm_pcharlie9_fire_npc_dist
c5a55363b39183ba,wpn_sm_pcharlie9_fire_npc_far
f0ee2063cc140bb5,wpn_sm_pcharlie9_fire_npc_med
1715174c950d5e37,wpn_sm_pcharlie9_fire_npc_dist_atmo
61b417e2cf7fe9fe,wpn_sm_pcharlie9_fire_npc_far_atmo
c217cfa56fb71477,wpn_sm_pcharlie9_fire_npc_med_atmo
fdb9db972b9763e2,wpn_sm_pcharlie9_fcg_dryfire_npc
7894dc93c5fb85a8,wpn_sm_pcharlie9_fire_npc_mech
bcdf2121096ee407,wpn_sm_pcharlie9_fire_plr_first_fcg
2381426184993ea7,wpn_sm_pcharlie9_fire_plr_atmo
9b0a698c4e467c1,wpn_sm_pcharlie9_fire_plr_interrupt
51a61f73c257fcb0,wpn_sm_pcharlie9_fire_casing_eject
656f1c8b59bd74a,wpn_sm_pcharlie9_fire_plr_last_mech
146b79a89c2b6f64,wpn_sm_pcharlie9_fire_npc
af59683c05854fe9,wpn_sm_pcharlie9_fire_plr_atmo_int
3e2babfcaeda2d67,wpn_sm_pcharlie9_fire_plr_mech
93082a2ef00d0264,wpn_sm_pcharlie9_fire_npc_atmo
9e643889e7bfde51,wpn_sm_pcharlie9_fire_plr_first_transient
592e2ddf04f2025f,wpn_sm_pcharlie9_fire_plr_lfe
f8b32863d0394eb2,wpn_sm_pcharlie9_fire_npc_lfe
a9bd7fed7f926,wpn_sm_pcharlie9_fire_plr_shot
3a2f93fd0cf25ba8,wpn_sm_pcharlie9_fire_plr_transient
9e47b7162c95394b,wpn_lm_halpha_fire_plr_casing_eject
1ee694776e911a25,wpn_lm_halpha_fire_npc_dist
71fe249e091e44ea,wpn_lm_halpha_fire_npc_far
9d46d19e21a09685,wpn_lm_halpha_fire_npc_med
f244f8ad256595c7,wpn_lm_halpha_fire_npc_dist_atmo
16f93b902bf6b5ce,wpn_lm_halpha_fire_npc_far_atmo
6a5f7bf4475c1be7,wpn_lm_halpha_fire_npc_med_atmo
dfd512b323cbd1d8,wpn_lm_halpha_fire_npc_mech
20d72995d6b1c4d7,wpn_lm_halpha_fire_plr_atmo
fbdf0aa0e05f6cb1,wpn_lm_halpha_fire_plr_interrupt
10666cb04cb0c6da,wpn_lm_halpha_fire_plr_last_mech
2804733065632c77,wpn_lm_halpha_fire_plr_mech
d23cf9667f513d0f,wpn_lm_halpha_fire_plr_lfe
1d4b519e3d05ddd9,wpn_lm_halpha_fire_plr_atmo_int
341ad71159c8c714,wpn_lm_halpha_fire_npc
e7a5804db307d7f4,wpn_lm_halpha_fire_npc_atmo
a433199e250e5582,wpn_lm_halpha_fire_npc_lfe
e801c200ec7faa76,wpn_lm_halpha_fire_plr_shot
1e9ba309109fedd8,wpn_lm_halpha_fire_plr_transient
521f1deec8c1df37,wpn_lm_halpha_fire_plr_first_fcg
1ccdce6b0889adc1,wpn_br_xmike5_fire_npc_dist
3ec471102a79eaa6,wpn_br_xmike5_fire_npc_far
e069d60ff54bbac1,wpn_br_xmike5_fire_npc_med
4619f102964a130b,wpn_br_xmike5_fire_npc_dist_atmo
8c059c239d0eaaa2,wpn_br_xmike5_fire_npc_far_atmo
2978220d81b71a0b,wpn_br_xmike5_fire_npc_med_atmo
aa7f1fa74738f0f6,wpn_br_xmike5_fcg_dryfire_npc
2d0370a86039a140,wpn_br_xmike5_fire_npc
85b2d2833602e4f8,wpn_br_xmike5_fire_npc_atmo
a12185c46ea7a194,wpn_br_xmike5_fire_plr_transient
e82fde0ff972b0be,wpn_br_xmike5_fire_npc_lfe
42169ee9766c8f22,wpn_br_xmike5_fire_plr_shot
9f948c1dcfb0a394,wpn_br_xmike5_fire_npc_mech
cd4d67584edb02a3,wpn_br_xmike5_fire_plr_first_fcg
480bde7ed40496cb,wpn_br_xmike5_fire_plr_atmo
ca01dd5b403c934d,wpn_br_xmike5_fire_plr_interrupt
7d503526a637009c,wpn_br_xmike5_fire_casing_eject
acffa34f6bba24c6,wpn_br_xmike5_fire_plr_last_mech
1f3b1c839e892d45,wpn_br_xmike5_fire_plr_first_transient
c7f8405bc8de99b3,wpn_br_xmike5_fire_plr_mech
637e00b060adc465,wpn_br_xmike5_fire_plr_atmo_int
d177dd11d4fffeb,wpn_br_xmike5_fire_plr_lfe
eedce195e11b996c,wpn_pi_glima21_fire2_plr_interrupt
ed3e87acee9c4dc7,wpn_pi_glima21_fire2_plr_last_mech
54f41fbb3a6b53f8,wpn_pi_glima21_fire2_plr_mech
7e1a1c50e33d7e50,wpn_pi_glima21_fire_plr_casing_eject
919011c6c52e7b22,wpn_pi_glima21_fire2_plr_lfe
7559baa441dd76f0,wpn_pi_glima21_fire_npc_med
9d6b87e3e775d231,wpn_pi_glima21_fire2_plr_shot
855ed03203f0e76,wpn_pi_glima21_fire_npc_dist_atmo
cfc2ad5268530b92,wpn_pi_glima21_fire_npc_dist
26c9d27e98860499,wpn_pi_glima21_fire_npc_far_atmo
a0a287a45a5ffeeb,wpn_pi_glima21_fire_npc_far
d8aff2b6e9f89808,wpn_pi_glima21_fire_npc_med_atmo
6b0ef112dbb5fe3a,wpn_pi_glima21_fire_plr_atmo_int
4506c71beb652727,wpn_pi_glima21_fire_npc_mech
c48b44416c92a4ec,wpn_pi_glima21_fire_plr_atmo
4b79f535d8165234,wpn_pi_glima21_fire_plr_interrupt
f5b49cd6450b574f,wpn_pi_glima21_fire_plr_last_mech
3ce2f61dcb1325b0,wpn_pi_glima21_fire_plr_mech
4f0a887c76714c67,wpn_pi_glima21_fire_plr_fcg
f853f07c454d239a,wpn_pi_glima21_fire_plr_lfe
b79abf9075c391aa,wpn_pi_glima21_fire_plr_last_fcg
67fbd718bc70373,wpn_pi_glima21_fire1_plr_atmo
93c8379a504119fd,wpn_pi_glima21_fire1_plr_atmo_int
fe77f4b210c7c505,wpn_pi_glima21_fire_npc
5f61f9c6a9444dbf,wpn_pi_glima21_fire2_plr_fcg
e4ad105b708e3c0f,wpn_pi_glima21_fire1_plr_casing_eject
7d7c5d7bd6441767,wpn_pi_glima21_fire_npc_atmo
d5356b1ea509854e,wpn_pi_glima21_fire_plr_last_shot
6a0572a43ab1991f,wpn_pi_glima21_fire_npc_lfe
fd5fbfd656c32e49,wpn_pi_glima21_fire_plr_shot
6df4c396f1a8b5ce,wpn_pi_glima21_fire1_plr_fcg
1076555cbf0ac345,wpn_pi_glima21_fire1_plr_interrupt
ad7c7ff132f92b1e,wpn_pi_glima21_fire1_plr_last_mech
efcd3fd6f4cd915b,wpn_pi_glima21_fire1_plr_mech
c4902b9722b5c553,wpn_pi_glima21_fire1_plr_lfe
9df2fee7def2eb4a,wpn_pi_glima21_fire1_plr_shot
5cc48d55c9a75a14,wpn_pi_glima21_fire2_plr_atmo
746440ff4c971252,wpn_pi_glima21_fire2_plr_atmo_int
2494f2c171aeff58,wpn_pi_glima21_fire2_plr_casing_eject
31717c5f9da98fde,wpn_ar_golf36_fire_plr_casing_eject
627d9027f1aca3a2,wpn_ar_golf36_fire_npc_med
ad340aebeb6690bc,wpn_ar_golf36_fire_npc_dist_atmo
3c25c61b0d38a63c,wpn_ar_golf36_fire_npc_dist
6c1f8f645218587f,wpn_ar_golf36_fire_npc_far_atmo
b21f05281f40473d,wpn_ar_golf36_fire_npc_far
2d6ed836cc911ca6,wpn_ar_golf36_fire_npc_med_atmo
fff57a4518ed1939,wpn_ar_golf36_fire_npc_atmo
5b914827ee3ee4a5,wpn_ar_golf36_fire_npc_lfe
c4898cddbbda90c6,wpn_ar_golf36_fire_plr
7eebfdfa84be071,wpn_ar_golf36_fire_npc_mech
6ddcf3dd8abebacb,wpn_ar_golf36_fire_npc
a4780e87a5eb4382,wpn_ar_golf36_fire_plr_atmo
c12df1a18e070426,wpn_ar_golf36_fire_plr_interrupt
2b189b1903098ea8,wpn_ar_golf36_fire_plr_atmo_int
847785804cc4c251,wpn_ar_golf36_fire_plr_last_mech
93561463b6df50ee,wpn_ar_golf36_fire_plr_mech
8fcf4c25551892e4,wpn_ar_golf36_fire_plr_lfe
49ccc73d3ca0eac7,wpn_ar_golf36_fire_plr_transient
c622d8f5544a5f7c,wpn_ar_golf36_fire_plr_first_fcg
e9de9f858c3ca72e,wpn_ar_golf36_fire_plr_first_transient
171ae0aa44f9dbab,wpn_dm_slima8_fire_plr_casing_eject
bffe9606745e225,wpn_dm_slima8_fire_npc_med
f520cc1a49254da7,wpn_dm_slima8_fire_npc_dist_atmo
ec1b5393c9535745,wpn_dm_slima8_fire_npc_dist
e0b73c604ec3908a,wpn_dm_slima8_fire_npc_far
29ee67b63cb2282e,wpn_dm_slima8_fire_npc_far_atmo
208f1b31e61eedc7,wpn_dm_slima8_fire_npc_med_atmo
b1743f6a0ae6ec14,wpn_dm_slima8_fire_npc_atmo
ec0fce515c0ad3f4,wpn_dm_slima8_fire_npc
12ec31606ab3a122,wpn_dm_slima8_fire_npc_lfe
74a7715118f01e35,wpn_dm_slima8_fire_plr
a9a3d1cf7baae5f8,wpn_dm_slima8_fire_npc_mech
9989132f7dfb3bf7,wpn_dm_slima8_fire_plr_atmo
80e661bf99837217,wpn_dm_slima8_fire_plr_first_fcg
2cb91db146ddfb51,wpn_dm_slima8_fire_plr_interrupt
668c81b6aa94e4b9,wpn_dm_slima8_fire_plr_atmo_int
fc4bec3cde8625ba,wpn_dm_slima8_fire_plr_last_mech
a0b65cca0caca397,wpn_dm_slima8_fire_plr_mech
3ba2197efab319af,wpn_dm_slima8_fire_plr_lfe
de98a6e178873878,wpn_dm_slima8_fire_plr_transient
ea67cb1f61eff6f7,wpn_lm_mgolf36_fire_plr_casing_eject
6f6d95002223a2bb,wpn_lm_mgolf36_fire_npc_dist_atmo
3c62b570848c8751,wpn_lm_mgolf36_fire_npc_dist
d934f1318bd5fc12,wpn_lm_mgolf36_fire_npc_far_atmo
c263155e2e833bdb,wpn_lm_mgolf36_fire_npc_med_atmo
3ab2af46eb047ab6,wpn_lm_mgolf36_fire_npc_far
dd30f446b68e0531,wpn_lm_mgolf36_fire_npc_med
3bb2b98cfed1eaa8,wpn_lm_mgolf36_fire_npc_atmo
c3496caa03c1b4d0,wpn_lm_mgolf36_fire_npc
e41d3c46b9fbc42e,wpn_lm_mgolf36_fire_npc_lfe
19f507aa34dbdb31,wpn_lm_mgolf36_fire_plr
6837532833551fe4,wpn_lm_mgolf36_fire_npc_mech
3424dea74b38fddb,wpn_lm_mgolf36_fire_plr_atmo
84e99778b36279d,wpn_lm_mgolf36_fire_plr_interrupt
c8e32f1589ebd5f5,wpn_lm_mgolf36_fire_plr_atmo_int
5cfa2eaa723a0bb3,wpn_lm_mgolf36_fire_plr_first_fcg
75e730d3d92d936,wpn_lm_mgolf36_fire_plr_last_mech
9d2f2083a1a203a3,wpn_lm_mgolf36_fire_plr_mech
16183e2dd34f33b,wpn_lm_mgolf36_fire_plr_lfe
c498583ad216f2d5,wpn_lm_mgolf36_fire_plr_first_transient
9faaa05993d091d2,wpn_ar_bromeo805_fire_plr_casing_eject
8ba67fd451f8e777,wfoly_npc_ar_bromeo805_inspect_12
dfc0768f5d253f1,wpn_ar_bromeo805_fire_npc_far
fd52648e04d9a00,wpn_ar_bromeo805_fire_npc_dist
47fd0a6915edd066,wpn_ar_bromeo805_fire_npc_med
d64f530ffe3b7162,wpn_ar_bromeo805_fire_npc_med_atmo
4f7c6bcda04598b8,wpn_ar_bromeo805_fire_npc_dist_atmo
204b24c0f982369b,wpn_ar_bromeo805_fire_npc_far_atmo
1a7d723062c19185,wpn_ar_bromeo805_fire_npc_atmo
4111026912807e29,wpn_ar_bromeo805_fire_npc_lfe
40d2e09043211615,wpn_ar_bromeo805_fire_npc_mech
61a18c81b7a16aac,wpn_ar_bromeo805_fire_plr_atmo_int
bc6a2eabc4e817ef,wpn_ar_bromeo805_fire_npc
bab6e84c9e2f07ae,wpn_ar_bromeo805_fire_plr_atmo
87e6de5c1c8121fa,wpn_ar_bromeo805_fire_plr_interrupt
a45b682cf47123b0,wpn_ar_bromeo805_fire_plr_first_fcg
683417c38f1559ef,wpn_ar_bromeo805_fire_plr_shot
7f3557289dd3fdd5,wpn_ar_bromeo805_fire_plr_last_mech
4b1ed5e6ea501c92,wpn_ar_bromeo805_fire_plr_mech
7504e8fd9a412a1c,wpn_ar_bromeo805_fire_plr_last_fcg
5f6979747e962a78,wpn_ar_bromeo805_fire_plr_lfe
eb01e6f44707134a,wpn_ar_bromeo805_fire_plr_first_transient
17c1c1b250d464cb,wpn_ar_bromeo805_fire_plr_transient
ff0d6af7a2a64f3,wpn_br_aromeo200_fire_npc_dist
d09a14e36abbcaa1,wpn_br_aromeo200_fire_npc_dist_atmo
79b59bbe73ba9a38,wpn_br_aromeo200_fire_npc_far
117aee88574d6710,wpn_br_aromeo200_fire_npc_far_atmo
1bdac7aef75f82c9,wpn_br_aromeo200_fire_npc_med_atmo
cda00cd873e23bc,wpn_br_aromeo200_fcg_dryfire_npc
c53220be9dc853fb,wpn_br_aromeo200_fire_npc_med
1a51ee85e2c4b10a,wpn_br_aromeo200_fire_npc_atmo
28e7ba2886df4ec3,wpn_br_aromeo200_fire_plr_atmo_int
d05118bea4c7cd6c,wpn_br_aromeo200_fire_npc_lfe
bc17410d6ae25a41,wpn_br_aromeo200_fire_plr_atmo
dc9234e61b747296,wpn_br_aromeo200_fire_npc_mech
d9f90c4ab175ead7,wpn_br_aromeo200_fire_plr_interrupt
703589e794d85868,wpn_br_aromeo200_fire_plr_last_mech
6b887ea7b07abc84,wpn_br_aromeo200_fire_plr_shot
2d7267306e6ef2b9,wpn_br_aromeo200_fire_plr_mech
4c6d98017c63217b,wpn_br_aromeo200_fire_plr_first_transient
f31704f453ed01cd,wpn_br_aromeo200_fire_plr_lfe
78e4a3a68c7e7052,wpn_br_aromeo200_fire_plr_transient
61fb202f9f6bc832,wpn_br_aromeo200_fire_casing_eject
3e622694aa67102e,wpn_br_aromeo200_fire_npc
35ad6569d951a45d,wpn_br_aromeo200_fire_plr_first_fcg
b30cdfee0a442f2a,wpn_sm_pmike_fire_npc_dist_atmo
26db115d05e3a58e,wpn_sm_pmike_fire_npc_dist
ca031d4e71be7de7,wpn_sm_pmike_fire_npc_far
f4ad39960dfd9ddc,wpn_sm_pmike_fire_npc_med_atmo
f3635fdfd60b0a7d,wpn_sm_pmike_fire_npc_far_atmo
9e9f484e5925209c,wpn_sm_pmike_fire_npc_med
7c3e6c33ebe17489,wpn_sm_pmike_fcg_dryfire_npc
96e7104e550a166b,wpn_sm_pmike_fire_npc_lfe
1cc9f024e641c136,wpn_sm_pmike_fire_plr_atmo_int
adc4ab217a12d533,wpn_sm_pmike_fire_npc_mech
a9287e72310c5340,wpn_sm_pmike_fire_plr_atmo
29d33fc90085e153,wpn_sm_pmike_fire_casing_eject
86b172a31d376501,wpn_sm_pmike_fire_npc
bfb6d5afd45306a0,wpn_sm_pmike_fire_plr_interrupt
2dd849448538d24b,wpn_sm_pmike_fire_npc_atmo
b933491e1f0cea9b,wpn_sm_pmike_fire_plr_last_mech
b812d1e5ef6bce4,wpn_sm_pmike_fire_plr_first_transient
3171d10078179005,wpn_sm_pmike_fire_plr_shot
2cd838953f43385c,wpn_sm_pmike_fire_plr_mech
619eb9ea95a894a6,wpn_sm_pmike_fire_plr_lfe
310e13aaeeb1de6d,wpn_sm_pmike_fire_plr_transient
b5a24f7eed9fd5e6,wpn_sm_pmike_fire_plr_first_fcg
9fc77cc5b533153c,wpn_sm_lwhiskey_fire_plr_casing_eject
16c4b6db700daf6a,wpn_sm_lwhiskey_fire_npc_dist_atmo
367f9d8007bd08ce,wpn_sm_lwhiskey_fire_npc_dist
e654eeb1fe589627,wpn_sm_lwhiskey_fire_npc_far
38747e8cd9b6ecbd,wpn_sm_lwhiskey_fire_npc_far_atmo
8587361bf7fbae1c,wpn_sm_lwhiskey_fire_npc_med_atmo
baf119b1e5bf38dc,wpn_sm_lwhiskey_fire_npc_med
40e2d56789f55e8b,wpn_sm_lwhiskey_fire_npc_atmo
afd2e1b1dec105ab,wpn_sm_lwhiskey_fire_npc_lfe
3b6828a3ae6b4f76,wpn_sm_lwhiskey_fire_plr_atmo_int
c516b62e32194c41,wpn_sm_lwhiskey_fire_npc
66e4374963eae373,wpn_sm_lwhiskey_fire_npc_mech
605912f053826880,wpn_sm_lwhiskey_fire_plr_atmo
2e8938d4f99b5226,wpn_sm_lwhiskey_fire_plr_first_fcg
83361b92fa1798e0,wpn_sm_lwhiskey_fire_plr_interrupt
d510b9837c3a8adb,wpn_sm_lwhiskey_fire_plr_last_mech
3a8ecd0e79bc559c,wpn_sm_lwhiskey_fire_plr_mech
276b8b530a4157e6,wpn_sm_lwhiskey_fire_plr_lfe
fc901014b13c164e,wpn_sm_lwhiskey_fire_plr_last_fcg
3f93e32e77d28248,wpn_sm_lwhiskey_fire_plr
f8028538fbc6e9fc,wpn_sm_umike45_fire_plr_casing_eject
e3b65be4ec6e562a,wpn_sm_umike45_fire_npc_dist_atmo
2c0ab59293ee128e,wpn_sm_umike45_fire_npc_dist
c054074b82fec77d,wpn_sm_umike45_fire_npc_far_atmo
cfa4d83d8031dce7,wpn_sm_umike45_fire_npc_far
c19de101baf15adc,wpn_sm_umike45_fire_npc_med_atmo
a441033d67987f9c,wpn_sm_umike45_fire_npc_med
9c88cb3d637d756b,wpn_sm_umike45_fire_npc_lfe
e9ba979093357e36,wpn_sm_umike45_fire_plr_atmo_int
b2f44f57081d4233,wpn_sm_umike45_fire_npc_mech
57c08631e205401,wpn_sm_umike45_fire_npc
ae5822a7bf16c040,wpn_sm_umike45_fire_plr_atmo
3307ed7a13433f4b,wpn_sm_umike45_fire_npc_atmo
b76247cd0b836be4,wpn_sm_umike45_fire_plr_first_transient
f06051a6b67d2da0,wpn_sm_umike45_fire_plr_interrupt
e9dcc5150137119b,wpn_sm_umike45_fire_plr_last_mech
61b78fa1d0dc056d,wpn_sm_umike45_fire_plr_transient
3207dccacd4da55c,wpn_sm_umike45_fire_plr_mech
674074d9a41bf3a6,wpn_sm_umike45_fire_plr_lfe
e64bcb75cfc9fce6,wpn_sm_umike45_fire_plr_first_fcg
7ff9356363d98a08,wpn_sm_umike45_fire_plr
e581876d4d7e940e,wpn_sm_umike45_fire_plr_last_fcg
6f56935fb8a29cf7,wpn_ar_foxtrot2000_fire_plr_casing_eject
9611c09699f3fcb6,wpn_ar_foxtrot2000_fire_npc_far
6e6f1fd6c5866d51,wpn_ar_foxtrot2000_fire_npc_dist
38900596657d8731,wpn_ar_foxtrot2000_fire_npc_med
24e508011ef681db,wpn_ar_foxtrot2000_fire_npc_med_atmo
4582dfdeb60394bb,wpn_ar_foxtrot2000_fire_npc_dist_atmo
3dcd9d095d3c2342,wfoly_plr_ar_foxtrot2000_fire_select_off
3bb6e3d47c494212,wpn_ar_foxtrot2000_fire_npc_far_atmo
eb0d3e15cbd66868,wfoly_plr_ar_foxtrot2000_fire_select_on
6dbf23f33fcbd0a8,wpn_ar_foxtrot2000_fire_npc_atmo
2b6521b87a5f1bf5,wpn_ar_foxtrot2000_fire_plr_atmo_int
3f7c4d9668eb462e,wpn_ar_foxtrot2000_fire_npc_lfe
9a43bd8e744f05e4,wpn_ar_foxtrot2000_fire_npc_mech
6631490d8c32e3db,wpn_ar_foxtrot2000_fire_plr_atmo
de63e4561f16199d,wpn_ar_foxtrot2000_fire_plr_interrupt
f3180a7fe228ae52,wpn_ar_foxtrot2000_fire_plr_shot
dd73bdebd172cb36,wpn_ar_foxtrot2000_fire_plr_last_mech
2bca713912c18564,wpn_ar_foxtrot2000_fire_plr_transient
cf3b8ae9e29be9a3,wpn_ar_foxtrot2000_fire_plr_mech
330f79890619fdb3,wpn_ar_foxtrot2000_fire_plr_first_fcg
5cc095328c24753b,wpn_ar_foxtrot2000_fire_plr_lfe
bd2ca8c875595c29,wpn_ar_foxtrot2000_fire_plr_last_fcg
99f2f705c61fd4d5,wpn_ar_foxtrot2000_fire_plr_first_transient
2a34f428b48216d0,wpn_ar_foxtrot2000_fire_npc
ad8aec5ab277f3cc,wfoly_plr_lm_pkilob_selectsemi_off_01
b96902f68b457aca,wfoly_plr_lm_pkilob_selectsemi_on_01
3829580367d8f467,wpn_lm_pkilop_fire_npc_far
cc583034f3f971c,wpn_lm_pkilop_fire_npc_med
6c4752db34db010e,wpn_lm_pkilop_fire_npc_dist
6d9f3c2f5c4f91aa,wpn_lm_pkilop_fire_npc_dist_atmo
3e32aa7f40ca715c,wpn_lm_pkilop_fire_npc_med_atmo
bc992afd7ea19c09,wpn_lm_pkilop_fcg_dryfire_npc
3ce8d0c908d7ddfd,wpn_lm_pkilop_fire_npc_far_atmo
73448ac2b4302dcb,wpn_lm_pkilop_fire_npc_atmo
50d4b034b248ceb,wpn_lm_pkilop_fire_npc_lfe
664f610e190e94b6,wpn_lm_pkilop_fire_plr_atmo_int
f330ec9fa90a30b3,wpn_lm_pkilop_fire_npc_mech
7358b0b23352b4d3,wpn_lm_pkilop_fire_casing_eject
ee94bff06003aec0,wpn_lm_pkilop_fire_plr_atmo
dc5663c9e07fb381,wpn_lm_pkilop_fire_npc
7a4931f1265e6920,wpn_lm_pkilop_fire_plr_interrupt
160485185b6cd052,wpn_lm_pkilop_fire_plr_first_shot
76de127ea70eeb85,wpn_lm_pkilop_fire_plr_shot
73c5a55f71184d1b,wpn_lm_pkilop_fire_plr_last_mech
72447a136e3a93dc,wpn_lm_pkilop_fire_plr_mech
4b984106ac2eab64,wpn_lm_pkilop_fire_plr_first_transient
cfc4f49f8bc30b26,wpn_lm_pkilop_fire_plr_lfe
eba06fec40bd40ed,wpn_lm_pkilop_fire_plr_transient
f689b1f23b3ddc5b,wpn_sm_uzulu_fire_npc_dist_atmo
dcbec610129a8eb2,wpn_sm_uzulu_fire_npc_far_atmo
ad070c1524ce8ab1,wpn_sm_uzulu_fire_npc_dist
af701d25bc2c337b,wpn_sm_uzulu_fire_npc_med_atmo
1d92670434f2fa96,wpn_sm_uzulu_fire_npc_far
2ecc816ccab6b3a6,wpn_sm_uzulu_fcg_dryfire_npc
c011ac04007e3811,wpn_sm_uzulu_fire_npc_med
8fc1a8c3660d1fd,wpn_sm_uzulu_fire_plr_interrupt
dccd0ecf7b39cf56,wpn_sm_uzulu_fire_plr_last_mech
d2f4541fe0a78195,wpn_sm_uzulu_fire_plr_atmo_int
4cc714d78bf6c183,wpn_sm_uzulu_fire_plr_mech
95cf61f25bb1409b,wpn_sm_uzulu_fire_plr_lfe
9f0caa76e5a103f0,wpn_sm_uzulu_fire_npc
6bb0f33a56a226c4,wpn_sm_uzulu_fire_plr_transient
6e96bcbf367062ac,wpn_sm_uzulu_fire_casing_eject
7408946d8e64fc32,wpn_sm_uzulu_fire_plr_shot
643102cb9fa1f08,wpn_sm_uzulu_fire_npc_atmo
29ded67c9297e184,wpn_sm_uzulu_fire_plr_first_mech
c6fdf40403ebf70e,wpn_sm_uzulu_fire_npc_lfe
192ed324fd7123d3,wpn_sm_uzulu_fire_plr_first_fcg
dc42a9ccd67bff44,wpn_sm_uzulu_fire_npc_mech
e722d2fb3870e4bb,wpn_sm_uzulu_fire_plr_atmo
3e3e18d56892e8f5,wpn_sm_uzulu_fire_plr_first_transient
fdeda4cacbc53033,wpn_sm_uzulum_fcg_dryfire_npc
c4e892e1186d6e95,wpn_sm_uzulup_fire1_plr_transient
3639cdec734468e1,wpn_sm_uzulup_fire2_plr_interrupt
7c06071be7e692c8,wpn_sm_uzulup_fire2_plr_transient
720e956adad837aa,wpn_sm_uzulup_fire2_plr_last_mech
8a2d05f310d07107,wpn_sm_uzulup_fire2_plr_mech
48a5f5ce5deb13c6,wpn_sm_uzulup_fire2_plr_shot
267c4483c75eed7f,wpn_sm_uzulup_fire2_plr_lfe
e99b04d612e46f7f,wpn_sm_uzulup_fire_npc_dist
b76184bdf3c927f4,wpn_sm_uzulup_fire_npc_far
a714c3cacd6259ad,wpn_sm_uzulup_fire_npc_med_atmo
79df51bdd0b36937,wpn_sm_uzulup_fire_npc_med
ed0e1aacd8b00220,wpn_sm_uzulup_fcg_dryfire_npc
8baf128533cdfb75,wpn_sm_uzulup_fire_npc_dist_atmo
3ae74cfd74496814,wpn_sm_uzulup_fire_npc_far_atmo
f315577a21b82e15,wpn_sm_uzulup_fire_plr_atmo
fd2433ab3d9de3b3,wpn_sm_uzulup_fire_plr_interrupt
474ca9b2c9ed08e4,wpn_sm_uzulup_fire_plr_last_mech
413373cb6e807fee,wpn_sm_uzulup_fire1_plr_lfe
70910af1669b7809,wpn_sm_uzulup_fire_plr_first_fcg
2beaad0f0bea29e0,wpn_sm_uzulup_fire_plr_shot
6c4d34008f7b09f8,wpn_sm_uzulup_fire1_plr_interrupt
404e5006d17bf768,wpn_sm_uzulup_fire1_plr_atmo
d9c9a5df888a5405,wpn_sm_uzulup_fire_plr_mech
3fb20294cb77462d,wpn_sm_uzulup_fire1_plr_shot
efe63ee41059239,wpn_sm_uzulup_fire_plr_lfe
3406d420a5a5410e,wpn_sm_uzulup_fire1_plr_atmo_int
92edb1af18aff753,wpn_sm_uzulup_fire1_plr_last_mech
5ff09b0124a858ee,wpn_sm_uzulup_fire_casing_eject
acd996d7406dbd3a,wpn_sm_uzulup_fire_npc
6c1c9c57e3ac5947,wpn_sm_uzulup_fire2_plr_atmo
7038e9a208e255a4,wpn_sm_uzulup_fire1_plr_mech
8f1dcc7d11ba546f,wpn_sm_uzulup_fire_plr_first_transient
2365f4eeb6f9267e,wpn_sm_uzulup_fire_npc_atmo
a5f8355649ddcac9,wpn_sm_uzulup_fire2_plr_atmo_int
4e44dcef46ff480f,wpn_sm_uzulup_fire_plr_atmo_int
80f399bdd4427a48,wpn_sm_uzulup_fire_npc_lfe
e5ac85b117cdaa5e,wpn_sm_uzulup_fire_plr_transient
1aa8dc9ed47d20cc,wpn_sm_uzulup_fire1_plr_first_transient
c9d74289a0d3b482,wpn_sm_uzulup_fire_npc_mech
c46a3b12f48f75b1,wpn_sm_uzulup_fire2_plr_first_transient
a8d10172aa09893d,wpn_ar_qbravo95_fcg_dryfire_npc
9b09c2df5f1d6e9c,wfoly_plr_ar_qbravo97_inspect_01
9b09c5df5f1d73b5,wfoly_plr_ar_qbravo97_inspect_02
9b09bfdf5f1d6983,wfoly_plr_ar_qbravo97_inspect_04
9b09c4df5f1d7202,wfoly_plr_ar_qbravo97_inspect_03
9b09c0df5f1d6b36,wfoly_plr_ar_qbravo97_inspect_07
9b09cbdf5f1d7de7,wfoly_plr_ar_qbravo97_inspect_08
9b09bedf5f1d67d0,wfoly_plr_ar_qbravo97_inspect_05
9b063edf5f1a5879,wfoly_plr_ar_qbravo97_inspect_11
9b09cadf5f1d7c34,wfoly_plr_ar_qbravo97_inspect_09
9b09c1df5f1d6ce9,wfoly_plr_ar_qbravo97_inspect_06
263b22057c0d6d99,wpn_ar_qbravo97_fire_npc_far
9b063ddf5f1a56c6,wfoly_plr_ar_qbravo97_inspect_10
decf16400b977aa8,wpn_ar_qbravo97_fire_npc_dist
cb92a04cc2309a5a,wfoly_plr_ar_qbravo97_reload_02
cb929c4cc230938e,wfoly_plr_ar_qbravo97_reload_06
cb929f4cc23098a7,wfoly_plr_ar_qbravo97_reload_01
d758b5054f1cb39e,wpn_ar_qbravo97_fire_npc_med
137ac1f2fbbd145a,wpn_ar_qbravo97_fire_npc_med_atmo
cb92a14cc2309c0d,wfoly_plr_ar_qbravo97_reload_03
d326c5c1f0550fd4,wfoly_plr_ar_qbravo97_reload_empty_06
cb929a4cc2309028,wfoly_plr_ar_qbravo97_reload_04
50cbe5ae0642a0d7,wfoly_plr_ar_qbravo97_drop_01
468ba1f17c51eb6f,wpn_ar_qbravo97_fcg_dryfire_npc
3453d3e36cb51420,wpn_ar_qbravo97_fire_npc_dist_atmo
d326c4c1f0550e21,wfoly_plr_ar_qbravo97_reload_empty_01
d326c1c1f0550908,wfoly_plr_ar_qbravo97_reload_empty_02
d326c6c1f0551187,wfoly_plr_ar_qbravo97_reload_empty_07
cb929b4cc23091db,wfoly_plr_ar_qbravo97_reload_05
d3d6429ede53b4a3,wpn_ar_qbravo97_fire_npc_far_atmo
d326c2c1f0550abb,wfoly_plr_ar_qbravo97_reload_empty_03
d326bbc1f054fed6,wfoly_plr_ar_qbravo97_reload_empty_08
d326c7c1f055133a,wfoly_plr_ar_qbravo97_reload_empty_04
d326c8c1f05514ed,wfoly_plr_ar_qbravo97_reload_empty_05
d326bcc1f0550089,wfoly_plr_ar_qbravo97_reload_empty_09
889b02287900129d,wpn_ar_qbravo97_fire_npc_atmo
cf92ad054af5bda1,wpn_ar_qbravo97_fire_npc_lfe
7a2572a928e6ee14,wpn_ar_qbravo97_fire_plr_atmo_int
87990056dce22ed,wpn_ar_qbravo97_fire_npc_mech
7db468379dbdcdac,wfoly_plr_ar_qbravo97_raise_01
a10bb2f1c7fc0bc6,wpn_ar_qbravo97_fire_plr_atmo
d7d9a269064bee47,wpn_ar_qbravo97_fire_plr_shot
648ce079bef3a262,wpn_ar_qbravo97_fire_plr_interrupt
b08d84eaced96454,wpn_ar_qbravo97_fire_plr_first_shot
64e58def91dabe3d,wpn_ar_qbravo97_fire_plr_last_mech
3abdb4d709978fa4,wfoly_plr_ar_qbravo97_raise_quick_01
5e9f1f4ad1481502,wpn_ar_qbravo97_fire_plr_first_transient
c3810115c0d89b6a,wpn_ar_qbravo97_fire_plr_mech
31ecfa92c9ac1047,wpn_ar_qbravo97_fire_npc
e83b265e812c9a39,wpn_ar_qbravo97_fire_casing_eject
8bb6cd1a8bf273b0,wpn_ar_qbravo97_fire_plr_lfe
ecf7d8263d95fae3,wpn_ar_qbravo97_fire_plr_transient
c5b0ce80c6cb8189,wpn_ar_qbravo97_fire_plr_first_mech
6a28eb3df3b60eb8,wpn_ar_qbravo97_fire_plr_first_fcg
f8505c728e60b531,wpn_lm_qbravo95lsw_fire_npc_far
cee965971d20dc40,wpn_lm_qbravo95lsw_fire_npc_dist
35b85f72b1610da6,wpn_lm_qbravo95lsw_fire_npc_med
994ad38449ef33a2,wpn_lm_qbravo95lsw_fire_npc_med_atmo
2a94598345c8b947,wpn_lm_qbravo95lsw_fcg_dryfire_npc
a235463836dcb5f8,wpn_lm_qbravo95lsw_fire_npc_dist_atmo
a934dfa431dd4bdb,wpn_lm_qbravo95lsw_fire_npc_far_atmo
d62ab17e9caff7c5,wpn_lm_qbravo95lsw_fire_npc_atmo
2b665772ab109269,wpn_lm_qbravo95lsw_fire_npc_lfe
11dd6f25a7ab502f,wpn_lm_qbravo95lsw_fire_npc
a9621fe367f30355,wpn_lm_qbravo95lsw_fire_npc_mech
b89dd3b925795588,wpn_sh_oromeo12_fire_npc_far
dbeee5acb9d08dc3,wpn_sh_oromeo12_fire_npc_dist
85a38b95323a5ab,wpn_sh_oromeo12_fire_npc_med
d6e37e4f519e6a59,wpn_sh_oromeo12_fire_npc_med_atmo
19cb2efd5d6d1c11,wpn_sh_oromeo12_fire_npc_dist_atmo
423c89ab16a572c0,wpn_sh_oromeo12_fire_npc_far_atmo
f3a882b8f9730bfe,wpn_sh_oromeo12_fire_npc
d33ffd8287385afa,wpn_sh_oromeo12_fire_npc_atmo
f3970b95686bf1c,wpn_sh_oromeo12_fire_npc_lfe
550523e845a11a26,wpn_sh_oromeo12_fire_npc_mech
851760ead1f7a4d4,wpn_sn_cdelta50_fire_npc_far
a41d45139be30cdf,wpn_sn_cdelta50_fire_npc_dist
4afa2deab1c35c17,wpn_sn_cdelta50_fire_npc_med
fab8b282fc17b34d,wpn_sn_cdelta50_fire_npc_med_atmo
e3767479a32295,wpn_sn_cdelta50_fire_npc_dist_atmo
e0657e6c08dbe300,wpn_sn_cdelta50_fcg_dryfire_npc
d273e451c0f21fb4,wpn_sn_cdelta50_fire_npc_far_atmo
dde8352c3ff7c3de,wpn_sn_cdelta50_fire_npc_atmo
520f75eab5542028,wpn_sn_cdelta50_fire_npc_lfe
2a6d82cc0eec20e2,wpn_sn_cdelta50_fire_npc_mech
ae842cfb3a6aa7f5,wpn_sn_cdelta50_fire_plr_atmo
49d7e087937fd313,wpn_sn_cdelta50_fire_plr_interrupt
2b4ad3c6f4f24ada,wpn_sn_cdelta50_fire_npc
810a67629cd44e04,wpn_sn_cdelta50_fire_plr_last_mech
1a8475e97b5fa5af,wpn_sn_cdelta50_fire_plr_atmo_int
e7598290249ca3c0,wpn_sn_cdelta50_fire_plr_shot
95377b60a13b1ae5,wpn_sn_cdelta50_fire_plr_mech
da0944463a10a499,wpn_sn_cdelta50_fire_plr_lfe
324531d8b42209be,wpn_sn_cdelta50_fire_plr_transient
f4749244308a4aa5,wpn_pi_mike93_fire1_plr_transient
97820fe3e7e9ebb1,wpn_pi_mike93_fire2_plr_interrupt
ba3ea84c182a6cd8,wpn_pi_mike93_fire2_plr_transient
ac0971f3543b45da,wpn_pi_mike93_fire2_plr_last_mech
d45d7f3f640efef9,wpn_pi_mike93_fire_plr_casing_eject
942da07f6e7b40f,wpn_pi_mike93_fire2_plr_lfe
3d78258e9a0f6177,wpn_pi_mike93_fire2_plr_mech
fd75745f212bdf76,wpn_pi_mike93_fire2_plr_shot
33c1b44f1784a204,wpn_pi_mike93_fire_npc_far
7bb708721b04e70f,wpn_pi_mike93_fire_npc_dist
71ad5e5f79988e3d,wpn_pi_mike93_fire_npc_med_atmo
f63ea14ef46d66a7,wpn_pi_mike93_fire_npc_med
c4f2d7cc7aa93365,wpn_pi_mike93_fire_npc_dist_atmo
87dfab77c1bf0dc4,wpn_pi_mike93_fire_npc_far_atmo
4cc6f88f0c9f6dee,wpn_pi_mike93_fire_npc_atmo
fe2da94ef8b761b8,wpn_pi_mike93_fire_npc_lfe
cee9802410b44b9b,wpn_pi_mike93_fire1_plr_first_mech
ba88b9ac65bed91f,wpn_pi_mike93_fire_plr_atmo_int
d9c8e62955dd59d2,wpn_pi_mike93_fire_npc_mech
80753f34fdbcce8a,wpn_pi_mike93_fire1_plr_first_shot
3b42973a6e8453a5,wpn_pi_mike93_fire_plr_atmo
8fa0cbd0a98fbc4a,wpn_pi_mike93_fire_npc
f2b4bdb86774d703,wpn_pi_mike93_fire1_plr_fcg
8103b44c391a0e4b,wpn_pi_mike93_fire2_plr_casing_eject
888c10f33d2191b9,wpn_pi_mike93_fire2_plr_first_shot
f3762846b399b760,wpn_pi_mike93_fire2_plr_first_mech
6861aac3debf2083,wpn_pi_mike93_fire_plr_interrupt
d1be6c982942f31c,wpn_pi_mike93_fire1_plr_first_transient
5eb92bc3f4457a90,wpn_pi_mike93_fire_plr_shot
d06ddc205ef482c8,wpn_pi_mike93_fire1_plr_interrupt
80f7e76c9dcf7541,wpn_pi_mike93_fire2_plr_first_transient
f1f91e31255f13,wpn_pi_mike93_fire_plr_first_shot
5aacf21decedf094,wpn_pi_mike93_fire_plr_last_mech
3ba7d2081300ed82,wpn_pi_mike93_fire2_plr_fcg
59d2335b365a9883,wpn_pi_mike93_fire1_plr_last_mech
2fa66562c9bfc2f8,wpn_pi_mike93_fire1_plr_atmo
e7a059f39c75f35,wpn_pi_mike93_fire_plr_mech
78e4df6c042f9b5e,wpn_pi_mike93_fire1_plr_atmo_int
8ea40fcf7ed063c9,wpn_pi_mike93_fire_plr_lfe
49881efd636d8194,wpn_pi_mike93_fire1_plr_mech
e8fe5da989da5ef4,wpn_pi_mike93_fire1_plr_casing_eject
9c1915b836675abe,wpn_pi_mike93_fire1_plr_lfe
f3420f6f935383ae,wpn_pi_mike93_fire_plr_transient
c2c058f87802f45d,wpn_pi_mike93_fire1_plr_shot
2740c9148ec13006,wpn_pi_mike93_fire_plr_first_mech
364adbf40b5df9d7,wpn_pi_mike93_fire2_plr_atmo
e900f11d827be2d9,wpn_pi_mike93_fire2_plr_atmo_int
5b8817cf621c1ffc,wpn_pi_mike93_fire_plr_fcg
8177b180e88636ff,wpn_pi_mike93_fire_plr_first_transient
3be356849e210af4,wfoly_npc_pi_romeo93_inspect_09
810647d84b0baafc,wfoly_plr_pi_romeo93_drop_quick_01
55cd30310010967b,wfoly_plr_sn_svictor_inspect_01
55cd31310010982e,wfoly_plr_sn_svictor_inspect_02
55cd333100109b94,wfoly_plr_sn_svictor_inspect_04
55cd3231001099e1,wfoly_plr_sn_svictor_inspect_03
55cd36310010a0ad,wfoly_plr_sn_svictor_inspect_07
55cd343100109d47,wfoly_plr_sn_svictor_inspect_05
55cd273100108730,wfoly_plr_sn_svictor_inspect_08
55cd353100109efa,wfoly_plr_sn_svictor_inspect_06
994c7c3b4810c1fb,wfoly_plr_sn_svictor_reload_02
9462575ae9abeb4e,wfoly_plr_sn_svictor_drop_01
994c7b3b4810c048,wfoly_plr_sn_svictor_reload_03
994c7d3b4810c3ae,wfoly_plr_sn_svictor_reload_01
994c803b4810c8c7,wfoly_plr_sn_svictor_reload_06
994c823b4810cc2d,wfoly_plr_sn_svictor_reload_04
994c7f3b4810c714,wfoly_plr_sn_svictor_reload_07
5c58234a81480356,wfoly_plr_sn_svictor_reload_empty_07
5c58244a81480509,wfoly_plr_sn_svictor_reload_empty_06
994c763b4810b7c9,wfoly_plr_sn_svictor_reload_08
994c813b4810ca7a,wfoly_plr_sn_svictor_reload_05
5c582e4a81481607,wfoly_plr_sn_svictor_reload_empty_08
5c58254a814806bc,wfoly_plr_sn_svictor_reload_empty_01
5c54a14a8144f099,wfoly_plr_sn_svictor_reload_empty_11
5c58284a81480bd5,wfoly_plr_sn_svictor_reload_empty_02
39e285349ec956f2,wfoly_plr_sn_svictor_drop_quick_01
5c582d4a81481454,wfoly_plr_sn_svictor_reload_empty_09
5c58274a81480a22,wfoly_plr_sn_svictor_reload_empty_03
5c58224a814801a3,wfoly_plr_sn_svictor_reload_empty_04
5c54a04a8144eee6,wfoly_plr_sn_svictor_reload_empty_10
5c58214a8147fff0,wfoly_plr_sn_svictor_reload_empty_05
cc373324637a7b97,wfoly_plr_sn_svictor_raise_01
cc373424637a7d4a,wfoly_plr_sn_svictor_raise_02
7fde21acc802639f,wfoly_plr_sn_svictor_raise_quick_01
ce952737223847a5,wfoly_plr_sn_svictor_inspect_empty_01
ce9524372238428c,wfoly_plr_sn_svictor_inspect_empty_02
ce9525372238443f,wfoly_plr_sn_svictor_inspect_empty_03
ce95223722383f26,wfoly_plr_sn_svictor_inspect_empty_04
1f8f5770859ef0a6,wpn_pi_rsierra12_fire2_plr_interrupt
e2d8eb4f445caed1,wpn_pi_rsierra12_fire2_plr_last_mech
3fad77fc23f3e364,wpn_pi_rsierra12_fire2_plr_lfe
452b126535891a6e,wpn_pi_rsierra12_fire2_plr_mech
950002f3edb1861b,wpn_pi_rsierra12_fire2_plr_shot
b53179103e08d4bc,wpn_pi_rsierra12_fire_npc_dist_atmo
edb8011bf41e923c,wpn_pi_rsierra12_fire_npc_dist
11c80f59cfa3047f,wpn_pi_rsierra12_fire_npc_far_atmo
d317582c4a1bc8a6,wpn_pi_rsierra12_fire_npc_med_atmo
a51263faa14ab3d,wpn_pi_rsierra12_fire_npc_far
baafb13f7c8107a2,wpn_pi_rsierra12_fire_npc_med
b187b545ffd30539,wpn_pi_rsierra12_fire_npc_atmo
b3c3693f791348a5,wpn_pi_rsierra12_fire_npc_lfe
b980fae08f31cc71,wpn_pi_rsierra12_fire_npc_mech
d0c11b0e80943aa8,wpn_pi_rsierra12_fire_plr_atmo_int
560a49888cd12f82,wpn_pi_rsierra12_fire_plr_atmo
4a2559af5d0c5c1c,wpn_pi_rsierra12_fire1_plr_fcg
c92b5fc5e0a94826,wpn_pi_rsierra12_fire_plr_interrupt
e3564d4c082dfaa3,wpn_pi_rsierra12_fire1_plr_interrupt
8c74f3a49f670651,wpn_pi_rsierra12_fire_plr_last_mech
94bd3ff355eda89b,wpn_pi_rsierra12_fire_plr_shot
c2c6a62e4cefb074,wpn_pi_rsierra12_fire1_plr_last_mech
44e84f649dc53cee,wpn_pi_rsierra12_fire_plr_mech
7086d5369d19f3d5,wpn_pi_rsierra12_fire1_plr_mech
e8016d3cdfecf6e4,wpn_pi_rsierra12_fire_plr_lfe
9d4f66d1d1d6e845,wpn_pi_rsierra12_fire1_plr_atmo
7d4151af79c09fe9,wpn_pi_rsierra12_fire1_plr_lfe
1a44653cfbe949f1,wpn_pi_rsierra12_fire_plr_fcg
9b0a1a7d2a0edecb,wpn_pi_rsierra12_fire_npc
ca846a38f1a36dff,wpn_pi_rsierra12_fire1_plr_atmo_int
c0c5fb5b57980f30,wpn_pi_rsierra12_fire1_plr_shot
71f06ffc3ff03671,wpn_pi_rsierra12_fire2_plr_fcg
564d0c8924950d02,wpn_pi_rsierra12_fire2_plr_atmo
b5d221ce28aeb028,wpn_pi_rsierra12_fire2_plr_atmo_int
8a58bae234051f93,wpn_sh_recho870_fire_npc_dist
a3b912aafff24501,wpn_sh_recho870_fire_npc_dist_atmo
54a4506cc4316558,wpn_sh_recho870_fire_npc_far
4ee4c643316eab84,wfoly_plr_sh_recho870_drop_01
ff9f3215c9c19ba9,wpn_sh_recho870_fire_npc_med_atmo
62d068dbdeef77f0,wpn_sh_recho870_fire_npc_far_atmo
a387d56cf123fb1b,wpn_sh_recho870_fire_npc_med
8fcdcb625cf4f85c,wpn_sh_recho870_fcg_dryfire_npc
e798b9d46f92f0e9,wfoly_plr_sh_recho870_raise_01
e798b6d46f92ebd0,wfoly_plr_sh_recho870_raise_02
db260874c01ab28c,wfoly_plr_sh_recho870_drop_quick_01
e798b7d46f92ed83,wfoly_plr_sh_recho870_raise_03
ab3fcd6cf53e988c,wpn_sh_recho870_fire_npc_lfe
9074d34475893e25,wfoly_plr_sh_recho870_raise_quick_01
ff4343ffcb1f21a3,wpn_sh_recho870_fire_plr_atmo_int
3dc191dc032b436,wpn_sh_recho870_fire_npc_mech
163eaea190f5df0e,wpn_sh_recho870_fire_npc
2f18d758089cf052,wpn_sh_recho870_fire_casing_eject
9bb38febf8674961,wpn_sh_recho870_fire_plr_atmo
94b9d2b89c9f6baa,wpn_sh_recho870_fire_npc_atmo
8bf3b7b925df4777,wpn_sh_recho870_fire_plr_interrupt
a50fcd8158e429a4,wpn_sh_recho870_fire_plr_shot
f7333c0bd88fd648,wpn_sh_recho870_fire_plr_last_mech
6393b60a13f536d9,wpn_sh_recho870_fire_plr_mech
c5f3935557d65d6d,wpn_sh_recho870_fire_plr_lfe
da6f78b8abdf7da9,wfoly_plr_sh_recho870_fire_rechamber_01
cf0657701ea308f2,wpn_sh_recho870_fire_plr_transient
441a597466bf2094,wpn_sn_hsierra_fire_npc_far
698267443a961d7,wpn_sn_hsierra_fire_npc_med
fda5d6db6adb2d9f,wpn_sn_hsierra_fire_npc_dist
9c14bd591546940d,wpn_sn_hsierra_fire_npc_med_atmo
a694c9921eaff955,wpn_sn_hsierra_fire_npc_dist_atmo
f668fc36db4766c0,wpn_sn_hsierra_fcg_dryfire_npc
e41e68b2d5db7474,wpn_sn_hsierra_fire_npc_far_atmo
11136e744a1d4ee8,wpn_sn_hsierra_fire_npc_lfe
dde1148ef8c8bfa2,wpn_sn_hsierra_fire_npc_mech
d460784ef234636f,wpn_sn_hsierra_fire_plr_atmo_int
5e91bebe21641db5,wpn_sn_hsierra_fire_plr_atmo
feb1c272ac327e8e,wpn_sn_hsierra_fire_casing_eject
483db5aa8c15a19a,wpn_sn_hsierra_fire_npc
f40368e1fe0850d3,wpn_sn_hsierra_fire_plr_interrupt
df746711eb698580,wfoly_plr_sn_hsierra_fire_rechamber_04
3ad6c6f411d30d9e,wpn_sn_hsierra_fire_npc_atmo
c6ed1a54c364c0c4,wpn_sn_hsierra_fire_plr_last_mech
40e11457f3931180,wpn_sn_hsierra_fire_plr_shot
636444cfaffa574c,wpn_sn_hsierra_fire_plr_fcg
45450d23883490a5,wpn_sn_hsierra_fire_plr_mech
bf1f10a6f26d7f13,wpn_sn_hsierra_fire_plr_last_fcg
990d3ccfced9d359,wpn_sn_hsierra_fire_plr_lfe
df746e11eb699165,wfoly_plr_sn_hsierra_fire_rechamber_03
a913c1144d5a04c8,wfoly_plr_ar_acharlie_reload_02
8d6a765a9b42c80f,wpn_ar_acharlie_fire_npc_far
a913c4144d5a09e1,wfoly_plr_ar_acharlie_reload_01
ee51515ad29ae9f4,wpn_ar_acharlie_fire_npc_med
14677906a68ab956,wpn_ar_acharlie_fire_npc_dist
a913c5144d5a0b94,wfoly_plr_ar_acharlie_reload_06
a913c2144d5a067b,wfoly_plr_ar_acharlie_reload_03
eb01645f57bb6e14,wpn_ar_acharlie_fire_npc_med_atmo
7723d8163a814872,wpn_ar_acharlie_fire_npc_dist_atmo
a913c6144d5a0d47,wfoly_plr_ar_acharlie_reload_07
a913c7144d5a0efa,wfoly_plr_ar_acharlie_reload_04
a913bb144d59fa96,wfoly_plr_ar_acharlie_reload_08
d7f096cac031d5e9,wfoly_plr_ar_acharlie_drop_01
30e051c520c13665,wpn_ar_acharlie_fire_npc_far_atmo
a913c8144d5a10ad,wfoly_plr_ar_acharlie_reload_05
b48798fe2c7b63d1,wpn_ar_acharlie_fcg_dryfire_npc
87da6d55e469f8f2,wfoly_plr_ar_acharlie_raise_01
be5b90ef1414ee23,wpn_ar_acharlie_fire_npc_atmo
e40d195acc565a83,wpn_ar_acharlie_fire_npc_lfe
17ad5e2c389d4d76,wfoly_plr_ar_acharlie_raise_quick_01
bb98192f5645985e,wpn_ar_acharlie_fire_plr_atmo_int
8f13b353dd387dab,wpn_ar_acharlie_fire_npc_mech
6219f33724e86ff8,wpn_ar_acharlie_fire_plr_atmo
7d41367ec0cbc619,wpn_ar_acharlie_fire_npc
c7acae0a00b450ab,wpn_ar_acharlie_fire_casing_eject
3cf60304da5169c8,wpn_ar_acharlie_fire_plr_interrupt
29d20f31f29c621c,wpn_ar_acharlie_fire_plr_first_transient
f533e6ccd32ba15d,wpn_ar_acharlie_fire_plr_shot
c65a5a3fb1b77f83,wpn_ar_acharlie_fire_plr_last_mech
7bfbacd1be962e94,wpn_ar_acharlie_fire_plr_mech
60fcb928abe731a5,wpn_ar_acharlie_fire_plr_transient
9e6e0627eda379be,wpn_ar_acharlie_fire_plr_lfe
35c5858dd8c8590e,wpn_ar_acharlie_fire_plr_first_fcg
70bb7f19c3052d78,wpn_ar_acharlie300_fire_npc_far
1984ead735e1c133,wpn_ar_acharlie300_fire_npc_dist
a3e49b92fad0b509,wpn_ar_acharlie300_fire_npc_med_atmo
13506b0bac0aec0c,wfoly_npc_ar_acharlie300_reload_06
bf9f0419eff7c33b,wpn_ar_acharlie300_fire_npc_med
32554587dbb758e1,wpn_ar_acharlie300_fire_npc_dist_atmo
cd9d387a5c5913e0,wfoly_npc_ar_acharlie300_reload_empty_04
1c1daaf45bb2250,wpn_ar_acharlie300_fire_npc_far_atmo
cd9d3b7a5c5918f9,wfoly_npc_ar_acharlie300_reload_empty_07
8252551fa1facf81,wpn_ar_acharlie300_fire_plr_atmo
f32f8d4a12f365bb,wpn_ar_acharlie300_fire_plr_first_transient
971c9d8fad8b3917,wpn_ar_acharlie300_fire_plr_interrupt
8bad92b50275fcc4,wpn_ar_acharlie300_fire_plr_shot
d860f0aa5c67c1a8,wpn_ar_acharlie300_fire_plr_last_mech
dd42439b1a599472,wpn_ar_acharlie300_fire_casing_eject
341a3d41c1337892,wpn_ar_acharlie300_fire_plr_transient
c84be4b62a045b6e,wpn_ar_acharlie300_fire_npc
f3ac7b42a585b4f9,wpn_ar_acharlie300_fire_plr_mech
d534c6910864c403,wpn_ar_acharlie300_fire_plr_atmo_int
23e602ad9e7c0d4a,wpn_ar_acharlie300_fire_npc_atmo
df60c62d71886e0d,wpn_ar_acharlie300_fire_plr_lfe
c756fc19f41260ac,wpn_ar_acharlie300_fire_npc_lfe
d48ac54fc2eb949d,wpn_ar_acharlie300_fire_plr_first_fcg
93084912c20f55d6,wpn_ar_acharlie300_fire_npc_mech
ba8cc500629a0680,wpn_br_acharlie450_fire_npc_dist
a6e06b86ceb0f571,wpn_br_acharlie450_fire_npc_far
c2ec06f661b2e5e2,wpn_br_acharlie450_fire_npc_med_atmo
e0e16e86eecc71e6,wpn_br_acharlie450_fire_npc_med
dafe00172b1ab87,wpn_br_acharlie450_fcg_dryfire_npc
d5369c48a4408e38,wpn_br_acharlie450_fire_npc_dist_atmo
ce7d8a75cf9ab1b,wpn_br_acharlie450_fire_npc_far_atmo
d9f56686eb5f1fa9,wpn_br_acharlie450_fire_npc_lfe
4e3e40681b18df2c,wpn_br_acharlie450_fire_plr_atmo_int
656e8704207b742e,wpn_br_acharlie450_fire_plr_atmo
eb8a7f47c56d8295,wpn_br_acharlie450_fire_npc_mech
da10ed7207c177a,wpn_br_acharlie450_fire_plr_interrupt
12ebb67b1161c66f,wpn_br_acharlie450_fire_plr_shot
4ef87a3a1cef355,wpn_br_acharlie450_fire_plr_last_mech
f5d6749e6c9c8912,wpn_br_acharlie450_fire_plr_mech
f84ddd925774cbf8,wpn_br_acharlie450_fire_plr_lfe
e15ddef4e148bcca,wpn_br_acharlie450_fire_plr_first_transient
1d3a7ec185f3616f,wpn_br_acharlie450_fire_npc
3a1ce7340fc98701,wpn_br_acharlie450_fire_casing_eject
c53510e7e50dfe05,wpn_br_acharlie450_fire_npc_atmo
9d7bf22d54cf5a4b,wpn_br_acharlie450_fire_plr_transient
2a1598a7f86c1930,wpn_br_acharlie450_fire_plr_first_fcg
67adbde3a469adf6,wpn_dm_acharlied_fire_npc_dist_atmo
f5fa33c8acd62719,wpn_dm_acharlied_fire_npc_far_atmo
396b350729fc4612,wpn_dm_acharlied_fire_npc_dist
6d7799509cbb9a6b,wpn_dm_acharlied_fire_npc_far
a7e05400fe48ba88,wpn_dm_acharlied_fire_npc_med_atmo
c1556dd33c15a765,wpn_dm_acharlied_fcg_dryfire_npc
422ecc5084391270,wpn_dm_acharlied_fire_npc_med
e724e53097ed51e7,wpn_dm_acharlied_fire_npc_atmo
36da84507d0d349f,wpn_dm_acharlied_fire_npc_lfe
3a3f525cf00620ba,wpn_dm_acharlied_fire_plr_atmo_int
aeaf4ed0ad0e61a7,wpn_dm_acharlied_fire_npc_mech
2e33cbf62e3bdf6c,wpn_dm_acharlied_fire_plr_atmo
6f39f157f13f1487,wpn_dm_acharlied_fire_casing_eject
aad1c6165c40f1b4,wpn_dm_acharlied_fire_plr_interrupt
6708478b186c68c9,wpn_dm_acharlied_fire_plr_shot
550c6db6c935f6cf,wpn_dm_acharlied_fire_plr_last_mech
1bdf9a28b8cce7e7,wpn_dm_acharlied_fire_plr_fcg
a68b7dd28cbc6030,wpn_dm_acharlied_fire_plr_mech
c529022887a8bf1a,wpn_dm_acharlied_fire_plr_lfe
7dba326964e56885,wpn_dm_acharlied_fire_npc
bdf5a5a40768c831,wpn_dm_acharlied_fire_plr_transient
96d90a29d9f3a158,wpn_lm_evictor_fire_npc_far
cc2c572e2d111393,wpn_lm_evictor_fire_npc_dist
e5bc8f2a06e6371b,wpn_lm_evictor_fire_npc_med
a8f6b77424b6cfa9,wpn_lm_evictor_fire_npc_med_atmo
9619237ac13b0c5c,wpn_lm_evictor_fcg_dryfire_npc
58a4b1ff8e99a101,wpn_lm_evictor_fire_npc_dist_atmo
c27ee3a39e4abf0,wpn_lm_evictor_fire_npc_far_atmo
d68d6f0495ab5faa,wpn_lm_evictor_fire_npc_atmo
a89ac95e261455a3,wpn_lm_evictor_fire_plr_atmo_int
ed74872a0b00d48c,wpn_lm_evictor_fire_npc_lfe
d8705cb663922452,wpn_lm_evictor_fire_casing_eject
786d7d9e9ea25b0e,wpn_lm_evictor_fire_npc
45afb569b93ea836,wpn_lm_evictor_fire_npc_mech
dd872c37f1733d61,wpn_lm_evictor_fire_plr_atmo
26734e1244bc16bd,wpn_lm_evictor_fire_plr_first_fcg
40df570db486a377,wpn_lm_evictor_fire_plr_interrupt
e6e369cd51f01da4,wpn_lm_evictor_fire_plr_shot
7b5c83dfe06105db,wpn_lm_evictor_fire_plr_first_transient
ac1edb6067373248,wpn_lm_evictor_fire_plr_last_mech
a56752560d012ad9,wpn_lm_evictor_fire_plr_mech
8284d126d98996d,wpn_lm_evictor_fire_plr_lfe
83f1f6c4ad4a64f2,wpn_lm_evictor_fire_plr_transient
c3ea6772e59057fc,wpn_lm_evictor_556_fire_plr_atmo_int
5f92243f105f81b1,wpn_lm_evictor_556_fire_casing_eject
d7ffd3478249157e,wpn_lm_evictor_556_fire_plr_atmo
2da719ee691aa81a,wpn_lm_evictor_556_fire_plr_first_transient
d846af7ae039cac0,wpn_lm_evictor_556_fire_plr_first_fcg
ae90b556cc7699ca,wpn_lm_evictor_556_fire_plr_interrupt
484c01b1d6e946df,wpn_lm_evictor_556_fire_plr_shot
226e686043b0c405,wpn_lm_evictor_556_fire_plr_last_mech
7e7120e26c23a382,wpn_lm_evictor_556_fire_plr_mech
4e7458edb3c54f48,wpn_lm_evictor_556_fire_plr_lfe
b07f8f81dedb091b,wpn_lm_evictor_556_fire_plr_transient
e8ddcd31351955c8,wpn_la_dromeo_fire_npc_far
d28f8caa61965203,wpn_la_dromeo_fire_npc_dist
353532315fe22feb,wpn_la_dromeo_fire_npc_med
7a247a69c128f799,wpn_la_dromeo_fire_npc_med_atmo
59c6a4fdf4332d51,wpn_la_dromeo_fire_npc_dist_atmo
9c40e57f9df93300,wpn_la_dromeo_fire_npc_far_atmo
c67aa4802c1af63a,wpn_la_dromeo_fire_npc_atmo
83bb57b813400013,wpn_la_dromeo_fire_plr_atmo_int
d4c30d1d2204fc11,wpn_la_dromeo_fire_plr_atmo
4ba4cae5ed652b66,wpn_la_dromeo_fire_npc_mech
47dd49aacc10e134,wpn_la_dromeo_fire_plr_shot
5d009340c402fe69,wpn_la_dromeo_fire_plr_mech
8bd5fc86787f4662,wpn_la_dromeo_fire_plr_transient
dc14dbad245ed5dd,wpn_la_dromeo_fire_plr_lfe
cbe7aad37905a3e,wpn_la_dromeo_fire_npc
1dab4bd6c0ba461d,wpn_ar_talpha95_fire_npc_dist_atmo
c57bc62822f1a6c7,wpn_ar_talpha95_fire_npc_dist
9e79fdaf0102e15c,wpn_ar_talpha95_fire_npc_far_atmo
1473a7fdd69a95a5,wpn_ar_talpha95_fire_npc_med_atmo
7b178c32f110c288,wpn_ar_talpha95_fcg_dryfire_npc
f76ee978b4d8671c,wpn_ar_talpha95_fire_npc_far
43aa6678df88ef4f,wpn_ar_talpha95_fire_npc_med
4e256e78e5fc6fa0,wpn_ar_talpha95_fire_npc_lfe
436e39050d83fb77,wpn_ar_talpha95_fire_plr_atmo_int
83716463d5a63dba,wpn_ar_talpha95_fire_npc_mech
f3bb2cb2bf2430ed,wpn_ar_talpha95_fire_plr_atmo
37c82140dfd5c7d8,wpn_ar_talpha95_fire_plr_shot
358d828ac3162f3b,wpn_ar_talpha95_fire_plr_interrupt
2fd85160f769098c,wpn_ar_talpha95_fire_plr_last_mech
cbbfb5f0c6e5cca7,wpn_ar_talpha95_fire_plr_first_transient
67326669dbcb3b76,wpn_ar_talpha95_fire_plr_transient
70c5a93fe39261d,wpn_ar_talpha95_fire_plr_mech
c2a9a7d11dab6d1,wpn_ar_talpha95_fire_plr_first_fcg
c8d9b73de13b3cd2,wpn_ar_talpha95_fire_npc
aaa7bce5d5314371,wpn_ar_talpha95_fire_plr_lfe
1fa7364561c974b6,wpn_ar_talpha95_fire_npc_atmo
cd6b7298f3de5806,wpn_ar_talpha95_fire_casing_eject
e5e69d51c4a5e648,wpn_sm_talpham_fire_npc_far
5519b3fe4d6fdb83,wpn_sm_talpham_fire_npc_dist
830f96608fd9d919,wpn_sm_talpham_fire_npc_med_atmo
323e0251ef6ec06b,wpn_sm_talpham_fire_npc_med
53e782e3b6505d4c,wpn_sm_talpham_fcg_dryfire_npc
3228a95f2ac259d1,wpn_sm_talpham_fire_npc_dist_atmo
a52c01766caa1480,wpn_sm_talpham_fire_npc_far_atmo
8ca673aee1f0e193,wpn_sm_talpham_fire_plr_atmo_int
3c823a51f5b34fdc,wpn_sm_talpham_fire_npc_lfe
5bc9ed7a7c7cfde2,wpn_sm_talpham_fire_casing_eject
ce2ef239d93eb4e6,wpn_sm_talpham_fire_npc_mech
574d34710dde8591,wpn_sm_talpham_fire_plr_atmo
1d51998abd9e22be,wpn_sm_talpham_fire_npc
fe0af8d616a01b67,wpn_sm_talpham_fire_plr_interrupt
4904cbd417f47fba,wpn_sm_talpham_fire_npc_atmo
e4fb514457750118,wpn_sm_talpham_fire_plr_last_mech
70839f05afc2824b,wpn_sm_talpham_fire_plr_first_transient
df8aba94afdc87e9,wpn_sm_talpham_fire_plr_mech
ca6770feb7ea6ab4,wpn_sm_talpham_fire_plr_shot
643800e7af0e72e2,wpn_sm_talpham_fire_plr_transient
d91dabcdb3eb665d,wpn_sm_talpham_fire_plr_lfe
2c743de0092542ad,wpn_sm_talpham_fire_plr_first_fcg
faed64d2b70512bc,wpn_lm_rpapa20_fire_npc_far
8b8ec01ebcd938e7,wpn_lm_rpapa20_fire_npc_dist
196da6a00b793a85,wpn_lm_rpapa20_fire_npc_med_atmo
4728e1d2e1b59aef,wpn_lm_rpapa20_fire_npc_med
b0f47e14a7cf5b7d,wpn_lm_rpapa20_fire_npc_dist_atmo
a373fc5135e1863c,wpn_lm_rpapa20_fire_npc_far_atmo
3c3e303713b0a8d6,wpn_lm_rpapa20_fire_npc_atmo
51a3e9d2e8291b40,wpn_lm_rpapa20_fire_npc_lfe
a85982425dc3ab57,wpn_lm_rpapa20_fire_plr_atmo_int
a0085e55878d71da,wpn_lm_rpapa20_fire_npc_mech
494d5700af8dac8d,wpn_lm_rpapa20_fire_plr_atmo
67bdad4c8496e2a6,wpn_lm_rpapa20_fire_casing_eject
cb04275cc27eed5b,wpn_lm_rpapa20_fire_plr_interrupt
c04b18fbf5423b2,wpn_lm_rpapa20_fire_npc
98da5a3e7fce74ec,wpn_lm_rpapa20_fire_plr_last_mech
efe59de8c9dee796,wpn_lm_rpapa20_fire_plr_transient
afbd84dd03c0cdbd,wpn_lm_rpapa20_fire_plr_mech
9f8f700f7b882c31,wpn_lm_rpapa20_fire_plr_first_fcg
e0794b89e55d6f78,wpn_lm_rpapa20_fire_plr_shot
a2f89184e8921691,wpn_lm_rpapa20_fire_plr_lfe
b40cdb690d37a607,wpn_lm_rpapa20_fire_plr_first_transient
50f7381cdc672015,wpn_dm_compound_fire_npc_far
1df11e3b4218e1ae,wpn_dm_compound_fire_npc_med_atmo
622c3e2289c11953,wpn_dm_compound_fcg_dryfire_npc
8e7a531cff7e690a,wpn_dm_compound_fire_npc_med
e0922d3887bfaf97,wpn_dm_compound_fire_npc_far_atmo
26d8782320320941,wpn_dm_compound_fire_npc_atmo
878e4b1cfc1116cd,wpn_dm_compound_fire_npc_lfe
91c8cedb1f69e000,wpn_dm_compound_fire_plr_atmo_int
6bd1fb5e70e58cea,wpn_dm_compound_fire_plr_atmo
98339e4623bea1b9,wpn_dm_compound_fire_npc_mech
5d8a92d58823e303,wpn_dm_compound_fire_plr_shot
b99bd120559340cf,wpn_dm_compound_fire_plr_transient
d78d41c39193f976,wpn_dm_compound_fire_plr_mech
88b2128577c91ecc,wpn_dm_compound_fire_plr_lfe
74efe87b9164dfd3,wpn_dm_compound_fire_npc
2eb08e244c51d46c,wpn_pi_mpapa9_fire_npc_far
7e51eb2479e54f3f,wpn_pi_mpapa9_fire_npc_med
ccef45bf6e45b3d7,wpn_pi_mpapa9_fire_npc_dist
1516e55697ae4a0d,wpn_pi_mpapa9_fire_npc_dist_atmo
b8a99851fbbb5098,wpn_pi_mpapa9_fcg_dryfire_npc
54b792e06093730c,wpn_pi_mpapa9_fire_npc_far_atmo
e3a75eea7f2d6c35,wpn_pi_mpapa9_fire_npc_med_atmo
789b409393c39947,wpn_pi_mpapa9_fire_plr_atmo_int
856733247d761350,wpn_pi_mpapa9_fire_npc_lfe
984b7b0bae376ee2,wpn_pi_mpapa9_fire_npc
35de68154e1f373d,wpn_pi_mpapa9_fire_plr_atmo
8a77c3fb209d428a,wpn_pi_mpapa9_fire_npc_mech
680275d727c0b2e6,wpn_pi_mpapa9_fire_npc_atmo
834f5a391aab1b8b,wpn_pi_mpapa9_fire_plr_interrupt
793f5d8cd9f630f7,wpn_pi_mpapa9_fire_plr_first_transient
e18f5da9e7a69808,wpn_pi_mpapa9_fire_plr_shot
60928a6159553bc,wpn_pi_mpapa9_fire_plr_last_mech
a4abcf2c7158906,wpn_pi_mpapa9_fire_plr_transient
b256f5f2400a1e8d,wpn_pi_mpapa9_fire_plr_mech
7f53063162fbc3c1,wpn_pi_mpapa9_fire_plr_lfe
62b16e9e2bb5a561,wpn_pi_mpapa9_fire_plr_first_fcg
c28c0ec8fe8908b6,wpn_pi_mpapa9_fire_casing_eject
cd9d9d52e32b51a8,wpn_ar_balpha27_fire_npc_dist
35fb4895b638ba99,wpn_ar_balpha27_fire_npc_far
540c1dc52b5ddb5a,wpn_ar_balpha27_fire_npc_med_atmo
e718db958948009e,wpn_ar_balpha27_fire_npc_med
8c19da0a5ae73920,wpn_ar_balpha27_fire_npc_dist_atmo
14679e710df47ba3,wpn_ar_balpha27_fire_npc_far_atmo
df52d39585210aa1,wpn_ar_balpha27_fire_npc_lfe
bab6ce7b5887b514,wpn_ar_balpha27_fire_plr_atmo_int
f74817184561f9ed,wpn_ar_balpha27_fire_npc_mech
93ada020a37d0d47,wpn_ar_balpha27_fire_npc
8fda3a049f8fe2c6,wpn_ar_balpha27_fire_plr_atmo
7769893b5093e99d,wpn_ar_balpha27_fire_npc_atmo
c1eef164e1e833b8,wpn_ar_balpha27_fire_plr_first_fcg
b1e27da678105202,wpn_ar_balpha27_fire_plr_first_transient
bc52e6a0ad25c762,wpn_ar_balpha27_fire_plr_interrupt
28cc8230b0cd6139,wpn_ar_balpha27_fire_casing_eject
c6a8297bdddfc547,wpn_ar_balpha27_fire_plr_shot
bcab9416800ce33d,wpn_ar_balpha27_fire_plr_last_mech
44bdde4d2bc81fe3,wpn_ar_balpha27_fire_plr_transient
b24f8828986c726a,wpn_ar_balpha27_fire_plr_mech
9b76f3aac61dc0b0,wpn_ar_balpha27_fire_plr_lfe
4b2079af4d262a3a,wpn_sn_moscar_fire_npc_dist_atmo
72f7f6432fc4963e,wpn_sn_moscar_fire_npc_dist
a6b4dcc416089257,wpn_sn_moscar_fire_npc_far
50e4802f3e60434c,wpn_sn_moscar_fire_npc_med_atmo
89a6266151ab558d,wpn_sn_moscar_fire_npc_far_atmo
77ac97e89acdbd79,wpn_sn_moscar_fcg_dryfire_npc
7b50e7c3fd6efeac,wpn_sn_moscar_fire_npc_med
710befc3f72928fb,wpn_sn_moscar_fire_npc_lfe
21efff393ff93a66,wpn_sn_moscar_fire_plr_atmo_int
f974b007a3972a63,wpn_sn_moscar_fire_npc_mech
ed88553458d9ff70,wpn_sn_moscar_fire_plr_atmo
6bd88706b0742796,wpn_sn_moscar_fire_plr_lfe
459481087b0df190,wpn_sn_moscar_fire_plr_interrupt
de4e68c919728a15,wpn_sn_moscar_fire_plr_shot
de1c17c58226f1dd,wpn_sn_moscar_fire_plr_transient
83daef5801e65b2c,wpn_sn_moscar_fire_plr_mech
f9ecba45a30e65f1,wpn_sn_moscar_fire_npc
e6f06e2665312c9b,wpn_sn_moscar_fire_npc_atmo
d420ee6dc71c50a1,wpn_ar_anovember94_fire_npc_dist_atmo
b68de618bc5ba6f3,wpn_ar_anovember94_fire_npc_dist
f2ab4621ababc910,wpn_ar_anovember94_fire_npc_far_atmo
43e6fc4b58cf5038,wpn_ar_anovember94_fire_npc_far
fd0b1f484bbde4c9,wpn_ar_anovember94_fire_npc_med_atmo
8f63814b82dd09fb,wpn_ar_anovember94_fire_npc_med
c0eefdef24f5f30a,wpn_ar_anovember94_fire_npc_atmo
9a82794b89dc836c,wpn_ar_anovember94_fire_npc_lfe
a1811c1db3db0c3,wpn_ar_anovember94_fire_plr_atmo_int
832f444f5da5b496,wpn_ar_anovember94_fire_npc_mech
a544132d463662e,wpn_ar_anovember94_fire_npc
432b77c8f3ca2a32,wpn_ar_anovember94_fire_casing_eject
62b45076ad139c41,wpn_ar_anovember94_fire_plr_atmo
39343ef435b22a5d,wpn_ar_anovember94_fire_plr_first_fcg
dd7fe5d50dd670d7,wpn_ar_anovember94_fire_plr_interrupt
73bc6371f138de68,wpn_ar_anovember94_fire_plr_last_mech
12258e10f2abfe84,wpn_ar_anovember94_fire_plr_shot
24a5768b1242b1bf,wpn_ar_anovember94_fire_plr_first_shot
d40f7699b0a034b9,wpn_ar_anovember94_fire_plr_mech
bd4865813901b7cd,wpn_ar_anovember94_fire_plr_lfe
87ad8a2edb84f77b,wpn_ar_anovember94_fire_plr_first_transient
7c6b7d30e8def652,wpn_ar_anovember94_fire_plr_transient
44495c08f7a0662,wpn_ar_anovember94_fire_plr_first_mech
af6c577df1290f72,wpn_sn_boscar_fire_npc_far
c96ceee94ef38edf,wpn_sn_boscar_fire_npc_med_atmo
19161eef09922bcd,wpn_sn_boscar_fire_npc_dist
4d90947db900aadd,wpn_sn_boscar_fire_npc_med
b703e13f73e7f8ba,wpn_sn_boscar_fcg_dryfire_npc
c8728fe5d9e5982f,wpn_sn_boscar_fire_npc_dist_atmo
661fa7dbcae01696,wpn_sn_boscar_fire_npc_far_atmo
646418f250efbcaf,wpn_sn_boscar_fire_plr_atmo
3141acdf8fb69e59,wpn_sn_boscar_fire_plr_interrupt
b8b3315db76873ae,wpn_sn_boscar_fire_plr_shot
3a4ecc6f0f8b2402,wpn_sn_boscar_fire_plr_last_mech
d5cc631554871caf,wpn_sn_boscar_fire_plr_mech
f14be16148056b79,wpn_sn_boscar_fire_plr_first_transient
68b87c491675318c,wpn_sn_boscar_fire_npc
316fc5c6b531747,wpn_sn_boscar_fire_plr_lfe
34bd9236400a1430,wpn_sn_boscar_fire_plr_transient
e862681ab0e91d8,wpn_sn_boscar_fire_casing_eject
54e74ac4fd8cedec,wpn_sn_boscar_fire_npc_atmo
5766d33f5fa1617f,wpn_sn_boscar_fire_plr_first_fcg
58bcdc7dc00b369a,wpn_sn_boscar_fire_npc_lfe
5573c24a32f56201,wpn_sn_boscar_fire_plr_atmo_int
cd3efca15c0d6eb0,wpn_sn_boscar_fire_npc_mech
80fdc06d4dce6e1a,wpn_dm_kappa98_fire_npc_far
87802a31c8033897,wpn_dm_kappa98_fire_npc_med_atmo
777765aa61588c55,wpn_dm_kappa98_fire_npc_dist
ac458d6d664f4315,wpn_dm_kappa98_fire_npc_med
4652a9a3237c9dc2,wpn_dm_kappa98_fcg_dryfire_npc
77583573428d55d7,wpn_dm_kappa98_fire_npc_dist_atmo
c0e7a55d1c77231e,wpn_dm_kappa98_fire_npc_far_atmo
27341180058fb044,wpn_dm_kappa98_fire_npc_atmo
b40b956d6a763912,wpn_dm_kappa98_fire_npc_lfe
ee54dd34897c8989,wpn_dm_kappa98_fire_plr_atmo_int
c6716185fdbd5907,wpn_dm_kappa98_fire_plr_atmo
95ac3e4d89b0a88,wpn_dm_kappa98_fire_npc_mech
30a019a4995a00a1,wpn_dm_kappa98_fire_plr_interrupt
63265239c10ddf88,wpn_dm_kappa98_fire_plr_transient
daab292cf805bd84,wpn_dm_kappa98_fire_npc
2359e67b168b76a,wpn_dm_kappa98_fire_plr_last_mech
f97fbaf78ffd6886,wpn_dm_kappa98_fire_plr_shot
e480cb212adfbdc7,wpn_dm_kappa98_fire_plr_mech
684d6c4034e6413f,wpn_dm_kappa98_fire_plr_lfe
9b8b644051b76b72,wpn_dm_kappa98_fire_plr_fcg
89abf6af638a259d,wfoly_plr_sh_spapa12_inspect_empty_07
2b97c92dd3ad27b3,wpn_sh_spapa12_fire1_plr_transient
89abe7af638a0c20,wfoly_plr_sh_spapa12_inspect_empty_08
79ad410c0910f7ef,wpn_sh_spapa12_fire2_plr_interrupt
f1bc8ccaa274a3ba,wpn_sh_spapa12_fire2_plr_transient
4662aa4b2ff26ce3,wpn_sh_spapa12_fire_plr_casing_eject
62f24cf8d19293e0,wpn_sh_spapa12_fire2_plr_last_mech
9e8d5d672dd225e1,wpn_sh_spapa12_fire2_plr_mech
fe75956111fdbf4c,wpn_sh_spapa12_fire2_plr_shot
3512ca8a85133af5,wpn_sh_spapa12_fire2_plr_lfe
bc6160007f53a092,wpn_sh_spapa12_fire_npc_far
480474c69be6586d,wpn_sh_spapa12_fire_npc_dist
5deb9d004a0e64fd,wpn_sh_spapa12_fire_npc_med
6bbcde986e42aeda,wpn_sh_spapa12_fcg_dryfire_npc
77af29ec2b88f0f,wpn_sh_spapa12_fire_npc_dist_atmo
f4dcefcb3e2aad76,wpn_sh_spapa12_fire_npc_far_atmo
53342bebee5bcf3f,wpn_sh_spapa12_fire_npc_med_atmo
af38665943ccef4f,wpn_sh_spapa12_fire_plr_atmo
29b0ded5c3ce9a79,wpn_sh_spapa12_fire_plr_interrupt
89abf0af638a1b6b,wfoly_plr_sh_spapa12_inspect_empty_01
18425c4cdc62b672,wpn_sh_spapa12_fire1_plr_interrupt
9a96a27b65a0e740,wpn_sh_spapa12_fire1_plr_lfe
a3da54b73a44b62,wpn_sh_spapa12_fire_plr_last_mech
89abf1af638a1d1e,wfoly_plr_sh_spapa12_inspect_empty_02
a879f68446404cd6,wpn_sh_spapa12_fire1_plr_atmo
a9baa11afc251aad,wpn_sh_spapa12_fire1_plr_last_mech
20a0b07c47644f4f,wpn_sh_spapa12_fire_plr_mech
55419cf3197666ec,wpn_sh_spapa12_fire_npc
4dc746d0177dd5e4,wpn_sh_spapa12_fire1_plr_atmo_int
9eb1a4eee5682bb7,wpn_sh_spapa12_fire1_plr_shot
89abf2af638a1ed1,wfoly_plr_sh_spapa12_inspect_empty_03
217ec4a7627d4e,wpn_sh_spapa12_fire_plr_shot
5bd5e2b7dfd18967,wpn_sh_spapa12_fire_plr_lfe
c4424a2ba1d15da,wpn_sh_spapa12_fire1_plr_mech
83d5a09c8fe11a8c,wpn_sh_spapa12_fire_npc_atmo
8164f7cc0173f609,wpn_sh_spapa12_fire2_plr_atmo
2fb474e741b1411a,wpn_sh_spapa12_fire1_plr_casing_eject
89abf3af638a2084,wfoly_plr_sh_spapa12_inspect_empty_04
65b1e5004e35c7ba,wpn_sh_spapa12_fire_npc_lfe
e4c9ba01ceec5d78,wpn_sh_spapa12_fire_casing_eject
970f1b11a79effbb,wpn_sh_spapa12_fire2_plr_atmo_int
89abf4af638a2237,wfoly_plr_sh_spapa12_inspect_empty_05
a5a9527dd661f950,wpn_sh_spapa12_fire_npc_mech
89abf5af638a23ea,wfoly_plr_sh_spapa12_inspect_empty_06
818678674480f0e5,wpn_sh_spapa12_fire2_plr_casing_eject
6f805b978e6574e1,wpn_sh_spapa12_fire_plr_atmo_int
1df76ccd7cf8f550,wpn_sh_spapa12_fire_plr_transient
8e0325f0399314fc,wpn_br_hcharlie36_fire_npc_far
dda4a2f06726c62f,wpn_br_hcharlie36_fire_npc_med
787a54394263227,wpn_br_hcharlie36_fire_npc_dist
32d7e066b61acbe8,wpn_br_hcharlie36_fcg_dryfire_npc
68cb98800ed240bd,wpn_br_hcharlie36_fire_npc_dist_atmo
bb4108c93975a77c,wpn_br_hcharlie36_fire_npc_far_atmo
329967e7324a99c5,wpn_br_hcharlie36_fire_npc_med_atmo
8b4aa96310ada7cd,wpn_br_hcharlie36_fire_plr_atmo
678fdfc2580b1a9b,wpn_br_hcharlie36_fire_plr_interrupt
eb73fd8d5fadc0d1,wpn_br_hcharlie36_fire_plr_lfe
d8fd727899c1672c,wpn_br_hcharlie36_fire_plr_last_mech
801803b750734747,wpn_br_hcharlie36_fire_plr_first_transient
c19f1b9b97f16df2,wpn_br_hcharlie36_fire_npc
9e9ad7444fc0e9fd,wpn_br_hcharlie36_fire_plr_mech
b837155beafda216,wpn_br_hcharlie36_fire_npc_atmo
9d1d3e580a67dbe6,wpn_br_hcharlie36_fire_casing_eject
e4b9aaf06ab71d80,wpn_br_hcharlie36_fire_npc_lfe
4ff8235b888959d6,wpn_br_hcharlie36_fire_plr_transient
c57d437f46dac91a,wpn_br_hcharlie36_fire_npc_mech
24571b2cb9529997,wpn_br_hcharlie36_fire_plr_atmo_int
36388844ad7e2671,wpn_br_hcharlie36_fire_plr_first_fcg
cf579df1315f3eb8,wpn_br_hcharlie36_fire_plr_shot
97c835c390ae11ab,wpn_br_hcharlie36_fire_plr_last_fcg
ac5e6fd2e24a9655,wfoly_npc_sm_kpappa50_inspect_03
c54fed71adb2c23a,wpn_sm_kpappa50_fire_plr_casing_eject
87127f49c0ae9e49,wpn_sm_kpappa50_fire_npc_far
99a60df1153c8aca,wpn_sm_kpappa50_fire_npc_med_atmo
b76de145917b3d98,wpn_sm_kpappa50_fire_npc_dist
3abc324995e79fee,wpn_sm_kpappa50_fire_npc_med
68116e0106e8fa30,wpn_sm_kpappa50_fire_npc_dist_atmo
a222cd287989266d,wpn_sm_kpappa50_fire_npc_atmo
9787f7e6f6592a33,wpn_sm_kpappa50_fire_npc_far_atmo
3069ea498f96b7f1,wpn_sm_kpappa50_fire_npc_lfe
c38f587856e31204,wpn_sm_kpappa50_fire_plr_atmo_int
b573fb09b89e1b9d,wpn_sm_kpappa50_fire_npc_mech
90fe2fd196b5b8f7,wpn_sm_kpappa50_fire_npc
b691f811fb46f936,wpn_sm_kpappa50_fire_plr_atmo
9154f4cd86699920,wpn_sm_kpappa50_fire_plr_lfe
2a943092c655d032,wpn_sm_kpappa50_fire_plr_first_transient
c51c76becef9be52,wpn_sm_kpappa50_fire_plr_interrupt
2154d4ab5b693abc,wfoly_plr_sm_kpappa50_selectsemi_off_01
34da677b26e7a17,wpn_sm_kpappa50_fire_plr_shot
7fa4578162ddff4d,wpn_sm_kpappa50_fire_plr_last_mech
d69c16f4fd1d5b9a,wfoly_plr_sm_kpappa50_selectsemi_on_01
85f6594df2715493,wpn_sm_kpappa50_fire_plr_transient
1a5c26306f23c23a,wpn_sm_kpappa50_fire_plr_mech
749a70da9702f28,wpn_sm_kpappa50_fire_plr_first_fcg
59035cb9da2bc8e4,wpn_sm_kpappa50_fire_plr_last_fcg
c68184ef0d6eb4cf,wpn_ar_stango44_fire_npc_dist
67241b8efd8d09fd,wpn_ar_stango44_fire_npc_med_atmo
84a16f0118b660c4,wpn_ar_stango44_fire_npc_far
a5d4abdb89ef97b0,wpn_ar_stango44_fcg_dryfire_npc
471f5c00f5a0d867,wpn_ar_stango44_fire_npc_med
5df5a10a2cbcf625,wpn_ar_stango44_fire_npc_dist_atmo
efad2d6321159b84,wpn_ar_stango44_fire_npc_far_atmo
52736400fccc4978,wpn_ar_stango44_fire_npc_lfe
13986b0266b7a3df,wpn_ar_stango44_fire_plr_atmo_int
7b1762a16046c992,wpn_ar_stango44_fire_npc_mech
462ce0c487278a65,wpn_ar_stango44_fire_plr_atmo
fc1d9d52c6af6743,wpn_ar_stango44_fire_plr_interrupt
131f7552f4e90f50,wpn_ar_stango44_fire_plr_shot
45c11a3c7e435b6e,wpn_ar_stango44_fire_plr_transient
90b2821cbb78f54,wpn_ar_stango44_fire_plr_last_mech
15fe4f294f876cf5,wpn_ar_stango44_fire_plr_mech
3b4982d200253a0a,wpn_ar_stango44_fire_npc
3407a004337c9b89,wpn_ar_stango44_fire_plr_lfe
ba190b468dbf2e19,wpn_ar_stango44_fire_plr_first_fcg
c988760eaac7621e,wpn_ar_stango44_fire_casing_eject
eaaf75071425b4ae,wpn_ar_stango44_fire_npc_atmo
b38d5b913887ec3,wpn_ar_stango44_fire_plr_last_fcg
689491113444ecbf,wpn_ar_stango44_fire_plr_first_transient
8cd6b50d672a1124,wfoly_plr_ar_mike4_drop_01
696462f691a0aaf5,wfoly_plr_ar_mike4_ubgl_transition_reload_01_01
ce28c39bd2bfb029,wfoly_plr_dm_msecho_reload_03
b0bb7c12f3b4ce63,wfoly_npc_dm_stango25_reload_empty_02
b0bb7f12f3b4d37c,wfoly_npc_dm_stango25_reload_empty_07
dbe27a52f683baec,wfoly_npc_lm_foxtrot_reload_empty_04
dbe27852f683b786,wfoly_npc_lm_foxtrot_reload_empty_02
dbe5fc52f686cda9,wfoly_npc_lm_foxtrot_reload_empty_10
4a226c9ab115c49,weap_mike4_fire_plr_casing_eject
64df855a7b836ddf,weap_mike4_fire_npc_dist
5ca0008cd27b3fd4,weap_mike4_fire_npc_far
2282cd8cb246f717,weap_mike4_fire_npc_med
4002e6504bd2a595,weap_mike4_fire_npc_dist_atmo
3da98d7a470510b4,weap_mike4_fire_npc_far_atmo
65ee5bab822aa44d,weap_mike4_fire_npc_med_atmo
4fd62e3879f5b5da,weap_mike4_fire_npc
85ba1f12017296af,weap_mike4_fire_plr_atmo_int
9eaa75731f9824de,weap_mike4_fire_npc_atmo
2998158cb5d7bb28,weap_mike4_fire_npc_lfe
eb2fc312ee8c81e2,weap_mike4_fire_npc_mech
55f9bba780db7be5,weap_mike4_fire_plr_mech
b191e3e83a943f99,weap_mike4_fire_plr_lfe
6f466d421a0b08f5,weap_mike4_fire_plr_atmo
88f7506365af5613,weap_mike4_fire_plr_interrupt
c029d73e6f03d104,weap_mike4_fire_plr_last_mech
e2c1f02c46b6ed8d,weap_mike4_fire_plr_last_shot
a1f42de7c18893a9,weap_mike4_fire_plr_first_fcg
a81bc2d7043d04c0,weap_mike4_fire_plr_shot
2f2702855cb2b653,weap_mike4_fire_plr_last_fcg
6301d6cd7962778c,weap_mike16_fire_plr_casing_eject
50bd3ffaff16bb1e,weap_mike16_fire_npc_dist
84d82c041419d2b7,weap_mike16_fire_npc_far
59743703fb803f0c,weap_mike16_fire_npc_med
2c5058a56108fada,weap_mike16_fire_npc_dist_atmo
2da3e1fd542c262d,weap_mike16_fire_npc_far_atmo
981daee2ceea266c,weap_mike16_fire_npc_med_atmo
251e7acd09faaa11,weap_mike16_fire_npc
e3b643812e954006,weap_mike16_fire_plr_atmo_int
6e2fb7e31c80497b,weap_mike16_fire_npc_atmo
4f2f3f03f53a695b,weap_mike16_fire_npc_lfe
80b4f9c45ae7fa43,weap_mike16_fire_npc_mech
a2ea3d129834e8c,weap_mike16_fire_plr_mech
1d5709b268759dd0,weap_mike16_fire_plr_atmo
4ca5d21b93a71f76,weap_mike16_fire_plr_lfe
2b13c5b95b548236,weap_mike16_fire_plr_first_fcg
a199b60fcf728f70,weap_mike16_fire_plr_interrupt
43b7e642854ad94b,weap_mike16_fire_plr_last_mech
4e3a037e7a122d5e,weap_mike16_fire_plr_last_fcg
f5ef0448ab9d46ba,weap_mike16_fire_plr_last_shot
e1d1d47290e2875,weap_mike16_fire_plr_shot
70ac2eedd56cb850,weap_msecho_fire_plr_casing_eject
e0be3e24b0bf0592,weap_msecho_fire_npc_dist
f530de7c3ac31ceb,weap_msecho_fire_npc_far
c9e8117c224094f0,weap_msecho_fire_npc_med
ae3c16b5fd84bc76,weap_msecho_fire_npc_dist_atmo
16d65b1fab469e99,weap_msecho_fire_npc_far_atmo
c8bc7b57fcb93208,weap_msecho_fire_npc_med_atmo
560257ee33d12127,weap_msecho_fire_npc_mech
d586d513b4fe9eec,weap_msecho_fire_plr_atmo
f1601ee8b55c0034,weap_msecho_fire_plr_interrupt
9b9ac6892251054f,weap_msecho_fire_plr_last_mech
4dde86f0137f1fb0,weap_msecho_fire_plr_mech
4ce2475425b0419a,weap_msecho_fire_plr_lfe
29d1c6fbc18e2c1a,weap_msecho_fire_plr_first_fcg
b983b0505e000305,weap_msecho_fire_npc
5b1b79b3ee76983a,weap_msecho_fire_plr_atmo_int
a7a7483188842baa,weap_msecho_fire_plr_last_fcg
8e77ee4e1eb01167,weap_msecho_fire_npc_atmo
be93c97c1b14b71f,weap_msecho_fire_npc_lfe
7b1b94d1824f334e,weap_msecho_fire_plr_last_shot
e5b50a89f2f2849,weap_msecho_fire_plr_shot
72e7b112aeec3576,weap_stango25_fire_plr_casing_eject
4b3d9061b2ac5324,weap_stango25_fire_npc_dist
d2f18698ad567405,weap_stango25_fire_npc_far
1073c198d06c405a,weap_stango25_fire_npc_med
999baefb4277d324,weap_stango25_fire_npc_dist_atmo
c61af7f876e7c467,weap_stango25_fire_npc_far_atmo
4ed520b6e248b45e,weap_stango25_fire_npc_med_atmo
60e12aaa27e2a529,weap_stango25_fire_npc_mech
38cdf1bc47d3cb83,weap_stango25_fire_npc
5a8c3f77b28f701a,weap_stango25_fire_plr_atmo
b7ac9a52c01f8e39,weap_stango25_fire_plr_last_mech
8585a48b70c829d1,weap_stango25_fire_npc_atmo
f90cccb736c781ce,weap_stango25_fire_plr_interrupt
dc5065dd70f67c46,weap_stango25_fire_plr_mech
733155df9a5d6c44,weap_stango25_fire_plr_first_fcg
8ae7998cc46909d,weap_stango25_fire_npc_lfe
7f6b2ebe056984bc,weap_stango25_fire_plr_lfe
dbe4d47f574bb3f0,weap_stango25_fire_plr_atmo_int
afa1aa7f2b9950c8,weap_stango25_fire_plr_last_fcg
f5c2b1ca022b5804,weap_stango25_fire_plr_last_shot
c8795e22b5db353,weap_stango25_fire_plr_shot
ae1d46c6f75263c3,weap_foxtrot_fire_plr_casing_eject
45220ed2cac4d78d,weap_foxtrot_fire_npc_dist
a219d1b78cf85532,weap_foxtrot_fire_npc_far
43a50eb757b4cc9d,weap_foxtrot_fire_npc_med
632ffe09662584ef,weap_foxtrot_fire_npc_dist_atmo
5b405b985d2ecd56,weap_foxtrot_fire_npc_far_atmo
a76d5fe5a6db599f,weap_foxtrot_fire_npc_med_atmo
13d766d12554a57a,weap_foxtrot_fcg_dryfire_npc
2bc229b5912f474c,weap_foxtrot_fire_npc
80f33aa8bebf99ac,weap_foxtrot_fire_npc_atmo
4b6a56b75bda7c5a,weap_foxtrot_fire_npc_lfe
a62cec8a0823a170,weap_foxtrot_fire_npc_mech
df1fadca97b4db3f,weap_foxtrot_fire_plr_first_fcg
df0187c4c7826d1f,weap_foxtrot_fire_plr_last_shot
42ba33536471a76f,weap_foxtrot_fire_plr_atmo
93a34bbec807356e,weap_foxtrot_fire_plr_shot
c188765dce69119,weap_foxtrot_fire_plr_interrupt
1525a6f55cbb16c2,weap_foxtrot_fire_plr_last_mech
e748862111a0113d,weap_foxtrot_fire_plr_last_fcg
b4227d766809076f,weap_foxtrot_fire_plr_mech
f3d77eec3fc3ca07,weap_foxtrot_fire_plr_lfe
50a0fe331c4220c1,weap_foxtrot_fire_plr_atmo_int
9b1e10c4d031a0db,weap_alpha57_fire_plr_casing_eject
558a5d38db57d36d,wfoly_npc_sm_alpha57_reload_empty_02
bfa8ead71e6883b5,weap_alpha57_fire_npc_dist
1817008c5b375fa,weap_alpha57_fire_npc_far
2cca3d08de35fdf5,weap_alpha57_fire_npc_med
cd3530fe48117c77,weap_alpha57_fire_npc_dist_atmo
2f899611ad8eb73e,weap_alpha57_fire_npc_far_atmo
558a5338db57c26f,wfoly_npc_sm_alpha57_reload_empty_08
39684dd935c48cb7,weap_alpha57_fire_npc_med_atmo
34904508e25cf3f2,weap_alpha57_fire_npc_lfe
518c491195ab01e8,weap_alpha57_fire_npc_mech
5851a684368d7ee7,weap_alpha57_fire_plr_atmo
abd22f2d9e3fa201,weap_alpha57_fire_plr_interrupt
80d35e75f9b4d767,weap_alpha57_fire_plr_last_shot
6c79bd22b43fd18a,weap_alpha57_fire_plr_last_mech
34d9fffab0ca8666,weap_alpha57_fire_plr_shot
1fdc10244bae8ea7,weap_alpha57_fire_plr_mech
8fba8af1a9d714a4,weap_alpha57_fire_npc
e82a4a7f2c33d39f,weap_alpha57_fire_plr_lfe
59c6b2c0d2128c47,weap_alpha57_fire_plr_first_fcg
6f6596acc29fa7a4,weap_alpha57_fire_npc_atmo
84e37d9054fb5329,weap_alpha57_fire_plr_atmo_int
2882f10c42a180d5,weap_alpha57_fire_plr_last_fcg
c0f8831308db196f,wfoly_plr_ar_golf3_ubgl_reload_04
c0f87e1308db10f0,wfoly_plr_ar_golf3_ubgl_reload_01
c0f8821308db17bc,wfoly_plr_ar_golf3_ubgl_reload_05
12228459d8c0793c,wfoly_plr_ar_golf3_ubgl_from_grenade_01
c0f8811308db1609,wfoly_plr_ar_golf3_ubgl_reload_02
c0f8801308db1456,wfoly_plr_ar_golf3_ubgl_reload_03
3de07e0fc604da15,wfoly_plr_ar_golf3_ubgl_inspect_01
1b4143cbde490d5a,weap_golf3_fire_plr_casing_eject
3de0790fc604d196,wfoly_plr_ar_golf3_ubgl_inspect_04
3de07b0fc604d4fc,wfoly_plr_ar_golf3_ubgl_inspect_02
3de07c0fc604d6af,wfoly_plr_ar_golf3_ubgl_inspect_03
ce27fff9bc0ce5b5,wfoly_plr_ar_golf3_ubgl_raise_01
f15c8006691130f8,weap_golf3_fire_npc_dist
51211781f2bd97ce,weap_golf3_fire_npc_med
99e6276ced2cafa1,wfoly_plr_ar_golf3_ubgl_raise_quick_01
9d7764821d849629,weap_golf3_fire_npc_far
8695615f0a537cd0,weap_golf3_fire_npc_dist_atmo
14f6f1e6ad7afc6a,weap_golf3_fire_npc_med_atmo
6190797169263553,weap_golf3_fire_npc_far_atmo
61d6c4cb1707947f,weap_golf3_fcg_dryfire_npc
6f10f43e4939a713,wfoly_plr_ar_golf3_ubgl_to_grenade_01
46cecf81ec6cafd1,weap_golf3_fire_npc_lfe
98dc99cf783106fd,weap_golf3_fire_npc_mech
ed77838fc6592916,weap_golf3_fire_plr_atmo
3c68da5dc351c3b2,weap_golf3_fire_plr_interrupt
41fa0023f88d29c8,weap_golf3_fire_plr_first_fcg
e5d26e34a76740ed,weap_golf3_fire_plr_last_mech
ba9c410ba94fc97,weap_golf3_fire_npc
846b61b690e1a224,weap_golf3_fire_plr_atmo_int
fabdb1b32236501a,weap_golf3_fire_plr_mech
858c6bee391dc4cd,weap_golf3_fire_npc_atmo
93e608c3cf43fa80,weap_golf3_fire_plr_lfe
36398e11b107104,weap_golf3_fire_plr_last_fcg
150ad5ec4f03ba68,weap_golf3_fire_plr_last_shot
e71531fa686430f7,weap_golf3_fire_plr_shot
3ebe40e037589e94,weap_kilo53_fire_plr_casing_eject
c3f47a5c6bda4d36,weap_kilo53_fire_npc_dist
b3bf4815f2d0346f,weap_kilo53_fire_npc_far
14a623162a285654,weap_kilo53_fire_npc_med
2704949f5d2f6392,weap_kilo53_fire_npc_dist_atmo
6574eacd8ad19705,weap_kilo53_fire_npc_far_atmo
d2e08a4b4bc5c434,weap_kilo53_fire_npc_med_atmo
746c90729077c9b1,weap_kilo53_fcg_dryfire_npc
a60eb1623e213e3,weap_kilo53_fire_npc_lfe
e21b006e05b7ba7e,weap_kilo53_fire_plr_atmo_int
3ea0b4a9a288118b,weap_kilo53_fire_npc_mech
a4cedb2592448528,weap_kilo53_fire_plr_interrupt
cdbe4bf0cc44a5d8,weap_kilo53_fire_plr_atmo
5326f308ea18602e,weap_kilo53_fire_plr_first_fcg
1ae301c2b5a655a3,weap_kilo53_fire_plr_last_mech
e7a0058b65f26474,weap_kilo53_fire_plr_mech
ac43e053e78cbc1e,weap_kilo53_fire_plr_lfe
b8404ed12a3776b9,weap_kilo53_fire_npc
f954a0ce702c666,weap_kilo53_fire_plr_last_fcg
6de89244d9648203,weap_kilo53_fire_npc_atmo
3ebf8158b5331a52,weap_kilo53_fire_plr_last_shot
60d83f867a87d73d,weap_kilo53_fire_plr_shot
f91057ef4cbaf1ae,weap_pgolf1_fire_plr_casing_eject
ef05ebda0a1cb5cd,weap_pgolf1_fire_npc_far
9188366d1ee5258c,weap_pgolf1_fire_npc_dist
a2ca56d9df6c04d2,weap_pgolf1_fire_npc_med
5b65998e9976ccb6,weap_pgolf1_fire_npc_med_atmo
a9467ee2e7e049ec,weap_pgolf1_fire_npc_dist_atmo
f3493094da9064b,weap_pgolf1_fcg_dryfire_npc
85e99123029cf62f,weap_pgolf1_fire_npc_far_atmo
93d0cd54e65634b6,weap_pgolf1_fire_plr_interrupt
aba04cf5d0637501,weap_pgolf1_fire_plr_last_mech
26e87ff5c9ce2edb,weap_pgolf1_fire_npc
2d036c45c4c885f8,weap_pgolf1_fire_plr_atmo_int
9db2d5fbc0a96a5e,weap_pgolf1_fire_plr_mech
4321ea969020bd69,weap_pgolf1_fire_npc_atmo
fcdb028ca805e234,weap_pgolf1_fire_plr_lfe
979e4ed9d861e5d5,weap_pgolf1_fire_npc_lfe
9c55036a47d9841,weap_pgolf1_fire_npc_mech
b8884efb48f0e6c,weap_pgolf1_fire_plr_last_shot
41aea790561818cb,weap_pgolf1_fire_plr_shot
ef50b01a29fda592,weap_pgolf1_fire_plr_atmo
da7e9d157ca44e8c,weap_pgolf1_fire_plr_first_fcg
5307d14a4e665100,weap_pgolf1_fire_plr_last_fcg
b865946a3a31fd65,weap_kilo21_fire_plr_casing_eject
1dbeec081a1b12d0,weap_kilo21_fire_npc_far
e056e107f71aacc3,weap_kilo21_fire_npc_med
1f226bd130b461cb,weap_kilo21_fire_npc_dist
d3d05ba952ed1911,weap_kilo21_fire_npc_med_atmo
dd194f8f8712ae39,weap_kilo21_fire_npc_dist_atmo
cf155e93b3b09ed4,weap_kilo21_fcg_dryfire_npc
e9d5e4aaa64d44a8,weap_kilo21_fire_npc_far_atmo
9ffbe3a74bb61192,weap_kilo21_fire_npc_atmo
e7361907fa7dc634,weap_kilo21_fire_npc_lfe
f2a12c45e9514736,weap_kilo21_fire_npc
4e5e0988e261d65e,weap_kilo21_fire_npc_mech
2cd9ec18fb187289,weap_kilo21_fire_plr_atmo
c32207666a4d5437,weap_kilo21_fire_plr_last_fcg
9d17e1bb9aba1d6f,weap_kilo21_fire_plr_interrupt
fd81ba0075c9afb5,weap_kilo21_fire_plr_first_fcg
865ceda8633bb960,weap_kilo21_fire_plr_last_mech
6d4cd6e09fb7843b,weap_kilo21_fire_plr_atmo_int
1b72d654ecc393b9,weap_kilo21_fire_plr_last_shot
4a0251b42776a261,weap_kilo21_fire_plr_mech
a9ea89ae0ba23bcc,weap_kilo21_fire_plr_shot
39e29d7e56918c75,weap_kilo21_fire_plr_lfe
de54b6e3ce3a8a73,weap_mpapa5_fire_plr_casing_eject
79f120480f72f1bf,weap_mpapa5_fire_npc_dist_atmo
b9b552b05bb7007d,weap_mpapa5_fire_npc_dist
10ab1ec886e287e2,weap_mpapa5_fire_npc_far
8d1a7b9781455de6,weap_mpapa5_fire_npc_far_atmo
f66d8b3897a4390f,weap_mpapa5_fire_npc_med_atmo
e6b0bde54f0461aa,weap_mpapa5_fcg_dryfire_npc
b30f7bc85257266d,weap_mpapa5_fire_npc_med
bfcbe86edc7d73c,weap_mpapa5_fire_npc_atmo
b9fb83c855c478aa,weap_mpapa5_fire_npc_lfe
8d4d92602519bdf1,weap_mpapa5_fire_plr_atmo_int
9a5e5063ea02aaa0,weap_mpapa5_fire_npc_mech
6b5741321c15cdbc,weap_mpapa5_fire_npc
411c2dff8a7e4c9f,weap_mpapa5_fire_plr_atmo
aa2188d753c006c9,weap_mpapa5_fire_plr_interrupt
2d99e9aa74c27cd2,weap_mpapa5_fire_plr_last_mech
1c85981e41a4d5bf,weap_mpapa5_fire_plr_mech
a1332b8231875c2f,weap_mpapa5_fire_plr_last_shot
2cb6812c98b3546f,weap_mpapa5_fire_plr_first_fcg
c527a2a6d95c0b7,weap_mpapa5_fire_plr_lfe
fd0e477169cb1a7e,weap_mpapa5_fire_plr_shot
5f32cf70eef56a6d,weap_mpapa5_fire_plr_last_fcg
2c0dce422aaee771,weap_sdelta_fcg_dryfire_npc
373f51484ff00177,weap_augolf_fire_plr_casing_eject
39814d1152c41d1,weap_augolf_fire_npc_dist
3134254164f9636,weap_augolf_fire_npc_far
708872fe0271de5b,weap_augolf_fire_npc_med_atmo
a5918753e1d920b1,weap_augolf_fire_npc_med
478e2b9540a1c23b,weap_augolf_fire_npc_dist_atmo
875a4ed15fc49e92,weap_augolf_fire_npc_far_atmo
e06f300ca9b4471d,weap_augolf_fire_plr_interrupt
df7f09a25c10f8b6,weap_augolf_fire_plr_last_mech
64647fe43241be23,weap_augolf_fire_plr_mech
81704152796d850,weap_augolf_fire_npc
c9c216f008800ebb,weap_augolf_fire_plr_lfe
2e818ed8f71a528,weap_augolf_fire_npc_atmo
ac7dcf53e546dfae,weap_augolf_fire_npc_lfe
2f6cb288c3f4da64,weap_augolf_fire_npc_mech
351ac53f90b82b33,weap_augolf_fire_plr_first_fcg
fb5a3e07dbd8b85b,weap_augolf_fire_plr_atmo
b89a5aaf67bd5b43,weap_augolf_fire_plr_last_shot
77088cb55dda7875,weap_augolf_fire_plr_atmo_int
8840ff7a31ce82d2,weap_augolf_fire_plr_shot
8d013c558d4b8a9,weap_augolf_fire_plr_last_fcg
154cd44fd766bc8a,weap_ahotel_fire_plr_casing_eject
e598a906c06e8420,weap_ahotel_fire_npc_dist_atmo
a2ea9248efb4aa8,weap_ahotel_fire_npc_dist
d298214a69c84a3,weap_ahotel_fire_npc_far_atmo
b2f8e36395125d99,weap_ahotel_fire_npc_far
641676636821a39e,weap_ahotel_fire_npc_med
4cce0168c405e45a,weap_ahotel_fire_npc_med_atmo
15d1b59d12ad1262,weap_ahotel_fire_plr_interrupt
162a6312e5942e3d,weap_ahotel_fire_plr_last_mech
eee093fa443c6b6a,weap_ahotel_fire_plr_mech
51ec647909a0047,weap_ahotel_fire_npc
18748e78a4f763b0,weap_ahotel_fire_plr_lfe
1b6dc061476f7eb8,weap_ahotel_fire_plr_first_fcg
b378b21ef12fbe14,weap_ahotel_fire_plr_atmo_int
b3fa950cfc63e29d,weap_ahotel_fire_npc_atmo
46e629bfc730cff8,weap_ahotel_fire_plr_last_shot
4263b56edc5faa34,weap_ahotel_fire_plr_last_fcg
339354d89afbe47,weap_ahotel_fire_plr_shot
5c506e6363faada1,weap_ahotel_fire_npc_lfe
33d922e9f131f2ed,weap_ahotel_fire_npc_mech
cc6b45d64b5fdbc6,weap_ahotel_fire_plr_atmo
513f03f3649c9164,weap_apapa_fire_plr_casing_eject
550a14583127bc92,wfoly_npc_sm_apapa_reload_04
15628f2bd9b0b782,weap_apapa_fire_npc_dist_atmo
b7ab611ba05f8cc6,weap_apapa_fire_npc_dist
ec4c5a0d6857ef75,weap_apapa_fire_npc_far_atmo
550a15583127be45,wfoly_npc_sm_apapa_reload_05
4c3c97f4407aeb7f,weap_apapa_fire_npc_far
550a0e583127b260,wfoly_npc_sm_apapa_reload_02
aa9752f475a951c4,weap_apapa_fire_npc_med
1431f1a209d2ce84,weap_apapa_fire_npc_med_atmo
2289e300dbfe20d9,wfoly_npc_sm_apapa_reload_empty_07
2289e600dbfe25f2,wfoly_npc_sm_apapa_reload_empty_02
2289e700dbfe27a5,wfoly_npc_sm_apapa_reload_empty_03
2289e100dbfe1d73,wfoly_npc_sm_apapa_reload_empty_05
4c033903708d50b3,weap_apapa_fire_npc_atmo
a2df1af4718e4793,weap_apapa_fire_npc_lfe
8870bb63eeb3bd9b,weap_apapa_fire_npc_mech
8c25e9d7c9d291a8,weap_apapa_fire_plr_atmo
2f03c1c9e4a6824e,weap_apapa_fire_plr_atmo_int
68bf01fb827365c9,weap_apapa_fire_npc
33c2ec28535bf538,weap_apapa_fire_plr_interrupt
ff2ce7db3b95bc93,weap_apapa_fire_plr_last_mech
b8aa8372fe55c6e4,weap_apapa_fire_plr_mech
2a9e3e271e7f012e,weap_apapa_fire_plr_lfe
c3e7cda73bc1df7e,weap_apapa_fire_plr_first_fcg
d336466404083002,weap_apapa_fire_plr_last_shot
dea99c60d8edbf6d,weap_apapa_fire_plr_shot
664a74c492949ef6,weap_apapa_fire_plr_last_fcg
b0aeb78978ac26b5,weap_akilo_fire_plr_casing_eject
d91774a6549385b3,weap_akilo_fire_npc_med
73cf3d1c7e316a69,weap_akilo_fire_npc_dist_atmo
b4ed4b7503317160,wfoly_plr_ar_akilo_drop_01
f48451eef04bdddb,weap_akilo_fire_npc_dist
2c527234beefd018,weap_akilo_fire_npc_far_atmo
d75f562479535661,weap_akilo_fire_npc_med_atmo
167f9fa677942220,weap_akilo_fire_npc_far
b1535e7290339264,weap_akilo_fcg_dryfire_npc
8e38af82f38109c8,wfoly_plr_ar_akilo_drop_quick_01
8ad639568570a515,wfoly_plr_ar_akilo_raise_01
8ad6365685709ffc,wfoly_plr_ar_akilo_raise_02
74cd1b20a49642e1,wfoly_plr_ar_akilo_ubgl_transition_reload_01_01
ad545abfc30dd6c1,wfoly_plr_ar_akilo_raise_quick_01
5db55c2f3536b4bf,weap_akilo_fire_plr_interrupt
5aac6310ecee6190,weap_akilo_fire_plr_last_mech
c9b18b3d1cec56c6,weap_akilo_fire_npc
59196eb8892525d1,weap_akilo_fire_plr_mech
879409c5a5c6d582,weap_akilo_fire_npc_atmo
aeb8b00fb6441985,weap_akilo_fire_plr_lfe
e435aca65b91b8e4,weap_akilo_fire_npc_lfe
76720fa1b6bae2ee,weap_akilo_fire_npc_mech
222f8e014ec39ecb,weap_akilo_fire_plr_atmo_int
17c32cc975bb4129,weap_akilo_fire_plr_last_shot
511f291df9c4ab99,weap_akilo_fire_plr_atmo
be34d6c81d9746c5,weap_akilo_fire_plr_first_fcg
b9ac05a7a698f6bc,weap_akilo_fire_plr_shot
171323bbfafb94c7,weap_akilo_fire_plr_last_fcg
91d2a1afbe115f22,weap_akilo74_fire_plr_casing_eject
1cc69d7b6b6b3241,weap_akilo74_fire_npc_far
4bc097aa62816d50,weap_akilo74_fire_npc_dist
5a2dc07b8e6a0e16,weap_akilo74_fire_npc_med
7353d877e3a1932,weap_akilo74_fire_npc_med_atmo
c005212d74db4428,weap_akilo74_fire_npc_dist_atmo
b14fe4f9ef43b517,weap_akilo74_fcg_dryfire_npc
6fe2ab9497dd508b,weap_akilo74_fire_npc_far_atmo
8bbc116ccfbe6a4a,weap_akilo74_fire_plr_interrupt
ff99c47646f89485,weap_akilo74_fire_plr_last_mech
9a30732bc4113902,weap_akilo74_fire_plr_mech
ed51485863efa3c8,weap_akilo74_fire_plr_lfe
566657e641092abf,weap_akilo74_fire_npc
874d8ff9206c057c,weap_akilo74_fire_plr_atmo_int
51bacba5ca586a60,weap_akilo74_fire_plr_last_shot
b5720b90e3819b40,weap_akilo74_fire_plr_first_fcg
bf23238d976e4eb5,weap_akilo74_fire_npc_atmo
640b53fb2ed6dc5f,weap_akilo74_fire_plr_shot
5268787b8a445e59,weap_akilo74_fire_npc_lfe
204b1d315e5d470,wfoly_plr_ar_akilo74_selectsemi_off_01
a5d671f2fe3ec1a5,weap_akilo74_fire_npc_mech
f3bf2590da36aafe,weap_akilo74_fire_plr_atmo
3690250bb28022ce,wfoly_plr_ar_akilo74_selectsemi_on_01
8dca22bb47a993ac,weap_akilo74_fire_plr_last_fcg
f84d3ad7231d5e7,weap_akilo105_fire_plr_casing_eject
874f678239e45a0b,weap_akilo105_fire_npc_dist_atmo
f02147bc9f4d7ac1,weap_akilo105_fire_npc_dist
87c9a3793d81c7a2,weap_akilo105_fire_npc_far_atmo
428d9c4d8ede69a6,weap_akilo105_fire_npc_far
e4c213efa55bc5f6,weap_akilo105_fcg_dryfire_npc
e433014d59b039c1,weap_akilo105_fire_npc_med
253c2963222a370b,weap_akilo105_fire_npc_med_atmo
848f93e0067579c9,wfoly_plr_ar_akilo105_raise_quick_01
59064bd4ccc6b1f8,weap_akilo105_fire_npc_atmo
ebf9094d5dd72fbe,weap_akilo105_fire_npc_lfe
72e8056f66747094,weap_akilo105_fire_npc_mech
5f4208060120e165,weap_akilo105_fire_plr_atmo_int
1b5f57d06ac863cb,weap_akilo105_fire_plr_atmo
5ac04b114511b040,weap_akilo105_fire_npc
b3753dae3d6da4d,weap_akilo105_fire_plr_interrupt
1e6c49d3c9bba2d3,weap_akilo105_fire_plr_last_shot
e82ddd7f27549a3,weap_akilo105_fire_plr_first_fcg
ee3519cf0f546bc6,weap_akilo105_fire_plr_last_mech
156a183b0d305c22,weap_akilo105_fire_plr_shot
759b567e3cdd6119,weap_akilo105_fire_plr_last_fcg
9b4bb9ad5fa266b3,weap_akilo105_fire_plr_mech
10e0a90e81b47eeb,weap_akilo105_fire_plr_lfe
ffce39b3d1996bb0,weap_rkilo_fire_plr_casing_eject
e7cbbdc44426a88b,weap_rkilo_fire_npc_far
2aee05918ce384b2,weap_rkilo_fire_npc_dist
bc82f0c42ba42090,weap_rkilo_fire_npc_med
65b8c7a2df4d2bd6,weap_rkilo_fire_npc_dist_atmo
82b8089179627f68,weap_rkilo_fire_npc_med_atmo
d0d1e85927efebf9,weap_rkilo_fire_npc_far_atmo
3265179b0b240a85,weap_rkilo_fcg_dryfire_npc
f62bda37724131ee,wfoly_npc_lm_rkilo_reload_empty_03
7da2928a52fba1d4,weap_rkilo_fire_plr_interrupt
e2e8a6a6eb47772f,weap_rkilo_fire_plr_last_mech
33c778f4abaef9d0,weap_rkilo_fire_plr_mech
44e55114967f853a,weap_rkilo_fire_plr_lfe
4ba4937f203c4fe5,weap_rkilo_fire_npc
d8a7b5bafad49087,weap_rkilo_fire_npc_atmo
b494a8c4275b6bbf,weap_rkilo_fire_npc_lfe
3e57a39d60ba909a,weap_rkilo_fire_plr_atmo_int
f6b71f5627f6f547,weap_rkilo_fire_npc_mech
c5cf74ef4e28ce2e,weap_rkilo_fire_plr_last_shot
4dcc9e4bbe1be6fa,weap_rkilo_fire_plr_first_fcg
11f3c713652e1b0c,weap_rkilo_fire_plr_atmo
4ac942a84f605769,weap_rkilo_fire_plr_shot
3f1a94421475f60a,weap_rkilo_fire_plr_last_fcg
5408c1fe194981f8,weap_vecho_fire_plr_casing_eject
d08f814335910d6e,weap_vecho_fire_npc_dist_atmo
d70d8ea2a80e791,weap_vecho_fire_npc_far_atmo
c1d71068c285f6ca,weap_vecho_fire_npc_dist
bd40f1a2a07dac43,weap_vecho_fire_npc_far
41241abe1eadaec9,wfoly_npc_sh_vecho_reload_04
45c2165d4ad958b0,weap_vecho_fire_npc_med_atmo
1e42b4a2d7ec6d18,weap_vecho_fire_npc_med
1030406ac79c2b,wfoly_npc_sh_vecho_reload_empty_08
102c406ac7955f,wfoly_npc_sh_vecho_reload_empty_04
102b406ac793ac,wfoly_npc_sh_vecho_reload_empty_05
e6752091e339852f,weap_vecho_fire_npc_atmo
13c7aca2d178ecc7,weap_vecho_fire_npc_lfe
57dd6ab4e6d0e52f,weap_vecho_fire_npc_mech
f7f0f66bb839acd,weap_vecho_fire_npc
c6fcf2503fd14ff4,weap_vecho_fire_plr_atmo
b3aca802ca1e66cc,weap_vecho_fire_plr_interrupt
dc1fb220789ed067,weap_vecho_fire_plr_last_mech
9dfea1fbc89c9c26,weap_vecho_fire_plr_last_shot
b4389bc4c4b356f2,weap_vecho_fire_plr_atmo_int
bf2c84b5b09549d8,weap_vecho_fire_plr_mech
5e28ecd975a11d11,weap_vecho_fire_plr_shot
433b276a5cb2fd82,weap_vecho_fire_plr_lfe
110d0f6a40c8d01f,weap_vecho_fire_plr_fcg
5c52a0e2281c7d92,weap_vecho_fire_plr_last_fcg
f4d8f9b200b16e6b,weap_aviktor_fire_plr_casing_eject
1a89e6d0bb16324a,weap_aviktor_fire_npc_far
a75fd9e51eb7cbb3,wfoly_npc_sm_aviktor_reload_02
a75fdce51eb7d0cc,wfoly_npc_sm_aviktor_reload_07
45d293d0d39883e5,weap_aviktor_fire_npc_med
cc71778655f9e767,weap_aviktor_fire_npc_dist_atmo
a75fdfe51eb7d5e5,wfoly_npc_sm_aviktor_reload_04
293030a0c1bbb505,weap_aviktor_fire_npc_dist
1708d0de575a45e,wfoly_npc_sm_aviktor_reload_empty_07
170920de575acdd,wfoly_npc_sm_aviktor_reload_empty_02
299a906f9104ac87,weap_aviktor_fire_npc_med_atmo
365fdcf3ea7b0fee,weap_aviktor_fire_npc_far_atmo
7231c598272c33f2,weap_aviktor_fcg_dryfire_npc
1708b0de575a0f8,wfoly_npc_sm_aviktor_reload_empty_05
b622c6e3984f811,weap_aviktor_fire_plr_interrupt
9c604a077d7d337a,weap_aviktor_fire_plr_last_mech
41e7857858052979,weap_aviktor_fire_plr_atmo_int
496e5219f2f4b357,weap_aviktor_fire_plr_mech
35825e2df01a416f,weap_aviktor_fire_plr_lfe
fb4cf616883084b4,weap_aviktor_fire_npc
b0c846b3f64f4ed7,weap_aviktor_fire_plr_first_fcg
88b8ca4ec3acc757,weap_aviktor_fire_plr_last_shot
ee891c77034f49d4,weap_aviktor_fire_npc_atmo
5ff0a0e592128656,weap_aviktor_fire_plr_shot
5024dbd0d9e96be2,weap_aviktor_fire_npc_lfe
3d3daed78c1498b8,weap_aviktor_fire_npc_mech
3acb2b98d9bfd2e5,weap_aviktor_fire_plr_last_fcg
4241087f64434bb7,weap_aviktor_fire_plr_atmo
76cf81d6b5389acb,weap_beta_fire_plr_casing_eject
8db6e8480e9086d3,wfoly_npc_sm_beta_reload_04
cff7e85d15bf8d6a,weap_beta_fire_npc_far
fb40955d2e41df05,weap_beta_fire_npc_med
6f96b219e49f4ba5,weap_beta_fire_npc_dist
8db6ed480e908f52,wfoly_npc_sm_beta_reload_03
6af67a036004c26,wfoly_npc_sm_beta_reload_empty_01
24a5aeef73e1ba47,weap_beta_fire_npc_dist_atmo
3ae2553cd1402567,weap_beta_fire_npc_med_atmo
e77c14d8b5dabf4e,weap_beta_fire_npc_far_atmo
de923fe252286d92,weap_beta_fcg_dryfire_npc
6af65a0360048c0,wfoly_npc_sm_beta_reload_empty_03
718747384cbff657,weap_beta_fire_plr_atmo
22cdd5d31af9e02,weap_beta_fire_npc_lfe
2e3fc0e32edb9131,weap_beta_fire_plr_interrupt
9eac9efe9cdbc794,weap_beta_fire_npc
3085305599da0358,weap_beta_fire_npc_mech
42c722f29b2ceb5a,weap_beta_fire_plr_last_mech
d534a33ec6780137,weap_beta_fire_plr_last_shot
38559df029160974,weap_beta_fire_npc_atmo
847fd431173e03b7,weap_beta_fire_plr_first_fcg
38b1dfa3628ddbf6,weap_beta_fire_plr_shot
78b490d2db715df7,weap_beta_fire_plr_mech
3036bd258bf2858f,weap_beta_fire_plr_lfe
edce2ae6c6e9e759,weap_beta_fire_plr_atmo_int
36835f843755b445,weap_beta_fire_plr_last_fcg
b6949b9cc377d422,wfoly_plr_ar_mcharlie_ubgl_inspect_06
9101285d7c89dd1e,weap_mcharlie_fire_plr_casing_eject
b694969cc377cba3,wfoly_plr_ar_mcharlie_ubgl_inspect_01
b694989cc377cf09,wfoly_plr_ar_mcharlie_ubgl_inspect_03
197639798fcf067d,weap_mcharlie_fire_npc_far
b694979cc377cd56,wfoly_plr_ar_mcharlie_ubgl_inspect_02
f3bd32f110c50d9d,wfoly_plr_ar_mcharlie_drop_01
d8d6c8237c5717c,weap_mcharlie_fire_npc_dist
cd3ac479651e8be2,weap_mcharlie_fire_npc_med
b694999cc377d0bc,wfoly_plr_ar_mcharlie_ubgl_inspect_04
9a677c346cbc6cfc,weap_mcharlie_fire_npc_dist_atmo
b6949a9cc377d26f,wfoly_plr_ar_mcharlie_ubgl_inspect_05
d6bf557b8822e9e6,weap_mcharlie_fire_npc_med_atmo
c4e37a01013943bf,weap_mcharlie_fire_npc_far_atmo
f34dc57c51e5d651,wfoly_npc_ar_mcharlie_reload_empty_04
d15d20ac4379e479,weap_mcharlie_fire_npc_atmo
c2e87c795ecda3e5,weap_mcharlie_fire_npc_lfe
d9566646d2d8abb1,weap_mcharlie_fire_npc_mech
1a5653f7658df60b,weap_mcharlie_fire_npc
cfcab4e9eb5c8cc2,weap_mcharlie_fire_plr_atmo
1da6b8a3a6d3dbe8,weap_mcharlie_fire_plr_atmo_int
2a80b7856969ed7c,weap_mcharlie_fire_plr_last_shot
615e430f3e59a66,weap_mcharlie_fire_plr_interrupt
ae0352940b5e7fbc,weap_mcharlie_fire_plr_first_fcg
c9ee20964bf61c91,weap_mcharlie_fire_plr_last_mech
e7dab54b47905db,weap_mcharlie_fire_plr_shot
6823bacae44f452e,weap_mcharlie_fire_plr_mech
f7278076c5a90524,weap_mcharlie_fire_plr_lfe
1d76d8ba7ae07ab0,weap_mcharlie_fire_plr_last_fcg
113828cd53ff4ee0,weap_scharlie_fire_plr_casing_eject
b0fc71cff5a8cd3b,weap_scharlie_fire_npc_far
8ad545702d08eba2,weap_scharlie_fire_npc_dist
85b384cfdd260ee0,weap_scharlie_fire_npc_med
b4a3f92f90967e12,wfoly_npc_ar_scharlie_reload_empty_03
8af45456275d8fd8,weap_scharlie_fire_npc_med_atmo
cfac0c5c2f10f4a6,weap_scharlie_fire_npc_dist_atmo
1d503ed6926b9309,weap_scharlie_fire_npc_far_atmo
4f03f59a390dec57,weap_scharlie_fire_npc_atmo
7e9e7ccfd995b78f,weap_scharlie_fire_npc_lfe
56313f34c7bf53f7,weap_scharlie_fire_npc_mech
bcc8d7d77d3cd1fc,weap_scharlie_fire_plr_atmo
9a6ce3cd93e907c4,weap_scharlie_fire_plr_interrupt
56eeea3c3d1d96aa,weap_scharlie_fire_plr_first_fcg
ff33c943e06d4efe,weap_scharlie_fire_plr_last_shot
1eab19f0b8470a3f,weap_scharlie_fire_plr_last_mech
affae320bf82f08a,weap_scharlie_fire_plr_atmo_int
e040526102ff7fb9,weap_scharlie_fire_plr_shot
4b2a69b47977a560,weap_scharlie_fire_plr_mech
598d681aae9223d5,weap_scharlie_fire_npc
f56b9a979763737a,weap_scharlie_fire_plr_last_fcg
9b469a0e904f8f6a,weap_scharlie_fire_plr_lfe
2ec34d26def1537b,wfoly_plr_ar_schotel_ubgl_drop_01
aa25d7b2a6a9a56b,wfoly_plr_ar_schotel_ubgl_reload_01
3bc590f3518be667,weap_schotel_fire_plr_casing_eject
aa25dab2a6a9aa84,wfoly_plr_ar_schotel_ubgl_reload_04
aa25d9b2a6a9a8d1,wfoly_plr_ar_schotel_ubgl_reload_03
aa25d8b2a6a9a71e,wfoly_plr_ar_schotel_ubgl_reload_02
283897baf8222b60,wfoly_plr_ar_schotel_ubgl_raise_01
aa25dbb2a6a9ac37,wfoly_plr_ar_schotel_ubgl_reload_05
ba3ed8b98e402726,weap_schotel_fire_npc_far
b408733f92627b41,weap_schotel_fire_npc_dist
aa25dcb2a6a9adea,wfoly_plr_ar_schotel_ubgl_reload_06
5be43db95911f741,weap_schotel_fire_npc_med
97ab39764d791a8f,wfoly_plr_ar_schotel_reload_02
90e35e9657ed7f8b,weap_schotel_fire_npc_med_atmo
37b74d8694b88b8b,weap_schotel_fire_npc_dist_atmo
97ab38764d7918dc,wfoly_plr_ar_schotel_reload_03
b66e0feca28f1167,wfoly_npc_ar_schotel_reload_03
fd201e2af9b5caff,wfoly_plr_ar_schotel_ubgl_reload_fast_04
f370d8ac73451022,weap_schotel_fire_npc_far_atmo
fd201d2af9b5c94c,wfoly_plr_ar_schotel_ubgl_reload_fast_05
fd20192af9b5c280,wfoly_plr_ar_schotel_ubgl_reload_fast_01
6b08cad0735992ff,wfoly_npc_ar_schotel_reload_empty_05
fd201c2af9b5c799,wfoly_plr_ar_schotel_ubgl_reload_fast_02
63aa45b95d38ed3e,weap_schotel_fire_npc_lfe
cae93d3936e429e5,weap_schotel_fire_plr_atmo_int
fd201b2af9b5c5e6,wfoly_plr_ar_schotel_ubgl_reload_fast_03
36cf30f259897114,weap_schotel_fire_npc_mech
df4683535ddd644b,weap_schotel_fire_plr_atmo
bb9f39df3eab0bcd,weap_schotel_fire_plr_interrupt
ced42fd8248fd453,weap_schotel_fire_plr_last_shot
9e9cffd36a289d46,weap_schotel_fire_plr_last_mech
beeac3dc4d497b23,weap_schotel_fire_plr_first_fcg
d95143be00455ca2,weap_schotel_fire_plr_shot
5f32e53052b76733,weap_schotel_fire_plr_mech
8891e57a81163c6b,weap_schotel_fire_plr_lfe
8b24a4754c6c55c0,weap_schotel_fire_npc
e1428bb172a0a999,weap_schotel_fire_plr_last_fcg
1ced7757bfdbb278,weap_schotel_fire_npc_atmo
ac0b90017f155ba3,weap_scromeo_fire_plr_casing_eject
87fb90452e1b5652,weap_scromeo_fire_npc_far
2985cd44f8d61abd,weap_scromeo_fire_npc_med
b034b980813dff2d,weap_scromeo_fire_npc_dist
4cff6526451c22ff,weap_scromeo_fire_npc_med_atmo
fa6f46d843f01dcf,weap_scromeo_fire_npc_dist_atmo
3fc5fe8845825136,weap_scromeo_fire_npc_far_atmo
314b1544fcfbca7a,weap_scromeo_fire_npc_lfe
46b67a242141ca1,weap_scromeo_fire_plr_atmo_int
645e9732d3baf510,weap_scromeo_fire_npc_mech
fb83b383c89d430f,weap_scromeo_fire_plr_atmo
71b201e02b87787f,weap_scromeo_fire_plr_last_shot
43d6ca18a59c489f,weap_scromeo_fire_plr_first_fcg
e058950512b35639,weap_scromeo_fire_plr_interrupt
a657cbea47174f0e,weap_scromeo_fire_plr_shot
a7d72110c0c1d522,weap_scromeo_fire_plr_last_mech
a45b8fc09deb691d,weap_scromeo_fire_plr_last_fcg
322ed5c1b58de8ac,weap_scromeo_fire_npc
c370fda1e435f80f,weap_scromeo_fire_plr_mech
ec05e5567538c14c,weap_scromeo_fire_npc_atmo
df0c3523ab288727,weap_scromeo_fire_plr_lfe
d7fc6728df673aa3,weap_falpha_fire_plr_casing_eject
cecbc58d3359bacf,weap_falpha_fire_npc_dist_atmo
9c9d40883559fe2d,weap_falpha_fire_npc_dist
5985cc050cf9db52,weap_falpha_fire_npc_far
eb71cb9fa3a1c036,weap_falpha_fire_npc_far_atmo
fb100904d7b49fbd,weap_falpha_fire_npc_med
f8ab323da33b91ff,weap_falpha_fire_npc_med_atmo
bb7fa9c89f75559a,weap_falpha_fcg_dryfire_npc
d86e6c5e2954c04c,weap_falpha_fire_npc_atmo
b01734b9a0338ba1,weap_falpha_fire_plr_atmo_int
e7ec3a8b7cb9420f,weap_falpha_fire_plr_atmo
2d55104dbda4f7a,weap_falpha_fire_npc_lfe
b4b513ba021cf339,weap_falpha_fire_plr_interrupt
50c71e3a87d6f410,weap_falpha_fire_npc_mech
26add4e4035a9dac,weap_falpha_fire_npc
460e80951af1157f,weap_falpha_fire_plr_last_shot
183348cd9505e59f,weap_falpha_fire_plr_first_fcg
7c339fc5b02b7222,weap_falpha_fire_plr_last_mech
50075cd7fc0ad81d,weap_falpha_fire_plr_last_fcg
afd984a99851f70f,weap_falpha_fire_plr_mech
92c052f1fb334e0e,weap_falpha_fire_plr_shot
b09670e38a070c27,weap_falpha_fire_plr_lfe
5d03e9c1d0496b68,weap_fecho_fire_plr_casing_eject
892053846cda0639,wfoly_plr_ar_fecho_drop_01
9da071e13264fa3a,weap_fecho_fire_npc_dist
646ffe540b448273,weap_fecho_fire_npc_far
7f37a14c3dd46fe0,weap_fecho_fire_npc_med_atmo
c64be154436d1d68,weap_fecho_fire_npc_med
7cfc38c8fd34b54d,weap_fecho_fcg_dryfire_npc
6ddd2e0c7bd7bd7e,weap_fecho_fire_npc_dist_atmo
be446c12f28c3321,weap_fecho_fire_npc_far_atmo
d7da820af0748cbf,weap_fecho_fire_npc_atmo
bbd099543cf93057,weap_fecho_fire_npc_lfe
b771d174d31ce662,weap_fecho_fire_plr_atmo_int
6024ec2e927ce9df,weap_fecho_fire_npc_mech
5a9c7a3e0e5e9ee4,weap_fecho_fire_plr_atmo
175cb7948a8c697d,weap_fecho_fire_npc
304badf87954f07c,weap_fecho_fire_plr_interrupt
414d643c453391e2,weap_fecho_fire_plr_first_fcg
747b92aad1af8a36,weap_fecho_fire_plr_last_shot
6c10d31271f7c386,wfoly_plr_ar_fecho_raise_quick_01
5df943df3291b737,weap_fecho_fire_plr_last_mech
87a015a1dc072d42,weap_fecho_fire_plr_last_fcg
325fb5d3e35822a1,weap_fecho_fire_plr_shot
40292ca2e44d2228,weap_fecho_fire_plr_mech
f5738834c4860032,weap_fecho_fire_plr_lfe
333274c8c90bf8b4,weap_papa90_fire_plr_casing_eject
4c331688d63ae016,weap_papa90_fire_npc_dist
ae1952ab87f4d9cf,weap_papa90_fire_npc_far
9c85478f01c473d4,weap_papa90_fire_npc_med_atmo
b9a2dabbc69d2b4,weap_papa90_fire_npc_med
b34f4bec1557f991,weap_papa90_fcg_dryfire_npc
8d89986188ef4f32,weap_papa90_fire_npc_dist_atmo
80a89d1f84ef4525,weap_papa90_fire_npc_far_atmo
f6272e7143c514e3,weap_papa90_fire_npc_atmo
359b55bb9478011e,weap_papa90_fire_plr_atmo_int
4baf5abb906b943,weap_papa90_fire_npc_lfe
20cb50d127ced56b,weap_papa90_fire_npc_mech
11a47fed976660b8,weap_papa90_fire_plr_atmo
2d0a353f3c571088,weap_papa90_fire_plr_interrupt
820647ee8a9c75f2,weap_papa90_fire_plr_last_shot
20117df885f518ce,weap_papa90_fire_plr_first_fcg
5e29c8588b0fb143,weap_papa90_fire_plr_last_mech
a4be738345a9921d,weap_papa90_fire_plr_shot
d501398d1912ca54,weap_papa90_fire_plr_mech
ef505ad5d1c750d9,weap_papa90_fire_npc
6169c04cd8a75b7e,weap_papa90_fire_plr_lfe
b83b25812eb79f86,weap_papa90_fire_plr_last_fcg
9a24fa623f1f472b,weap_mcbravo_fire_plr_casing_eject
defff183f8c3e70a,weap_mcbravo_fire_npc_far
a489e84114638a5,weap_mcbravo_fire_npc_med
1fd9f2da7e652c5,weap_mcbravo_fire_npc_dist
5f3af5ed549f9027,weap_mcbravo_fire_npc_dist_atmo
dd733db7f9916147,weap_mcbravo_fire_npc_med_atmo
e6d28a3c50249bae,weap_mcbravo_fire_npc_far_atmo
1134e68414b3f7a2,weap_mcbravo_fire_npc_lfe
2370a43cbe075839,weap_mcbravo_fire_plr_atmo_int
bf861d695a3de178,weap_mcbravo_fire_npc_mech
af6b5ec95c8e3777,weap_mcbravo_fire_plr_atmo
96d3478452583dd1,weap_mcbravo_fire_plr_interrupt
7c523f0e6f4b0274,weap_mcbravo_fire_npc
4f5796572d4b2017,weap_mcbravo_fire_plr_last_shot
6666160fea00683a,weap_mcbravo_fire_plr_last_mech
c7568b03e979e794,weap_mcbravo_fire_npc_atmo
7695f734725c1d16,weap_mcbravo_fire_plr_shot
b698a863eb3f9f17,weap_mcbravo_fire_plr_mech
39eacea2a4b3702f,weap_mcbravo_fire_plr_lfe
eb008b92a4fdb497,weap_mcbravo_fire_plr_first_fcg
ca93ff314de113a5,weap_mcbravo_fire_plr_last_fcg
fb6148685940debf,weap_ralpha_fire_plr_casing_eject
457ea476aff0b0ce,weap_ralpha_fire_npc_far
e1cf7d9b36c80749,weap_ralpha_fire_npc_dist
70e25976c889d7b9,weap_ralpha_fire_npc_med
7800206a8ea6c533,weap_ralpha_fire_npc_dist_atmo
a8f73adcb797a76a,weap_ralpha_fire_npc_far_atmo
7ec42a81e6a0503,weap_ralpha_fire_npc_med_atmo
77cea176cbf796b6,weap_ralpha_fire_npc_lfe
768a576e2671c7ed,weap_ralpha_fire_plr_atmo_int
5a78bbd6c23bc1cc,weap_ralpha_fire_npc_mech
9b7a97c348a720e3,weap_ralpha_fire_plr_atmo
65ff5a386c7d4c38,weap_ralpha_fire_npc
5c8ddbfc12b3ddb5,weap_ralpha_fire_plr_interrupt
c0c021b3164c3d10,weap_ralpha_fire_npc_atmo
ec0af26c6d2a1c1b,weap_ralpha_fire_plr_last_shot
74eed829501e72da,weap_ralpha_fire_plr_shot
9c3601ddb501b06e,weap_ralpha_fire_plr_last_mech
c61eba232cb0e16b,weap_ralpha_fire_plr_mech
9ad498572a9e7d43,weap_ralpha_fire_plr_lfe
6cefb734c2edda8b,weap_ralpha_fire_plr_first_fcg
35b877cd22e4871,weap_ralpha_fire_plr_last_fcg
db1ed3e9b797b868,weap_mpapax_fire_plr_casing_eject
f5a63a6b51faa173,weap_mpapax_fire_npc_far
12e78d6e59dba73a,weap_mpapax_fire_npc_dist
57821d6b8a233c68,weap_mpapax_fire_npc_med
2e2656ea90186ce0,weap_mpapax_fire_npc_med_atmo
f178ca12455ea47e,weap_mpapax_fire_npc_dist_atmo
6d3321b144d03021,weap_mpapax_fire_npc_far_atmo
4d219d9817eb39bf,weap_mpapax_fire_npc_atmo
666087132560e362,weap_mpapax_fire_plr_atmo_int
4d06d56b83af4f57,weap_mpapax_fire_npc_lfe
e3b2dedf8bec187d,weap_mpapax_fire_npc
cfe395cb35d54be4,weap_mpapax_fire_plr_atmo
d56c07bbb9f396df,weap_mpapax_fire_npc_mech
b3e749fe42dbd77c,weap_mpapax_fire_plr_interrupt
f8172eb09b367136,weap_mpapax_fire_plr_last_shot
368ecb402e4b2a42,weap_mpapax_fire_plr_last_fcg
e194dfe4fc189e37,weap_mpapax_fire_plr_last_mech
a7a6d1610acecfa1,weap_mpapax_fire_plr_shot
b57048300bc3cf28,weap_mpapax_fire_plr_mech
c4e900420eba78e2,weap_mpapax_fire_plr_first_fcg
86a9c44c0b3c1f32,weap_mpapax_fire_plr_lfe
d0da7bf91a7e3be5,weap_mpapa7_fire_plr_casing_eject
96c3c41653faa50,weap_mpapa7_fire_npc_far
bb393d2bdfe1d04b,weap_mpapa7_fire_npc_dist
35c48432c94eaf91,weap_mpapa7_fire_npc_med_atmo
cc043141423f4443,weap_mpapa7_fire_npc_med
b090b123aee569b9,weap_mpapa7_fire_npc_dist_atmo
4bca0d341caedb28,weap_mpapa7_fire_npc_far_atmo
cf40ff6a16191abb,weap_mpapa7_fire_plr_atmo_int
2ac0de8fcc1626b6,weap_mpapa7_fire_npc
3c12b501fae38012,weap_mpapa7_fire_npc_atmo
c8f0bd73aa45e109,weap_mpapa7_fire_plr_atmo
d2e3694145a25db4,weap_mpapa7_fire_npc_lfe
708f434fc28cd8ef,weap_mpapa7_fire_plr_interrupt
ea74dae3918f44de,weap_mpapa7_fire_npc_mech
59d44f3c8b0e74e0,weap_mpapa7_fire_plr_last_mech
e619230ed6a410e1,weap_mpapa7_fire_plr_mech
258fedb7a1b623f5,weap_mpapa7_fire_plr_lfe
d0f91b949d9c6b35,weap_mpapa7_fire_plr_first_fcg
eeea37e914964f39,weap_mpapa7_fire_plr_last_shot
46015b08bacfaa4c,weap_mpapa7_fire_plr_shot
25162fefe0aeeab7,weap_mpapa7_fire_plr_last_fcg
3ef637845dda4f8a,weap_victor_fire_plr_casing_eject
73b67539ca7da8,weap_victor_fire_npc_dist
d5885888414ede99,weap_victor_fire_npc_far
6098bd6cd66610bc,wfoly_npc_sm_victor_reload_06
b58459913bd5c75a,weap_victor_fire_npc_med_atmo
86a5eb88145e249e,weap_victor_fire_npc_med
a35375ca56ad3d20,weap_victor_fire_npc_dist_atmo
75dfda3d1e6c67a3,weap_victor_fire_npc_far_atmo
aa3fa25da733159d,weap_victor_fire_npc_atmo
7edfe38810372ea1,weap_victor_fire_npc_lfe
2a1e303a9c0125ed,weap_victor_fire_npc_mech
c2b05326f62f0ec6,weap_victor_fire_plr_atmo
ff0df49806d2f147,weap_victor_fire_npc
d38c8260a8ebcb62,weap_victor_fire_plr_interrupt
4a0f6835d6f88f8,weap_victor_fire_plr_last_shot
1c2f0a4768ffa114,weap_victor_fire_plr_atmo_int
d3e52fd67bd2e73d,weap_victor_fire_plr_last_mech
f97e429e347ef147,weap_victor_fire_plr_shot
e525a14aef0b9e6a,weap_victor_fire_plr_mech
3b04039d5133e4b0,weap_victor_fire_plr_lfe
ab1a0d97542f8d34,weap_victor_fire_plr_last_fcg
d9288d24ddae37b8,weap_victor_fire_plr_first_fcg
aebb4a5300e78097,weap_mike1014_fire_plr_casing_eject
7c4d390586700fdb,weap_mike1014_fire_npc_dist_atmo
78828dd7ca3c2131,weap_mike1014_fire_npc_dist
5767fb0b68b2cd32,weap_mike1014_fire_npc_far_atmo
2a195221124471fb,weap_mike1014_fire_npc_med_atmo
2ad710829832ca16,weap_mike1014_fire_npc_far
cd56558263be0791,weap_mike1014_fire_npc_med
b29e54bdddde7b3b,weap_mike1014_fire_plr_atmo
4d9d891b36bfc015,weap_mike1014_fire_plr_atmo_int
8ebfa19f8193057d,weap_mike1014_fire_plr_interrupt
629095e2c66c02d6,weap_mike1014_fire_plr_last_mech
1842969a31645803,weap_mike1014_fire_plr_mech
a3140b70bef1101b,weap_mike1014_fire_plr_lfe
e526e6f4ba171063,weap_mike1014_fire_plr_last_shot
d52c7716cd499b70,weap_mike1014_fire_npc
3f84163033d292b2,weap_mike1014_fire_plr_shot
d1be91ef5f67b588,weap_mike1014_fire_npc_atmo
d55cd370daf17d46,weap_mike1014_fire_plr_fcg
d4429d82672bc68e,weap_mike1014_fire_npc_lfe
a7be2b8f7be995c4,weap_mike1014_fire_npc_mech
4e54d4e70a373649,weap_mike1014_fire_plr_last_fcg
8147f33edd205c97,weap_mbravo_fire_npc_far
c88766b71f2875f,wfoly_plr_sh_mbravo_drop_01
55e4fe3ec4887bec,weap_mbravo_fire_npc_med
f2b0e8e37d30677e,weap_mbravo_fire_npc_dist
c1c5a68aaf91398c,weap_mbravo_fire_npc_med_atmo
ed72ba9c9dd5bd7a,weap_mbravo_fire_npc_dist_atmo
185a3bf5eac3e4cd,weap_mbravo_fire_npc_far_atmo
67c2cf3bc67ad457,wfoly_plr_sh_mbravo_drop_quick_01
138a60cb9d7ed1db,weap_mbravo_fire_npc_atmo
3d2e8de74320bca6,weap_mbravo_fire_plr_atmo_int
4f06063ec125cf3b,weap_mbravo_fire_npc_lfe
beecc5ddf02e31b0,weap_mbravo_fire_plr_atmo
7c94a2a7f3e7d7a3,weap_mbravo_fire_npc_mech
c1013b3c6f9cf731,weap_mbravo_fire_npc
a1436ff79cca31d0,weap_mbravo_fire_plr_interrupt
7618ef6394ca445a,weap_mbravo_fire_plr_last_shot
c748d15d715cb2eb,weap_mbravo_fire_plr_last_mech
d9077d8928ae65d6,weap_mbravo_fire_plr_first_fcg
c6bf1082b16982e4,wfoly_plr_sh_mbravo_raise_01
af2b5ffcb420be6c,weap_mbravo_fire_plr_mech
b319d972b3ab9855,weap_mbravo_fire_plr_shot
5ce96a9870a93fd6,weap_mbravo_fire_plr_lfe
207ce075d5267022,wfoly_plr_sh_mbravo_fire_rechamber_01
207cdf75d5266e6f,wfoly_plr_sh_mbravo_fire_rechamber_02
42c2a71fca0e297e,weap_mbravo_fire_plr_last_fcg
207cde75d5266cbc,wfoly_plr_sh_mbravo_fire_rechamber_03
f03e5f3efb6e024e,weap_mviktor_fire_npc_far
1ba2143f14072939,weap_mviktor_fire_npc_med
82eb5ff37cb983c9,weap_mviktor_fire_npc_dist
21bfaa5019df4ad5,wfoly_npc_sh_mviktor_reload_empty_03
7ee9a1d38416eab3,weap_mviktor_fire_npc_dist_atmo
6bf2c10b734d2bea,weap_mviktor_fire_npc_far_atmo
cae7c8d6da1f8983,weap_mviktor_fire_npc_med_atmo
228e5c3f1774e836,weap_mviktor_fire_npc_lfe
3985dd9ce2274c6d,weap_mviktor_fire_plr_atmo_int
fb949e2f082d3e4c,weap_mviktor_fire_npc_mech
3c967a1b8e989d63,weap_mviktor_fire_plr_atmo
f2f473d5629a419b,weap_mviktor_fire_plr_last_shot
63775d6508240335,weap_mviktor_fire_plr_interrupt
160aba81960fef5a,weap_mviktor_fire_plr_shot
a31f8346aa71d5ee,weap_mviktor_fire_plr_last_mech
673a9c7b72a25deb,weap_mviktor_fire_plr_mech
adb093ec885445b8,weap_mviktor_fire_npc
4594531f761bcec3,weap_mviktor_fire_plr_lfe
73d9389db85e000b,weap_mviktor_fire_plr_first_fcg
61dc040b5c3db990,weap_mviktor_fire_npc_atmo
c6570dab8de3ccf1,weap_mviktor_fire_plr_last_fcg
3dd177c329633785,wfoly_plr_sh_charlie725_inspect_01
3dd174c32963326c,wfoly_plr_sh_charlie725_inspect_02
3dd172c329632f06,wfoly_plr_sh_charlie725_inspect_04
3dd175c32963341f,wfoly_plr_sh_charlie725_inspect_03
3dd173c3296330b9,wfoly_plr_sh_charlie725_inspect_05
3dd170c329632ba0,wfoly_plr_sh_charlie725_inspect_06
3dd17ec32963436a,wfoly_plr_sh_charlie725_inspect_08
3dd171c329632d53,wfoly_plr_sh_charlie725_inspect_07
d26bcbc2df881ae2,weap_charlie725_fire_npc_far
909d6a9ccb8a120f,weap_charlie725_fire_npc_med_atmo
74d028c2aafcb96d,weap_charlie725_fire_npc_med
99ae4014fd0fc97d,weap_charlie725_fire_npc_dist
5f22b78c3f02acbf,weap_charlie725_fire_npc_dist_atmo
274a5afbb52b36e6,weap_charlie725_fire_npc_far_atmo
c826e281dd2f7cd9,wfoly_npc_sh_charlie725_reload_05
7e36143c244b390d,wfoly_npc_sh_charlie725_reload_empty_07
21151b642bd7159f,weap_charlie725_fire_plr_atmo
8f53201b834fc1c9,weap_charlie725_fire_plr_interrupt
8664c2c66117172f,weap_charlie725_fire_plr_last_shot
12cb80eea45237d2,weap_charlie725_fire_plr_last_mech
dd0734d60b23e37e,weap_charlie725_fire_plr_shot
fc7e8582e2fd9ebf,weap_charlie725_fire_plr_mech
ce132724c63b53b7,weap_charlie725_fire_plr_lfe
604fc4f823f7b0bc,weap_charlie725_fire_npc
277d71c458ff96f1,weap_charlie725_fire_plr_atmo_int
11e81870c8430f6f,weap_charlie725_fire_plr_first_fcg
ebf5abeb8f20a03c,weap_charlie725_fire_npc_atmo
7bbc30c2ae6a0baa,weap_charlie725_fire_npc_lfe
7a573dc88b5b73a0,weap_charlie725_fire_npc_mech
f962aed522db436d,weap_charlie725_fire_plr_last_fcg
a0d3a52e7850bf36,wfoly_plr_lm_mkilo3_inspect_empty_07
a0d3b02e7850d1e7,wfoly_plr_lm_mkilo3_inspect_empty_08
a0d0222e784daac6,wfoly_plr_lm_mkilo3_inspect_empty_10
a0d3af2e7850d034,wfoly_plr_lm_mkilo3_inspect_empty_09
a0d0232e784dac79,wfoly_plr_lm_mkilo3_inspect_empty_11
61004f52d2ed4192,weap_mkilo3_fire_plr_casing_eject
a0d0202e784da760,wfoly_plr_lm_mkilo3_inspect_empty_12
7641f7a3aafc96b1,weap_mkilo3_fire_npc_far
6c559a0aba0108c0,weap_mkilo3_fire_npc_dist
b3a9faa3cdfcef26,weap_mkilo3_fire_npc_med
b74919caef7aeb78,weap_mkilo3_fire_npc_dist_atmo
66a39d90fc166822,weap_mkilo3_fire_npc_med_atmo
768da9b0e404805b,weap_mkilo3_fire_npc_far_atmo
938d7de2862559c7,weap_mkilo3_fcg_dryfire_npc
84557a22d130b56c,weap_mkilo3_fire_plr_atmo_int
a957f2a3c7ac73e9,weap_mkilo3_fire_npc_lfe
a0d3a92e7850c602,wfoly_plr_lm_mkilo3_inspect_empty_03
c7b39ec46334f6e,weap_mkilo3_fire_plr_atmo
a0d3aa2e7850c7b5,wfoly_plr_lm_mkilo3_inspect_empty_02
bfa5088ce83b18ba,weap_mkilo3_fire_plr_interrupt
46ce545704d32fd5,weap_mkilo3_fire_npc_mech
a0d3a42e7850bd83,wfoly_plr_lm_mkilo3_inspect_empty_04
2bb5f324fde6f95,weap_mkilo3_fire_plr_last_mech
a0d3a32e7850bbd0,wfoly_plr_lm_mkilo3_inspect_empty_05
ffdc855bf54011f0,weap_mkilo3_fire_plr_last_shot
997d27868f713b52,weap_mkilo3_fire_plr_mech
a0d3a62e7850c0e9,wfoly_plr_lm_mkilo3_inspect_empty_06
d16695e4c361aaf,weap_mkilo3_fire_plr_shot
767f615de6043a38,weap_mkilo3_fire_plr_lfe
25d5b7e2243fd9af,weap_mkilo3_fire_npc
7396e5f239902445,weap_mkilo3_fire_npc_atmo
a0d3a72e7850c29c,wfoly_plr_lm_mkilo3_inspect_empty_01
524ae331a781c2b,weap_slima_fire_plr_casing_eject
3cbc65d90b65e0a,weap_slima_fire_npc_far
7acf4cead8e687c5,weap_slima_fire_npc_dist
3c0c74b5da9b6647,weap_slima_fire_npc_med_atmo
2f14735da938afa5,weap_slima_fire_npc_med
b705bbbb5c0b6ab2,weap_slima_fcg_dryfire_npc
27986752b8a60f27,weap_slima_fire_npc_dist_atmo
456bc13a312ea0ae,weap_slima_fire_npc_far_atmo
3600bb5daca66ea2,weap_slima_fire_npc_lfe
8209db3a9f115d39,weap_slima_fire_plr_atmo_int
283d0c868d8e6c77,weap_slima_fire_plr_atmo
3857cb268b3e1678,weap_slima_fire_npc_mech
5f30b8e9b65ebcd1,weap_slima_fire_plr_interrupt
2ec387754e06e73a,weap_slima_fire_plr_last_mech
17b507bc91519f17,weap_slima_fire_plr_last_shot
2f6a56211c3fd417,weap_slima_fire_plr_mech
ef67a4f1a35c5216,weap_slima_fire_plr_shot
5eb6a37c3ca5e72f,weap_slima_fire_plr_lfe
b36f409f61ad8974,weap_slima_fire_npc
402838c11a7a1c94,weap_slima_fire_npc_atmo
74dbf35873f9b722,weap_ngolf7_fire_plr_casing_eject
3befb45f7b4ec550,weap_ngolf7_fire_npc_dist
7a61ec686a4c7a41,weap_ngolf7_fire_npc_far
b7c90f688d4b5616,weap_ngolf7_fire_npc_med
20575c648f28f132,weap_ngolf7_fire_npc_med_atmo
1ca4493ad2ecd17,weap_ngolf7_fcg_dryfire_npc
63d792d13ab44c28,weap_ngolf7_fire_npc_dist_atmo
d9a238670cfcbf93,wfoly_npc_lm_ngolf7_reload_08
8904ca71a8cc288b,weap_ngolf7_fire_npc_far_atmo
a06faed6315add7c,weap_ngolf7_fire_plr_atmo_int
e3ee4245f30402fe,weap_ngolf7_fire_plr_atmo
f58d3d4990317260,weap_ngolf7_fire_plr_last_shot
2f8e83109597724a,weap_ngolf7_fire_plr_interrupt
543a70b047a4345f,weap_ngolf7_fire_plr_shot
a36c361a0cd19c85,weap_ngolf7_fire_plr_last_mech
8a5f8fe0dcde9102,weap_ngolf7_fire_plr_mech
4aec974562d0ebc8,weap_ngolf7_fire_plr_lfe
ca4502f11399f2bf,weap_ngolf7_fire_npc
af524042b03ba6b5,weap_ngolf7_fire_npc_atmo
b003c7688925a659,weap_ngolf7_fire_npc_lfe
96058ea8170c19a5,weap_ngolf7_fire_npc_mech
905577da1fb8b02,wfoly_plr_dm_mike14_inspect_empty_07
9055a7da1fb901b,wfoly_plr_dm_mike14_inspect_empty_08
901ed7da1f8a10d,wfoly_plr_dm_mike14_inspect_empty_11
905597da1fb8e68,wfoly_plr_dm_mike14_inspect_empty_09
a717385541ac732e,weap_mike14_fire_plr_casing_eject
901eb7da1f89da7,wfoly_plr_dm_mike14_inspect_empty_13
901ea7da1f89bf4,wfoly_plr_dm_mike14_inspect_empty_12
901ec7da1f89f5a,wfoly_plr_dm_mike14_inspect_empty_10
901e87da1f8988e,wfoly_plr_dm_mike14_inspect_empty_14
507c8847fabd770c,weap_mike14_fire_npc_dist
eb65e10b38caad52,weap_mike14_fire_npc_med
37a1760b637b5e4d,weap_mike14_fire_npc_far
124b1c1a24c6ce6c,weap_mike14_fire_npc_dist_atmo
df1762b6437d1faf,weap_mike14_fire_npc_far_atmo
b4936b21da56f636,weap_mike14_fire_npc_med_atmo
4bc7c3f871f88f5b,weap_mike14_fire_npc
905517da1fb80d0,wfoly_plr_dm_mike14_inspect_empty_01
2163c716bf90ee9,weap_mike14_fire_npc_atmo
ac35a2dd8f467a80,weap_mike14_fire_plr_last_fcg
905547da1fb85e9,wfoly_plr_dm_mike14_inspect_empty_02
7bf884be20fbf781,weap_mike14_fire_plr_fcg
748d2226f17592ec,weap_mike14_fire_plr_last_shot
e039d90b31c08e55,weap_mike14_fire_npc_lfe
905537da1fb8436,wfoly_plr_dm_mike14_inspect_empty_03
a2f96b31f06a4b,weap_mike14_fire_plr_shot
c8b9a2118055e9c1,weap_mike14_fire_npc_mech
905567da1fb894f,wfoly_plr_dm_mike14_inspect_empty_04
ae4501f505d5f712,weap_mike14_fire_plr_atmo
905557da1fb879c,wfoly_plr_dm_mike14_inspect_empty_05
fcd56a8c233cb936,weap_mike14_fire_plr_interrupt
905587da1fb8cb5,wfoly_plr_dm_mike14_inspect_empty_06
86313dd905a8af78,weap_mike14_fire_plr_atmo_int
14a4ea2d0d49f981,weap_mike14_fire_plr_last_mech
5ca727d69c81bbde,weap_mike14_fire_plr_mech
45768cbe01648ab4,weap_mike14_fire_plr_lfe
6a5404a39f9c785b,weap_soscar14_fire_plr_casing_eject
9937c606aab6307a,weap_soscar14_fire_npc_far
8d378943420b6b35,weap_soscar14_fire_npc_dist
c4809306c338b875,weap_soscar14_fire_npc_med
a784c9c3f48bac37,weap_soscar14_fire_npc_med_atmo
aebb40e0746c02f7,weap_soscar14_fire_npc_dist_atmo
9da611fc6c55d6be,weap_soscar14_fire_npc_far_atmo
cc469b06c75fae72,weap_soscar14_fire_npc_lfe
f2fff97b13c272a9,weap_soscar14_fire_plr_atmo_int
25e044f05a306667,weap_soscar14_fire_plr_atmo
1f1ae77db94de968,weap_soscar14_fire_npc_mech
8d583f0fca9a2881,weap_soscar14_fire_plr_interrupt
4dffcd04e09a580a,weap_soscar14_fire_plr_last_mech
62596e58260f5de7,weap_soscar14_fire_plr_last_shot
2689e66d46d6de6,weap_soscar14_fire_plr_shot
ed6aae906f517627,weap_soscar14_fire_plr_mech
b684987d30eae152,weap_soscar14_fire_plr_fcg
7fe0a07d11368e1f,weap_soscar14_fire_plr_lfe
969f6cf70168a055,weap_soscar14_fire_plr_last_fcg
f52fd00bd8b56724,weap_soscar14_fire_npc
3cf43518e6428f24,weap_soscar14_fire_npc_atmo
4f1b0808e71ffa2,weap_dm_sbeta_fire2_plr_interrupt
b821cb4e57c7fc7d,weap_dm_sbeta_fire2_plr_last_mech
b4e85cdc02291f0,weap_dm_sbeta_fire2_plr_lfe
158c999283b954aa,weap_dm_sbeta_fire2_plr_mech
29e63ae5c92e5a87,weap_dm_sbeta_fire2_plr_shot
ca00a7f6da9964e1,weap_dm_sbeta_fire_npc_far
71d695de22eaec12,weap_dm_sbeta_fire_npc_med_atmo
2a17c76366025b70,weap_dm_sbeta_fire_npc_dist
402caf6fab6cab6,weap_dm_sbeta_fire_npc_med
a6c32d8e2e59f588,weap_dm_sbeta_fire_npc_dist_atmo
3e2863aa3f392a6b,weap_dm_sbeta_fire_npc_far_atmo
d57d5549e09c751e,weap_dm_sbeta_fire_plr_atmo
9a8c52d3d31f8968,weap_dm_sbeta_fire_plr_lfe
9a88575bc5b28eea,weap_dm_sbeta_fire_plr_interrupt
71d6529986bb80dc,weap_dm_sbeta_fire_plr_atmo_int
426283b43257ca7f,weap_dm_sbeta_fire_plr_shot
3f79b3da4e1dd065,weap_dm_sbeta_fire1_plr_lfe
8fecd190a201cde5,weap_dm_sbeta_fire_plr_last_mech
34d796ec9589cd1c,weap_dm_sbeta_fire1_plr_shot
cc4aba62e8b581f9,weap_dm_sbeta_fire1_plr_atmo
7887a2e4c7922722,weap_dm_sbeta_fire_plr_mech
f29bec0f0501901f,weap_dm_sbeta_fire_npc
9c934b7372dd2306,weap_dm_sbeta_fire2_plr_atmo
e5b8843eb9c7e7eb,weap_dm_sbeta_fire1_plr_atmo_int
cd8d2ad3efbccf1d,weap_dm_sbeta_fire_plr_fcg
4a5b534b85d110d5,weap_dm_sbeta_fire_npc_atmo
ffbaca2f1d24fc54,weap_dm_sbeta_fire2_plr_atmo_int
96016bda7f1abed0,weap_dm_sbeta_fire1_plr_fcg
fc3c82f6f68f67f9,weap_dm_sbeta_fire_npc_lfe
88310e1725bd058c,weap_dm_sbeta_fire_plr_last_fcg
8793a1ac04a2d8c5,weap_dm_sbeta_fire_npc_mech
30257b2d278c239f,weap_dm_sbeta_fire1_plr_interrupt
5079399c92bf72b0,weap_dm_sbeta_fire1_plr_last_mech
e20ed8c0256356c0,weap_dm_sbeta_fire_plr_last_shot
d443fffd78144931,weap_dm_sbeta_fire1_plr_mech
b490edcd8ef84a75,weap_dm_sbeta_fire2_plr_fcg
967b3e9cb848b42c,weap_mike24_fire_npc_far
e2b69b9ce2f905ff,weap_mike24_fire_npc_med
2138625ee2c30d97,weap_mike24_fire_npc_dist
eb9eaf4f14f857cd,weap_mike24_fire_npc_dist_atmo
b00112c283873cc,weap_mike24_fire_npc_far_atmo
9891286723952ef5,weap_mike24_fire_npc_med_atmo
8374d83bd51be3fd,weap_mike24_fire_plr_atmo
ff897b6a8f703781,weap_mike24_fire_plr_lfe
71d010214cc7384b,weap_mike24_fire_plr_interrupt
983d3f1785a7787c,weap_mike24_fire_plr_last_mech
ffee6618c7087e4d,weap_mike24_fire_plr_mech
63a4d4d57b6b64a2,weap_mike24_fire_npc
bc4c92769c3fbfa6,weap_mike24_fire_npc_atmo
9cd6d782be7bd025,weap_mike24_fire_plr_last_shot
328bcdd071866dc8,weap_mike24_fire_plr_shot
ed31e39ce96cf310,weap_mike24_fire_npc_lfe
aa3047b24b301907,weap_mike24_fire_plr_atmo_int
3545e095ad1bf14a,weap_mike24_fire_npc_mech
562af36ac081cde4,weap_mike24_fire_plr_fcg
76f9dc86232bf35b,weap_mike24_fire_plr_last_fcg
56e4db32590c8764,weap_sa700_fire_npc_dist
4a888a98b773779a,weap_sa700_fire_npc_med
d054f98945bf845,weap_sa700_fire_npc_far
12c2864d0f2590a7,weap_sa700_fire_npc_far_atmo
ca4d0cd697094a64,weap_sa700_fire_npc_dist_atmo
e0c50c76bbb8cf9e,weap_sa700_fire_npc_med_atmo
b3455107b72a85a,weap_sa700_fire_plr_atmo
232ef79e97d118fc,weap_sa700_fire_plr_lfe
7cbc39adac770f0e,weap_sa700_fire_plr_interrupt
bd2fab7af440eb93,weap_sa700_fire_plr_shot
3954bc1856293079,weap_sa700_fire_plr_last_mech
d155d38ab3197844,weap_sa700_fire_plr_last_shot
cc8d3f9e66bf15d9,weap_sa700_fire_plr_fcg
e37e7b7151dcbc86,weap_sa700_fire_plr_mech
edfbcbad872b3908,weap_sa700_fire_plr_last_fcg
4130c1916f3ae3c3,weap_sa700_fire_npc
912cef5c17285e11,weap_sa700_fire_npc_atmo
72b0ed52923d8430,weap_sa700_fire_plr_atmo_int
3f5c4298b068ebdd,weap_sa700_fire_npc_lfe
196a757fb9266069,weap_sa700_fire_npc_mech
fb7af1cfb0756856,weap_la700_fire_npc_far
9a9436cf791d7cd1,weap_la700_fire_npc_med
419923d8036fe171,weap_la700_fire_npc_dist
410ff80ca486ef1b,weap_la700_fire_npc_dist_atmo
ff3e28cf3db8f572,weap_la700_fire_npc_far_atmo
2c54f597fe59933b,weap_la700_fire_npc_med_atmo
511b60065c0529b0,weap_la700_fire_npc
976e27ef95b699c8,weap_la700_fire_npc_atmo
7050ecbdd44ed25b,weap_la700_fire_plr_lfe
a4e67ecf7f6e64ce,weap_la700_fire_npc_lfe
c759c18acd1eab04,weap_la700_fire_npc_mech
b974f9a4310ea855,weap_la700_fire_plr_atmo_int
ced2eab92c2eb47b,weap_la700_fire_plr_atmo
b8a3f87be86804bd,weap_la700_fire_plr_interrupt
450a436e52db3816,weap_la700_fire_plr_last_mech
cb079480496b21a3,weap_la700_fire_plr_last_shot
e1582c9a6a966543,weap_la700_fire_plr_mech
534ac306a2329f2,weap_la700_fire_plr_shot
a600b4bdf3341b86,weap_la700_fire_plr_fcg
4b3c80b42c08e889,weap_la700_fire_plr_last_fcg
dd2cf093dca22c81,weap_xmike2010_fire_npc_far
1a941393ffa10856,weap_xmike2010_fire_npc_med
c3b88a2dd809fa90,weap_xmike2010_fire_npc_dist
33c5d0b19709cd68,weap_xmike2010_fire_npc_dist_atmo
dbed1cfdd29ef8cb,weap_xmike2010_fire_npc_far_atmo
20367c184bd7d572,weap_xmike2010_fire_npc_med_atmo
c199a2662676ef3e,weap_xmike2010_fire_plr_atmo
2de769bc6564a38a,weap_xmike2010_fire_plr_interrupt
76be5952d5cd3eec,weap_xmike2010_fire_plr_last_fcg
50c247f7e5950dc5,weap_xmike2010_fire_plr_last_mech
64a3f0010d6ca142,weap_xmike2010_fire_plr_mech
48f94f2c4e1218a0,weap_xmike2010_fire_plr_last_shot
441bce5ec6ecd708,weap_xmike2010_fire_plr_lfe
2e7fd0d07833f79f,weap_xmike2010_fire_plr_shot
a3a19d35f5a6d0ff,weap_xmike2010_fire_npc
771ca65ee38a1cbd,weap_xmike2010_fire_plr_fcg
b42a6f2ccc830ebc,weap_xmike2010_fire_plr_atmo_int
e3fc1615f7d8aff5,weap_xmike2010_fire_npc_atmo
f67cb93f8967c99,weap_xmike2010_fire_npc_lfe
caaf647b5ea922e5,weap_xmike2010_fire_npc_mech
e2d0b8a862a8a3f0,weap_mromeo_fire_npc_dist
7e74d20231b0ba61,weap_mromeo_fire_npc_far
69faf7b716e0ed20,wfoly_npc_sn_mromeo_reload_03
eed656435cd7fc92,weap_mromeo_fire_npc_med_atmo
b876f50251ce2036,weap_mromeo_fire_npc_med
69fafeb716e0f905,wfoly_npc_sn_mromeo_reload_04
2cac897692a2238a,wfoly_npc_sn_mromeo_reload_empty_03
2cac837692a21958,wfoly_npc_sn_mromeo_reload_empty_05
fa67998f9c2cff08,weap_mromeo_fire_npc_dist_atmo
bb28240f79263aeb,weap_mromeo_fire_npc_far_atmo
b0b0ad024da6bd79,weap_mromeo_fire_npc_lfe
eed612fec0a8915c,weap_mromeo_fire_plr_atmo_int
404c92f101492145,weap_mromeo_fire_npc_mech
3902f3a39de44d9f,weap_mromeo_fire_npc
8e36468edd42bd9e,weap_mromeo_fire_plr_atmo
35b344c193366040,weap_mromeo_fire_plr_last_shot
314449082775955,weap_mromeo_fire_npc_atmo
fb1b74f92efe12ff,weap_mromeo_fire_plr_shot
530ce7c5faa160c,weap_mromeo_fire_plr_last_fcg
ee2cc35d3385986a,weap_mromeo_fire_plr_interrupt
6eebb74311884420,weap_mromeo_fire_plr_first_fcg
e3913d920fd4d765,weap_mromeo_fire_plr_last_mech
31409429c4386fa2,weap_mromeo_fire_plr_mech
4f007cdf2a36dee8,weap_mromeo_fire_plr_lfe
bd7ebbb3a5d80008,weap_limax_fire_plr_casing_eject
e436d3ed46b6bc1a,weap_limax_fire_npc_dist
9ce06f2dd1a408d3,weap_limax_fire_npc_far
fb55522e06e7c7c8,weap_limax_fire_npc_med
1123c05997fc832d,weap_limax_fcg_dryfire_npc
1a5b36b0a0994d1e,weap_limax_fire_npc_dist_atmo
34bac22ec698e441,weap_limax_fire_npc_far_atmo
b0f542836a034900,weap_limax_fire_npc_med_atmo
f4410a2e0358b6b7,weap_limax_fire_npc_lfe
f3ae669bf6833bc4,weap_limax_fire_plr_atmo
1514ec66b59a3b82,weap_limax_fire_plr_atmo_int
f9da4e35bbecd7bf,weap_limax_fire_npc_mech
f83f1d692fd9bddc,weap_limax_fire_plr_interrupt
f322579f7af1ea57,weap_limax_fire_plr_last_mech
9a4a66b1a0fbd56,weap_limax_fire_plr_last_shot
d5d51900c98e9608,weap_limax_fire_plr_mech
cb71a231cb7cbf81,weap_limax_fire_plr_shot
c4482bfc7cabbf92,weap_limax_fire_plr_lfe
914053fc60085b2f,weap_limax_fire_plr_fcg
e5b4373661d939d,weap_limax_fire_npc
1e70e41704c64e9f,weap_limax_fire_npc_atmo
e4862c68a0c15de2,weap_limax_fire_plr_last_fcg
940e7dbf9c7d99ca,wfoly_plr_sn_alpha50_inspect_empty_07
940e70bf9c7d83b3,wfoly_plr_sn_alpha50_inspect_empty_08
940e6fbf9c7d8200,wfoly_plr_sn_alpha50_inspect_empty_09
940b72bf9c7b5142,wfoly_plr_sn_alpha50_inspect_empty_10
fb605534c62036e9,weap_alpha50_fire_npc_far
aba3083498745c8e,weap_alpha50_fire_npc_med
1fcebf9ae98430b8,weap_alpha50_fire_npc_dist
53a20b09bd312e20,wfoly_npc_sn_alpha50_reload_empty_05
cb1f0e414e139a90,weap_alpha50_fire_npc_dist_atmo
ed8593f13402cb13,weap_alpha50_fire_npc_far_atmo
7b081ff1d00f42a,weap_alpha50_fire_npc_med_atmo
940e77bf9c7d8f98,wfoly_plr_sn_alpha50_inspect_empty_01
3468bab3a47052d6,weap_alpha50_fire_plr_atmo
dba2575e05710872,weap_alpha50_fire_plr_interrupt
940e7abf9c7d94b1,wfoly_plr_sn_alpha50_inspect_empty_02
6d1a9c2c25336cad,weap_alpha50_fire_plr_last_mech
940e79bf9c7d92fe,wfoly_plr_sn_alpha50_inspect_empty_03
9832e8d2184d1bda,weap_alpha50_fire_plr_mech
940e7cbf9c7d9817,wfoly_plr_sn_alpha50_inspect_empty_04
33c70e98be64a657,weap_alpha50_fire_npc
9c5303e3cccfe628,weap_alpha50_fire_plr_last_shot
3d97d74f5e31c940,weap_alpha50_fire_plr_lfe
b3fdab82b98f118d,weap_alpha50_fire_npc_atmo
940e7bbf9c7d9664,wfoly_plr_sn_alpha50_inspect_empty_05
811200c4f3193be4,weap_alpha50_fire_plr_atmo_int
2aa0691e439831b7,weap_alpha50_fire_plr_shot
e6da3f4f2d0781c5,weap_alpha50_fire_plr_fcg
a4b6c03495069d91,weap_alpha50_fire_npc_lfe
940e7ebf9c7d9b7d,wfoly_plr_sn_alpha50_inspect_empty_06
dcd0d5ca93d0dc4,weap_alpha50_fire_plr_last_fcg
1a6dd95f0dc232bd,weap_alpha50_fire_npc_mech
c631787c3b9dc49d,weap_golf17_fire2_plr_interrupt
c5415211edfa7636,weap_golf17_fire2_plr_last_mech
5633f7e1fe1a090d,weap_golf17_fire_plr_casing_eject
6f8adf37f501783b,weap_golf17_fire2_plr_lfe
99fa521b122802a3,weap_golf17_fire2_plr_mech
bdd6d1b111b4c752,weap_golf17_fire2_plr_shot
c9c0b53516f274b,weap_golf17_fire_npc_med
63492157d41d63e3,weap_golf17_fire_npc_dist
bcdfa65323c4d728,weap_golf17_fire_npc_far
6f7ab850a0189f71,weap_golf17_fire_npc_dist_atmo
8063c4bb90a8616b,wfoly_npc_pi_golf17_reload_empty_07
c88cbc729a0cd9a0,weap_golf17_fire_npc_far_atmo
8063c3bb90a85fb8,wfoly_npc_pi_golf17_reload_empty_06
b161381f7940eb9,weap_golf17_fire_npc_med_atmo
f132aa1f57dae924,weap_golf17_fire1_plr_interrupt
4d041a51f8c270c7,weap_golf17_fire_plr_interrupt
a8a52f6596a2f497,weap_golf17_fire1_plr_fcg
4bef24c2748dad5f,weap_golf17_fire1_plr_last_mech
a24c6c1feeeb8238,weap_golf17_fire_plr_last_mech
4edef263bf63fedc,weap_golf17_fire1_plr_atmo
72556ced4524f999,weap_golf17_fire1_plr_shot
dd408440bb9ed240,weap_golf17_fire1_plr_mech
a104b4d1c08405c9,weap_golf17_fire_plr_mech
e610c3e6781544f5,weap_golf17_fire2_plr_atmo_int
30f0103ebbbefcdb,weap_golf17_fire2_plr_atmo
1ba42f5a344da4aa,weap_golf17_fire1_plr_atmo_int
51ee9765657ecbca,weap_golf17_fire1_plr_lfe
8ede7d10580695e,weap_golf17_fire_npc
757b8f548cd1dbd,weap_golf17_fire_plr_lfe
97a5363aafebd5f7,weap_golf17_fire2_plr_casing_eject
ee29d4489ed92971,weap_golf17_fire_plr_last_shot
baa718c14cf36500,weap_golf17_fire1_plr_casing_eject
5a9b392da186e41a,weap_golf17_fire_npc_atmo
8f476b3bcb751194,weap_golf17_fire_plr_shot
d4f9c0f52cba02f8,weap_golf17_fire_plr_fcg
137b435354d240bc,weap_golf17_fire_npc_lfe
2cf215c22f45c5ff,weap_golf17_fire_plr_last_fcg
dc5f5f935fedf046,weap_golf17_fire_npc_mech
92819207600bfa33,weap_golf17_fire_plr_atmo_int
c5a92eb309698a71,weap_golf17_fire_plr_atmo
a1d3a7381101e566,weap_golf17_fire2_plr_fcg
f67b58d2763b654c,wfoly_plr_pi_golf18_inspect_01
848700ac6e9902c,wfoly_plr_pi_golf18_inspect_empty_07
f67b5bd2763b6a65,wfoly_plr_pi_golf18_inspect_02
848770ac6e99c11,wfoly_plr_pi_golf18_inspect_empty_08
f67b55d2763b6033,wfoly_plr_pi_golf18_inspect_04
848760ac6e99a5e,wfoly_plr_pi_golf18_inspect_empty_09
f67b5ad2763b68b2,wfoly_plr_pi_golf18_inspect_03
823b13f17a87d0dc,weap_golf18_fire2_plr_interrupt
f67b54d2763b5e80,wfoly_plr_pi_golf18_inspect_05
844ea0ac6e676a3,wfoly_plr_pi_golf18_inspect_empty_11
844e90ac6e674f0,wfoly_plr_pi_golf18_inspect_empty_10
f67b56d2763b61e6,wfoly_plr_pi_golf18_inspect_07
7d1e4e27c59ffd57,weap_golf18_fire2_plr_last_mech
f67b61d2763b7497,wfoly_plr_pi_golf18_inspect_08
7c9cb81e82332708,weap_golf18_fire2_plr_mech
c5489e3c49038440,weap_golf18_fire_plr_casing_eject
f67b60d2763b72e4,wfoly_plr_pi_golf18_inspect_09
844eb0ac6e67856,wfoly_plr_pi_golf18_inspect_empty_12
f67b57d2763b6399,wfoly_plr_pi_golf18_inspect_06
7239414f84215081,weap_golf18_fire2_plr_shot
70d31ffe52226a92,weap_golf18_fire2_plr_lfe
f67853d2763926f6,wfoly_plr_pi_golf18_inspect_10
1cb6ea6ffb6dbcaa,wfoly_plr_pi_golf18_reload_02
5d0ef58895c36ff,wfoly_npc_pi_golf18_reload_02
1cb6eb6ffb6dbe5d,wfoly_plr_pi_golf18_reload_03
62fc6eb844af2e5b,weap_golf18_fire_npc_far
1cb6e96ffb6dbaf7,wfoly_plr_pi_golf18_reload_01
37b381b82c2c7000,weap_golf18_fire_npc_med
730e42e74df8842,weap_golf18_fire_npc_dist
5d0f058895c38b2,wfoly_npc_pi_golf18_reload_01
1cb6e76ffb6db791,wfoly_plr_pi_golf18_reload_07
5d0ea58895c2e80,wfoly_npc_pi_golf18_reload_07
1cb6e46ffb6db278,wfoly_plr_pi_golf18_reload_04
5d0ed58895c3399,wfoly_npc_pi_golf18_reload_04
5899e8d42671dcb0,wfoly_npc_pi_golf18_reload_empty_01
99cddca385c11c31,wfoly_plr_pi_golf18_reload_empty_01
14a54debfb756587,wfoly_plr_pi_golf18_drop_01
99cddda385c11de4,wfoly_plr_pi_golf18_reload_empty_06
5899efd42671e895,wfoly_npc_pi_golf18_reload_empty_06
99eaae7d69bc9b06,weap_golf18_fire_npc_dist_atmo
99cde0a385c122fd,wfoly_plr_pi_golf18_reload_empty_05
5899ecd42671e37c,wfoly_npc_pi_golf18_reload_empty_05
1cb6e56ffb6db42b,wfoly_plr_pi_golf18_reload_05
5d0ec58895c31e6,wfoly_npc_pi_golf18_reload_05
99cdd9a385c11718,wfoly_plr_pi_golf18_reload_empty_02
5899ebd42671e1c9,wfoly_npc_pi_golf18_reload_empty_02
99cddea385c11f97,wfoly_plr_pi_golf18_reload_empty_07
5899eed42671e6e2,wfoly_npc_pi_golf18_reload_empty_07
b82ff9dd976e8be9,weap_golf18_fire_npc_far_atmo
5d0eb58895c3033,wfoly_npc_pi_golf18_reload_06
1cb6e66ffb6db5de,wfoly_plr_pi_golf18_reload_06
5899f1d42671ebfb,wfoly_npc_pi_golf18_reload_empty_08
da0b3184460e5ab8,weap_golf18_fire_npc_med_atmo
99cdd3a385c10ce6,wfoly_plr_pi_golf18_reload_empty_08
99cddaa385c118cb,wfoly_plr_pi_golf18_reload_empty_03
99cdd4a385c10e99,wfoly_plr_pi_golf18_reload_empty_09
5899f0d42671ea48,wfoly_npc_pi_golf18_reload_empty_09
8486e0ac6e98cc6,wfoly_plr_pi_golf18_inspect_empty_01
8486d0ac6e98b13,wfoly_plr_pi_golf18_inspect_empty_02
b5a2362874187f7c,wfoly_plr_pi_golf18_raise_01
99cddfa385c1214a,wfoly_plr_pi_golf18_reload_empty_04
d28cddf30f95f097,weap_golf18_fire_npc_mech
bf5a27fcd7af85b5,weap_golf18_fire1_plr_interrupt
cb5f945880e488f7,weap_golf18_fire_npc_atmo
486e63761d599d9,weap_golf18_fire_plr_shot
848710ac6e991df,wfoly_plr_pi_golf18_inspect_empty_06
4ae208ac5670aada,weap_golf18_fire1_plr_shot
716dc8464ef958e3,weap_golf18_fire1_plr_atmo
8486c0ac6e98960,wfoly_plr_pi_golf18_inspect_empty_03
37956ba8f415f41c,weap_golf18_fire_plr_atmo
309e79b8289c18af,weap_golf18_fire_npc_lfe
ff024dde79fd586e,weap_golf18_fire1_plr_last_mech
6c5ab81eb4237fed,weap_golf18_fire1_plr_atmo_int
9a7605b9af27ccc4,weap_golf18_fire2_plr_atmo
8a578ad72870d07d,wfoly_plr_pi_golf18_transition_reload_empty_01_01
2beea9d2a4c5c82,weap_golf18_fire2_plr_atmo_int
848730ac6e99545,wfoly_plr_pi_golf18_inspect_empty_04
6b0b678427978d5a,weap_golf18_fire_plr_last_fcg
2d906af9b846c764,weap_golf18_fire_plr_interrupt
16be7e12360a16bf,weap_golf18_fire1_plr_casing_eject
1263498c344ad35,weap_golf18_fire_npc
9c11eaa63303196b,weap_golf18_fire1_plr_mech
abaebe3563f8b108,weap_golf18_fire2_plr_casing_eject
848720ac6e99392,wfoly_plr_pi_golf18_inspect_empty_05
314e6fe9c0cf6e9f,weap_golf18_fire_plr_last_mech
c8947942deb76543,weap_golf18_fire1_plr_lfe
6f70fd8ad84dbf80,weap_golf18_fire_plr_mech
683811a3abc5eeea,weap_golf18_fire_plr_atmo_int
85e04ac0551eff8a,wfoly_plr_pi_golf18_transition_reload_empty_02_01
e654c5b9b63de10a,weap_golf18_fire_plr_lfe
3d0b5db9e76209d7,weap_golf18_fire_plr_fcg
71f8d142ada9e8fe,weap_golf18_fire1_plr_fcg
3dcb47fe357f062f,weap_golf18_fire2_plr_fcg
11d71f3ce8f5b35e,weap_golf18_fire_plr_last_shot
7a003eaac2fed60e,weap_decho_fire2_plr_interrupt
3698c1156cb0f779,weap_decho_fire2_plr_last_mech
601953b7d28f17fc,weap_decho_fire2_plr_lfe
814c5cd9d60ab466,weap_decho_fire_plr_casing_eject
23b7fa5022b50986,weap_decho_fire2_plr_mech
fd692a59c5193893,weap_decho_fire2_plr_shot
8a557ccc5da9afb5,weap_decho_fire_npc_far
d426f262433d9e8e,weap_decho_fire_npc_med_atmo
93d93a31681b7114,weap_decho_fire_npc_dist
c47197cc7ddc1caa,weap_decho_fire_npc_med
3381c825ed6395f4,weap_decho_fire_npc_dist_atmo
7fa7be9f4e7d8077,weap_decho_fire_npc_far_atmo
78a59be8e5eedf0a,weap_decho_fire_plr_atmo
7d535ce670396360,weap_decho_fire_plr_atmo_int
7bead561f0abdd7e,weap_decho_fire_plr_interrupt
f7b7222b1b31bc68,weap_decho_fire1_plr_shot
48a02c967ec7329d,weap_decho_fire1_plr_atmo
3735b98ba64d2130,weap_decho_fire2_plr_atmo_int
8e6507e18b234009,weap_decho_fire_plr_last_mech
cc6ec9b38fac4be7,weap_decho_fire1_plr_atmo_int
4b6dd3ef4c4af55a,weap_decho_fire2_plr_atmo
a63a458efd58fdb6,weap_decho_fire2_plr_casing_eject
3ae5e2491e9ea096,weap_decho_fire_plr_mech
59865005742e8c51,weap_decho_fire1_plr_casing_eject
956559457aacd3b3,weap_decho_fire_npc
56bb1d77e8556704,weap_decho_fire1_plr_fcg
7941be4b933122d4,weap_decho_fire_plr_last_shot
e1308e5bc1688061,weap_decho_fire_npc_atmo
58748a22ead1e76c,weap_decho_fire_plr_lfe
588d8a5f0859b06b,weap_decho_fire1_plr_interrupt
9779bb7a17d14d9,weap_decho_fire2_plr_fcg
c0e3335b152e8a23,weap_decho_fire_plr_shot
bd858fcc7a6eca6d,weap_decho_fire_npc_lfe
ae431450f2ec1edc,weap_decho_fire1_plr_last_mech
a910b479dcf66dd9,weap_decho_fire_npc_mech
c87eba73739542ed,weap_decho_fire1_plr_mech
1d21222b9be9e09,weap_decho_fire_plr_fcg
18a577b7421da1,weap_decho_fire1_plr_lfe
cbb4340deabf1638,weap_decho_fire_plr_last_fcg
bd1045401d36d955,weap_dechoauto_fire2_plr_interrupt
cd550f715444edce,weap_dechoauto_fire2_plr_last_mech
b05c06f0ea266fe3,weap_dechoauto_fire2_plr_lfe
3a1575a43670a7c5,weap_dechoauto_fire_plr_casing_eject
8cad096888b0658b,weap_dechoauto_fire2_plr_mech
3ee3276eaf011ffa,weap_dechoauto_fire2_plr_shot
cc779ed365713e6b,weap_dechoauto_fire_npc_dist
76047976bc1d56f0,weap_dechoauto_fire_npc_far
389c6e76991cf0e3,weap_dechoauto_fire_npc_med
bada05991cfc9319,weap_dechoauto_fire_npc_dist_atmo
687a8ed0c36c3808,weap_dechoauto_fire_npc_far_atmo
143fd7e224e2671,weap_dechoauto_fire_npc_med_atmo
1029b7da13adae9b,weap_dechoauto_fire_plr_atmo_int
c3b1520436b80129,weap_dechoauto_fire_plr_atmo
410b556a47fe3395,weap_dechoauto_fire_plr_lfe
1e578e2b84f6e28f,weap_dechoauto_fire_plr_interrupt
964658e6c1b8c368,weap_dechoauto_fire1_plr_casing_eject
18a747eae6a44832,weap_dechoauto_fire1_plr_lfe
2196784fdccc7aa1,weap_dechoauto_fire1_plr_shot
986bcd6a79b2a600,weap_dechoauto_fire_plr_fcg
27af9db5080191c0,weap_dechoauto_fire_plr_last_mech
49d33cba07d2f6e4,weap_dechoauto_fire1_plr_atmo
bbf4e703bf8cd603,weap_dechoauto_fire2_plr_atmo
f6c0a401173f0416,weap_dechoauto_fire_npc
12371708488a7717,weap_dechoauto_fire_plr_last_fcg
e0dab79f6317e401,weap_dechoauto_fire_plr_mech
b4fc07d5c4c8094d,weap_dechoauto_fire2_plr_atmo_int
4d5016a980713b32,weap_dechoauto_fire_npc_atmo
3c837f84c6a2be62,weap_dechoauto_fire1_plr_atmo_int
bcc486619187b919,weap_dechoauto_fire_plr_last_shot
65efb1c9a128d31f,weap_dechoauto_fire2_plr_casing_eject
42e1a6769f633354,weap_dechoauto_fire_npc_lfe
40c2ef9947437d6c,weap_dechoauto_fire_plr_shot
e5a06feaca0296cf,weap_dechoauto_fire1_plr_fcg
4ed13c862c3b2bfe,weap_dechoauto_fire_npc_mech
d32e731345c2f87c,weap_dechoauto_fire1_plr_interrupt
dc08f9feffbf37,weap_dechoauto_fire1_plr_last_mech
2f5fef1eddc17a28,weap_dechoauto_fire1_plr_mech
59c15ef0b91aa69e,weap_dechoauto_fire2_plr_fcg
78f9332e773407f0,weap_swhiskey_fire2_plr_interrupt
f9e84063b3ad1c0c,weap_swhiskey_fire2_plr_mech
1b1763612d0c51cb,weap_swhiskey_fire2_plr_last_mech
91a5851443585bf6,weap_swhiskey_fire2_plr_lfe
fdd6b9d9b337f5f5,weap_swhiskey_fire2_plr_shot
19a9ba4f86a7c26c,weap_swhiskey_fire_npc_med_atmo
52eaf5968a6a86b7,weap_swhiskey_fire_npc_far
cb5dc3da0a38971e,weap_swhiskey_fire_npc_dist
2787009671d0f30c,weap_swhiskey_fire_npc_med
4a20c6b0debe3159,weap_swhiskey_fcg_dryfire_npc
ae3c26198390eda,weap_swhiskey_fire_npc_dist_atmo
af2fed6a0be9c22d,weap_swhiskey_fire_npc_far_atmo
802d1fcc06a2a370,weap_swhiskey_fire_plr_interrupt
cb3ed42c9659cd07,weap_swhiskey_fire1_plr_lfe
224b4ffebc7aed4b,weap_swhiskey_fire_plr_last_mech
2e3c2811e8ee4e6e,weap_swhiskey_fire1_plr_shot
43d3fb0fd9f3c19,weap_swhiskey_fire1_plr_interrupt
dd530fa68558c06f,weap_swhiskey_fire1_plr_atmo
84cf27b034a52a8c,weap_swhiskey_fire_plr_mech
35f4a1a8aeaca586,weap_swhiskey_fire2_plr_atmo_int
d10a644f29f6b50,weap_swhiskey_fire2_plr_atmo
ea3597c1c46a1e11,weap_swhiskey_fire_npc
d4a5f407d73c1c2,weap_swhiskey_fire1_plr_last_mech
1ab89bae09f7d376,weap_swhiskey_fire_plr_lfe
634b0fb0a28349c1,weap_swhiskey_fire1_plr_atmo_int
d4826e04e2cd5aba,weap_swhiskey_fire_plr_last_shot
e8d03bc227a2257b,weap_swhiskey_fire_npc_atmo
4ebb59c988f0206f,weap_swhiskey_fire1_plr_mech
1d4208966b8b1d5b,weap_swhiskey_fire_npc_lfe
88bda12634300475,weap_swhiskey_fire_plr_shot
fb557da36609d643,weap_swhiskey_fire_npc_mech
65424eede652dc06,weap_swhiskey_fire_plr_atmo_int
97f78d91739779d0,weap_swhiskey_fire_plr_atmo
6bcac8da693b6647,weap_papa220_fire2_plr_interrupt
c1131aa85f6477b8,weap_papa220_fire2_plr_last_mech
e474408f6219bf3d,weap_papa220_fire2_plr_lfe
a5209faabdba7249,weap_papa220_fire2_plr_mech
c7536b0e9370e7fb,weap_papa220_fire_plr_casing_eject
93635614c8ab7e14,weap_papa220_fire2_plr_shot
b8da8a87690cada,weap_papa220_fire_npc_far
eb27043e09791957,weap_papa220_fire_npc_med_atmo
36d675a88f1352d5,weap_papa220_fire_npc_med
ac5b4230a39b4d15,weap_papa220_fire_npc_dist
be69aa3db1864982,weap_papa220_fcg_dryfire_npc
f143986d0e8f1697,weap_papa220_fire_npc_dist_atmo
ec37b82d54e5b7f2,wfoly_npc_pi_papa220_reload_empty_06
e1484c76814343de,weap_papa220_fire_npc_far_atmo
44029b778413dec7,weap_papa220_fire_plr_atmo
9c6c874ee2cf91ff,weap_papa220_fire_plr_lfe
3686c70d368984a2,weap_papa220_fire1_plr_casing_eject
f54002b40b140961,weap_papa220_fire_plr_interrupt
d8655d43a4119848,weap_papa220_fire1_plr_lfe
88d3314ed3e9207e,weap_papa220_fire1_plr_atmo
3114ca3272a7d82a,weap_papa220_fire_plr_last_mech
f91f5fb9288951df,weap_papa220_fire1_plr_shot
e4040b5df04a92fc,weap_papa220_fire1_plr_atmo_int
62130512b137f687,weap_papa220_fire_plr_mech
c9c5198c069ff6f1,weap_papa220_fire2_plr_atmo
456e6b85b81cde07,weap_papa220_fire_plr_last_shot
185dd657fce8fa44,weap_papa220_fire_npc
da5f099a3a0d6eb3,weap_papa220_fire2_plr_atmo_int
8f9ee0b32b5f804,weap_papa220_fire_npc_atmo
208bf4edfe529946,weap_papa220_fire_plr_shot
ecc3543c39206fd,weap_papa220_fire1_plr_fcg
d469cd98a8fb058d,weap_papa220_fire2_plr_casing_eject
b7f61853ce0a6849,weap_papa220_fire_plr_atmo_int
cfaa7f4effa0bc32,weap_papa220_fire_plr_fcg
42027da8961d71d2,weap_papa220_fire_npc_lfe
f45d3dba06e8daca,weap_papa220_fire1_plr_interrupt
a78b64d0b1af8f5,weap_papa220_fire_plr_last_fcg
41a4a06b1dc0f448,weap_papa220_fire_npc_mech
683af0c37e230505,weap_papa220_fire1_plr_last_mech
2f447ee9bdc3ae82,weap_papa220_fire1_plr_mech
b216488f4606a478,weap_papa220_fire2_plr_fcg
fcfc8bf5676180a7,weap_gromeo_fire_npc_far
be3a570b81e3804e,weap_gromeo_fire_npc_dist
d198b6f54ec8235c,weap_gromeo_fire_npc_med
5ae0f65d06c29c3d,weap_gromeo_fire_npc_far_atmo
a0c3cd97fae8e5ea,weap_gromeo_fire_npc_dist_atmo
a7f3adec25075d9c,weap_gromeo_fire_npc_med_atmo
3e132896734a4266,weap_gromeo_fire_plr_lfe
d35324f84f2cf60,weap_gromeo_fire_plr_interrupt
c2498699f3e2cd1c,weap_gromeo_fire_plr_mech
373b04bc4872cec1,weap_gromeo_fire_npc
c89d8ef3041bd60b,weap_gromeo_fire_npc_atmo
c67a7ef547c9f02b,weap_gromeo_fire_npc_lfe
ee9ef0d4de115af3,weap_gromeo_fire_npc_mech
c6e21f052cb571c5,weap_gromeo_fire_plr_shot
8b2818e694e4f8ae,weap_juliet_fire_npc_med
5f85fe0adcdd0e58,weap_juliet_fire_npc_dist
dae565e6c290d309,weap_juliet_fire_npc_far
f0d42bb4a44bd2f0,weap_juliet_fire_npc_dist_atmo
e6adb2ddaf0e79f3,weap_juliet_fire_npc_far_atmo
accd0bacf33a9a8a,weap_juliet_fire_npc_med_atmo
1cae63e4f013fef6,weap_juliet_fire_plr_atmo
7f76ca2de57ef412,weap_juliet_fire_plr_interrupt
29f392084bef72fa,weap_juliet_fire_plr_mech
4fbaf9e6aafcb5b7,weap_juliet_fire_npc
1fc6e3d63fc41ce0,weap_juliet_fire_plr_lfe
f3b4e9f2ace7ef2d,weap_juliet_fire_npc_atmo
164c124f921f06d7,weap_juliet_fire_plr_shot
843bd0e6917739b1,weap_juliet_fire_npc_lfe
46a00ef39a8e1bc4,weap_juliet_fire_plr_atmo_int
5a2517cf011b105d,weap_juliet_fire_npc_mech
2d18ae042802f799,weap_rpapa7_fire_npc_far
7ecdf7fe3dd0f8a8,weap_rpapa7_fire_npc_dist
de364103fb123d9e,weap_rpapa7_fire_npc_med
1be1f80891cce20,weap_rpapa7_fire_npc_dist_atmo
80af72769f6c12a3,weap_rpapa7_fire_npc_far_atmo
c053f1cabcd5725a,weap_rpapa7_fire_npc_med_atmo
31f72c16db5b5c62,weap_rpapa7_fire_plr_interrupt
637fe2d3f312196a,weap_rpapa7_fire_plr_mech
d5a2fa6a2e35fa47,weap_rpapa7_fire_npc
2899e3e6ab39909d,weap_rpapa7_fire_npc_atmo
77d8842738856c47,weap_rpapa7_fire_plr_shot
9294591937e7fdb0,weap_rpapa7_fire_plr_lfe
d6703903f6eb47a1,weap_rpapa7_fire_npc_lfe
3bd7c11906bf6935,weap_rpapa7_fire_plr_fcg
410a94affa3589c6,weap_rpapa7_fire_plr_atmo
26fea280e9ff4c14,weap_rpapa7_fire_plr_atmo_int
bdafb435f8901bce,weap_kgolf_fire_npc_med
a06013623571a29,weap_kgolf_fire_npc_far
e514a9576c4ae0d0,weap_kgolf_fire_npc_dist_atmo
3a34c5ec4dc77cf8,weap_kgolf_fire_npc_dist
416fad40e7121730,wfoly_npc_la_kgolf_reload_05
394dbe390374153,weap_kgolf_fire_npc_far_atmo
b6fb5458d48c086a,weap_kgolf_fire_npc_med_atmo
364fc975ab0f7516,weap_kgolf_fire_plr_atmo
9ae82256254927b2,weap_kgolf_fire_plr_interrupt
4395f79906ec9c1a,weap_kgolf_fire_plr_mech
9afb408b4c914097,weap_kgolf_fire_npc
74a577d5167e80,weap_kgolf_fire_plr_lfe
2fed77e04d1a7cf7,weap_kgolf_fire_plr_shot
266fc428b7f2ae24,weap_kgolf_fire_plr_atmo_int
a9b80d77a3edea05,weap_kgolf_fire_plr_fcg
ce64b1d41dd410cd,weap_kgolf_fire_npc_atmo
b35d6c35f23f33d1,weap_kgolf_fire_npc_lfe
e1b4dfb55ce752fd,weap_kgolf_fire_npc_mech
f1e0721b7ba17b95,weap_mike32_fire_npc_far
2f638d1b9eb8c48a,weap_mike32_fire_npc_med
263f2fa63c29f674,weap_mike32_fire_npc_dist
f09bc779100a249a,wfoly_npc_la_mike32_reload_07
1e678e7dc0ba4394,weap_mike32_fire_npc_dist_atmo
f5cf2d4e01b41217,weap_mike32_fire_npc_far_atmo
332e1e50bc0d442e,weap_mike32_fire_npc_med_atmo
127b0707010f076a,weap_mike32_fire_plr_atmo
a705cef0995e4280,weap_mike32_fire_plr_atmo_int
d51df277eed079f4,weap_mike32_fire_plr_last_shot
adb7a587ab4ee55e,weap_mike32_fire_plr_interrupt
ea413c0de6c29729,weap_mike32_fire_plr_last_mech
4339e7e184d5d83,weap_mike32_fire_plr_shot
4941aa3e46c392d8,weap_mike32_fire_plr_last_fcg
7e364d6c21bd73f6,weap_mike32_fire_plr_mech
299b4c8417037a4c,weap_mike32_fire_plr_lfe
8f26b647ed54353,weap_mike32_fire_npc
d2f9d483e5f1e3e9,weap_mike32_fire_plr_fcg
cd8183cbb05b83c1,weap_mike32_fire_npc_atmo
2877851b9b4b724d,weap_mike32_fire_npc_lfe
3edca9eeb3e81c39,weap_mike32_fire_npc_mech
5e7b4d675eb93b80,wfoly_npc_lm_dblmg_inspect_01
5e7b50675eb94099,wfoly_npc_lm_dblmg_inspect_02
5e7b4f675eb93ee6,wfoly_npc_lm_dblmg_inspect_03
7da4d26b8abe1fb5,weap_dblmg_fire_plr_casing_eject
bbe24eb03d08b6db,weap_dblmg_fire_npc_dist
9a8efbffa39cc8b3,weap_dblmg_fire_npc_med
74f45f4647a0a471,wfoly_npc_lm_dblmg_reload_03
93abac0ad242b918,weap_dblmg_fire_npc_far_atmo
d7f726ffc69d6520,weap_dblmg_fire_npc_far
74f4604647a0a624,wfoly_npc_lm_dblmg_reload_04
3eb88ffa8ca63f61,weap_dblmg_fire_npc_med_atmo
635583df54135569,weap_dblmg_fire_npc_dist_atmo
43ec35b23d8ee9c6,weap_dblmg_fire_npc
4ef20686f283ae82,weap_dblmg_fire_npc_atmo
a5ad33ffaa9afbe4,weap_dblmg_fire_npc_lfe
187d25df46818499,weap_dblmg_fire_plr_atmo
810a0268f355cfbc,weap_dblmg_fire_plr_shot
8988c7d7621687cb,weap_dblmg_fire_plr_atmo_int
70303769054d5c85,weap_dblmg_fire_plr_lfe
7a8bed38b92f05fc,weap_crossbow_fire_npc_far
37f98d937c62ccc5,weap_crossbow_fire_npc_med_atmo
ca2d6a38e6c2b72f,weap_crossbow_fire_npc_med
c0a12e75838dda7c,weap_crossbow_fire_npc_far_atmo
13a64993e6a82acd,weap_crossbow_fire_plr_atmo
57b33e220759c1b8,weap_crossbow_fire_plr_shot
26f6777525bb6cfd,weap_crossbow_fire_plr_mech
d7fcc4d5df49b1d1,weap_crossbow_fire_plr_lfe
c59034cf410acef2,weap_crossbow_fire_npc
4092b58cc0f82516,weap_crossbow_fire_npc_atmo
29b740d9036acc97,weap_crossbow_fire_plr_atmo_int
d1427238ea530e80,weap_crossbow_fire_npc_lfe
4dd8e3b01cd54c1a,weap_crossbow_fire_npc_mech
ccf2f99720827bc0,weap_ngsierra_fire_plr_casing_eject
65c9d2f496379a38,weap_ngsierra_fire_npc_med_atmo
7cecfb617c5148db,weap_ngsierra_fire_npc_far
868623ec47a46e95,weap_ngsierra_fcg_dryfire_npc
bd0a67b7fd528fc2,weap_ngsierra_fire_npc_dist
51a40e6163ce8a80,weap_ngsierra_fire_npc_med
381680559fd38186,weap_ngsierra_fire_npc_dist_atmo
43ee9b4de797cb69,weap_ngsierra_fire_npc_far_atmo
f3f6b313fbef2e6a,weap_ngsierra_fire_plr_atmo_int
ed6eef327c88fb9c,weap_ngsierra_fire_plr_atmo
cbbc3cd1ee5dade4,weap_ngsierra_fire_plr_interrupt
ba6069c0ea48a159,weap_ngsierra_fire_plr_shot
cf7a41c1f6e6551f,weap_ngsierra_fire_plr_last_mech
f5d1c9d677fc5fb5,weap_ngsierra_fire_npc
254a811460c0c700,weap_ngsierra_fire_plr_mech
813917e209579077,weap_ngsierra_fire_npc_atmo
455262eddffb8a,weap_ngsierra_fire_plr_lfe
4a8f0661603e332f,weap_ngsierra_fire_npc_lfe
8866617c9808f817,weap_ngsierra_fire_npc_mech
b002f1151f0c99de,weap_ngsierra_fire_plr_last_shot
2f9b407204c00bb3,weap_acharlie300_fire_plr_casing_eject
adfc11b2ba04b5bd,weap_acharlie300_fire_npc_dist
d2859c21ff1a0622,weap_acharlie300_fire_npc_far
9a8d9505cf8e0a4f,weap_acharlie300_fire_npc_med_atmo
7182f921c7a9c8ad,weap_acharlie300_fire_npc_med
935a1aa61b5013ff,weap_acharlie300_fire_npc_dist_atmo
c5833a532e273426,weap_acharlie300_fire_npc_far_atmo
7bd60121cdfbf6ea,weap_acharlie300_fire_npc_lfe
31fbed01e5e725df,weap_acharlie300_fire_plr_atmo
8b3e0f66456b83e0,weap_acharlie300_fire_npc_mech
6da9f8e388e8d809,weap_acharlie300_fire_plr_interrupt
a2dbdbad62e46312,weap_acharlie300_fire_plr_last_mech
bff11d8a07a9a06f,weap_acharlie300_fire_plr_last_shot
ba46572587ef82ff,weap_acharlie300_fire_plr_mech
96500c2c15c098ad,weap_acharlie300_fire_plr_last_fcg
5806c755ce4183af,weap_acharlie300_fire_plr_first_fcg
9ad00678b0177abe,weap_acharlie300_fire_plr_shot
cac5f783e2e862f7,weap_acharlie300_fire_plr_lfe
2df2695ebcf66a31,weap_acharlie300_fire_plr_atmo_int
d7f9e5cb9ffdb7fc,weap_acharlie300_fire_npc
fcdc7d894930b07c,weap_acharlie300_fire_npc_atmo
1ef903aeef5d7675,weap_acharlie9_fire_plr_casing_eject
59a5ee58145dd5e0,weap_acharlie9_fire_npc_far
f14c114117b8a489,wfoly_npc_sm_acharlie9_reload_02
f14c104117b8a2d6,wfoly_npc_sm_acharlie9_reload_03
1c3ec357f15eec73,weap_acharlie9_fire_npc_med
2ed549b7730a7b9b,weap_acharlie9_fire_npc_dist
f14c0e4117b89f70,wfoly_npc_sm_acharlie9_reload_01
2c8c1008fd47ebbe,wfoly_npc_sm_acharlie9_reload_empty_05
2c8c1208fd47ef24,wfoly_npc_sm_acharlie9_reload_empty_03
2c8c0f08fd47ea0b,wfoly_npc_sm_acharlie9_reload_empty_06
f14c134117b8a7ef,wfoly_npc_sm_acharlie9_reload_04
2c8c0e08fd47e858,wfoly_npc_sm_acharlie9_reload_empty_07
f14c124117b8a63c,wfoly_npc_sm_acharlie9_reload_05
3fe83c8f9e9a4d29,weap_acharlie9_fire_npc_dist_atmo
2c8c1108fd47ed71,wfoly_npc_sm_acharlie9_reload_empty_04
bc007742035584d8,weap_acharlie9_fire_npc_far_atmo
2c8c1408fd47f28a,wfoly_npc_sm_acharlie9_reload_empty_01
5cb085c494a73121,weap_acharlie9_fire_npc_med_atmo
2c8c1308fd47f0d7,wfoly_npc_sm_acharlie9_reload_empty_02
c54a018e2b66e942,weap_acharlie9_fire_npc_atmo
b87c2f3f61831f8b,weap_acharlie9_fire_plr_atmo_int
23f6fb57f579f6a4,weap_acharlie9_fire_npc_lfe
ad5fc4fa0dbb1587,weap_acharlie9_fire_plr_last_fcg
5da3076f2459a1ae,weap_acharlie9_fire_npc_mech
e4a312e0b9ea6586,weap_acharlie9_fire_npc
91ff693e692535e9,weap_acharlie9_fire_plr_last_shot
a29063a6b6ea3559,weap_acharlie9_fire_plr_atmo
52de02763605ab85,weap_acharlie9_fire_plr_first_fcg
b49740354bbb787c,weap_acharlie9_fire_plr_shot
881e4521fe1e4e7f,weap_acharlie9_fire_plr_interrupt
7afd9f8ac573d850,weap_acharlie9_fire_plr_last_mech
5404a9462e47a791,weap_acharlie9_fire_plr_mech
a931a1560efa0845,weap_acharlie9_fire_plr_lfe
8639b58d0d96c051,weap_acharlie45_fire_plr_casing_eject
3657b6a5da31a514,wfoly_npc_sm_acharlie45_reload_03
1d2331d6558aeb4c,weap_acharlie45_fire_npc_far
6cc58ed68320191f,weap_acharlie45_fire_npc_med
32d28d451a47ff37,weap_acharlie45_fire_npc_dist
8948a21438da6e94,wfoly_npc_sm_acharlie45_reload_empty_05
18daabac11f45bad,weap_acharlie45_fire_npc_dist_atmo
7a492ffe3c1805ac,weap_acharlie45_fire_npc_far_atmo
4c7e2efb375a0bd5,weap_acharlie45_fire_npc_med_atmo
509e5e7857024c6b,weap_acharlie45_fire_plr_interrupt
a653e86a4194badc,weap_acharlie45_fire_plr_last_mech
d658e00cadbef6ed,weap_acharlie45_fire_plr_mech
aaed80d57a691285,weap_acharlie45_fire_plr_last_shot
2e1cff4256c1ee01,weap_acharlie45_fire_plr_first_fcg
84b9e7ef0df6482,weap_acharlie45_fire_npc
c437770fe70f99a1,weap_acharlie45_fire_plr_lfe
59147c4555b7068,weap_acharlie45_fire_plr_shot
d14bbd5cd6a62746,weap_acharlie45_fire_npc_atmo
73d9d6d686af2a30,weap_acharlie45_fire_npc_lfe
d701b3a4ee0cb73b,weap_acharlie45_fire_plr_last_fcg
f3c10b80cf82b6ea,weap_acharlie45_fire_npc_mech
b91b494e657b3fe7,weap_acharlie45_fire_plr_atmo_int
567a522fb8f0e69d,weap_acharlie45_fire_plr_atmo
4fcd8e9e60971cbe,weap_tsierra12_fire_plr_casing_eject
cfc58333a770f42,weap_tsierra12_fire_npc_med
5937cd33652789dd,weap_tsierra12_fire_npc_far
12841142d52e6f5c,weap_tsierra12_fire_npc_dist
5914983aee0ec19c,weap_tsierra12_fire_npc_dist_atmo
5cfc754cb51cbdf,weap_tsierra12_fire_npc_far_atmo
c127a2d43a3bd006,weap_tsierra12_fire_npc_med_atmo
16955f9069b6ee0e,weap_tsierra12_fire_plr_mech
40f6cfb9100b47c6,weap_tsierra12_fire_plr_interrupt
36e914309b018884,weap_tsierra12_fire_plr_lfe
e5e2d440a166a91c,weap_tsierra12_fire_plr_last_shot
692b0c30b6fc2891,weap_tsierra12_fire_plr_fcg
854f3d5183f12531,weap_tsierra12_fire_plr_last_mech
b989501a36fd85bb,weap_tsierra12_fire_plr_shot
88c7f2c3264472d0,weap_tsierra12_fire_plr_last_fcg
b465ca56087acdab,weap_tsierra12_fire_npc
d653c56ce0e2e259,weap_tsierra12_fire_npc_atmo
2aa103334262745,weap_tsierra12_fire_npc_lfe
864cd6d76d146988,weap_tsierra12_fire_plr_atmo_int
87c80b0c58405491,weap_tsierra12_fire_npc_mech
7e3c59af70c435a2,weap_tsierra12_fire_plr_atmo
626c57d56f33da6d,weap_tango9_fire2_plr_interrupt
ca3de440491f7fa6,weap_tango9_fire2_plr_last_mech
d73cbba399be4a53,weap_tango9_fire2_plr_mech
7e16d6f75e2c0b33,weap_tango9_fire_npc_dist
515a1a31474a8cc2,weap_tango9_fire2_plr_shot
85c33644c317d99d,weap_tango9_fire_plr_casing_eject
ee822cf5c456fc0b,weap_tango9_fire2_plr_lfe
d8174ff977c8bb78,weap_tango9_fire_npc_far
26fad4f9a4bb513b,weap_tango9_fire_npc_med
420bd2b9f8270c50,weap_tango9_fire_npc_far_atmo
e42e939dad3c9f09,weap_tango9_fire_npc_med_atmo
dbefbfb50915f6e1,weap_tango9_fire_npc_dist_atmo
157ebe9bbad0ae03,weap_tango9_fire_plr_atmo_int
1cb81b1d9f8e096e,weap_tango9_fire_npc
f79a3532ea599fd6,weap_tango9_fire_npc_mech
695fad5672b569c5,weap_tango9_fire2_plr_atmo_int
acc601db52f05b4f,weap_tango9_fire_plr_last_fcg
3480a43c61b4e4a7,weap_tango9_fire1_plr_fcg
8877eecdc6c6574a,weap_tango9_fire_npc_atmo
e6e4413fca451981,weap_tango9_fire_plr_atmo
21a534f5e11179b6,weap_tango9_fire2_plr_fcg
278f4692625c5047,weap_tango9_fire2_plr_casing_eject
2eb2ccf9a8d5eeac,weap_tango9_fire_npc_lfe
40b717bcdae9d717,weap_tango9_fire_plr_interrupt
efd42b5e306d802c,weap_tango9_fire1_plr_atmo
7ad6d59c1ca56c74,weap_tango9_fire1_plr_interrupt
acc3e852103edb7a,weap_tango9_fire1_plr_atmo_int
81fb6ad789c65fa8,weap_tango9_fire_plr_last_mech
631785a843f79c8f,weap_tango9_fire1_plr_last_mech
583e6762cdcffef9,weap_tango9_fire_plr_mech
44557751d7347090,weap_tango9_fire1_plr_casing_eject
150ddd3f79d187f0,weap_tango9_fire1_plr_mech
46bc970d264bfc0d,weap_tango9_fire_plr_lfe
ddca0c3c3090bbda,weap_tango9_fire1_plr_lfe
7431f40888d16021,weap_tango9_fire_plr_last_shot
d224a6f8029e6789,weap_tango9_fire1_plr_shot
f03f7ed52ac046c4,weap_tango9_fire_plr_shot
5ab659c6a7c7706b,weap_tango9_fire2_plr_atmo
13859f0d0980f088,weap_tango9_fire_plr_fcg
370cdf0583df474e,weap_helima_fire_npc_far
684b79b1e1950a3f,weap_helima_fire_plr_casing_eject
627094059c786e39,weap_helima_fire_npc_med
45137e4d5531c2c9,weap_helima_fire_npc_dist
665e1af668acdaea,weap_helima_fire_npc_far_atmo
63026c1275ad47b3,weap_helima_fire_npc_dist_atmo
cd65f33a94c7c53c,wfoly_npc_ar_helima_reload_02
c55322c1cf7f3883,weap_helima_fire_npc_med_atmo
cd65f13a94c7c1d6,wfoly_npc_ar_helima_reload_04
e27bf92a4703f8f1,wfoly_npc_ar_helima_reload_empty_03
e27bfd2a4703ffbd,wfoly_npc_ar_helima_reload_empty_07
e27bfa2a4703faa4,wfoly_npc_ar_helima_reload_empty_04
e27bee2a4703e640,wfoly_npc_ar_helima_reload_empty_08
bdbcbc88e0a57d4c,weap_helima_fire_npc_mech
2404226534b5f890,weap_helima_fire_npc_atmo
695cdc059fe62d36,weap_helima_fire_npc_lfe
febe98756710dc63,weap_helima_fire_plr_atmo
33f13787d786fb6d,weap_helima_fire_plr_atmo_int
479027a3f9ba6035,weap_helima_fire_plr_interrupt
d70d3e1454309e9b,weap_helima_fire_plr_last_shot
5c3e63471ae7bab8,weap_helima_fire_npc
57f202dca9f45d0b,weap_helima_fire_plr_first_fcg
d832d8db6e882e5a,weap_helima_fire_plr_shot
87384d859c0832ee,weap_helima_fire_plr_last_mech
2962bad54b1a9ceb,weap_helima_fire_plr_mech
8c62d2e5fe8d13c3,weap_helima_fire_plr_lfe
c0c2679683437bf1,weap_helima_fire_plr_last_fcg
551c70a5d96c387,weap_india_fire_npc_far
d9edf20a44fd663c,weap_india_fire_npc_med
c5cadbaec66187ae,weap_india_fire_npc_dist
5d92d0d8ca9be78a,weap_india_fire_npc_dist_atmo
ba0f9880bbc0c3dd,weap_india_fire_npc_far_atmo
d62dcfd33fcd0bc,weap_india_fire_npc_med_atmo
622c35d4f187537c,weap_india_fire_plr_mech
33caa4364d7746e1,weap_india_fire_npc
650b2428e87569ea,weap_india_fire_plr_last_shot
4bd08e23d0eb3d46,weap_india_fire_plr_lfe
66c5ce402a5bab25,weap_india_fire_plr_shot
d02f1396489b906b,weap_india_fire_npc_atmo
d235ba0a40e25c0b,weap_india_fire_npc_lfe
18adc623b4312c5b,weap_india_fire_plr_fcg
4cb575733a926a53,weap_india_fire_npc_mech
5ae6e4b484ccf8ee,weap_india_fire_plr_last_fcg
4339fd4869fadd16,weap_india_fire_plr_atmo_int
e1e27bb1e6339760,weap_india_fire_plr_atmo
38b02be7beb5a840,weap_india_fire_plr_interrupt
b37e6517fb6b33fb,weap_india_fire_plr_last_mech
7378746f43ab22ea,weap_walpha_fire_plr_casing_eject
10ee8a590f75b2b9,weap_walpha_fire_npc_far
c20b1d58e28345be,weap_walpha_fire_npc_med
15ee3c4385c48348,weap_walpha_fire_npc_dist
79318bbb1ec7e40f,weap_walpha_fcg_dryfire_npc
211e0063b82cb80,weap_walpha_fire_npc_dist_atmo
2b38d63ec94db603,weap_walpha_fire_npc_far_atmo
279822a00a0f08ba,weap_walpha_fire_npc_med_atmo
3d01f1382a427466,weap_walpha_fire_plr_atmo
3676cfaca86d8bd0,weap_walpha_fire_plr_lfe
bd6495cd0f0b6182,weap_walpha_fire_plr_interrupt
dfb937ac77434455,weap_walpha_fire_plr_fcg
9ae800a9b632e91d,weap_walpha_fire_plr_last_mech
29f0b0b82bc2f794,weap_walpha_fire_plr_last_fcg
5f773f5c231f040a,weap_walpha_fire_plr_mech
cba3c75697cf8ad8,weap_walpha_fire_plr_last_shot
ed081f25c9adb5a7,weap_walpha_fire_npc
73d0e0af689409e7,weap_walpha_fire_plr_shot
4481ad6d28936974,weap_walpha_fire_plr_atmo_int
bfba282bf32d1b3d,weap_walpha_fire_npc_atmo
ba451558de5c4fc1,weap_walpha_fire_npc_lfe
3c32b608e518028d,weap_walpha_fire_npc_mech
94df523b9db4eebf,weap_mike2011_fire2_plr_interrupt
ed01c43e63042385,weap_mike2011_fire2_plr_lfe
91d6591d556c9b90,weap_mike2011_fire2_plr_last_mech
4fe350f730e9f4bc,weap_mike2011_fire2_plr_shot
ef50ba08137623d1,weap_mike2011_fire2_plr_mech
9ff36a4d7a58cc3d,weap_mike2011_fire_npc_dist
bd8989df1f97f233,weap_mike2011_fire_plr_casing_eject
6ab68f1c4029182d,weap_mike2011_fire_npc_med
cbb9321c779955a2,weap_mike2011_fire_npc_far
9310cb778171f26a,weap_mike2011_fcg_dryfire_npc
e11b0c10bea5c77f,weap_mike2011_fire_npc_dist_atmo
c712d42f86cdf2a6,weap_mike2011_fire_npc_far_atmo
9c1d2ee22834c8cf,weap_mike2011_fire_npc_med_atmo
bb6aea4e2c3e8b89,weap_mike2011_fire_plr_interrupt
f09ccd18063a1692,weap_mike2011_fire_plr_last_mech
eb362878a05fdd27,weap_mike2011_fire1_plr_shot
5de339064a0ea5a6,weap_mike2011_fire1_plr_atmo
ebee67bab72b7ccb,weap_mike2011_fire2_plr_atmo_int
8cc75f13706b913e,weap_mike2011_fire_plr_shot
ac3dafc04843997f,weap_mike2011_fire_plr_mech
e756746d8415a999,weap_mike2011_fire2_plr_atmo
ccf1748661f65ab4,weap_mike2011_fire1_plr_atmo_int
5288a44ed888e4b5,weap_mike2011_fire2_plr_casing_eject
db20ef4aaff53ef,weap_mike2011_fire_plr_last_shot
43887c3e93ff5ef0,weap_mike2011_fire2_plr_fcg
c3f98d7e5b67b277,weap_mike2011_fire_plr_lfe
924ced0726adcf7c,weap_mike2011_fire_npc
ac8950a778113f2a,weap_mike2011_fire1_plr_casing_eject
abd990d9aa892d95,weap_mike2011_fire1_plr_fcg
eed3d6240984c6fc,weap_mike2011_fire_npc_atmo
7509971c467b466a,weap_mike2011_fire_npc_lfe
2f82033b159d28b1,weap_mike2011_fire_plr_atmo_int
a11826eb8bd15dc2,weap_mike2011_fire1_plr_interrupt
7d35680105bf9a60,weap_mike2011_fire_npc_mech
26e710814e702b5d,weap_mike2011_fire1_plr_last_mech
7006157e2c9c87ba,weap_mike2011_fire_plr_fcg
23f3459ca63b3c5f,weap_mike2011_fire_plr_atmo
d6dc87255aead74a,weap_mike2011_fire1_plr_mech
97dfa6086e67572d,weap_mike2011_fire_plr_last_fcg
29728d9dbb37510,weap_mike2011_fire1_plr_lfe
67be720acfd922e8,weap_malima_fire_npc_dist
eb3dbde772a21cca,weap_malima_fire_plr_casing_eject
102b7a873f1416de,weap_malima_fire_npc_med
5ba8e78769235ad9,weap_malima_fire_npc_far
e6546a13fe80f2e3,weap_malima_fire_npc_far_atmo
b8f0a90e78619060,weap_malima_fire_npc_dist_atmo
389640c715f9fc9a,weap_malima_fire_npc_med_atmo
49f37877e2323caf,weap_malima_fcg_dryfire_npc
680e5dee55415cdd,weap_malima_fire_npc_atmo
9974bbfb626e1fa2,weap_malima_fire_plr_interrupt
8e01ebd02f2aef2d,weap_malima_fire_npc_mech
6a8b928929ad8774,weap_malima_fire_plr_last_fcg
4ff72873809f7e1,weap_malima_fire_npc_lfe
4ca4d6c92bc41c7d,weap_malima_fire_plr_last_mech
94261ea93e9a8306,weap_malima_fire_plr_atmo
d1f6cc84f76b4aa,weap_malima_fire_plr_mech
b70311963dd29687,weap_malima_fire_npc
7d619d760d627138,weap_malima_fire_plr_last_shot
db1c2cd61cffb1f0,weap_malima_fire_plr_lfe
21790e1b94ebba87,weap_malima_fire_plr_shot
33ffb9bb75e85c54,weap_malima_fire_plr_atmo_int
f98a099556365ef8,weap_malima_fire_plr_first_fcg
e1ce870da6ed6ff1,bpg_bullet_impact_swt
5a2a12717ef1590d,bullet_foliage
cb93bebd1d1f4a22,c4_expl_atmo
dbd9c7b6ddc46d63,c4_expl_body
9e34c6b35c08c7bc,c4_expl_debris
3c031b1c57062c0b,c4_expl_swt
a0828ec9fbbed9d7,claymore_plant
9abef8bce60a0421,dismembered_gib
23a9ebf32216538,dismembered_limb_arm
1b8233bf403f16e2,dismembered_limb_leg
8a1a669fafc61be1,dst_electrical_box_rusted
7c079e3b263df2c7,dst_electrical_box_rusted_spark
ad6fe6bb5c17b895,dst_generic_ceramic
29ccfbf6b1d85c3e,dst_generic_metal
7221f1a902f56545,dst_generic_plastic
6ea15fd8da3e1b1d,dst_generic_temp
f44c53c0107f84fa,dst_generic_wood
c10f8cfabd3e51e1,dst_mil_radio
3912c3bc8cf48e27,dst_plastic_buckets
26323c72e5f2ab4b,dst_plastic_stool
5ba0c959357d0f26,emt_donetsk_ceiling_rock_fall_debris
79d1a72bc0341262,emt_donetsk_ceiling_rock_fall_large_debris
b0fa3aeee6dd978a,emt_donetsk_elec_light_sparks
d1632497386e0dfd,emt_donetsk_elec_light_sparks_quiet
ac93e2d1dd254a9b,emt_donetsk_elec_sparks
e1b946e83fcf0309,emt_donetsk_fire_drip
8a83f7931da74180,emt_donetsk_water_drips_close
53c75d6940a21c47,emt_donetsk_water_drips_sink
13e315bf28f6ea09,emt_foliage_tree_spruce_01
13e312bf28f6e4f0,emt_foliage_tree_spruce_02
13e313bf28f6e6a3,emt_foliage_tree_spruce_03
13e318bf28f6ef22,emt_foliage_tree_spruce_04
f14eb6599482486,emt_lp_ee_foliage_birch_small_01
f14ea65994822d3,emt_lp_ee_foliage_birch_small_02
f14e96599482120,emt_lp_ee_foliage_birch_small_03
c0fdf24e415533cd,emt_lp_ee_foliage_bush_hedge_128x128
2309493e51a30f9,emt_lp_ee_foliage_bush_hedge_128x36
2451493e52bb383,emt_lp_ee_foliage_bush_hedge_128x96
d2dba1822a64e7db,emt_lp_ee_foliage_tree_birch_large_01
86ed7863bae98a56,emt_lp_ee_foliage_tree_birch_large_01_autumn
d2dba2822a64e98e,emt_lp_ee_foliage_tree_birch_large_02
4e30fa5b2c17691d,emt_lp_ee_foliage_tree_birch_large_02_autumn
d2dba3822a64eb41,emt_lp_ee_foliage_tree_birch_large_03
f56f936be864a080,emt_lp_ee_foliage_tree_birch_large_03_autumn
13a74c63db11bf5b,emt_lp_ee_foliage_tree_birch_medium_01
13a74d63db11c10e,emt_lp_ee_foliage_tree_birch_medium_02
885afba19a9d0031,emt_lp_ee_foliage_tree_eastern_red_cedar_01
885af8a19a9cfb18,emt_lp_ee_foliage_tree_eastern_red_cedar_02
885af9a19a9cfccb,emt_lp_ee_foliage_tree_eastern_red_cedar_03
2e6b92078497752,emt_lp_foliage_alder_bush_large_01
2e6b8207849759f,emt_lp_foliage_alder_bush_large_02
3f6a874eb763d239,emt_lp_foliage_tree_oak_01
3f6a844eb763cd20,emt_lp_foliage_tree_oak_02
3f6a854eb763ced3,emt_lp_foliage_tree_oak_03
3f6a8a4eb763d752,emt_lp_foliage_tree_oak_04
3f6a8b4eb763d905,emt_lp_foliage_tree_oak_05
3f6a884eb763d3ec,emt_lp_foliage_tree_oak_06
fc13652f75391050,emt_lp_foliage_tree_populus_01
fc13682f75391569,emt_lp_foliage_tree_populus_02
fc13672f753913b6,emt_lp_foliage_tree_populus_03
5cca08e83f910175,emt_seagull_circling_sfx
fe537ca5e3770bff,emt_tv_static
a6c70f190a7a727c,emt_tv_static_lp
22113bf9f87db65a,flash_bounce_heavy
8518194b19b25fbf,flash_bounce_med
e70527efeb8128eb,flash_bounce_soft
f82bab6f307816e6,grenade_bounce
a84f1f82c6eb036,grenade_bounce_heavy
6ea48c5d35dda7a9,grenade_bounce_rattle
303afa2645f0712a,ladder_slide_loop_npc
d98e612614d49b2f,ladder_slide_loop_plr
b334ae7a87da193c,ladder_slide_start_npc
c4e7017a91fb491d,ladder_slide_start_plr
1d8752bceabb7c38,ladder_slide_stop_npc
fd4e7dbd691304d9,ladder_slide_stop_plr
d548366cd4cad646,melee_world_heavy_other_alt_0_npc
5017956d1aca6b6b,melee_world_heavy_other_alt_0_plr
9b409e2f1d1e7879,melee_world_heavy_other_alt_1_npc
893d5b2f12b90ca0,melee_world_heavy_other_alt_1_plr
6eaa4e68b744a2f4,melee_world_heavy_other_alt_2_npc
f741f1687429ed35,melee_world_heavy_other_alt_2_plr
74229842651cf267,melee_world_heavy_other_alt_3_npc
6fcba941d184dc22,melee_world_heavy_other_alt_3_plr
542f620860b92f5c,melee_world_heavy_other_pri_0_npc
65e1b5086ada5f3d,melee_world_heavy_other_pri_0_plr
177dcdf5c3eb1a0f,melee_world_heavy_other_pri_1_npc
9d1b8ef57e488d2a,melee_world_heavy_other_pri_1_plr
2772a3cee5db84ae,melee_world_heavy_other_pri_2_npc
2b5d52cf79180f53,melee_world_heavy_other_pri_2_plr
d27af3e6c68f7d61,melee_world_heavy_other_pri_3_npc
4cf920e70c4a6668,melee_world_heavy_other_pri_3_plr
e75a75d780751fca,melee_world_heavy_polymer_alt_0_npc
90aedcd74f5afccf,melee_world_heavy_polymer_alt_0_plr
3e1bc1c92dee5c1d,melee_world_heavy_polymer_alt_1_npc
5e02a6c8af50e484,melee_world_heavy_polymer_alt_1_plr
a9c70fea2a5f01b8,melee_world_heavy_polymer_alt_2_npc
898e3aeaa8b68a59,melee_world_heavy_polymer_alt_2_plr
54cf60020b12fa6b,melee_world_heavy_polymer_alt_3_npc
ab7af9023c2d1d66,melee_world_heavy_polymer_alt_3_plr
b0b538722188ac90,melee_world_heavy_polymer_pri_0_npc
761d37252a485f1,melee_world_heavy_polymer_pri_0_plr
c37baaa29ff1bd63,melee_world_heavy_polymer_pri_1_npc
90a0b3a28375123e,melee_world_heavy_polymer_pri_1_plr
97c49e645f9f28a2,melee_world_heavy_polymer_pri_2_npc
b4977563de647a67,melee_world_heavy_polymer_pri_2_plr
7e79d093a297d3b5,melee_world_heavy_polymer_pri_3_npc
3d8445940eeee15c,melee_world_heavy_polymer_pri_3_plr
1cbd06613bb42547,melee_world_heavy_steel_alt_0_npc
1bcd1760ab00eb02,melee_world_heavy_steel_alt_0_plr
c97ab4364302cbd4,melee_world_heavy_steel_alt_1_npc
4eab5735fd033a15,melee_world_heavy_steel_alt_1_plr
f3670827c3bae9d9,melee_world_heavy_steel_alt_2_npc
e162c527b953cb00,melee_world_heavy_steel_alt_2_plr
30189c3a6088ff26,melee_world_heavy_steel_alt_3_npc
a780fb3aa3a3b84b,melee_world_heavy_steel_alt_3_plr
efe5d39307a82fd5,melee_world_heavy_steel_pri_0_npc
ab8a4893711c147c,melee_world_heavy_steel_pri_0_plr
76a9b9f788ecc2,melee_world_heavy_steel_pri_1_npc
1d4980b9764e3e87,melee_world_heavy_steel_pri_1_plr
2ed8b1cd1cfeec03,melee_world_heavy_steel_pri_2_npc
fbfcbacd00808dde,melee_world_heavy_steel_pri_2_plr
1c113f9c9e942830,melee_world_heavy_steel_pri_3_npc
72bdda9ccfb00191,melee_world_heavy_steel_pri_3_plr
aba5d7e237666b81,melee_world_light_polymer_alt_0_npc
262304e27d1fa188,melee_world_light_polymer_alt_0_plr
fdf38bf57190bb4e,melee_world_light_polymer_alt_1_npc
1dd3af604cb92f3,melee_world_light_polymer_alt_1_plr
edfdb61c4f9e9daf,melee_world_light_polymer_alt_2_npc
739b771c09fc10ca,melee_world_light_polymer_alt_2_plr
2d594603d18e6a7c,melee_world_light_polymer_alt_3_npc
3f0b9903dbaf9a5d,melee_world_light_polymer_alt_3_plr
1713f6cc5ab1986b,melee_world_light_polymer_pri_0_npc
6dbf8fcc8bcbbb66,melee_world_light_polymer_pri_0_plr
6c0ba6b479fd9fb8,melee_world_light_polymer_pri_1_npc
4bd2d1b4f8552859,melee_world_light_polymer_pri_1_plr
6058937d8cfa1d,melee_world_light_polymer_pri_2_npc
20473d92feef8284,melee_world_light_polymer_pri_2_plr
a99f0ca1d013bdca,melee_world_light_polymer_pri_3_npc
52f373a19ef99acf,melee_world_light_polymer_pri_3_plr
6786757066be29cc,melee_world_light_steel_alt_0_npc
639cc86fd383558d,melee_world_light_steel_alt_0_plr
53229f49739d71ff,melee_world_light_steel_alt_1_npc
f1c2a049ce3a7efa,melee_world_light_steel_alt_1_plr
3820bb6206c07a9e,melee_world_light_steel_alt_2_npc
266e6a61fc9f4e23,melee_world_light_steel_alt_2_plr
3a32053bb1b3ee11,melee_world_light_steel_alt_3_npc
9f13323b5a111ff8,melee_world_light_steel_alt_3_plr
30073c98e505b106,melee_world_light_steel_pri_0_npc
a76f9b9928206a2b,melee_world_light_steel_pri_0_plr
ed45acb16032bb39,melee_world_light_steel_pri_1_npc
dea769b158aec560,melee_world_light_steel_pri_1_plr
1fee548fdf80d2b4,melee_world_light_steel_pri_2_npc
a51ef78f998140f5,melee_world_light_steel_pri_2_plr
1caba6bfc030d727,melee_world_light_steel_pri_3_npc
1854b7bf2c98c0e2,melee_world_light_steel_pri_3_plr
c435331d8e33698f,melee_world_massive_polymer_alt_0_npc
49d2f41d4890dcaa,melee_world_massive_polymer_alt_0_plr
e6c7302b017edc,melee_world_massive_polymer_alt_1_npc
12991a303522aebd,melee_world_massive_polymer_alt_1_plr
7f32590e90d7cce1,melee_world_massive_polymer_alt_2_npc
f9b0860ed692b5e8,melee_world_massive_polymer_alt_2_plr
d42a08f6b023d42e,melee_world_massive_polymer_alt_3_npc
d814b7f743605ed3,melee_world_massive_polymer_alt_3_plr
ed6014837ead44bd,melee_world_massive_polymer_pri_0_npc
d46f983000fcd24,melee_world_massive_polymer_pri_0_plr
3d70ccc1d412aeea,melee_world_massive_polymer_pri_1_npc
e6c433c1a2f6d8ef,melee_world_massive_polymer_pri_1_plr
6bdae9140f39a8b,melee_world_massive_polymer_pri_2_npc
5d6a4791720f7086,melee_world_massive_polymer_pri_2_plr
590b62a47b1dea58,melee_world_massive_polymer_pri_3_npc
3c388da4fc589bf9,melee_world_massive_polymer_pri_3_plr
332b38aa91773c5e,melee_world_massive_steel_alt_0_npc
2178e7aa87560fe3,melee_world_massive_steel_alt_0_plr
334f8ada750c1cd1,melee_world_massive_steel_alt_1_npc
9830b7da1d694eb8,melee_world_massive_steel_alt_1_plr
c0cf2bdd975498c,melee_world_massive_steel_alt_2_npc
82345bd463a754d,melee_world_massive_steel_alt_2_plr
4c4024e836f5a0bf,melee_world_massive_steel_alt_3_npc
e77a25e88eaf84ba,melee_world_massive_steel_alt_3_plr
42980f71c6ccda14,melee_world_massive_steel_pri_0_npc
cb2fb27183b22455,melee_world_massive_steel_pri_0_plr
4810594b74a52987,melee_world_massive_steel_pri_1_npc
43b96a4ae10d1342,melee_world_massive_steel_pri_1_plr
52b0f77acc51b866,melee_world_massive_steel_pri_2_npc
cd80567b12514d8b,melee_world_massive_steel_pri_2_plr
15ff63682f83a319,melee_world_massive_steel_pri_3_npc
3fc2068251e3740,melee_world_massive_steel_pri_3_plr
1bb16a08ab5a2b94,melee_world_medium_other_alt_0_npc
a4490d08683f75d5,melee_world_medium_other_alt_0_plr
2129b3e259327b07,melee_world_medium_other_alt_1_npc
1cd2c4e1c59a64c2,melee_world_medium_other_alt_1_plr
2bca5211b0df09e6,melee_world_medium_other_alt_2_npc
a699b111f6de9f0b,melee_world_medium_other_alt_2_plr
ef18bdff1410f499,melee_world_medium_other_alt_3_npc
dd157aff09ab88c0,melee_world_medium_other_alt_3_plr
1d08acaac2380f8e,melee_world_medium_other_pri_0_npc
20f25bab5572e733,melee_world_medium_other_pri_0_plr
7435f89c700c6ac1,melee_world_medium_other_pri_1_npc
eeb3259cb5c5a0c8,melee_world_medium_other_pri_1_plr
f5ea66be0a361cbc,melee_world_medium_other_pri_2_npc
79cb9be14574c9d,melee_world_medium_other_pri_2_plr
bbe2ce805289beef,melee_world_medium_other_pri_3_npc
41808f800ce7320a,melee_world_medium_other_pri_3_plr
1d6e9c3b1b95c950,melee_world_medium_polymer_alt_0_npc
741a373b4cafefb1,melee_world_medium_polymer_alt_0_plr
8c0e06107c439e23,melee_world_medium_polymer_alt_1_npc
59320f105fc53ffe,melee_world_medium_polymer_alt_1_plr
5b02022871abe762,melee_world_medium_polymer_alt_2_npc
7b3ad927f3546227,melee_world_medium_polymer_alt_2_plr
4a712c0181cb2a75,melee_world_medium_polymer_alt_3_npc
97ca101ee23eb1c,melee_world_medium_polymer_alt_3_plr
15f64e4355608eda,melee_world_medium_polymer_pri_0_npc
d4e5b543c1a0bcff,melee_world_medium_polymer_pri_0_plr
15ada07338989d6d,melee_world_medium_polymer_pri_1_npc
48a48573552da4b4,melee_world_medium_polymer_pri_1_plr
5af9285252bc2b88,melee_world_medium_polymer_pri_2_npc
2524135233b74349,melee_world_medium_polymer_pri_2_plr
57b67a82336c2ffb,melee_world_medium_polymer_pri_3_npc
9b53d381c956cd56,melee_world_medium_polymer_pri_3_plr
bd8795daf19ba2f9,melee_world_medium_steel_alt_0_npc
ab8452dae7363720,melee_world_medium_steel_alt_0_plr
f78f2e18a94800c6,melee_world_medium_steel_alt_1_npc
725e8d18ef4795eb,melee_world_medium_steel_alt_1_plr
96698fee399a1ce7,melee_world_medium_steel_alt_2_npc
9212a0eda60206a2,melee_world_medium_steel_alt_2_plr
90f146148bc1cd74,melee_world_medium_steel_alt_3_npc
1988e91448a717b5,melee_world_medium_steel_alt_3_plr
c8d4e9585bb15943,melee_world_medium_steel_pri_0_npc
9293f2583c51851e,melee_world_medium_steel_pri_0_plr
56cf7f82f8205b70,melee_world_medium_steel_pri_1_npc
ad7c1a83293c34d1,melee_world_medium_steel_pri_1_plr
8128137479340515,melee_world_medium_steel_pri_2_npc
40338874e58cc5bc,melee_world_medium_steel_pri_2_plr
4088e14a1b588f02,melee_world_medium_steel_pri_3_npc
60c0b8499cff56c7,melee_world_medium_steel_pri_3_plr
956e193d4bb87988,melee_world_piercing_polymer_alt_0_npc
5f99043d2cb39149,melee_world_piercing_polymer_alt_0_plr
922b6b6d2c687dfb,melee_world_piercing_polymer_alt_1_npc
d5c8c46cc2531b56,melee_world_piercing_polymer_alt_1_plr
506b3f2e4e5cdcda,melee_world_piercing_polymer_alt_2_npc
f5aa62eba9d0aff,melee_world_piercing_polymer_alt_2_plr
5022915e3194eb6d,melee_world_piercing_polymer_alt_3_npc
8319765e4e29f2b4,melee_world_piercing_polymer_alt_3_plr
2dbb0125d7f54392,melee_world_piercing_polymer_pri_0_npc
63901825f6fa2f37,melee_world_piercing_polymer_pri_0_plr
9c5a6afb38a31865,melee_world_piercing_polymer_pri_1_npc
45c9dffb079fd4ec,melee_world_piercing_polymer_pri_1_plr
72bddb34d550e040,melee_world_piercing_polymer_pri_2_npc
b3ce76346910b581,melee_world_piercing_polymer_pri_2_plr
d1102f5e28f3b93,melee_world_piercing_polymer_pri_3_npc
ed454bf66143c90e,melee_world_piercing_polymer_pri_3_plr
e7bf3f5488aabb41,melee_world_piercing_steel_alt_0_npc
623c6c54ce63f148,melee_world_piercing_steel_alt_0_plr
9091f362dad6600e,melee_world_piercing_steel_alt_1_npc
947ba2636e1137b3,melee_world_piercing_steel_alt_1_plr
2f6c15386b280f6f,melee_world_piercing_steel_alt_2_npc
b509d6382585828a,melee_world_piercing_steel_alt_2_plr
6973ad7622d46d3c,melee_world_piercing_steel_alt_3_npc
7b2600762cf59d1d,melee_world_piercing_steel_alt_3_plr
9480132350f0972b,melee_world_piercing_steel_pri_0_npc
eb2cac23820c6d26,melee_world_piercing_steel_pri_0_plr
e423cb61a5f92f78,melee_world_piercing_steel_pri_1_npc
c750f6622733e119,melee_world_piercing_steel_pri_1_plr
78787d40a98889dd,melee_world_piercing_steel_pri_2_npc
985f62402aeb1244,melee_world_piercing_steel_pri_2_plr
cb333153e40fab8a,melee_world_piercing_steel_pri_3_npc
74869853b2f3d58f,melee_world_piercing_steel_pri_3_plr
17bcd499d59f21b0,melee_world_slashing_polymer_alt_0_npc
6e696f9a06bafb11,melee_world_slashing_polymer_alt_0_plr
2a8446ca5409e583,melee_world_slashing_polymer_alt_1_npc
f7a84fca378b875e,melee_world_slashing_polymer_alt_1_plr
fc223eb72e93e642,melee_world_slashing_polymer_alt_2_npc
18f515b6ad593807,melee_world_slashing_polymer_alt_2_plr
eb9168903eb32955,melee_world_slashing_polymer_alt_3_npc
a735dd90a8270dfc,melee_world_slashing_polymer_alt_3_plr
a4ec52feabc3f83a,melee_world_slashing_polymer_pri_0_npc
63dbb9ff1804265f,melee_world_slashing_polymer_pri_0_plr
a4a3a52e8efc06cd,melee_world_slashing_polymer_pri_1_npc
d7998a2eab8f5b14,melee_world_slashing_polymer_pri_1_plr
e7453138c3fddd68,melee_world_slashing_polymer_pri_2_npc
b1701c38a4f8f529,melee_world_slashing_polymer_pri_2_plr
e9567b126ef150db,melee_world_slashing_polymer_pri_3_npc
298dd41201f8c536,melee_world_slashing_polymer_pri_3_plr
a2d9314ea2bd2fd9,melee_world_slashing_steel_alt_0_npc
90d4ee4e98561100,melee_world_slashing_steel_alt_0_plr
df8ac5613f8b4526,melee_world_slashing_steel_alt_1_npc
56f3246182a5fe4b,melee_world_slashing_steel_alt_1_plr
cc2f2f881ab66b47,melee_world_slashing_steel_alt_2_npc
cb3f40878a033102,melee_world_slashing_steel_alt_2_plr
78ecdd5d220511d4,melee_world_slashing_steel_alt_3_npc
fe1d805cdc058015,melee_world_slashing_steel_alt_3_plr
aac084cc09efbd23,melee_world_slashing_steel_pri_0_npc
77e48dcbed715efe,melee_world_slashing_steel_pri_0_plr
3c211af6a941e850,melee_world_slashing_steel_pri_1_npc
92ccb5f6da5c0eb1,melee_world_slashing_steel_pri_1_plr
6923aabd0f774975,melee_world_slashing_steel_pri_2_npc
282f1fbd7bd00a1c,melee_world_slashing_steel_pri_2_plr
79b480e3ff580662,melee_world_slashing_steel_pri_3_npc
99ed57e381008127,melee_world_slashing_steel_pri_3_plr
4d7922bb74e357bc,move_rpapa7_proj_flame
7d07d16264575e7d,move_rpapa7_proj_flame_dist
8c37ad3809e6a261,movement_foliage_plr
c1eb94ec2ec0ffb1,rocket_explode_atmo
aea14bf6f49c6770,rocket_explode_body
89bd9d6205252143,rocket_explode_debris
c17a7070044fb9e1,smoke_grenade_expl_debris
8f8f9299dadc7169,tv_shot_burst
48b943b177fe8de3,tv_shot_sparks
2007393f6175e489,weap_proxy_atmo
d17d7790ce6728eb,weap_proxy_debris
a693fb400c44342e,weap_proxy_swt
4c9fcb6026b2f414,chat_mw2_in
90b5c904c097f8e5,chat_mw2_loop
b3811461a57e0a81,chat_mw2_out
5b2156916b2ce8e4,iw8_stealth_chat_in
4ff24c94c7466915,iw8_stealth_chat_loop
d401c9190114c9f1,iw8_stealth_chat_out
e28e0359ef46ddc6,match_countdown_tick
7e338c8bd68047bb,match_countdown_tick_in1
7e338d8bd680496e,match_countdown_tick_in2
7e338e8bd6804b21,match_countdown_tick_in3
5b9bc4ba528108e4,null
8b10ea1348a96f5f,ui_audio_test
4b80e1a8a36b5639,ui_audio_test_lfe
6c3e108e15932d22,ui_audio_test_lsrs
88a3f536ad1be7a3,ui_audio_test_music
85b119a8c3ae9d7f,ui_audio_test_sfx
7e53456753fa0d82,ui_audio_test_sfx_lsrs
3e537b6d28577f75,ui_chyron_box_end
a4a152e5c4ba42cc,ui_chyron_box_lp
de5e97c59c2f672c,ui_chyron_box_start
759afd5d4935becf,ui_chyron_off
3bfe39f308a94a2,ui_chyron_text_type
9dcdebdf4fa60373,ui_chyron_text_type_lp
7310c7e86d2a1d5f,ui_generic_pop_up
61260f4c4e1a9fab,ui_hilite_tab
df63a49068e71834,ui_hitmarker_classic
e7926c5a4fc08ab4,ui_hitmarker_mw
531ca7713f92f191,ui_menu_title_decode_text
3e03f219d51a2a7c,ui_other_adjust
9612c7244f43ce,ui_screen_adjust
e10f80b897288c83,ui_screen_edge_deny
c826364b2e6f90e0,ui_select_alt
4bb1b3200238fec8,ui_select_screen_return
42592df332ffb289,ui_slide_adjust
ecbe8efada265eec,ui_wheel_confirm
822c62b82ef1845e,ui_wheel_popup
d17b52c74dffe66c,ui_wheel_select
6725eae14cc5744b,ui_audio_test_vo_1
6725ece14cc577b1,ui_audio_test_vo_3
6725ede14cc57964,ui_audio_test_vo_4
e2ffec9bb77f0c4b,female_death_american_1
54d8b4ee4d70051e,female_death_american_1_plr
e2ffed9bb77f0dfe,female_death_american_2
e2ffee9bb77f0fb1,female_death_american_3
e2ffef9bb77f1164,female_death_american_4
e2fff09bb77f1317,female_death_american_5
e2fff19bb77f14ca,female_death_american_6
e2fff29bb77f167d,female_death_american_7
e2ffe39bb77efd00,female_death_american_8
dfaed06847d5a8c6,female_death_russian_1
dfaecf6847d5a713,female_death_russian_2
dfaece6847d5a560,female_death_russian_3
dfaed56847d5b145,female_death_russian_4
dfaed46847d5af92,female_death_russian_5
dfaed36847d5addf,female_death_russian_6
dfaed26847d5ac2c,female_death_russian_7
dfaed96847d5b811,female_death_russian_8
b06f466dde3220aa,generic_death_american_1
94a0a4827dc3e093,generic_death_american_1_plr
b06f456dde321ef7,generic_death_american_2
bb3d8524d39806a,generic_death_american_2_plr
b06f446dde321d44,generic_death_american_3
d112fe6536e6767d,generic_death_american_3_plr
b06f436dde321b91,generic_death_american_4
b06f426dde3219de,generic_death_american_5
b06f416dde32182b,generic_death_american_6
b06f406dde321678,generic_death_american_7
b06f3f6dde3214c5,generic_death_american_8
9c3e7980f8180619,generic_death_russian_1
9c3e7680f8180100,generic_death_russian_2
9c3e7780f81802b3,generic_death_russian_3
9c3e7c80f8180b32,generic_death_russian_4
9c3e7d80f8180ce5,generic_death_russian_5
9c3e7a80f81807cc,generic_death_russian_6
9c3e7b80f818097f,generic_death_russian_7
9c3e8080f81811fe,generic_death_russian_8
1cef6a4feef82aad,npc_climber_hoist
2beca16364e80ad1,npc_effort_climber_grab
edbb3c2289cef79f,npc_effort_hoister_grab
e92b28017553f91c,npc_effort_hoister_hoist
d6929b90423ad086,ac130_105mm_mp_reload
3ee74ce3cf4f490f,ac130_25mm_mp_reload
16ae681694775eb6,ac130_40mm_mp_reload
f2781faa77dd501,amb_br_ac130_lfe
1ed8bb683e1fcc96,amb_mp_ac130
b9b0eed2af12e879,amb_mp_ac130_lsrs
cf19a96623aa8d2f,amb_mp_nuke
e73545668770fc8b,iw8_bradley_drop_c130
7b3328b75f1ddde0,iw8_bradley_drop_c130_close
4677737f2a18fa3a,iw8_ks_ac130_close
1167a04b69763d79,iw8_ks_ac130_dist_rkt_explo
1a4f3dd9a2de9522,iw8_ks_ac130_lp
2bbea6daf914c396,iw8_ks_ac130_roar
b195dfc4aa7ea166,iw8_ks_ac130_weaponswitch
27883a5a4fa6fb4b,ks_ac130_damage_warning
51378dc009140d30,ks_ac130_flares
ec10d1034bcf7576,plr_breath_climb
4869bcdd80da3115,plr_breath_idle_walk_exh
e34fccdd48651a07,plr_breath_idle_walk_inh
2f9e233ab6912211,plr_breath_jump
aa11d49f43de8b7a,plr_breath_land_hi
d1162d02ac05eb82,plr_breath_mantle
7aa7ba21931e37ef,plr_breath_melee
e619f043fa395c8a,plr_breath_nose_exh
7da6f843beeb9940,plr_breath_nose_inh
eebeb51be4ab11bc,plr_breath_offhand_throw
a2e6f97472f61f10,plr_breath_pain_init
c68f0df8f5f0e184,plr_breath_pain_ong_exh
8d4132e0ebe57daa,plr_breath_run_exh
24ce3ae0b097ba60,plr_breath_run_inh
81dc267d43b7809d,plr_breath_sprint_exh
a2acc67d55c87f3f,plr_breath_sprint_inh
82ae1e1808368c,plr_breath_supersprint_exh
244c6e1e2c9fc2ae,plr_breath_supersprint_inh
97a8d8cc34b51170,weap_ac130_25mm_fire_npc
bc1654eb8f0c549a,weap_mike242_fire_npc
844205da9a58469e,weap_mike242_fire_npc_atmo
471115c1f360669f,weap_mike242_fire_npc_dist
b24d1931aacf0455,weap_mike242_fire_npc_dist_atmo
6c2e60a94eee8394,weap_mike242_fire_npc_far
241b2242cc2cbd74,weap_mike242_fire_npc_far_atmo
392775a9324cb1e8,weap_mike242_fire_npc_lfe
274c5375814df8a2,weap_mike242_fire_npc_mech
2eac2da92bd8c4d7,weap_mike242_fire_npc_med
dc1176e90b97dd0d,weap_mike242_fire_npc_med_atmo
7b05bbebfb4c82bf,weap_mike242_fire_plr
a7fcfda4a9e956b5,weap_mike242_fire_plr_atmo
c1214404b7093659,weap_mike242_fire_plr_lfe
8eb04c0a10b9c9a5,weap_mike242_fire_plr_mech
255cf07f8e5e8015,generic_gesture_equip
4f3261b982c13132,weap_dblmg_sentry_fire_npc
d306e08778f3e156,weap_dblmg_sentry_fire_npc_atmo
2257706f221c7167,weap_dblmg_sentry_fire_npc_dist
62f3ce6e95b334fd,weap_dblmg_sentry_fire_npc_dist_atmo
24f35c1b4933b83c,weap_dblmg_sentry_fire_npc_far
f054341da0f286bc,weap_dblmg_sentry_fire_npc_far_atmo
7ba9e11b7a57c0c0,weap_dblmg_sentry_fire_npc_lfe
712ed91b73e4406f,weap_dblmg_sentry_fire_npc_med
664dde6c768a3b05,weap_dblmg_sentry_fire_npc_med_atmo
f8d1738d83cb36ca,weap_dblmg_spindown_npc
173415026e3e468f,weap_dblmg_spindown_npc_dist
98126401bdab0484,weap_dblmg_spindown_npc_far
5a8f51019a93c927,weap_dblmg_spindown_npc_med
8a67acd7a4b6d05c,weap_dblmg_spinloop_npc
36e2815204e56ddd,weap_dblmg_spinloop_npc_dist
2e1f18ee92fd1dc2,weap_dblmg_spinloop_npc_far
d08375ee5e71bc4d,weap_dblmg_spinloop_npc_med
e67673d84c4f698b,weap_dblmg_spinup_npc
d867fe1fb2e81bfc,weap_dblmg_spinup_npc_dist
f0cbd02c3db371fd,weap_dblmg_spinup_npc_far
a4905b2c1302f762,weap_dblmg_spinup_npc_med
86a32d5aa5f2ede4,weap_mortar_expl_crack_dbl
f5d060c44a248bbe,amb_mp_gulag
91a5e375449246f1,amb_mp_gulag_lsrs
b2f233c8052b31a7,ammo_crate_use
d291ecfcfe51a66b,apache_impact_dist
1ec589291a23ba97,ar_crack_far_far
f3629429018bd9ec,ar_crack_far_med
7732ef95e10a9c24,ar_crack_far_near
9300cf1de31d08c0,ar_crack_med_far
58ffa41dc3014853,ar_crack_med_med
eeb3a7875e867d4d,ar_crack_med_near
9ed91be75ef1d9cc,ar_crack_near_far
ee7b78e78c87079f,ar_crack_near_med
d5fb2667e1337bb9,ar_crack_near_near
67fa0498ebb6999f,arrow_whiz_far_far_in
975baad8a3d29cc4,arrow_whiz_far_far_out
fc8ca9f8e0597ec2,arrow_whiz_far_med_in
b27d8be5573636db,arrow_whiz_far_med_out
448791acd21eedaa,arrow_whiz_far_near_in
c4144aa926fc47e3,arrow_whiz_far_near_out
9577c463ef1ce9e,arrow_whiz_med_far_in
bfceb15ceac99f5f,arrow_whiz_med_far_out
cd848d630d104b23,arrow_whiz_med_med_in
365e3e4f2829a610,arrow_whiz_med_med_out
f011dff1490efbd1,arrow_whiz_med_near_in
c76f37ff055e0a52,arrow_whiz_med_near_out
fda9f352d57c9e92,arrow_whiz_near_far_in
b7675fc0df5dde4b,arrow_whiz_near_far_out
e7a906cf32bf4337,arrow_whiz_near_med_in
962fc513575ccddc,arrow_whiz_near_med_out
db9026d35a8dfe45,arrow_whiz_near_near_in
b6488e22e9f4d12e,arrow_whiz_near_near_out
d457ac29baddcb15,assault_drone_expl_atmo
6b75176e1b5544df,assault_drone_expl_debris
1a6d83e798790139,assault_drone_expl_lfe
72d2164aad62b16f,bomb_tick
5a92501cf1ec9af9,br_exfil_lbravo_engine_temp
b8a4e40e30b5a9c2,br_jugg_capture_negative
2753e1f64e850c12,br_jugg_capture_positive
130e88385e40bf77,br_player_revived
25c9e0b8c28d227a,breach_c4_plant_lfe
1cddc8a5ad765ac9,breath_land_parachute_npc
d399beeac6065075,breath_npc_run
81227f68a56ce764,breath_npc_sprint
ad16eb204d62885c,breathing_better
ef0a406959cd1e33,bullet_impact_headshot
3ded1eafe229e235,bullet_impact_headshot_far
82fe5db009375b4b,bullet_impact_headshot_npc
f6e432691f12fbd,bullet_impact_headshot_npc_far
d9aaf6b03a533146,bullet_impact_headshot_plr
20c5286174351b4c,bullet_rico_impact_ballistic
1ce29e6042035761,bullet_rico_impact_energy
7a6cb6efeb20b2cf,bullet_ricochet
fbe906377b4beba0,bullet_ricochet_dist
e528426c3e376abf,bullet_ricochet_heavy
b07c306d76a593cf,c4_bounce
9517230579cfe9a3,c4_bounce_metal_grate
f052641cbcb39840,c4_expl_far
be09711ca0b2e204,c4_expl_lfe
947118d7a453ecc7,c4_expl_trans
2cf4d871aa5c7787,canister_warning
425ce6b4643114eb,car_alarm_future_01
4d85b8854fdc86fd,car_alarm_future_off
6d3a559ce0005669,car_alarm_horn
7df4bed93dfbe508,care_package_raise
51309a0b44361766,care_package_raise_layer
de12b47a4d5d7ee0,care_package_raise_npc
20bd1b96b54e5e8e,care_package_raise_npc_layer
1f234f79e11d5421,care_package_raise_plr
8524fe1ed46f9ef7,care_package_raise_plr_layer
18b9d73afebb94b6,case_bounce_asphalt
31416eca3966cf81,case_bounce_bark
b043e6115db5a268,case_bounce_brick
543712e028d5507c,case_bounce_carpet
dac1426dcf333ee1,case_bounce_ceramic
a5fc56b3fcc37821,case_bounce_cloth
aeb8b525e00c23d4,case_bounce_concrete
c1093020364057ee,case_bounce_cushion
49a99a5753d96478,case_bounce_default
c46c7b87a472f4e,case_bounce_dirt
b3149d09c2d854d3,case_bounce_flesh
693e6f25217c28fa,case_bounce_foliage
ab5d7d9fa9a2f437,case_bounce_fruit
88366eb1d4097c3d,case_bounce_glass
49530a5e76b4db6b,case_bounce_grass
333d2483a6d1e280,case_bounce_gravel
3c5f0c0ddd108732,case_bounce_ice
68448fd0866f404a,case_bounce_metal
70465e36e754ab1a,case_bounce_metal_grate
1b9c750dcb0bd537,case_bounce_mud
b1680f1435a9c957,case_bounce_paintedmetal
e2d769859955b4cb,case_bounce_paper
cd36cae61b7877ea,case_bounce_plaster
cd43b3e61b82db31,case_bounce_plastic
42693cf16b9ab0a4,case_bounce_riotshield
97b081521b2a82be,case_bounce_rock
6bb1051125593d2d,case_bounce_rubber
a397ca47517caff5,case_bounce_sand
5e2baf47ecc4801c,case_bounce_slush
ceea84476a076c2c,case_bounce_snow
ea57f5ad95eeee5e,case_bounce_water
6758ae28630cbdce,case_bounce_wood
28a8580a06a2eb6,casing_eject_45acp
d441cd616dcb87e5,claymore_activated
b6bb7727fccea995,claymore_armed
c932154926cf1a87,claymore_sensors_on
e243b334617c49ff,crate_impact
c5c441dc8970f029,deadsilence_start
75f9e5101b6b9a5a,deaths_door_death
2f302c6d0bec27a8,deaths_door_death_lfe
7c3f134b79e7e4a5,deaths_door_death_lsrs
c3750c6a61f7f037,deaths_door_in
c37f246a62006d84,deaths_door_lp
983ed7d9c0d14e0b,deaths_door_lp_lsrs
4a8a4bc494aac4dc,deaths_door_out
3380bf2bf78a11b,default_crack
6431ccf4a0d6fb83,default_crack_far_far
c1cd8ff4d5629358,default_crack_far_med
dd146eed6fe9190,default_crack_far_near
ef30b360697b9e5c,default_crack_med_far
3ed23060970f4f8f,default_crack_med_med
dae3916023654a9,default_crack_med_near
32f005e41eb7ec18,default_crack_near_far
81d38ae44baa81db,default_crack_near_med
a40532e6803b3945,default_crack_near_near
748995a1bfe4cee7,default_whiz_far_far_in
1ce1c4d92dcd67ec,default_whiz_far_far_out
2d06df4ffd67553a,default_whiz_far_med_in
1c60a6ebb2a8ec53,default_whiz_far_med_out
31076bc808fd3932,default_whiz_far_near_in
833c6ee765c90b6b,default_whiz_far_near_out
63c08b71de0a9dd6,default_whiz_med_far_in
787f507c4166b717,default_whiz_med_far_out
1a54780282923e8b,default_whiz_med_med_in
3dd39343d4283bf8,default_whiz_med_med_out
4a63f4ad5f1105a9,default_whiz_med_near_in
4621ab986d894e0a,default_whiz_med_near_out
96de8942209dc91a,default_whiz_near_far_in
2c498d5d882e8bb3,default_whiz_near_far_out
351d51238a2d196f,default_whiz_near_med_in
a069ea63e6d19c74,default_whiz_near_med_out
780641c464a9024d,default_whiz_near_near_in
a9f33db7126eea16,default_whiz_near_near_out
65cd150cf1c9aad0,detpack_pickup
e1a975f5e43d2d4,door_locked
8493d7809a1142fa,door_locked_bashed
4571c293a291b143,emp_grenade_detonate_layer
7d93c5ea56c2939c,emt_no_sound_here
b24c5184059c674d,emt_rock_med_debris_short
2f1203e5037651aa,emt_smokestack_lp
41817372bcae9b33,exec_baton_slide
b29aa61ff24f209b,exec_baton_slide_heavy
ce3c4d24085d118f,exec_baton_swing_fast
66590d36e8cfcae5,exec_baton_swing_mid
495915c3e8954bd8,exec_baton_swing_slow
e4d65f61b44191e4,exec_cinderblock_hit_body
40e5dc0eae6a9c0a,exec_cinderblock_hit_head
5c30171488f08c12,exec_cinderblock_hit_swt
8d04cdd7fc951b27,exec_cinderblock_land
22e75b72fd11f487,exec_halligan_drop
51f1353bea34adf9,exec_halligan_swing_high
5c611845a6c73725,exec_halligan_swing_low
82c9fa0182c4838b,exec_kerambit_spin
d70db0bb3a05caca,exec_kerambit_spin_2
d70db1bb3a05cc7d,exec_kerambit_spin_3
ceb5482b197a8725,exec_machete_pull_shing_high
80c6fdc2d2b38cc8,exec_machete_swing_mid
573990176a8569bc,exec_ringblade_spin
4cac1f49c9075200,exec_shocker_01
4cac2449c9075a7f,exec_shocker_04
4cac2649c9075de5,exec_shocker_06
4cac2549c9075c32,exec_shocker_07
4cac2849c907614b,exec_shocker_08
4cac2749c9075f98,exec_shocker_09
4ca8ba49c904708a,exec_shocker_10
4ca8bb49c904723d,exec_shocker_11
6acf4e42a02c5eb2,exec_shovel_impact_body
c4c42711cbc4f858,exec_shovel_impact_head
c886756801f943e4,exec_shovel_swt_body
2495f214fc224e0a,exec_shovel_swt_head
a959c3e2b3b9c6c8,exp_bombsite_lfe
5d49dde73724fee1,exp_bombsite_lr
de8a50379c4cdb45,exp_bombsite_lsrs
b3e89c3720dec1c9,explo_metal_rand
a56dfc320fed6393,explo_metal_rand_lfe
40b2daf54e587df7,final_killcam_in
7b1e81d43cbc7b9c,final_killcam_out
aa4d291b28256486,flag_spawned
b255fb02e2d40a45,foot_slide_npc_end
f3b77c223259981e,foot_slide_npc_loop
768f2ec6a36b51fc,foot_slide_npc_start
c742d6e001d2a46c,foot_slide_plr_end
f826956caa724a72,foot_slide_plr_land
e626596ca00f2055,foot_slide_plr_loop
a7cf7ed09fb77695,foot_slide_plr_start
ec18187657d15785,game_save
83980e5eb50e96d4,gas_bolt_expl_atmo
87512f76aa02a6e1,gas_bolt_expl_body
d01f0fc1e6933316,gas_bolt_expl_distant
c658af0e96a46ae2,gas_bolt_expl_lfe
af447e00c37c593f,gas_bolt_expl_tail
37fa6b00807b1ecd,gas_bolt_expl_tone
b62c56bd54e0c295,gas_bolt_expl_trans
e4b1c0e84d3e94fd,gas_grenade_atmo
3d889feec87799d4,gas_grenade_body
efa0dc6457b2bcb1,gas_grenade_distant
82ef7898f204281,gas_grenade_lfe
cedd8589ff817ca2,gas_grenade_swt
ccbbb983e381e05a,gas_grenade_tail
ff4fb483ffc28fa8,gas_grenade_tone
5ac1eb9eb8b86262,gas_grenade_trans
de6f381f19ab52a7,gas_player_cough
56224e967f179f54,gas_tank_bounce
b01aff3679e4cbc4,gas_tank_bounce_heavy
1eabb514ebc9b55b,gas_tank_bounce_light
dfa29ab287ee08f1,gas_tank_explode
cc639e5c72fc3637,gas_tank_explode_distant
bfcfa09494887bfb,gas_tank_explode_lfe
bfee829494a2f990,gas_tank_explode_low
65dd8a94f301d470,gas_tank_explode_swt
482207ef94250fa9,gas_tank_pickup_plr
fa13bb479676f9ac,gas_tank_throw_npc
f62a0e47033c256d,gas_tank_throw_plr
592f25189256212a,generic_cough_3_enemy_1
592f241892561f77,generic_cough_3_enemy_2
592f231892561dc4,generic_cough_3_enemy_3
592f221892561c11,generic_cough_3_enemy_4
592f211892561a5e,generic_cough_3_enemy_5
592f2018925618ab,generic_cough_3_enemy_6
592f1f18925616f8,generic_cough_3_enemy_7
592f1e1892561545,generic_cough_3_enemy_8
bdd916fb589fa819,generic_cough_3_friendly_1
bdd913fb589fa300,generic_cough_3_friendly_2
bdd914fb589fa4b3,generic_cough_3_friendly_3
bdd919fb589fad32,generic_cough_3_friendly_4
bdd91afb589faee5,generic_cough_3_friendly_5
bdd917fb589fa9cc,generic_cough_3_friendly_6
bdd918fb589fab7f,generic_cough_3_friendly_7
bdd91dfb589fb3fe,generic_cough_3_friendly_8
56070bdd1233706c,generic_cough_fit_enemy_1
56070edd12337585,generic_cough_fit_enemy_2
56070ddd123373d2,generic_cough_fit_enemy_3
560708dd12336b53,generic_cough_fit_enemy_4
560707dd123369a0,generic_cough_fit_enemy_5
56070add12336eb9,generic_cough_fit_enemy_6
560709dd12336d06,generic_cough_fit_enemy_7
560714dd12337fb7,generic_cough_fit_enemy_8
4f16de7d6c01ea67,generic_cough_fit_friendly_1
4f16df7d6c01ec1a,generic_cough_fit_friendly_2
4f16e07d6c01edcd,generic_cough_fit_friendly_3
4f16d97d6c01e1e8,generic_cough_fit_friendly_4
4f16da7d6c01e39b,generic_cough_fit_friendly_5
4f16db7d6c01e54e,generic_cough_fit_friendly_6
4f16dc7d6c01e701,generic_cough_fit_friendly_7
4f16d57d6c01db1c,generic_cough_fit_friendly_8
bad020d00855850a,gib_cryo_arm
93a8725000698261,gib_cryo_arm_blood
14848b9927e85f2,gib_cryo_head
f2245aa892437549,gib_cryo_head_blood
1904d9d03d6318ac,gib_cryo_leg
6d64db886e739c43,gib_cryo_leg_blood
15a2d1d14e5c6d42,gib_dismember_arm_blood
947874cdcb814760,gib_dismember_head_blood
7d926e77b20dc333,gib_dismember_leg
99d10cf1c678580c,gib_dismember_leg_blood
c2e1158212523606,gib_fullbody_katana
ffc526e15128918a,gib_fullbody_plr
d540746ef624d121,glass_pane_blowout
91b2ebb9fac873f7,glass_pane_blowout_layer
be321e4a4d1b61be,glass_pane_breakout
b0488360fe8412f,glass_pane_piece_break
3327a5c5d4d20bcc,glass_pane_shatter
7df4993fcb3061e1,gren_pickup_emp
74b1047eea991e09,gren_pickup_frag
2c976c24a84950b2,grenade_pickup
8411bab0f00745af,grenade_roll_default
b4c3d0a2f7b624fb,hit_marker_3d_armor_break_lfe
2b7e20026503a88e,hit_marker_3d_armor_half_health
37a2b1b1abe9816a,hit_marker_classic
4f04e868cbd4dc86,hit_marker_classic_armor
a0ae8ea81d623f6e,hit_marker_classic_armor_break
8af5b34f6d93d455,hit_marker_classic_armor_half_health
98c1ddf6be44fd0,hit_marker_none_armor_break
a43b73f66dc1661,impact_wor_2
c7ffbd5eb4ef9b97,intelligence_pickup
b9109bb74ef4f30d,item_nightvision_off
c78c84f9f2a565f1,item_nightvision_on
ef7f2fc3f011ed02,iw8_decoy_grenade_ar_fire
bfbbd0746b527e54,iw8_decoy_grenade_ar_fire_friendly
51fb0391fa2c9528,iw8_decoy_grenade_smg_fire
f320712aeb9f812e,iw8_decoy_grenade_smg_fire_friendly
4d869e297cd4b28,iw8_decoy_grenade_sn_fire
1d505a848971032e,iw8_decoy_grenade_sn_fire_friendly
74904bc78bb4d011,iw8_mp_motion_ping
242dcc0550c234f9,iw8_trophy_system_deploy_plr_gear
3193b61a058786d2,iw8_trophy_system_raise_plr_gear
744966e54e2111,javelin_clu_acquiring_lock
b6301f1ba7d10a35,javelin_clu_lock
9903f52965801677,knife_bounce
8e624fa7ab1c04d,knife_bounce_elec
1db942015fa8c22c,knife_bounce_fire
c38640f9b2037a25,knife_impact
34c72c07ed17457f,knife_impact_elec
31675ceadf760bb2,knife_impact_fire
c014848ee61a15b3,ks_a10_approach
667adf1139b460c6,ks_a10_approach_low
a8419e8496051ea1,ks_a10_fire_dist_crack
63f0017e77cea699,ks_a10_fire_impacts_main
2be40a61703c9f57,ks_a10_fire_sfx
4cfa16b58b25ac75,ks_a10_flyby
3bee8c62938a87e8,ks_a10_flyby_accent
e7393431d0b707e,ks_a10_leave
d966230e4b74a781,ks_a10_scope_ads_down
a5142b47ee536814,ks_a10_scope_ads_up
181337a3154ff44f,ks_a10_scope_drop
5266995993f89f5e,ks_a10_scope_raise
32ecfdc934088855,ks_support_chopper_explode
d8da2660f842f933,ks_support_chopper_explode_distant
f741c30d99ce78c0,ladder_grab_left_npc
38525e0d2d8e4e01,ladder_grab_left_plr
c890d413d8264561,ladder_grab_right_npc
430f01141de12e68,ladder_grab_right_plr
38879cca726304c,laze_raise
e91c1deb647c378b,laze_ready
28c7337dc27572d6,laze_target_acquired
ef03b2d9a5e09195,laze_targetting
3d506e36f2c5d059,laze_turn_off
c3091975d3d4f53d,laze_turn_on
32bb96e61276ea63,lbravo_engine_donut
966d854711cccc44,lbravo_engine_donut_dist
82c9be5695ec8130,lbravo_engine_failure_alarm_lp
d025ac08d6945539,lbravo_engine_high
59c43ccfe043a910,lbravo_engine_high_fallback
82e6d04e5f764865,lbravo_engine_low
d7615a5c4b0d54,lbravo_engine_low_fallback
991ddc57f118b197,lbravo_helicopter_crash
da14e4c8f66a9383,lbravo_helicopter_dying_layer
219befbfc423fad4,lbravo_helicopter_dying_loop
1aa0b731d44d04f1,lbravo_helicopter_hit
82cb892b25f34952,lbravo_helicopter_secondary_exp
895bb3b02640df3d,lbravo_idle_high
db840d057427cc7c,lbravo_idle_high_fallback
7c7a309248609861,lbravo_idle_low
d60838bb31017348,lbravo_idle_low_fallback
c5c347bfd60ae363,lbravo_noflares_warning
b978f3e6e3825ca9,lbravo_rotor_impact_heavy
f620040d04824e9e,lbravo_rotor_impact_light
4b82c150a291394e,maaws_incoming_lp
c272fa2f497ba1ce,maaws_reticle_locked
bf745dde02a103f9,maaws_reticle_tracking
3db1fc82751477e6,mantle_cloth_npc_on_backward_high
6fa4bb9e867f090c,mantle_cloth_npc_on_backward_low
de9d8d6589f169c3,mantle_cloth_npc_on_backward_middle
300ed3bc581ba75a,mantle_cloth_npc_on_forward_high
20219055d5a73118,mantle_cloth_npc_on_forward_low
c05a0d37843170e7,mantle_cloth_npc_on_forward_middle
902f55ec835920ae,mantle_cloth_npc_on_left_high
95d80d343fe8bf74,mantle_cloth_npc_on_left_low
777e4df828d8a16b,mantle_cloth_npc_on_left_middle
5aeb6cb8fffa23df,mantle_cloth_npc_on_right_high
6a24478c923737a3,mantle_cloth_npc_on_right_low
3f2fb590bfd29e0e,mantle_cloth_npc_on_right_middle
19b5e9a29d6ab481,mantle_cloth_npc_over_backward_high
74fe88857578002d,mantle_cloth_npc_over_backward_low
2c3a579c334deeec,mantle_cloth_npc_over_backward_middle
e01cbcccc78782f3,mantle_cloth_npc_over_forward_high
18c001d69aa7433f,mantle_cloth_npc_over_forward_low
89735ceee8ee1692,mantle_cloth_npc_over_forward_middle
a22cb3d247844105,mantle_cloth_npc_over_left_high
182ddfe42753a429,mantle_cloth_npc_over_left_low
7a2c324f76c22540,mantle_cloth_npc_over_left_middle
9a227d0bfab6f3ee,mantle_cloth_npc_over_right_high
2c14cc1df8565ab4,mantle_cloth_npc_over_right_low
ce436fec53fb59ab,mantle_cloth_npc_over_right_middle
897125e7b77e083b,mantle_cloth_plr_on_backward_extreme
280efba14faff09,mantle_cloth_plr_on_backward_high
2f903a35769e4335,mantle_cloth_plr_on_backward_low
86bfac814ee78bb4,mantle_cloth_plr_on_backward_middle
e24993c4bde8c331,mantle_cloth_plr_on_forward_extreme
25519483fe50d52b,mantle_cloth_plr_on_forward_high
6bf2ff72674c5737,mantle_cloth_plr_on_forward_low
cbcf4c6d8879672a,mantle_cloth_plr_on_forward_middle
a0628e2c8554d127,mantle_cloth_plr_on_left_extreme
3a45858286b3ca6d,mantle_cloth_plr_on_left_high
2028bd4d506f8691,mantle_cloth_plr_on_left_low
6ece3e37c253dc68,mantle_cloth_plr_on_left_middle
af5b4fa478b51f66,mantle_cloth_plr_on_right_extreme
1517e457afe0376,mantle_cloth_plr_on_right_high
eb763986d909545c,mantle_cloth_plr_on_right_low
57e9bc66523d29d3,mantle_cloth_plr_on_right_middle
53fd92099b801b42,mantle_cloth_plr_over_backward_extreme
410df9d82d4f42ba,mantle_cloth_plr_over_backward_high
5422073a4004e0f8,mantle_cloth_plr_over_backward_low
6c6e77ca6df66647,mantle_cloth_plr_over_backward_middle
e3d469d995be79d6,mantle_cloth_plr_over_forward_extreme
bf6d9ddfb501d2a6,mantle_cloth_plr_over_forward_high
5df10fffdabe8bcc,mantle_cloth_plr_over_forward_low
e3dc9d3528390883,mantle_cloth_plr_over_forward_middle
922ed0d1bfac81ca,mantle_cloth_plr_over_left_extreme
87ad1c56617f0302,mantle_cloth_plr_over_left_high
8f1eb1091b102b60,mantle_cloth_plr_over_left_low
ef2ccea6f0b68c2f,mantle_cloth_plr_over_left_middle
b16a72695b2bba11,mantle_cloth_plr_over_right_extreme
452c832bc7ec958b,mantle_cloth_plr_over_right_high
53fde7346574c917,mantle_cloth_plr_over_right_low
356de0496f798d8a,mantle_cloth_plr_over_right_middle
61e236ce8929fd00,mantle_nylon_npc_on_backward_high
6218545d609a97de,mantle_nylon_npc_on_backward_low
531adfea3d9c1d99,mantle_nylon_npc_on_backward_middle
e606aa60fce83368,mantle_nylon_npc_on_forward_high
9abc566a12f614e6,mantle_nylon_npc_on_forward_low
5becd1e86bc62701,mantle_nylon_npc_on_forward_middle
22e076598d061140,mantle_nylon_npc_on_left_high
a57bce7a8b866e1e,mantle_nylon_npc_on_left_low
212e83ca932e41d9,mantle_nylon_npc_on_left_middle
6c7bdcd53fce5a41,mantle_nylon_npc_on_right_high
af1458acfe6e3aed,mantle_nylon_npc_on_right_low
2d5f6d2c8d8c66ac,mantle_nylon_npc_on_right_middle
9b885d9b082fcff7,mantle_nylon_npc_over_backward_high
7dac634d85b4f4bb,mantle_nylon_npc_over_backward_low
11082a7e7922d4e6,mantle_nylon_npc_over_backward_middle
f01e43537f8ed0fd,mantle_nylon_npc_over_forward_high
a2b688711a255721,mantle_nylon_npc_over_forward_low
e1cfc952fc34c738,mantle_nylon_npc_over_forward_middle
ffb461b226f53063,mantle_nylon_npc_over_left_high
3f2d7a9a84a3efaf,mantle_nylon_npc_over_left_low
6a450a3cd0093bc2,mantle_nylon_npc_over_left_middle
83c8f617ecaa74d4,mantle_nylon_npc_over_right_high
fdeda3f32d97a83a,mantle_nylon_npc_over_right_low
8447aef3680bdecd,mantle_nylon_npc_over_right_middle
ad28dad60662d7cd,mantle_nylon_plr_on_backward_extreme
c722c1f494440a6f,mantle_nylon_plr_on_backward_high
b47f670bd34b04f3,mantle_nylon_plr_on_backward_low
1c4134ccf01ef8de,mantle_nylon_plr_on_backward_middle
28a3ebd12f77c69f,mantle_nylon_plr_on_forward_extreme
64991e7ae481eae5,mantle_nylon_plr_on_forward_high
c9a240489936cc89,mantle_nylon_plr_on_forward_low
5465fc2f8fbf4b20,mantle_nylon_plr_on_forward_middle
a34f917a99049c81,mantle_nylon_plr_on_left_extreme
10b39a040b4a47fb,mantle_nylon_plr_on_left_high
65b04d6656d814c7,mantle_nylon_plr_on_left_low
dbbff3689c4be6ba,mantle_nylon_plr_on_left_middle
5406ac4f5d762bf8,mantle_nylon_plr_on_right_extreme
ee0efb1cb750712c,mantle_nylon_plr_on_right_high
536e6c1bce4f5f52,mantle_nylon_plr_on_right_low
dc94db301504f8e5,mantle_nylon_plr_on_right_middle
1b86f0c496c4ea68,mantle_nylon_plr_over_backward_extreme
821e5dce3c18065c,mantle_nylon_plr_over_backward_high
21a3c3c3edfd8ec2,mantle_nylon_plr_over_backward_low
6f59f9d62aa78895,mantle_nylon_plr_over_backward_middle
3220f7d9a35f6398,mantle_nylon_plr_over_forward_extreme
f9d257d00849114c,mantle_nylon_plr_over_forward_high
1dcb83a426d212f2,mantle_nylon_plr_over_forward_low
4fad56aaad3d4e05,mantle_nylon_plr_over_forward_middle
7036657099f1e508,mantle_nylon_plr_over_left_extreme
5d9acdd6371f707c,mantle_nylon_plr_over_left_high
af569840b6122c62,mantle_nylon_plr_over_left_low
fa2afd19fb36f4b5,mantle_nylon_plr_over_left_middle
5255443d76bd9aef,mantle_nylon_plr_over_right_extreme
f8a45f97d0596175,mantle_nylon_plr_over_right_high
a299b47ab01ec9d9,mantle_nylon_plr_over_right_low
3f434029a21477b0,mantle_nylon_plr_over_right_middle
d1c01772b7f0feb5,mantle_vestheavy_npc_on_backward_high
1b5c14630d18bb19,mantle_vestheavy_npc_on_backward_low
4a8b9cc365bed4f0,mantle_vestheavy_npc_on_backward_middle
524efa0f122a013f,mantle_vestheavy_npc_on_forward_high
f913b67085512783,mantle_vestheavy_npc_on_forward_low
e4fad7300bfefa6e,mantle_vestheavy_npc_on_forward_middle
240bcdfcad03d949,mantle_vestheavy_npc_on_left_high
eae182526498975,mantle_vestheavy_npc_on_left_low
d7ab8a636d868bf4,mantle_vestheavy_npc_on_left_middle
f53b1e5dba317b5a,mantle_vestheavy_npc_on_right_high
ca592dc62880d18,mantle_vestheavy_npc_on_right_low
5e59df353cac64e7,mantle_vestheavy_npc_on_right_middle
e39c245d1881c5ee,mantle_vestheavy_npc_over_backward_high
10c80ae2210340b4,mantle_vestheavy_npc_over_backward_low
66a64ea95acfbab,mantle_vestheavy_npc_over_backward_middle
4a8e4ba63cedc2d2,mantle_vestheavy_npc_over_forward_high
42e5885a8183d1b0,mantle_vestheavy_npc_over_forward_low
3717cf1ffcbe017f,mantle_vestheavy_npc_over_forward_middle
6cdfe5725301d0d6,mantle_vestheavy_npc_over_left_high
7769de78d3a5e13c,mantle_vestheavy_npc_over_left_low
e0128baa931f2633,mantle_vestheavy_npc_over_left_middle
d5fe864fe9b427a7,mantle_vestheavy_npc_over_right_high
212a13657c9dd52b,mantle_vestheavy_npc_over_right_low
4c6d1ee1d6715dd6,mantle_vestheavy_npc_over_right_middle
6f795e51a09a03d2,mantle_vestheavy_plr_on_backward_extreme
a750af9683bace0a,mantle_vestheavy_plr_on_backward_high
45b29bdea7d1188,mantle_vestheavy_plr_on_backward_low
3f2f162814bb57,mantle_vestheavy_plr_on_backward_middle
47cfc16b6bb58da6,mantle_vestheavy_plr_on_forward_extreme
c7a71add0b26afb6,mantle_vestheavy_plr_on_forward_high
44798bd611387f9c,mantle_vestheavy_plr_on_forward_low
765755d1d08b1213,mantle_vestheavy_plr_on_forward_middle
c5784f73e0bccbba,mantle_vestheavy_plr_on_left_extreme
4cb0e2a521bb8232,mantle_vestheavy_plr_on_left_high
2f52fd26b41e7c90,mantle_vestheavy_plr_on_left_low
4b38cc7579dba9df,mantle_vestheavy_plr_on_left_middle
374c7b1269729e81,mantle_vestheavy_plr_on_right_extreme
e139cea8b4ac4dfb,mantle_vestheavy_plr_on_right_high
8f043f658a6ef6c7,mantle_vestheavy_plr_on_right_low
cb99b6bdb450dcba,mantle_vestheavy_plr_on_right_middle
52ae98430a80ef27,mantle_vestheavy_plr_over_backward_extreme
2331773d17a0246d,mantle_vestheavy_plr_over_backward_high
802e2eefe60c491,mantle_vestheavy_plr_over_backward_low
114185733ffc4668,mantle_vestheavy_plr_over_backward_middle
9f7e3ca332dfc965,mantle_vestheavy_plr_over_forward_extreme
5327979a0f197547,mantle_vestheavy_plr_over_forward_high
dcf1a925f55184b,mantle_vestheavy_plr_over_forward_low
7afac337f29c1276,mantle_vestheavy_plr_over_forward_middle
da6ca3e1d114bdd3,mantle_vestheavy_plr_over_left_extreme
7426d0b922d94221,mantle_vestheavy_plr_over_left_high
b52d986d61c5df4d,mantle_vestheavy_plr_over_left_low
a03787e7eb87548c,mantle_vestheavy_plr_over_left_middle
bbed7cfec285a0ba,mantle_vestheavy_plr_over_right_extreme
fca06d05d9120132,mantle_vestheavy_plr_over_right_high
f94e3b432c988190,mantle_vestheavy_plr_over_right_low
e8a52731875300df,mantle_vestheavy_plr_over_right_middle
803f7fe1c55304b8,mantle_vestlight_npc_on_backward_high
7ccdbddb5c447bf6,mantle_vestlight_npc_on_backward_low
4665bdabe1af1ed1,mantle_vestlight_npc_on_backward_middle
1c1863da18b6f730,mantle_vestlight_npc_on_forward_high
a1ce2a47a116a64e,mantle_vestlight_npc_on_forward_low
f9b5bc459bff15c9,mantle_vestlight_npc_on_forward_middle
ac12a013100b3ff8,mantle_vestlight_npc_on_left_high
4072c6512fa85d36,mantle_vestlight_npc_on_left_low
90695269c758e911,mantle_vestlight_npc_on_left_middle
bab771e8a7422cf9,mantle_vestlight_npc_on_right_high
5970d716612e3c25,mantle_vestlight_npc_on_right_low
188611db8b14e8a4,mantle_vestlight_npc_on_right_middle
67e15bf98866905f,mantle_vestlight_npc_over_backward_high
9f94e0d0fc75d923,mantle_vestlight_npc_over_backward_low
bcf550b796657e8e,mantle_vestlight_npc_over_backward_middle
99c2cd847b4a2b55,mantle_vestlight_npc_over_forward_high
93ebd3111abff39,mantle_vestlight_npc_over_forward_low
335e0c861a1fa390,mantle_vestlight_npc_over_forward_middle
b811bc4ae86a154b,mantle_vestlight_npc_over_left_high
bdf7e43f1280c6d7,mantle_vestlight_npc_over_left_low
7608e96b0a863a4a,mantle_vestlight_npc_over_left_middle
6e36ee34ca0966fc,mantle_vestlight_npc_over_right_high
c40b1307d7f41be2,mantle_vestlight_npc_over_right_low
70542e58e542ef35,mantle_vestlight_npc_over_right_middle
b5739ff8db14f345,mantle_vestlight_plr_on_backward_extreme
e3e09e2103f122a7,mantle_vestlight_plr_on_backward_high
43b06c50c8016e2b,mantle_vestlight_plr_on_backward_low
6d658e1d12c690d6,mantle_vestlight_plr_on_backward_middle
8b85333589ede5a7,mantle_vestlight_plr_on_forward_extreme
a8b29bd7657507ed,mantle_vestlight_plr_on_forward_high
4649eaf669139311,mantle_vestlight_plr_on_forward_low
bcbed0d743cf35e8,mantle_vestlight_plr_on_forward_middle
c07afff91dc4dcf9,mantle_vestlight_plr_on_left_extreme
db7c1e1ee29702f3,mantle_vestlight_plr_on_left_high
12e2a76ea099c33f,mantle_vestlight_plr_on_left_low
cea9f732fce99692,mantle_vestlight_plr_on_left_middle
79e5e7d057b15fd0,mantle_vestlight_plr_on_right_extreme
e31e8234e2e3e1e4,mantle_vestlight_plr_on_right_high
6db3de59a50995ca,mantle_vestlight_plr_on_right_low
dd857eaf69a83a9d,mantle_vestlight_plr_on_right_middle
9c7468885f1d9f90,mantle_vestlight_plr_over_backward_extreme
3bbabf4fe7f298a4,mantle_vestlight_plr_over_backward_high
9c3fa9782dc4c8a,mantle_vestlight_plr_over_backward_low
17b572151889095d,mantle_vestlight_plr_over_backward_middle
c45139bc980dec50,mantle_vestlight_plr_over_forward_extreme
3563cf7c5e8f8764,mantle_vestlight_plr_over_forward_high
f43064080d59a4a,mantle_vestlight_plr_over_forward_low
6d253922b6e63c1d,mantle_vestlight_plr_over_forward_middle
bbf7e80692b48b30,mantle_vestlight_plr_over_left_extreme
c6905f7bdb8280c4,mantle_vestlight_plr_over_left_high
8b8ed34f39db742a,mantle_vestlight_plr_over_left_low
bc2ef93c6fd2337d,mantle_vestlight_plr_over_left_middle
9ccd636fec4e4e57,mantle_vestlight_plr_over_right_extreme
fbc716ca44bc195d,mantle_vestlight_plr_over_right_high
b97c49e2612bd901,mantle_vestlight_plr_over_right_low
559d8285611b5798,mantle_vestlight_plr_over_right_middle
1cb7b2da588345c7,match_start_tick
9137cdfa43c83122,match_start_tick_in1
9137ccfa43c82f6f,match_start_tick_in2
9137cbfa43c82dbc,match_start_tick_in3
9137c9fa43c82a56,match_start_tick_in5
9267b801e8937941,melee_attack_cloth_dlc2_other_alt_0_hit_npc
a0bb29fc4a0a82d8,melee_attack_cloth_dlc2_other_alt_0_miss_npc
9c9419f57fb364ba,melee_attack_cloth_dlc2_other_alt_1_hit_npc
bc38981b67684eb1,melee_attack_cloth_dlc2_other_alt_1_miss_npc
5c21822e2b14a42f,melee_attack_cloth_dlc2_other_alt_2_hit_npc
eb98393c9501be7a,melee_attack_cloth_dlc2_other_alt_2_miss_npc
f19f0676e7038e68,melee_attack_cloth_dlc2_other_alt_3_hit_npc
f2b66b8541099933,melee_attack_cloth_dlc2_other_alt_3_miss_npc
ebe58ba282e82cfb,melee_attack_cloth_dlc2_other_pri_0_hit_npc
f51042181a836c5e,melee_attack_cloth_dlc2_other_pri_0_miss_npc
9e67f58a4b1a7c54,melee_attack_cloth_dlc2_other_pri_1_hit_npc
1f7969d415b53c87,melee_attack_cloth_dlc2_other_pri_1_miss_npc
36796212154b12bd,melee_attack_cloth_dlc2_other_pri_2_hit_npc
24a2d129369fb6ac,melee_attack_cloth_dlc2_other_pri_2_miss_npc
15a6fec6b8aeee86,melee_attack_cloth_dlc2_other_pri_3_hit_npc
85b9a1499f6497e5,melee_attack_cloth_dlc2_other_pri_3_miss_npc
166d3de3d83f738c,melee_attack_cloth_gunlrg_polymer_alt_0_hit_plr
e0b0864337222dc5,melee_attack_cloth_gunlrg_polymer_alt_0_miss_plr
33d9ac402bb94613,melee_attack_cloth_gunlrg_polymer_alt_1_hit_plr
6862593c6159544,melee_attack_cloth_gunlrg_polymer_alt_1_miss_plr
249ed082fc511f9e,melee_attack_cloth_gunlrg_polymer_alt_2_hit_plr
a4452e69e9fc727b,melee_attack_cloth_gunlrg_polymer_alt_2_miss_plr
9e2e91a9a8f6c9d,melee_attack_cloth_gunlrg_polymer_alt_3_hit_plr
65d08f6751162bda,melee_attack_cloth_gunlrg_polymer_alt_3_miss_plr
4b8ae3f14cb6dd1a,melee_attack_cloth_gunlrg_polymer_pri_0_hit_plr
7fbc86ce73577daf,melee_attack_cloth_gunlrg_polymer_pri_0_miss_plr
c1e760418e5bad39,melee_attack_cloth_gunlrg_polymer_pri_1_hit_plr
3ff53a035ef363fe,melee_attack_cloth_gunlrg_polymer_pri_1_miss_plr
53e7cf9c11e3058,melee_attack_cloth_gunlrg_polymer_pri_2_hit_plr
2fe7f63562de5a49,melee_attack_cloth_gunlrg_polymer_pri_2_miss_plr
dfdd74462aad9b2f,melee_attack_cloth_gunlrg_polymer_pri_3_hit_plr
5469c45d04ed30a8,melee_attack_cloth_gunlrg_polymer_pri_3_miss_plr
52fa6539f52949bd,melee_attack_cloth_gunlrg_steel_alt_0_hit_plr
630921380dd719fa,melee_attack_cloth_gunlrg_steel_alt_0_miss_plr
606050732fa0c3e,melee_attack_cloth_gunlrg_steel_alt_1_hit_plr
ccced3dbb255019b,melee_attack_cloth_gunlrg_steel_alt_1_miss_plr
e86d6119d44726b3,melee_attack_cloth_gunlrg_steel_alt_2_hit_plr
e6e375a4c1093264,melee_attack_cloth_gunlrg_steel_alt_2_miss_plr
cb00f2bd80cd542c,melee_attack_cloth_gunlrg_steel_alt_3_hit_plr
c10dd6543215cae5,melee_attack_cloth_gunlrg_steel_alt_3_miss_plr
39ab1e4206dd809b,melee_attack_cloth_gunlrg_steel_pri_0_hit_plr
eb8a38065e325bdc,melee_attack_cloth_gunlrg_steel_pri_0_miss_plr
2c644b9a7dcbd494,melee_attack_cloth_gunlrg_steel_pri_1_hit_plr
4deadbe863acb7dd,melee_attack_cloth_gunlrg_steel_pri_1_miss_plr
f9d774d326c9a405,melee_attack_cloth_gunlrg_steel_pri_2_hit_plr
36d44a280acc6fb2,melee_attack_cloth_gunlrg_steel_pri_2_miss_plr
7dbf8a5a900a95c6,melee_attack_cloth_gunlrg_steel_pri_3_hit_plr
4e42fba20bdf5813,melee_attack_cloth_gunlrg_steel_pri_3_miss_plr
1da0c838d881e2ad,melee_attack_cloth_gunmed_polymer_alt_0_hit_plr
482dee2044918aea,melee_attack_cloth_gunmed_polymer_alt_0_miss_plr
8206cb448113e3ee,melee_attack_cloth_gunmed_polymer_alt_1_hit_plr
899d0670ff69ca4b,melee_attack_cloth_gunmed_polymer_alt_1_miss_plr
1a2ea530927cc223,melee_attack_cloth_gunmed_polymer_alt_2_hit_plr
1d2899a80a9a554,melee_attack_cloth_gunmed_polymer_alt_2_miss_plr
6055b12e1fa627dc,melee_attack_cloth_gunmed_polymer_alt_3_hit_plr
bb746cd4271e6d15,melee_attack_cloth_gunmed_polymer_alt_3_miss_plr
4ee447dc7b52342b,melee_attack_cloth_gunmed_polymer_pri_0_hit_plr
147f58d1236811ec,melee_attack_cloth_gunmed_polymer_pri_0_miss_plr
18353127163627a4,melee_attack_cloth_gunmed_polymer_pri_1_hit_plr
60f66b0586b9fed,melee_attack_cloth_gunmed_polymer_pri_1_miss_plr
e56d829f84a37715,melee_attack_cloth_gunmed_polymer_pri_2_hit_plr
78bd5b3723e3c2,melee_attack_cloth_gunmed_polymer_pri_2_miss_plr
f157ceb7985b56d6,melee_attack_cloth_gunmed_polymer_pri_3_hit_plr
c8b4339fc568fd63,melee_attack_cloth_gunmed_polymer_pri_3_miss_plr
197b450a2df0d658,melee_attack_cloth_gunmed_steel_alt_0_hit_plr
65d5ea1e4cce6c49,melee_attack_cloth_gunmed_steel_alt_0_miss_plr
f41a3c569780412f,melee_attack_cloth_gunmed_steel_alt_1_hit_plr
8a57b845eedd42a8,melee_attack_cloth_gunmed_steel_alt_1_miss_plr
5fc7ac01b989831a,melee_attack_cloth_gunmed_steel_alt_2_hit_plr
b5aa7ab75d478faf,melee_attack_cloth_gunmed_steel_alt_2_miss_plr
d6242851fb2e5339,melee_attack_cloth_gunmed_steel_alt_3_hit_plr
75e32dec48e375fe,melee_attack_cloth_gunmed_steel_alt_3_miss_plr
57ddeebafcb743c6,melee_attack_cloth_gunmed_steel_pri_0_hit_plr
9c958b7ab54b0213,melee_attack_cloth_gunmed_steel_pri_0_miss_plr
d3f5d93393765205,melee_attack_cloth_gunmed_steel_pri_1_hit_plr
8526da00b43819b2,melee_attack_cloth_gunmed_steel_pri_1_miss_plr
682affaea788294,melee_attack_cloth_gunmed_steel_pri_2_hit_plr
9c3d6bc10d1861dd,melee_attack_cloth_gunmed_steel_pri_2_miss_plr
13c982a2738a2e9b,melee_attack_cloth_gunmed_steel_pri_3_hit_plr
39dcc7df079e05dc,melee_attack_cloth_gunmed_steel_pri_3_miss_plr
3930e64e2dd2e7a3,melee_attack_cloth_gunsm_polymer_alt_0_hit_plr
8ccaee9740b5dd4,melee_attack_cloth_gunsm_polymer_alt_0_miss_plr
7f57f24bbafc4d5c,melee_attack_cloth_gunsm_polymer_alt_1_hit_plr
c26e92231a802595,melee_attack_cloth_gunsm_polymer_alt_1_miss_plr
3ca3095673d8082d,melee_attack_cloth_gunsm_polymer_alt_2_hit_plr
4f28136f37f3436a,melee_attack_cloth_gunsm_polymer_alt_2_miss_plr
a1090c621c6a096e,melee_attack_cloth_gunsm_polymer_alt_3_hit_plr
90972bbff2cb82cb,melee_attack_cloth_gunsm_polymer_alt_3_miss_plr
4d9ce8ccc9771275,melee_attack_cloth_gunsm_polymer_pri_0_hit_plr
ace737e87f2828a2,melee_attack_cloth_gunsm_polymer_pri_0_miss_plr
d75e368b0399f636,melee_attack_cloth_gunsm_polymer_pri_1_hit_plr
babf086daf3c59c3,melee_attack_cloth_gunsm_polymer_pri_1_miss_plr
784415716061298b,melee_attack_cloth_gunsm_polymer_pri_2_hit_plr
9ced608cfefff44c,melee_attack_cloth_gunsm_polymer_pri_2_miss_plr
29df975943086e04,melee_attack_cloth_gunsm_polymer_pri_3_hit_plr
9b5d9e7d6608f8cd,melee_attack_cloth_gunsm_polymer_pri_3_miss_plr
abaa2cabc3626d22,melee_attack_cloth_gunsm_steel_alt_0_hit_plr
51d64cb75a10b8c7,melee_attack_cloth_gunsm_steel_alt_0_miss_plr
21e8273951d48ca1,melee_attack_cloth_gunsm_steel_alt_1_hit_plr
995731ef0b211eb6,melee_attack_cloth_gunsm_steel_alt_1_miss_plr
cb7bad354af259e0,melee_attack_cloth_gunsm_steel_alt_2_hit_plr
754b9f082aedcc01,melee_attack_cloth_gunsm_steel_alt_2_miss_plr
1e94395f4bb6757,melee_attack_cloth_gunsm_steel_alt_3_hit_plr
92287e1ded9d4240,melee_attack_cloth_gunsm_steel_alt_3_miss_plr
d9b0e4a8a3cb6c7c,melee_attack_cloth_gunsm_steel_pri_0_hit_plr
9943ac215933af35,melee_attack_cloth_gunsm_steel_pri_0_miss_plr
620a32b33edcb443,melee_attack_cloth_gunsm_steel_pri_1_hit_plr
e892490995ef9274,melee_attack_cloth_gunsm_steel_pri_1_miss_plr
a63c78984c44960e,melee_attack_cloth_gunsm_steel_pri_2_hit_plr
6ca53cb34234eb6b,melee_attack_cloth_gunsm_steel_pri_2_miss_plr
a4dad1d5422b6d4d,melee_attack_cloth_gunsm_steel_pri_3_hit_plr
391086dbdbd8668a,melee_attack_cloth_gunsm_steel_pri_3_miss_plr
5d7cd723a96205c,melee_attack_cloth_heavy_other_alt_0_fatal_npc
4e124e2849766573,melee_attack_cloth_heavy_other_alt_0_hit_npc
d9ab1c55887d8e26,melee_attack_cloth_heavy_other_alt_0_miss_npc
34bbe57af674471f,melee_attack_cloth_heavy_other_alt_1_fatal_npc
cdcb411db2d578ec,melee_attack_cloth_heavy_other_alt_1_hit_npc
86a0a205537f6bcf,melee_attack_cloth_heavy_other_alt_1_miss_npc
3556db1826bc602a,melee_attack_cloth_heavy_other_alt_2_fatal_npc
4d8b0811fa662935,melee_attack_cloth_heavy_other_alt_2_hit_npc
fdba3eb9394c7bd4,melee_attack_cloth_heavy_other_alt_2_miss_npc
cee16a3776934bcd,melee_attack_cloth_heavy_other_alt_3_fatal_npc
d820c214e3b4fd9e,melee_attack_cloth_heavy_other_alt_3_hit_npc
9652197f30431b0d,melee_attack_cloth_heavy_other_alt_3_miss_npc
587cd0d105dadb6,melee_attack_cloth_heavy_other_pri_0_fatal_npc
a18982bdc1778b01,melee_attack_cloth_heavy_other_pri_0_hit_npc
cc482271fd169c98,melee_attack_cloth_heavy_other_pri_0_miss_npc
4e6d8deabe6a169,melee_attack_cloth_heavy_other_pri_1_fatal_npc
eba84a72cf82f07a,melee_attack_cloth_heavy_other_pri_1_hit_npc
54af0a1c134d6671,melee_attack_cloth_heavy_other_pri_1_miss_npc
101bdee19572d098,melee_attack_cloth_heavy_other_pri_2_fatal_npc
5d6baa5a300b25ef,melee_attack_cloth_heavy_other_pri_2_hit_npc
2f90f673088b6c3a,melee_attack_cloth_heavy_other_pri_2_miss_npc
815e00b96026d90b,melee_attack_cloth_heavy_other_pri_3_fatal_npc
4b40259311cc6828,melee_attack_cloth_heavy_other_pri_3_hit_npc
b5398866df3647f3,melee_attack_cloth_heavy_other_pri_3_miss_npc
15738e7481c6bdc4,melee_attack_cloth_heavy_polymer_alt_0_fatal_npc
d221c084cd16656b,melee_attack_cloth_heavy_polymer_alt_0_hit_npc
43267e6f8469168e,melee_attack_cloth_heavy_polymer_alt_0_miss_npc
4973187f781b1287,melee_attack_cloth_heavy_polymer_alt_1_fatal_npc
24f4250946aa8dc4,melee_attack_cloth_heavy_polymer_alt_1_hit_npc
b3e9d18c8ee018f7,melee_attack_cloth_heavy_polymer_alt_1_miss_npc
8253aad76c872792,melee_attack_cloth_heavy_polymer_alt_2_fatal_npc
2718b13f57b9626d,melee_attack_cloth_heavy_polymer_alt_2_hit_npc
7fdc0bec17d6c79c,melee_attack_cloth_heavy_polymer_alt_2_miss_npc
88124da5a2875b35,melee_attack_cloth_heavy_polymer_alt_3_fatal_npc
2fc49e75574e236,melee_attack_cloth_heavy_polymer_alt_3_hit_npc
763241de9829bb55,melee_attack_cloth_heavy_polymer_alt_3_miss_npc
4abae1776a1dfbbe,melee_attack_cloth_heavy_polymer_pri_0_fatal_npc
19ae98bf06a4ed59,melee_attack_cloth_heavy_polymer_pri_0_hit_npc
44cd27f46363a460,melee_attack_cloth_heavy_polymer_pri_0_miss_npc
4fa4117b95481a11,melee_attack_cloth_heavy_polymer_pri_1_fatal_npc
86635dd01c6a2552,melee_attack_cloth_heavy_polymer_pri_1_hit_npc
d226ac16fcb1a139,melee_attack_cloth_heavy_polymer_pri_1_miss_npc
befee4b5ea6fc600,melee_attack_cloth_heavy_polymer_pri_2_fatal_npc
e985c86123244087,melee_attack_cloth_heavy_polymer_pri_2_hit_npc
f31b0f51d3afeca2,melee_attack_cloth_heavy_polymer_pri_2_miss_npc
d3e84708381291b3,melee_attack_cloth_heavy_polymer_pri_3_fatal_npc
ca8aaa719b8d5100,melee_attack_cloth_heavy_polymer_pri_3_hit_npc
6c40f7fb6fe37f7b,melee_attack_cloth_heavy_polymer_pri_3_miss_npc
e9126544890d2855,melee_attack_cloth_heavy_steel_alt_0_fatal_npc
74d100079b733756,melee_attack_cloth_heavy_steel_alt_0_hit_npc
cc69c9bb1e8ca975,melee_attack_cloth_heavy_steel_alt_0_miss_npc
3accbef3000782b2,melee_attack_cloth_heavy_steel_alt_1_fatal_npc
348a9142a033cf8d,melee_attack_cloth_heavy_steel_alt_1_hit_npc
fed4f7a3ce9cd33c,melee_attack_cloth_heavy_steel_alt_1_miss_npc
a0458c3599fec027,melee_attack_cloth_heavy_steel_alt_2_fatal_npc
afc9899206ca0b64,melee_attack_cloth_heavy_steel_alt_2_hit_npc
54f6aa9ec7c7fd97,melee_attack_cloth_heavy_steel_alt_2_miss_npc
25b61b46ce0e1c64,melee_attack_cloth_heavy_steel_alt_3_fatal_npc
5cf7250d8d35e30b,melee_attack_cloth_heavy_steel_alt_3_hit_npc
7938109b500a71ae,melee_attack_cloth_heavy_steel_alt_3_miss_npc
20fcc23f91d4cfdf,melee_attack_cloth_heavy_steel_pri_0_fatal_npc
eb6091701ef93cac,melee_attack_cloth_heavy_steel_pri_0_hit_npc
4adf88954e90688f,melee_attack_cloth_heavy_steel_pri_0_miss_npc
2b3640298036791c,melee_attack_cloth_heavy_steel_pri_1_fatal_npc
6f96136f403b1333,melee_attack_cloth_heavy_steel_pri_1_hit_npc
35679c45f66b2de6,melee_attack_cloth_heavy_steel_pri_1_miss_npc
d776500a692678d,melee_attack_cloth_heavy_steel_pri_2_fatal_npc
a290deda2925925e,melee_attack_cloth_heavy_steel_pri_2_hit_npc
415977fd40f554cd,melee_attack_cloth_heavy_steel_pri_2_miss_npc
29fc2a079e2977ea,melee_attack_cloth_heavy_steel_pri_3_fatal_npc
60a8824283ea82f5,melee_attack_cloth_heavy_steel_pri_3_hit_npc
aac2c7afae859194,melee_attack_cloth_heavy_steel_pri_3_miss_npc
814c5b7d247ee229,melee_attack_cloth_knife_steel_alt_0_hit_plr
f326dd54f08743ae,melee_attack_cloth_knife_steel_alt_0_miss_plr
a741ad3441f2534a,melee_attack_cloth_knife_steel_alt_1_hit_plr
c75ec90c2f29939f,melee_attack_cloth_knife_steel_alt_1_miss_plr
2105eafc4873cedf,melee_attack_cloth_knife_steel_alt_2_hit_plr
3a89edea3ac84b98,melee_attack_cloth_knife_steel_alt_2_miss_plr
d2674f088acceb48,melee_attack_cloth_knife_steel_alt_3_hit_plr
a0be7dcbf92b2879,melee_attack_cloth_knife_steel_alt_3_miss_plr
642ec1ba51191bb7,melee_attack_cloth_knife_steel_pri_0_hit_plr
70d0857181287120,melee_attack_cloth_knife_steel_pri_0_miss_plr
5e84cd266153ef40,melee_attack_cloth_knife_steel_pri_1_hit_plr
3122b4d61e93fd61,melee_attack_cloth_knife_steel_pri_1_miss_plr
6dd6f2ca1932d001,melee_attack_cloth_knife_steel_pri_2_hit_plr
2a7eec380703ec96,melee_attack_cloth_knife_steel_pri_2_miss_plr
a3287da9a2290802,melee_attack_cloth_knife_steel_pri_3_hit_plr
1fa9e11f1491f327,melee_attack_cloth_knife_steel_pri_3_miss_plr
2ccc138aac790a73,melee_attack_cloth_light_other_alt_0_fatal_npc
787c91ecc638e6c0,melee_attack_cloth_light_other_alt_0_hit_npc
56d95b6c844e2f3b,melee_attack_cloth_light_other_alt_0_miss_npc
3d1e8f93636bfc0,melee_attack_cloth_light_other_alt_1_fatal_npc
efcea6cc73a22e47,melee_attack_cloth_light_other_alt_1_hit_npc
6c01d253a3397c62,melee_attack_cloth_light_other_alt_1_miss_npc
336424c89afd59d1,melee_attack_cloth_light_other_alt_2_fatal_npc
7a0fe4dc72da1c12,melee_attack_cloth_light_other_alt_2_hit_npc
ef6490a59bdde0f9,melee_attack_cloth_light_other_alt_2_miss_npc
3db67fb57891597e,melee_attack_cloth_light_other_alt_3_fatal_npc
bc3e4a48ac7f4719,melee_attack_cloth_light_other_alt_3_hit_npc
5ca3e20a9b25df20,melee_attack_cloth_light_other_alt_3_miss_npc
9c50bd7e57096299,melee_attack_cloth_light_other_pri_0_fatal_npc
5a7c7ab60752612a,melee_attack_cloth_light_other_pri_0_hit_npc
7b328c1d3bc6f3a1,melee_attack_cloth_light_other_pri_0_miss_npc
6c41df2aaa237026,melee_attack_cloth_light_other_pri_1_fatal_npc
c44fbd69c449ee71,melee_attack_cloth_light_other_pri_1_hit_npc
39cfff5fb931288,melee_attack_cloth_light_other_pri_1_miss_npc
3a3b9a92dfc08bfb,melee_attack_cloth_light_other_pri_2_fatal_npc
611a2b0bb8b6198,melee_attack_cloth_light_other_pri_2_hit_npc
10b125c3f5219223,melee_attack_cloth_light_other_pri_2_miss_npc
76b6d54ce0e8bec8,melee_attack_cloth_light_other_pri_3_fatal_npc
d4435060a085e91f,melee_attack_cloth_light_other_pri_3_hit_npc
7449148f1e2323aa,melee_attack_cloth_light_other_pri_3_miss_npc
906bc43e674d2ce7,melee_attack_cloth_light_polymer_alt_0_fatal_npc
dde4c9cdc599e24,melee_attack_cloth_light_polymer_alt_0_hit_npc
4f675e7d32368b57,melee_attack_cloth_light_polymer_alt_0_miss_npc
26c3706081118624,melee_attack_cloth_light_polymer_alt_1_fatal_npc
d6c0ac246c953ccb,melee_attack_cloth_light_polymer_alt_1_hit_npc
750ab1f6aa8ae76e,melee_attack_cloth_light_polymer_alt_1_miss_npc
d8376e93125dd215,melee_attack_cloth_light_polymer_alt_2_fatal_npc
84feba0c6c98ca16,melee_attack_cloth_light_polymer_alt_2_hit_npc
5731285b23c1b535,melee_attack_cloth_light_polymer_alt_2_miss_npc
e59098dbd297c372,melee_attack_cloth_light_polymer_alt_3_fatal_npc
a91c21646edefd4d,melee_attack_cloth_light_polymer_alt_3_hit_npc
66e9ee3d8b71eefc,melee_attack_cloth_light_polymer_alt_3_miss_npc
daead7557d7b7f4d,melee_attack_cloth_light_polymer_pri_0_fatal_npc
609fedcae781851e,melee_attack_cloth_light_polymer_pri_0_hit_npc
52f0dfc7a4cd598d,melee_attack_cloth_light_polymer_pri_0_miss_npc
416048362da493aa,melee_attack_cloth_light_polymer_pri_1_fatal_npc
d60a33c7fe32b0b5,melee_attack_cloth_light_polymer_pri_1_hit_npc
ba590501add6ba54,melee_attack_cloth_light_polymer_pri_1_miss_npc
40c55298fd5c7a9f,melee_attack_cloth_light_polymer_pri_2_fatal_npc
564a6cd3b6a2006c,melee_attack_cloth_light_polymer_pri_2_hit_npc
433f684dc809aa4f,melee_attack_cloth_light_polymer_pri_2_miss_npc
11e13a90417e53dc,melee_attack_cloth_light_polymer_pri_3_fatal_npc
d69179de4d42ecf3,melee_attack_cloth_light_polymer_pri_3_hit_npc
9649e29dfd07cca6,melee_attack_cloth_light_polymer_pri_3_miss_npc
1f4ca63a0afd2e9e,melee_attack_cloth_light_steel_alt_0_fatal_npc
d22f47a898155139,melee_attack_cloth_light_steel_alt_0_hit_npc
5f801ce7e45d8340,melee_attack_cloth_light_steel_alt_0_miss_npc
812a1cc44c84b0f1,melee_attack_cloth_light_steel_alt_1_fatal_npc
c42984091b557d32,melee_attack_cloth_light_steel_alt_1_hit_npc
cf70d9fd45323a99,melee_attack_cloth_light_steel_alt_1_miss_npc
cd8d3c3b017da9e0,melee_attack_cloth_light_steel_alt_2_fatal_npc
a816731f9c9984e7,melee_attack_cloth_light_steel_alt_2_hit_npc
5ce38e9725997d82,melee_attack_cloth_light_steel_alt_2_miss_npc
bbbbc0ddc293be93,melee_attack_cloth_light_steel_alt_3_fatal_npc
d8ece3ad03b3b8e0,melee_attack_cloth_light_steel_alt_3_hit_npc
8464f1cec54936db,melee_attack_cloth_light_steel_alt_3_miss_npc
3a0789423412c59c,melee_attack_cloth_light_steel_pri_0_fatal_npc
7c826a32121f0bb3,melee_attack_cloth_light_steel_pri_0_hit_npc
ef789509cca6f66,melee_attack_cloth_light_steel_pri_0_miss_npc
2fce0b5845b11c5f,melee_attack_cloth_light_steel_pri_1_fatal_npc
f84ce832f0dd352c,melee_attack_cloth_light_steel_pri_1_hit_npc
246f759ff4efaa0f,melee_attack_cloth_light_steel_pri_1_miss_npc
38cd73205205c46a,melee_attack_cloth_light_steel_pri_2_fatal_npc
6d94d90555ce7b75,melee_attack_cloth_light_steel_pri_2_hit_npc
8452b4ba54e4d314,melee_attack_cloth_light_steel_pri_2_miss_npc
1c48ae195a6eb40d,melee_attack_cloth_light_steel_pri_3_fatal_npc
af7d359cfb098ade,melee_attack_cloth_light_steel_pri_3_hit_npc
1ae96507e754964d,melee_attack_cloth_light_steel_pri_3_miss_npc
1365c9eb3af0b92d,melee_attack_cloth_massive_other_alt_0_fatal_npc
8e6690cf3bba017e,melee_attack_cloth_massive_other_alt_0_hit_npc
c0b0ea86ef070aed,melee_attack_cloth_massive_other_alt_0_miss_npc
849356058a92780a,melee_attack_cloth_massive_other_alt_1_fatal_npc
2a34e59eb5e46d95,melee_attack_cloth_massive_other_alt_1_hit_npc
3139c36631f8a2b4,melee_attack_cloth_massive_other_alt_1_miss_npc
2184f59db52a2f7f,melee_attack_cloth_massive_other_alt_2_fatal_npc
b057bedad1e9f04c,melee_attack_cloth_massive_other_alt_2_hit_npc
cfc4eee96df6792f,melee_attack_cloth_massive_other_alt_2_miss_npc
30047057725f95bc,melee_attack_cloth_massive_other_alt_3_fatal_npc
2df5d010836ad853,melee_attack_cloth_massive_other_alt_3_hit_npc
257a650e88180606,melee_attack_cloth_massive_other_alt_3_miss_npc
ee3295835118e6d7,melee_attack_cloth_massive_other_pri_0_fatal_npc
f1fbb60c40664f94,melee_attack_cloth_massive_other_pri_0_hit_npc
773c7be4adeb28c7,melee_attack_cloth_massive_other_pri_0_miss_npc
54af2925fcf95f94,melee_attack_cloth_massive_other_pri_1_fatal_npc
9e8a104606a7c73b,melee_attack_cloth_massive_other_pri_1_hit_npc
ebc796c47e3e549e,melee_attack_cloth_massive_other_pri_1_miss_npc
ca1f764b81b1585,melee_attack_cloth_massive_other_pri_2_fatal_npc
4d7e92bb076d9c6,melee_attack_cloth_massive_other_pri_2_hit_npc
12d528e3f4e5b925,melee_attack_cloth_massive_other_pri_2_miss_npc
d673e19e866ad822,melee_attack_cloth_massive_other_pri_3_fatal_npc
914d64b9faf2affd,melee_attack_cloth_massive_other_pri_3_hit_npc
b114af88394083ec,melee_attack_cloth_massive_other_pri_3_miss_npc
f34a337560ed57c1,melee_attack_cloth_massive_polymer_alt_0_fatal_npc
7be5dbbb93250dc2,melee_attack_cloth_massive_polymer_alt_0_hit_npc
4b1cf8cfe43d7029,melee_attack_cloth_massive_polymer_alt_0_miss_npc
a69641f13c4f88ee,melee_attack_cloth_massive_polymer_alt_1_fatal_npc
d896576cac478e89,melee_attack_cloth_massive_polymer_alt_1_hit_npc
adbc954b7cfa590,melee_attack_cloth_massive_polymer_alt_1_miss_npc
40592b3be6d052e3,melee_attack_cloth_massive_polymer_alt_2_fatal_npc
b2e45649d7ac0a70,melee_attack_cloth_massive_polymer_alt_2_hit_npc
86ab1644495de36b,melee_attack_cloth_massive_polymer_alt_2_miss_npc
335776531f88b5f0,melee_attack_cloth_massive_polymer_alt_3_fatal_npc
a2950ed7f7e635f7,melee_attack_cloth_massive_polymer_alt_3_hit_npc
c9ee023e2bcfa92,melee_attack_cloth_massive_polymer_alt_3_miss_npc
381b5fa62dd61f4b,melee_attack_cloth_massive_polymer_pri_0_fatal_npc
6a24aa2d20d35068,melee_attack_cloth_massive_polymer_pri_0_hit_npc
8d8d9a297d103f33,melee_attack_cloth_massive_polymer_pri_0_miss_npc
e9aa9f32643315d8,melee_attack_cloth_massive_polymer_pri_1_fatal_npc
d4a725e464e4662f,melee_attack_cloth_massive_polymer_pri_1_hit_npc
866f67e0d108647a,melee_attack_cloth_massive_polymer_pri_1_miss_npc
cea8cb63cdc25aa9,melee_attack_cloth_massive_polymer_pri_2_fatal_npc
1519bdabb98326ba,melee_attack_cloth_massive_polymer_pri_2_hit_npc
570fc6bfa36ef4b1,melee_attack_cloth_massive_polymer_pri_2_miss_npc
7e18b740e47b80f6,melee_attack_cloth_massive_polymer_pri_3_fatal_npc
aed5bb822633b41,melee_attack_cloth_massive_polymer_pri_3_hit_npc
3b9258a0861128d8,melee_attack_cloth_massive_polymer_pri_3_miss_npc
42ce1b5a32b54604,melee_attack_cloth_massive_steel_alt_0_fatal_npc
ac60ed1d3a708ab,melee_attack_cloth_massive_steel_alt_0_hit_npc
26121868a267c7ce,melee_attack_cloth_massive_steel_alt_0_miss_npc
ce31a2300cf9d0c7,melee_attack_cloth_massive_steel_alt_1_fatal_npc
925d0f23b2b5b604,melee_attack_cloth_massive_steel_alt_1_hit_npc
5276d2204f205337,melee_attack_cloth_massive_steel_alt_1_miss_npc
18d5c2a94119fed2,melee_attack_cloth_massive_steel_alt_2_fatal_npc
473e07fd00a5dbad,melee_attack_cloth_massive_steel_alt_2_hit_npc
a6200ba6afa41bdc,melee_attack_cloth_massive_steel_alt_2_miss_npc
c46df97d53f71475,melee_attack_cloth_massive_steel_alt_3_fatal_npc
35c42b960a045576,melee_attack_cloth_massive_steel_alt_3_hit_npc
f6a4ac88e24d395,melee_attack_cloth_massive_steel_alt_3_miss_npc
856301a45c6a5bfe,melee_attack_cloth_massive_steel_pri_0_fatal_npc
8cde22551cb70599,melee_attack_cloth_massive_steel_pri_0_hit_npc
13fe7f2d49de92a0,melee_attack_cloth_massive_steel_pri_0_miss_npc
7b10a6b77ed65c51,melee_attack_cloth_massive_steel_pri_1_fatal_npc
4aafbce8e311da92,melee_attack_cloth_massive_steel_pri_1_hit_npc
a6bf2dc84a969479,melee_attack_cloth_massive_steel_pri_1_miss_npc
4b7e6ae81a0fc240,melee_attack_cloth_massive_steel_pri_2_fatal_npc
c06e7ed8e3d9ecc7,melee_attack_cloth_massive_steel_pri_2_hit_npc
235c6f7651f22fe2,melee_attack_cloth_massive_steel_pri_2_miss_npc
7478957990520cf3,melee_attack_cloth_massive_steel_pri_3_fatal_npc
491c69f93670a540,melee_attack_cloth_massive_steel_pri_3_hit_npc
e33f88f3306e2bb,melee_attack_cloth_massive_steel_pri_3_miss_npc
17786d63e7e27f4c,melee_attack_cloth_medium_other_alt_0_fatal_npc
e4ecb4e0bd9914a3,melee_attack_cloth_medium_other_alt_0_hit_npc
8e3ab8cf7b565556,melee_attack_cloth_medium_other_alt_0_miss_npc
d771844bc1046ccf,melee_attack_cloth_medium_other_alt_1_fatal_npc
43a9978b1a75f31c,melee_attack_cloth_medium_other_alt_1_hit_npc
cf08a46f7265d83f,melee_attack_cloth_medium_other_alt_1_miss_npc
655c04caad7965a,melee_attack_cloth_medium_other_alt_2_fatal_npc
1eba0c19d08891e5,melee_attack_cloth_medium_other_alt_2_hit_npc
f2b9ffa26b8a3444,melee_attack_cloth_medium_other_alt_2_miss_npc
886929739ba38abd,melee_attack_cloth_medium_other_alt_3_fatal_npc
a7807a2f92dfbf4e,melee_attack_cloth_medium_other_alt_3_hit_npc
4ba770be4b9bbd3d,melee_attack_cloth_medium_other_alt_3_miss_npc
104c92ac1eee2ac6,melee_attack_cloth_medium_other_pri_0_fatal_npc
2619545929f33291,melee_attack_cloth_medium_other_pri_0_hit_npc
6241d1e65be9428,melee_attack_cloth_medium_other_pri_0_miss_npc
536514f10eeec3b9,melee_attack_cloth_medium_other_pri_1_fatal_npc
1804089595b2d94a,melee_attack_cloth_medium_other_pri_1_hit_npc
ba354fe10dd955c1,melee_attack_cloth_medium_other_pri_1_miss_npc
5eb3ae57e9fcf668,melee_attack_cloth_medium_other_pri_2_fatal_npc
23a4a9b0fbd0a63f,melee_attack_cloth_medium_other_pri_2_hit_npc
7462ef9077b69fca,melee_attack_cloth_medium_other_pri_2_miss_npc
8c8dd13283cad69b,melee_attack_cloth_medium_other_pri_3_fatal_npc
ed22b0ef8eb2ffb8,melee_attack_cloth_medium_other_pri_3_hit_npc
1c2c36b6d3849743,melee_attack_cloth_medium_other_pri_3_miss_npc
e29d47e8b96da354,melee_attack_cloth_medium_polymer_alt_0_fatal_npc
e226d6bd90aefafb,melee_attack_cloth_medium_polymer_alt_0_hit_npc
2cd0e1108353765e,melee_attack_cloth_medium_polymer_alt_0_miss_npc
d1d9ec9c49db9897,melee_attack_cloth_medium_polymer_alt_1_fatal_npc
94a940a558e14a54,melee_attack_cloth_medium_polymer_alt_1_hit_npc
573a08cc7e854687,melee_attack_cloth_medium_polymer_alt_1_miss_npc
18a724213b3597e2,melee_attack_cloth_medium_polymer_alt_2_fatal_npc
2cbaad2d2311e0bd,melee_attack_cloth_medium_polymer_alt_2_hit_npc
5c6370219f6fc0ac,melee_attack_cloth_medium_polymer_alt_2_miss_npc
5210ec3f872fba45,melee_attack_cloth_medium_polymer_alt_3_fatal_npc
be849e1c675bc86,melee_attack_cloth_medium_polymer_alt_3_hit_npc
bd7a40420834a1e5,melee_attack_cloth_medium_polymer_alt_3_miss_npc
435a960ebc83166e,melee_attack_cloth_medium_polymer_pri_0_fatal_npc
2ba0c11fe859e009,melee_attack_cloth_medium_polymer_pri_0_hit_npc
37dee4e3caf02210,melee_attack_cloth_medium_polymer_pri_0_miss_npc
900e8792e120e541,melee_attack_cloth_medium_polymer_pri_1_fatal_npc
cef0456ecf375f42,melee_attack_cloth_medium_polymer_pri_1_hit_npc
7820145ef75deca9,melee_attack_cloth_medium_polymer_pri_1_miss_npc
d01bca709fbc4370,melee_attack_cloth_medium_polymer_pri_2_fatal_npc
f59f788b33f88777,melee_attack_cloth_medium_polymer_pri_2_hit_npc
39a1fbb2f5dd7712,melee_attack_cloth_medium_polymer_pri_2_miss_npc
dd1d7f596703e063,melee_attack_cloth_medium_polymer_pri_3_fatal_npc
5eebffd13be5bf0,melee_attack_cloth_medium_polymer_pri_3_hit_npc
b3ae31d35c7e5feb,melee_attack_cloth_medium_polymer_pri_3_miss_npc
2ca8f94cd13d6e85,melee_attack_cloth_medium_steel_alt_0_fatal_npc
ce6be91a07528ac6,melee_attack_cloth_medium_steel_alt_0_hit_npc
75020ae18c337c25,melee_attack_cloth_medium_steel_alt_0_miss_npc
f67ae3869f8d3122,melee_attack_cloth_medium_steel_alt_1_fatal_npc
5ae164a851ce60fd,melee_attack_cloth_medium_steel_alt_1_hit_npc
13419185d08e46ec,melee_attack_cloth_medium_steel_alt_1_miss_npc
e39976b6a3b3fd7,melee_attack_cloth_medium_steel_alt_2_fatal_npc
bb8fb5fa97420094,melee_attack_cloth_medium_steel_alt_2_hit_npc
d9695de24538ebc7,melee_attack_cloth_medium_steel_alt_2_miss_npc
74b62b0e161bb894,melee_attack_cloth_medium_steel_alt_3_fatal_npc
681e10345d83783b,melee_attack_cloth_medium_steel_alt_3_hit_npc
4df478c2158c179e,melee_attack_cloth_medium_steel_alt_3_miss_npc
5cde15587a72596f,melee_attack_cloth_medium_steel_pri_0_fatal_npc
1e27075fe8fc323c,melee_attack_cloth_medium_steel_pri_0_hit_npc
da4e873c7294705f,melee_attack_cloth_medium_steel_pri_0_miss_npc
8989e2fd08f2d8ec,melee_attack_cloth_medium_steel_pri_1_fatal_npc
80d638c8743ee943,melee_attack_cloth_medium_steel_pri_1_hit_npc
4fa4083fbb4b1a76,melee_attack_cloth_medium_steel_pri_1_miss_npc
b0db40682d1f105d,melee_attack_cloth_medium_steel_pri_2_fatal_npc
55e66e84f10c63ee,melee_attack_cloth_medium_steel_pri_2_hit_npc
f6573969bdeb355d,melee_attack_cloth_medium_steel_pri_2_miss_npc
1f517629513abffa,melee_attack_cloth_medium_steel_pri_3_fatal_npc
92f53a2961d25f85,melee_attack_cloth_medium_steel_pri_3_hit_npc
54c19c185843d364,melee_attack_cloth_medium_steel_pri_3_miss_npc
2692f7de4135a41c,melee_attack_cloth_piercing_other_alt_0_fatal_npc
853dd472a5c94633,melee_attack_cloth_piercing_other_alt_0_hit_npc
8fa7950b870bd6e6,melee_attack_cloth_piercing_other_alt_0_miss_npc
1c5979f452d3fadf,melee_attack_cloth_piercing_other_alt_1_fatal_npc
108527384876fac,melee_attack_cloth_piercing_other_alt_1_hit_npc
a51f815adf31118f,melee_attack_cloth_piercing_other_alt_1_miss_npc
2558e1bc5f28a2ea,melee_attack_cloth_piercing_other_alt_2_fatal_npc
76504345e978b5f5,melee_attack_cloth_piercing_other_alt_2_hit_npc
502c0753f263a94,melee_attack_cloth_piercing_other_alt_2_miss_npc
8d41cb56791928d,melee_attack_cloth_piercing_other_alt_3_fatal_npc
b8389fdd8eb3c55e,melee_attack_cloth_piercing_other_alt_3_hit_npc
9b9970c2d195fdcd,melee_attack_cloth_piercing_other_alt_3_miss_npc
730e38044bad8b76,melee_attack_cloth_piercing_other_pri_0_fatal_npc
c11b3f7e4a94c1c1,melee_attack_cloth_piercing_other_pri_0_hit_npc
fd12e256d238b458,melee_attack_cloth_piercing_other_pri_0_miss_npc
c39e4c2734f46529,melee_attack_cloth_piercing_other_pri_1_fatal_npc
cb47a171e1b4ad3a,melee_attack_cloth_piercing_other_pri_1_hit_npc
18905075ef968031,melee_attack_cloth_piercing_other_pri_1_miss_npc
dea01ff5cb652058,melee_attack_cloth_piercing_other_pri_2_fatal_npc
8ad509aa8d15ecaf,melee_attack_cloth_piercing_other_pri_2_hit_npc
47eff1971d2feffa,melee_attack_cloth_piercing_other_pri_2_miss_npc
2d10e069950829cb,melee_attack_cloth_piercing_other_pri_3_fatal_npc
20528df34904d6e8,melee_attack_cloth_piercing_other_pri_3_hit_npc
4f0e23dfc937cab3,melee_attack_cloth_piercing_other_pri_3_miss_npc
751f23f9bb32b584,melee_attack_cloth_piercing_polymer_alt_0_fatal_npc
9a2498b404a26c2b,melee_attack_cloth_piercing_polymer_alt_0_hit_npc
bf19e3c1dd91da4e,melee_attack_cloth_piercing_polymer_alt_0_miss_npc
82aacf95774047,melee_attack_cloth_piercing_polymer_alt_1_fatal_npc
21bb9905e3b11984,melee_attack_cloth_piercing_polymer_alt_1_hit_npc
eb7e9d798a4a65b7,melee_attack_cloth_piercing_polymer_alt_1_miss_npc
4b26cb48c9976e52,melee_attack_cloth_piercing_polymer_alt_2_fatal_npc
d69c91df31a13f2d,melee_attack_cloth_piercing_polymer_alt_2_hit_npc
3f27d6ffeace2e5c,melee_attack_cloth_piercing_polymer_alt_2_miss_npc
f6bf021cdc7483f5,melee_attack_cloth_piercing_polymer_alt_3_fatal_npc
c522b5783affb8f6,melee_attack_cloth_piercing_polymer_alt_3_hit_npc
a8721621c94ee615,melee_attack_cloth_piercing_polymer_alt_3_miss_npc
b7b40a43e4e7cb7e,melee_attack_cloth_piercing_polymer_pri_0_fatal_npc
1c3cac374db26919,melee_attack_cloth_piercing_polymer_pri_0_hit_npc
ad064a868508a520,melee_attack_cloth_piercing_polymer_pri_0_miss_npc
ad61af570753cbd1,melee_attack_cloth_piercing_polymer_pri_1_fatal_npc
da0e46cb140d3e12,melee_attack_cloth_piercing_polymer_pri_1_hit_npc
3fc6f92185c0a6f9,melee_attack_cloth_piercing_polymer_pri_1_miss_npc
7dcf7387a28d31c0,melee_attack_cloth_piercing_polymer_pri_2_fatal_npc
4fcd08bb14d55047,melee_attack_cloth_piercing_polymer_pri_2_hit_npc
bc643acf8d1c4262,melee_attack_cloth_piercing_polymer_pri_2_miss_npc
a6c99e1918cf7c73,melee_attack_cloth_piercing_polymer_pri_3_fatal_npc
d87af3db676c08c0,melee_attack_cloth_piercing_polymer_pri_3_hit_npc
a73bc3e86e30f53b,melee_attack_cloth_piercing_polymer_pri_3_miss_npc
ab7ea72691a2e015,melee_attack_cloth_piercing_steel_alt_0_fatal_npc
55be340a95152816,melee_attack_cloth_piercing_steel_alt_0_hit_npc
88eb7339ef156f35,melee_attack_cloth_piercing_steel_alt_0_miss_npc
b8d7d16f51dcd172,melee_attack_cloth_piercing_steel_alt_1_fatal_npc
79db9b62975b5b4d,melee_attack_cloth_piercing_steel_alt_1_hit_npc
98a4391c56c5a8fc,melee_attack_cloth_piercing_steel_alt_1_miss_npc
63b2fcd1e6923ae7,melee_attack_cloth_piercing_steel_alt_2_fatal_npc
de9dc69b04d5fc24,melee_attack_cloth_piercing_steel_alt_2_hit_npc
8121a95bfd8a4557,melee_attack_cloth_piercing_steel_alt_2_miss_npc
fa0aa8f400569424,melee_attack_cloth_piercing_steel_alt_3_fatal_npc
a780262295119acb,melee_attack_cloth_piercing_steel_alt_3_hit_npc
a6c4fcd575dea16e,melee_attack_cloth_piercing_steel_alt_3_miss_npc
a84df72d296b349f,melee_attack_cloth_piercing_steel_pri_0_fatal_npc
6971cd4d065c2a6c,melee_attack_cloth_piercing_steel_pri_0_hit_npc
89525670415f084f,melee_attack_cloth_piercing_steel_pri_0_miss_npc
7969df246d8d0ddc,melee_attack_cloth_piercing_steel_pri_1_fatal_npc
e9b8da579cfd16f3,melee_attack_cloth_piercing_steel_pri_1_hit_npc
dc5cd0c0765d2aa6,melee_attack_cloth_piercing_steel_pri_1_miss_npc
42737be9a98a394d,melee_attack_cloth_piercing_steel_pri_2_fatal_npc
73c74e44373baf1e,melee_attack_cloth_piercing_steel_pri_2_hit_npc
9903cdea1e22b78d,melee_attack_cloth_piercing_steel_pri_2_miss_npc
a8e8ecca59b34daa,melee_attack_cloth_piercing_steel_pri_3_fatal_npc
e93194414decdab5,melee_attack_cloth_piercing_steel_pri_3_hit_npc
6bf324272c1854,melee_attack_cloth_piercing_steel_pri_3_miss_npc
b17469554634c258,melee_attack_cloth_shield_other_alt_0_hit_plr
e61a95b888387049,melee_attack_cloth_shield_other_alt_0_miss_plr
8c1360a1afc42d2f,melee_attack_cloth_shield_other_alt_1_hit_plr
a9c63e02a4746a8,melee_attack_cloth_shield_other_alt_1_miss_plr
f7c0d04cd1cd6f1a,melee_attack_cloth_shield_other_alt_2_hit_plr
35ef265198b193af,melee_attack_cloth_shield_other_alt_2_miss_plr
6e1d4c9d13723f39,melee_attack_cloth_shield_other_alt_3_hit_plr
f627d986844d79fe,melee_attack_cloth_shield_other_alt_3_miss_plr
efd7130614fb2fc6,melee_attack_cloth_shield_other_pri_0_hit_plr
1cda3714f0b50613,melee_attack_cloth_shield_other_pri_0_miss_plr
6beefd7eabba3e05,melee_attack_cloth_shield_other_pri_1_hit_plr
56b859aefa21db2,melee_attack_cloth_shield_other_pri_1_miss_plr
9e7bd44602bc6e94,melee_attack_cloth_shield_other_pri_2_hit_plr
1c82175b488265dd,melee_attack_cloth_shield_other_pri_2_miss_plr
abc2a6ed8bce1a9b,melee_attack_cloth_shield_other_pri_3_hit_plr
ba217379430809dc,melee_attack_cloth_shield_other_pri_3_miss_plr
460407aa2c244fb4,melee_attack_cloth_slashing_other_alt_0_fatal_npc
89608ff4d99846db,melee_attack_cloth_slashing_other_alt_0_hit_npc
6a40828b2e2b453e,melee_attack_cloth_slashing_other_alt_0_miss_npc
1eab51d69634bb77,melee_attack_cloth_slashing_other_alt_1_fatal_npc
baa5f836787c6934,melee_attack_cloth_slashing_other_alt_1_hit_npc
4f0d5006878dfde7,melee_attack_cloth_slashing_other_alt_1_miss_npc
12fcff09b3bbdfc2,melee_attack_cloth_slashing_other_alt_2_fatal_npc
fc3264c32aabaa9d,melee_attack_cloth_slashing_other_alt_2_hit_npc
3d16749b6e118c0c,melee_attack_cloth_slashing_other_alt_2_miss_npc
62e05bf530b67725,melee_attack_cloth_slashing_other_alt_3_fatal_npc
efae68da83675966,melee_attack_cloth_slashing_other_alt_3_hit_npc
914e14aaa4d2a9c5,melee_attack_cloth_slashing_other_alt_3_miss_npc
3cf46ccc1747ecce,melee_attack_cloth_slashing_other_pri_0_fatal_npc
9426a778c6db9a69,melee_attack_cloth_slashing_other_pri_0_hit_npc
7c1dba9abfc6d3f0,melee_attack_cloth_slashing_other_pri_0_miss_npc
30d5f1a819e735a1,melee_attack_cloth_slashing_other_pri_1_fatal_npc
a111f8d9bbf2e0a2,melee_attack_cloth_slashing_other_pri_1_hit_npc
2f18e86ef49b409,melee_attack_cloth_slashing_other_pri_1_miss_npc
cc9ee21a9c7a5ed0,melee_attack_cloth_slashing_other_pri_2_fatal_npc
2a9e6dbb5b0f0457,melee_attack_cloth_slashing_other_pri_2_hit_npc
77cb2db02d7191f2,melee_attack_cloth_slashing_other_pri_2_miss_npc
9af7b3a677a347c3,melee_attack_cloth_slashing_other_pri_3_fatal_npc
6d295f50305b9cd0,melee_attack_cloth_slashing_other_pri_3_hit_npc
f8c30c6a28a2604b,melee_attack_cloth_slashing_other_pri_3_miss_npc
e798312bb1ff29dc,melee_attack_cloth_slashing_polymer_alt_0_fatal_npc
b91ae0c6e99dd2f3,melee_attack_cloth_slashing_polymer_alt_0_hit_npc
e0a9bfdfab7c9ea6,melee_attack_cloth_slashing_polymer_alt_0_miss_npc
167c49346ddd509f,melee_attack_cloth_slashing_polymer_alt_1_fatal_npc
38d3d3bc52fce66c,melee_attack_cloth_slashing_polymer_alt_1_hit_npc
8d9f458f767e7c4f,melee_attack_cloth_slashing_polymer_alt_1_miss_npc
17173ed19e2569aa,melee_attack_cloth_slashing_polymer_alt_2_fatal_npc
b8939ab09a8d96b5,melee_attack_cloth_slashing_polymer_alt_2_hit_npc
4b8e2435c4b8c54,melee_attack_cloth_slashing_polymer_alt_2_miss_npc
b0a1cdf0edfc554d,melee_attack_cloth_slashing_polymer_alt_3_fatal_npc
432954b383dc6b1e,melee_attack_cloth_slashing_polymer_alt_3_hit_npc
9d50bd0953422b8d,melee_attack_cloth_slashing_polymer_alt_3_miss_npc
e74830c687c6b736,melee_attack_cloth_slashing_polymer_pri_0_fatal_npc
c92155c619ef881,melee_attack_cloth_slashing_polymer_pri_0_hit_npc
d346c5fc2015ad18,melee_attack_cloth_slashing_polymer_pri_0_miss_npc
e6a73c98234faae9,melee_attack_cloth_slashing_polymer_pri_1_fatal_npc
56b0dd116faa5dfa,melee_attack_cloth_slashing_polymer_pri_1_hit_npc
5badada6364c76f1,melee_attack_cloth_slashing_polymer_pri_1_miss_npc
f1dc429b0cdbda18,melee_attack_cloth_slashing_polymer_pri_2_fatal_npc
c8743cf8d032936f,melee_attack_cloth_slashing_polymer_pri_2_hit_npc
368f99fd2b8a7cba,melee_attack_cloth_slashing_polymer_pri_2_miss_npc
631e6472d78fe28b,melee_attack_cloth_slashing_polymer_pri_3_fatal_npc
b648b831b1f3d5a8,melee_attack_cloth_slashing_polymer_pri_3_hit_npc
bc382bf102355873,melee_attack_cloth_slashing_polymer_pri_3_miss_npc
f03db91e75cb025d,melee_attack_cloth_slashing_steel_alt_0_fatal_npc
24ca16a9281905ee,melee_attack_cloth_slashing_steel_alt_0_hit_npc
8fcfeef348627b5d,melee_attack_cloth_slashing_steel_alt_0_miss_npc
5eb3eedf99e6b1fa,melee_attack_cloth_slashing_steel_alt_1_fatal_npc
61d8e24d98df0185,melee_attack_cloth_slashing_steel_alt_1_hit_npc
ee3a51a1e2bb1964,melee_attack_cloth_slashing_steel_alt_1_miss_npc
9c408e0ec31e4b6f,melee_attack_cloth_slashing_steel_alt_2_fatal_npc
ed0aaf842008d43c,melee_attack_cloth_slashing_steel_alt_2_hit_npc
73c73cc5fd0bb65f,melee_attack_cloth_slashing_steel_alt_2_miss_npc
c8ec5bb3519ecaec,melee_attack_cloth_slashing_steel_alt_3_fatal_npc
4fb9e0ecab4b8b43,melee_attack_cloth_slashing_steel_alt_3_hit_npc
e91cbdc945c26076,melee_attack_cloth_slashing_steel_alt_3_miss_npc
858475a6606352e7,melee_attack_cloth_slashing_steel_pri_0_fatal_npc
9c2745a5cd195424,melee_attack_cloth_slashing_steel_pri_0_hit_npc
d51c88ae47f8cd57,melee_attack_cloth_slashing_steel_pri_0_miss_npc
1bdc21c87a27ac24,melee_attack_cloth_slashing_steel_pri_1_fatal_npc
6509a52d5d54f2cb,melee_attack_cloth_slashing_steel_pri_1_hit_npc
fabfdc27c04d296e,melee_attack_cloth_slashing_steel_pri_1_miss_npc
cd501ffb0b73f815,melee_attack_cloth_slashing_steel_pri_2_fatal_npc
1347b3155d588016,melee_attack_cloth_slashing_steel_pri_2_hit_npc
dce6528c3983f735,melee_attack_cloth_slashing_steel_pri_2_miss_npc
daa94a43cbade972,melee_attack_cloth_slashing_steel_pri_3_fatal_npc
37651a6d5f9eb34d,melee_attack_cloth_slashing_steel_pri_3_hit_npc
ec9f186ea13430fc,melee_attack_cloth_slashing_steel_pri_3_miss_npc
cef08b2e87f6394b,melee_attack_cloth_user1_other_alt_0_hit_plr
cf79e3cfb153590c,melee_attack_cloth_user1_other_alt_0_miss_plr
2f5436df007a50c4,melee_attack_cloth_user1_other_alt_1_hit_plr
ba18c4269565ec8d,melee_attack_cloth_user1_other_alt_1_miss_plr
e39a4ea226afb135,melee_attack_cloth_user1_other_alt_2_hit_plr
d0f12405ba4a9f62,melee_attack_cloth_user1_other_alt_2_miss_plr
71641209a4ff5bf6,melee_attack_cloth_user1_other_alt_3_hit_plr
3fc7160235629983,melee_attack_cloth_user1_other_alt_3_miss_plr
8eb018e9ce1dbffd,melee_attack_cloth_user1_other_pri_0_hit_plr
5e507049dcbfac3a,melee_attack_cloth_user1_other_pri_0_miss_plr
eb65ec3f4aa3067e,melee_attack_cloth_user1_other_pri_1_hit_plr
e6a1a2a935dfc5db,melee_attack_cloth_user1_other_pri_1_miss_plr
e4bf578ecfa2e6f3,melee_attack_cloth_user1_other_pri_2_hit_plr
5f9c2097df9e35a4,melee_attack_cloth_user1_other_pri_2_miss_plr
17eaf78490d9e6c,melee_attack_cloth_user1_other_pri_3_hit_plr
826ead7cd640a725,melee_attack_cloth_user1_other_pri_3_miss_plr
574aae6ae90af6e7,melee_attack_cloth_user2_steel_alt_0_hit_plr
240fd12b99c2290,melee_attack_cloth_user2_steel_alt_0_miss_plr
31fe430b08dce7f0,melee_attack_cloth_user2_steel_alt_1_hit_plr
cda80726278692d1,melee_attack_cloth_user2_steel_alt_1_miss_plr
5d3ad8e20fc887b1,melee_attack_cloth_user2_steel_alt_2_hit_plr
4a4d56f590621bc6,melee_attack_cloth_user2_steel_alt_2_miss_plr
d6229d4d13de1432,melee_attack_cloth_user2_steel_alt_3_hit_plr
a516f63b80358717,melee_attack_cloth_user2_steel_alt_3_miss_plr
a4f8c42130086909,melee_attack_cloth_user2_steel_pri_0_hit_plr
ef83fb348c2cb08e,melee_attack_cloth_user2_steel_pri_0_miss_plr
49b04f2ce85e28aa,melee_attack_cloth_user2_steel_pri_1_hit_plr
77129ec10a75a0ff,melee_attack_cloth_user2_steel_pri_1_miss_plr
11e766a2ba5389bf,melee_attack_cloth_user2_steel_pri_2_hit_plr
eb9d786e395349f8,melee_attack_cloth_user2_steel_pri_2_miss_plr
9e583dce646930a8,melee_attack_cloth_user2_steel_pri_3_hit_plr
2b9cdbcf90bf37d9,melee_attack_cloth_user2_steel_pri_3_miss_plr
449ebd079c7ecd57,melee_attack_nylon_dlc2_other_alt_0_hit_npc
161aec435e641cf2,melee_attack_nylon_dlc2_other_alt_0_miss_npc
8729ae9c71cb65d0,melee_attack_nylon_dlc2_other_alt_1_hit_npc
9712cafd5994eb4b,melee_attack_nylon_dlc2_other_alt_1_miss_npc
ae26f6c5084b6369,melee_attack_nylon_dlc2_other_alt_2_hit_npc
1a6d792df0b95ef0,melee_attack_nylon_dlc2_other_alt_2_miss_npc
bb124825fd62a9a2,melee_attack_nylon_dlc2_other_alt_3_hit_npc
a1414d1a203c3f09,melee_attack_nylon_dlc2_other_alt_3_miss_npc
7191a18673e9df65,melee_attack_nylon_dlc2_other_pri_0_hit_npc
185a673c09e0e4c4,melee_attack_nylon_dlc2_other_pri_0_miss_npc
fa580f9c36410cce,melee_attack_nylon_dlc2_other_pri_1_hit_npc
7147d857e9f26dbd,melee_attack_nylon_dlc2_other_pri_1_miss_npc
37c44a4d60fa6223,melee_attack_nylon_dlc2_other_pri_2_hit_npc
b3db206919ad05d6,melee_attack_nylon_dlc2_other_pri_2_miss_npc
96812cf7bdd7409c,melee_attack_nylon_dlc2_other_pri_3_hit_npc
f4a90c0910bc88bf,melee_attack_nylon_dlc2_other_pri_3_miss_npc
15f55b1fa50c9816,melee_attack_nylon_gunlrg_polymer_alt_0_hit_plr
81bbb45c6a47ea3,melee_attack_nylon_gunlrg_polymer_alt_0_miss_plr
b1c84ae608aaa955,melee_attack_nylon_gunlrg_polymer_alt_1_hit_plr
a45302656fbf4502,melee_attack_nylon_gunlrg_polymer_alt_1_miss_plr
e5033b9384d11ee4,melee_attack_nylon_gunlrg_polymer_alt_2_hit_plr
db307808f88b532d,melee_attack_nylon_gunlrg_polymer_alt_2_miss_plr
b6dc3a0601d57e6b,melee_attack_nylon_gunlrg_polymer_alt_3_hit_plr
ea4a13651668192c,melee_attack_nylon_gunlrg_polymer_alt_3_miss_plr
eefc2b2fa21b2d0,melee_attack_nylon_gunlrg_polymer_pri_0_hit_plr
9bb1a23b7f50e631,melee_attack_nylon_gunlrg_polymer_pri_0_miss_plr
39742507eb03edc7,melee_attack_nylon_gunlrg_polymer_pri_1_hit_plr
2358d8fd1a633170,melee_attack_nylon_gunlrg_polymer_pri_1_miss_plr
8c35986aa57f2392,melee_attack_nylon_gunlrg_polymer_pri_2_hit_plr
d33d35ba69b63277,melee_attack_nylon_gunlrg_polymer_pri_2_miss_plr
98944b4f0ee63e11,melee_attack_nylon_gunlrg_polymer_pri_3_hit_plr
6d675d5855b1b9a6,melee_attack_nylon_gunlrg_polymer_pri_3_miss_plr
66cb4dd0e45b6ab,melee_attack_nylon_gunlrg_steel_alt_0_hit_plr
e4d310cad72ed16c,melee_attack_nylon_gunlrg_steel_alt_0_miss_plr
cfbd9e27a929aa24,melee_attack_nylon_gunlrg_steel_alt_1_hit_plr
d6631eaa0c325f6d,melee_attack_nylon_gunlrg_steel_alt_1_miss_plr
9cf5efa01796f995,melee_attack_nylon_gunlrg_steel_alt_2_hit_plr
d0cc7554eaeaa342,melee_attack_nylon_gunlrg_steel_alt_2_miss_plr
a8e03bb82b4ed956,melee_attack_nylon_gunlrg_steel_alt_3_hit_plr
9907eb99792fbce3,melee_attack_nylon_gunlrg_steel_alt_3_miss_plr
8a2dcefca1d042dd,melee_attack_nylon_gunlrg_steel_pri_0_hit_plr
3fb6216798ec761a,melee_attack_nylon_gunlrg_steel_pri_0_miss_plr
e9729d7249e9b0de,melee_attack_nylon_gunlrg_steel_pri_1_hit_plr
585dfe888cd30dbb,melee_attack_nylon_gunlrg_steel_pri_1_miss_plr
a820e6876ce0f553,melee_attack_nylon_gunlrg_steel_pri_2_hit_plr
720ce4562ec75284,melee_attack_nylon_gunlrg_steel_pri_2_miss_plr
7f97e105a5195dcc,melee_attack_nylon_gunlrg_steel_pri_3_hit_plr
ff1eb3f674eedc05,melee_attack_nylon_gunlrg_steel_pri_3_miss_plr
264a5f9cd65c9377,melee_attack_nylon_gunmed_polymer_alt_0_hit_plr
9a5de2c721a43ee0,melee_attack_nylon_gunmed_polymer_alt_0_miss_plr
7523408b9a102d00,melee_attack_nylon_gunmed_polymer_alt_1_hit_plr
5cb33ca4239a0d21,melee_attack_nylon_gunmed_polymer_alt_1_miss_plr
7914303dcd1f84c1,melee_attack_nylon_gunmed_polymer_alt_2_hit_plr
86b3caab3244b056,melee_attack_nylon_gunmed_polymer_alt_2_miss_plr
52a7c42d2d5e88c2,melee_attack_nylon_gunmed_polymer_alt_3_hit_plr
e6c360017eebd1e7,melee_attack_nylon_gunmed_polymer_alt_3_miss_plr
4bcfd055ce746439,melee_attack_nylon_gunmed_polymer_pri_0_hit_plr
aea2ac6c48f258fe,melee_attack_nylon_gunmed_polymer_pri_0_miss_plr
d57354058ccf941a,melee_attack_nylon_gunmed_polymer_pri_1_hit_plr
ee69f9375d5672af,melee_attack_nylon_gunmed_polymer_pri_1_miss_plr
69c5e45a6ac6522f,melee_attack_nylon_gunmed_polymer_pri_2_hit_plr
c31736c5eeec25a8,melee_attack_nylon_gunmed_polymer_pri_2_miss_plr
8f26ed0e0136e758,melee_attack_nylon_gunmed_polymer_pri_3_hit_plr
9e95689e4cdd4f49,melee_attack_nylon_gunmed_polymer_pri_3_miss_plr
4d38280767cbce36,melee_attack_nylon_gunmed_steel_alt_0_hit_plr
2dec5ecbefee61c3,melee_attack_nylon_gunmed_steel_alt_0_miss_plr
c376da492da8ea75,melee_attack_nylon_gunmed_steel_alt_1_hit_plr
20148e46bfda30a2,melee_attack_nylon_gunmed_steel_alt_1_miss_plr
9fb988d5a73a4604,melee_attack_nylon_gunmed_steel_alt_2_hit_plr
e8af4dba6bb00cd,melee_attack_nylon_gunmed_steel_alt_2_miss_plr
ee1e06edc493018b,melee_attack_nylon_gunmed_steel_alt_3_hit_plr
101ab6eb3fb1fc4c,melee_attack_nylon_gunmed_steel_alt_3_miss_plr
1c38a38c55b63670,melee_attack_nylon_gunmed_steel_pri_0_hit_plr
a82882dbbcc6f651,melee_attack_nylon_gunmed_steel_pri_0_miss_plr
41850eec35e44567,melee_attack_nylon_gunmed_steel_pri_1_hit_plr
dcc178c84edc8610,melee_attack_nylon_gunmed_steel_pri_1_miss_plr
c05cfdce60b762b2,melee_attack_nylon_gunmed_steel_pri_2_hit_plr
7f9771f11575ea97,melee_attack_nylon_gunmed_steel_pri_2_miss_plr
477539635ca1d631,melee_attack_nylon_gunmed_steel_pri_3_hit_plr
24cdd2ab25a27f46,melee_attack_nylon_gunmed_steel_pri_3_miss_plr
9987eab67c781bb5,melee_attack_nylon_gunsm_polymer_alt_0_hit_plr
bc1bda937dd796e2,melee_attack_nylon_gunsm_polymer_alt_0_miss_plr
2751ae1dfac7c676,melee_attack_nylon_gunsm_polymer_alt_1_hit_plr
2af1cc8ff8ef9103,melee_attack_nylon_gunsm_polymer_alt_1_miss_plr
84de2742ddbea3cb,melee_attack_nylon_gunsm_polymer_alt_2_hit_plr
baa49a5d74e0508c,melee_attack_nylon_gunsm_polymer_alt_2_miss_plr
e541d2f35642bb44,melee_attack_nylon_gunsm_polymer_alt_3_hit_plr
a5437ab458f2e40d,melee_attack_nylon_gunsm_polymer_alt_3_miss_plr
44528b1fbd9cf033,melee_attack_nylon_gunsm_polymer_pri_0_hit_plr
63135db03dce96e4,melee_attack_nylon_gunsm_polymer_pri_0_miss_plr
26e61cc36a231dac,melee_attack_nylon_gunsm_polymer_pri_1_hit_plr
3d3dbe5faedb2f65,melee_attack_nylon_gunsm_polymer_pri_1_miss_plr
aedf8f3fde7f133d,melee_attack_nylon_gunsm_polymer_pri_2_hit_plr
df3909438a9c7e7a,melee_attack_nylon_gunsm_polymer_pri_2_miss_plr
61eb2f0d1c4fd5be,melee_attack_nylon_gunsm_polymer_pri_3_hit_plr
48febbe72f1a661b,melee_attack_nylon_gunsm_polymer_pri_3_miss_plr
89664ab5d181c4f0,melee_attack_nylon_gunsm_steel_alt_0_hit_plr
f84a0e5917aa19d1,melee_attack_nylon_gunsm_steel_alt_0_miss_plr
aeb2b615b1afd3e7,melee_attack_nylon_gunsm_steel_alt_1_hit_plr
2ce30445a9bfa990,melee_attack_nylon_gunsm_steel_alt_1_miss_plr
2d8aa4f7dc82f132,melee_attack_nylon_gunsm_steel_alt_2_hit_plr
cfb8fd6e70590e17,melee_attack_nylon_gunsm_steel_alt_2_miss_plr
b4a2e08cd86d64b1,melee_attack_nylon_gunsm_steel_alt_3_hit_plr
74ef5e288085a2c6,melee_attack_nylon_gunsm_steel_alt_3_miss_plr
d567de3e5b58de1e,melee_attack_nylon_gunsm_steel_pri_0_hit_plr
11a603cc642525fb,melee_attack_nylon_gunsm_steel_pri_0_miss_plr
baabf6d5f9972b1d,melee_attack_nylon_gunsm_steel_pri_1_hit_plr
d33164c9cb3edf5a,melee_attack_nylon_gunsm_steel_pri_1_miss_plr
c7364b9f3747320c,melee_attack_nylon_gunsm_steel_pri_2_hit_plr
4e115ba5b14ae145,melee_attack_nylon_gunsm_steel_pri_2_miss_plr
e4a2b9fb8ac10493,melee_attack_nylon_gunsm_steel_pri_3_hit_plr
73e6faf6403e48c4,melee_attack_nylon_gunsm_steel_pri_3_miss_plr
f5690669a7f4fe1e,melee_attack_nylon_heavy_other_alt_0_fatal_npc
fba16e9b7a6414b9,melee_attack_nylon_heavy_other_alt_0_hit_npc
1b3bcb9e7033b5c0,melee_attack_nylon_heavy_other_alt_0_miss_npc
57467cf3e97c8071,melee_attack_nylon_heavy_other_alt_1_fatal_npc
ed9baafbfda440b2,melee_attack_nylon_heavy_other_alt_1_hit_npc
8b2c88b3d1086d19,melee_attack_nylon_heavy_other_alt_1_miss_npc
a3a99c6a9e757960,melee_attack_nylon_heavy_other_alt_2_fatal_npc
d1889a127ee84867,melee_attack_nylon_heavy_other_alt_2_hit_npc
189f3d4db16fb002,melee_attack_nylon_heavy_other_alt_2_miss_npc
91d8210d5f8b8e13,melee_attack_nylon_heavy_other_alt_3_fatal_npc
25f0a9fe6027c60,melee_attack_nylon_heavy_other_alt_3_hit_npc
4020a085511f695b,melee_attack_nylon_heavy_other_alt_3_miss_npc
1023e971d10a951c,melee_attack_nylon_heavy_other_pri_0_fatal_npc
a5f49124f46dcf33,melee_attack_nylon_heavy_other_pri_0_hit_npc
cab3380728a0a1e6,melee_attack_nylon_heavy_other_pri_0_miss_npc
5ea6b87e2a8ebdf,melee_attack_nylon_heavy_other_pri_1_fatal_npc
21bf0f25d32bf8ac,melee_attack_nylon_heavy_other_pri_1_hit_npc
e02b245680c5dc8f,melee_attack_nylon_heavy_other_pri_1_miss_npc
ee9d34feefd93ea,melee_attack_nylon_heavy_other_pri_2_fatal_npc
9706fff8381d3ef5,melee_attack_nylon_heavy_other_pri_2_hit_npc
400e6370e0bb0594,melee_attack_nylon_heavy_other_pri_2_miss_npc
f2650e48f766838d,melee_attack_nylon_heavy_other_pri_3_fatal_npc
d8ef5c8fdd584e5e,melee_attack_nylon_heavy_other_pri_3_hit_npc
d6a513be732ac8cd,melee_attack_nylon_heavy_other_pri_3_miss_npc
6d68bc1ea6cf787e,melee_attack_nylon_heavy_polymer_alt_0_fatal_npc
289911997f474e19,melee_attack_nylon_heavy_polymer_alt_0_hit_npc
42eb9060c509c420,melee_attack_nylon_heavy_polymer_alt_0_miss_npc
63166131c93b78d1,melee_attack_nylon_heavy_polymer_alt_1_fatal_npc
e66aac2d45a22312,melee_attack_nylon_heavy_polymer_alt_1_hit_npc
d5ac3efbc5c1c5f9,melee_attack_nylon_heavy_polymer_alt_1_miss_npc
338425626474dec0,melee_attack_nylon_heavy_polymer_alt_2_fatal_npc
5c296e1d466a3547,melee_attack_nylon_heavy_polymer_alt_2_hit_npc
524980a9cd1d6162,melee_attack_nylon_heavy_polymer_alt_2_miss_npc
5c7e4ff3dab72973,melee_attack_nylon_heavy_polymer_alt_3_fatal_npc
e4d7593d9900edc0,melee_attack_nylon_heavy_polymer_alt_3_hit_npc
3d2109c2ae32143b,melee_attack_nylon_heavy_polymer_alt_3_miss_npc
81726bdf8faad7fc,melee_attack_nylon_heavy_polymer_pri_0_fatal_npc
abd2ba8bfc3b4e93,melee_attack_nylon_heavy_polymer_pri_0_hit_npc
1445fa9e493d4846,melee_attack_nylon_heavy_polymer_pri_0_miss_npc
695c17d3bbc84ebf,melee_attack_nylon_heavy_polymer_pri_1_fatal_npc
8e8f09ca0411878c,melee_attack_nylon_heavy_polymer_pri_1_hit_npc
d5e2e2c76e82e56f,melee_attack_nylon_heavy_polymer_pri_1_miss_npc
c78005c2810fd64a,melee_attack_nylon_heavy_polymer_pri_2_fatal_npc
3d6fa9c6902cdd5,melee_attack_nylon_heavy_polymer_pri_2_hit_npc
331c260ce95656f4,melee_attack_nylon_heavy_polymer_pri_2_miss_npc
b39b16a378f7e66d,melee_attack_nylon_heavy_polymer_pri_3_fatal_npc
59870ea777a926be,melee_attack_nylon_heavy_polymer_pri_3_hit_npc
d4a580f4c37f542d,melee_attack_nylon_heavy_polymer_pri_3_miss_npc
b4ca20d29bba0993,melee_attack_nylon_heavy_steel_alt_0_fatal_npc
cda3af4451340be0,melee_attack_nylon_heavy_steel_alt_0_hit_npc
d753e3e776563fdb,melee_attack_nylon_heavy_steel_alt_0_miss_npc
c69b9c2fdaa3f4e0,melee_attack_nylon_heavy_steel_alt_1_fatal_npc
9ccd3eb6ea19d7e7,melee_attack_nylon_heavy_steel_alt_1_hit_npc
afd280afd6a68682,melee_attack_nylon_heavy_steel_alt_1_miss_npc
7a387cb925aafbf1,melee_attack_nylon_heavy_steel_alt_2_fatal_npc
b8e04fa068d5d032,melee_attack_nylon_heavy_steel_alt_2_hit_npc
225fcc15f63f4399,melee_attack_nylon_heavy_steel_alt_2_miss_npc
185b062ee423799e,melee_attack_nylon_heavy_steel_alt_3_fatal_npc
c6e6133fe595a439,melee_attack_nylon_heavy_steel_alt_3_hit_npc
b26f0f00956a8c40,melee_attack_nylon_heavy_steel_alt_3_miss_npc
24194177d716cbb9,melee_attack_nylon_heavy_steel_pri_0_fatal_npc
4d096b04ece3a14a,melee_attack_nylon_heavy_steel_pri_0_hit_npc
323931235bd2dc1,melee_attack_nylon_heavy_steel_pri_0_miss_npc
e100bf32e71632c6,melee_attack_nylon_heavy_steel_pri_1_fatal_npc
5b1eb6c88123fa91,melee_attack_nylon_heavy_steel_pri_1_hit_npc
4f12604f8da26c28,melee_attack_nylon_heavy_steel_pri_1_miss_npc
5d41fdb94bf2de9b,melee_attack_nylon_heavy_steel_pri_2_fatal_npc
2228135ee5e3c7b8,melee_attack_nylon_heavy_steel_pri_2_hit_npc
651a79e7fb686f43,melee_attack_nylon_heavy_steel_pri_2_miss_npc
2f67dadeb224fe68,melee_attack_nylon_heavy_steel_pri_3_fatal_npc
58aa0c2053016e3f,melee_attack_nylon_heavy_steel_pri_3_hit_npc
bd5132c19f9a77ca,melee_attack_nylon_heavy_steel_pri_3_miss_npc
c5865c40c82077c7,melee_attack_nylon_knife_steel_alt_0_hit_plr
42d6ae9cd1e1af70,melee_attack_nylon_knife_steel_alt_0_miss_plr
9b01f9ebd73e3cd0,melee_attack_nylon_knife_steel_alt_1_hit_plr
bb2f77db36cf6431,melee_attack_nylon_knife_steel_alt_1_miss_plr
24a68287ec02c811,melee_attack_nylon_knife_steel_alt_2_hit_plr
8ce532f80d3037a6,melee_attack_nylon_knife_steel_alt_2_miss_plr
1847cfa3829bad92,melee_attack_nylon_knife_steel_alt_3_hit_plr
f2bb0b5a2134b077,melee_attack_nylon_knife_steel_alt_3_miss_plr
66c1828cc6b00569,melee_attack_nylon_knife_steel_pri_0_hit_plr
6f5fce58723d9ee,melee_attack_nylon_knife_steel_pri_0_miss_plr
30f8dd53bb6c428a,melee_attack_nylon_knife_steel_pri_1_hit_plr
600888f19e049edf,melee_attack_nylon_knife_steel_pri_1_miss_plr
f888236d0cc87b1f,melee_attack_nylon_knife_steel_pri_2_hit_plr
2b186299e4e39cd8,melee_attack_nylon_knife_steel_pri_2_miss_plr
69f621b7d8346a88,melee_attack_nylon_knife_steel_pri_3_hit_plr
1d9878f0a4a8dcb9,melee_attack_nylon_knife_steel_pri_3_miss_plr
fd10cef84c15ddcd,melee_attack_nylon_light_other_alt_0_fatal_npc
df01ced863573f9e,melee_attack_nylon_light_other_alt_0_hit_npc
e8fcc9b110f9410d,melee_attack_nylon_light_other_alt_0_miss_npc
63863fd8fc3ef22a,melee_attack_nylon_light_other_alt_1_fatal_npc
546c14d57a086b35,melee_attack_nylon_light_other_alt_1_hit_npc
5064eeeb1a02a1d4,melee_attack_nylon_light_other_alt_1_miss_npc
62eb4a3bcbf6d91f,melee_attack_nylon_light_other_alt_2_fatal_npc
d4ac4de13277baec,melee_attack_nylon_light_other_alt_2_hit_npc
d94b5237343591cf,melee_attack_nylon_light_other_alt_2_miss_npc
340732331018b25c,melee_attack_nylon_light_other_alt_3_fatal_npc
54f35aebc918a773,melee_attack_nylon_light_other_alt_3_hit_npc
2c55cc876933b426,melee_attack_nylon_light_other_alt_3_miss_npc
38189529560da5f7,melee_attack_nylon_light_other_pri_0_fatal_npc
5c8add573ad9cfb4,melee_attack_nylon_light_other_pri_0_hit_npc
c46526b0cc432967,melee_attack_nylon_light_other_pri_0_miss_npc
5f714afcebfd3a34,melee_attack_nylon_light_other_pri_1_fatal_npc
2b4575159bf5ad5b,melee_attack_nylon_light_other_pri_1_hit_npc
df98593572e070be,melee_attack_nylon_light_other_pri_1_miss_npc
7c4d9f47f08f61a5,melee_attack_nylon_light_other_pri_2_fatal_npc
91934dfb45c4bfe6,melee_attack_nylon_light_other_pri_2_hit_npc
6a5eb54e987d545,melee_attack_nylon_light_other_pri_2_miss_npc
2c6a425c7394ca42,melee_attack_nylon_light_other_pri_3_fatal_npc
9e1749e3ed09111d,melee_attack_nylon_light_other_pri_3_hit_npc
b26e4b45b2c6b78c,melee_attack_nylon_light_other_pri_3_miss_npc
6c64cc8291558661,melee_attack_nylon_light_polymer_alt_0_fatal_npc
343a642ef76f5662,melee_attack_nylon_light_polymer_alt_0_hit_npc
f4aed2f4ad7627c9,melee_attack_nylon_light_polymer_alt_0_miss_npc
5fb577e23299cc8e,melee_attack_nylon_light_polymer_alt_1_fatal_npc
3c9c5e992eec4629,melee_attack_nylon_light_polymer_alt_1_hit_npc
26ba26a6aefe4fb0,melee_attack_nylon_light_polymer_alt_1_miss_npc
b974c449173a3483,melee_attack_nylon_light_polymer_alt_2_fatal_npc
7148da9223fb3390,melee_attack_nylon_light_polymer_alt_2_hit_npc
9f40e7f3883c1a0b,melee_attack_nylon_light_polymer_alt_2_miss_npc
5128cf6e006e990,melee_attack_nylon_light_polymer_alt_3_fatal_npc
d84d1bd0d3d58f17,melee_attack_nylon_light_polymer_alt_3_hit_npc
70c3938b60dc73b2,melee_attack_nylon_light_polymer_alt_3_miss_npc
41435c9cb3fb49eb,melee_attack_nylon_light_polymer_pri_0_fatal_npc
d9e45d8ea67a7188,melee_attack_nylon_light_polymer_pri_0_hit_npc
4623aad80bef9153,melee_attack_nylon_light_polymer_pri_0_miss_npc
47f1190abdfbd978,melee_attack_nylon_light_polymer_pri_1_fatal_npc
c1cb5dcb62324acf,melee_attack_nylon_light_polymer_pri_1_hit_npc
aee8c9ee6c32241a,melee_attack_nylon_light_polymer_pri_1_miss_npc
27a21b7879acf649,melee_attack_nylon_light_polymer_pri_2_fatal_npc
ff92f9bdd1ada0da,melee_attack_nylon_light_polymer_pri_2_hit_npc
818b5345a3214351,melee_attack_nylon_light_polymer_pri_2_miss_npc
7ad3916886352716,melee_attack_nylon_light_polymer_pri_3_fatal_npc
72ca1c4fb232c5e1,melee_attack_nylon_light_polymer_pri_3_hit_npc
aef1cb09dfe14f78,melee_attack_nylon_light_polymer_pri_3_miss_npc
3cd0e034eed9c324,melee_attack_nylon_light_steel_alt_0_fatal_npc
ae3b0258422831cb,melee_attack_nylon_light_steel_alt_0_hit_npc
2ce02c0a9341366e,melee_attack_nylon_light_steel_alt_0_miss_npc
a6793412d51569e7,melee_attack_nylon_light_steel_alt_1_fatal_npc
e558a2d0b1ec9324,melee_attack_nylon_light_steel_alt_1_hit_npc
73cd8911aecda57,melee_attack_nylon_light_steel_alt_1_miss_npc
fb9e08b040600072,melee_attack_nylon_light_steel_alt_2_fatal_npc
809677984471f24d,melee_attack_nylon_light_steel_alt_2_hit_npc
1ebf685174283dfc,melee_attack_nylon_light_steel_alt_2_miss_npc
ee44de6780260f15,melee_attack_nylon_light_steel_alt_3_fatal_npc
5c791040422bbf16,melee_attack_nylon_light_steel_alt_3_hit_npc
f06a26f0c780435,melee_attack_nylon_light_steel_alt_3_miss_npc
ba4bbcdf2ad31e9e,melee_attack_nylon_light_steel_pri_0_fatal_npc
bface504b369c139,melee_attack_nylon_light_steel_pri_0_hit_npc
4062806a54d7d340,melee_attack_nylon_light_steel_pri_0_miss_npc
1c2933696c5aa0f1,melee_attack_nylon_light_steel_pri_1_fatal_npc
b1a7216536a9ed32,melee_attack_nylon_light_steel_pri_1_hit_npc
b0533d7fb5ac8a99,melee_attack_nylon_light_steel_pri_1_miss_npc
688c52e0215399e0,melee_attack_nylon_light_steel_pri_2_fatal_npc
9594107bb7edf4e7,melee_attack_nylon_light_steel_pri_2_hit_npc
3dc5f2199613cd82,melee_attack_nylon_light_steel_pri_2_miss_npc
56bad782e269ae93,melee_attack_nylon_light_steel_pri_3_fatal_npc
c66a81091f0828e0,melee_attack_nylon_light_steel_pri_3_hit_npc
6547555135c386db,melee_attack_nylon_light_steel_pri_3_miss_npc
5c1e181c5f6d98f,melee_attack_nylon_massive_other_alt_0_fatal_npc
841fd46df4022dc,melee_attack_nylon_massive_other_alt_0_hit_npc
171c873aae7157ff,melee_attack_nylon_massive_other_alt_0_miss_npc
a67100e6518d3d0c,melee_attack_nylon_massive_other_alt_1_fatal_npc
ffdae71443aec063,melee_attack_nylon_massive_other_alt_1_hit_npc
bb281bdf05a11916,melee_attack_nylon_massive_other_alt_1_miss_npc
c8b0b9bc0422fc7d,melee_attack_nylon_massive_other_alt_2_fatal_npc
ab7d9d263544580e,melee_attack_nylon_massive_other_alt_2_hit_npc
1d15f7a83dc11dfd,melee_attack_nylon_massive_other_alt_2_miss_npc
4a3ebc941e78d11a,melee_attack_nylon_massive_other_alt_3_fatal_npc
e88c68caa60a53a5,melee_attack_nylon_massive_other_alt_3_hit_npc
781b5a56d5384604,melee_attack_nylon_massive_other_alt_3_miss_npc
248448e026d13e15,melee_attack_nylon_massive_other_pri_0_fatal_npc
9c4aea4f532a5616,melee_attack_nylon_massive_other_pri_0_hit_npc
7f332a08ed129935,melee_attack_nylon_massive_other_pri_0_miss_npc
31dd7328e70b2f72,melee_attack_nylon_massive_other_pri_1_fatal_npc
c06851a75570894d,melee_attack_nylon_massive_other_pri_1_hit_npc
8eebefeb54c2d2fc,melee_attack_nylon_massive_other_pri_1_miss_npc
dcb89e8b7bc098e7,melee_attack_nylon_massive_other_pri_2_fatal_npc
252a7cdfc2eb2a24,melee_attack_nylon_massive_other_pri_2_hit_npc
7769602afb876f57,melee_attack_nylon_massive_other_pri_2_miss_npc
73104aad9584f224,melee_attack_nylon_massive_other_pri_3_fatal_npc
ee0cdc675326c8cb,melee_attack_nylon_massive_other_pri_3_hit_npc
9d0cb3a473dbcb6e,melee_attack_nylon_massive_other_pri_3_miss_npc
bcfa0e318ad357bb,melee_attack_nylon_massive_polymer_alt_0_fatal_npc
4ff5e04fa96ee058,melee_attack_nylon_massive_polymer_alt_0_hit_npc
961ae7e924e98ae3,melee_attack_nylon_massive_polymer_alt_0_miss_npc
dea4b2e50c989088,melee_attack_nylon_massive_polymer_alt_1_fatal_npc
7d356c72c1a82ddf,melee_attack_nylon_massive_polymer_alt_1_hit_npc
bd0ad4746197416a,melee_attack_nylon_massive_polymer_alt_1_miss_npc
842b97bc8c5c6259,melee_attack_nylon_massive_polymer_alt_2_fatal_npc
f1884afcfec54bea,melee_attack_nylon_massive_polymer_alt_2_hit_npc
3d44b4b899268061,melee_attack_nylon_massive_polymer_alt_2_miss_npc
7a28bc13015f80e6,melee_attack_nylon_massive_polymer_alt_3_fatal_npc
5828e1ec8aab3231,melee_attack_nylon_massive_polymer_alt_3_hit_npc
9d7a955def9b1a48,melee_attack_nylon_massive_polymer_alt_3_miss_npc
5fbe36d4555e1321,melee_attack_nylon_massive_polymer_pri_0_fatal_npc
6f312d59d680222,melee_attack_nylon_massive_polymer_pri_0_hit_npc
959235870951a089,melee_attack_nylon_massive_polymer_pri_0_miss_npc
6bdcb1f852beca4e,melee_attack_nylon_massive_polymer_pri_1_fatal_npc
fa07c174a850bbe9,melee_attack_nylon_massive_polymer_pri_1_hit_npc
ebe619ad9cec070,melee_attack_nylon_massive_polymer_pri_1_miss_npc
c9dff8d2b31a2543,melee_attack_nylon_massive_polymer_pri_2_fatal_npc
d30a794c11d0be50,melee_attack_nylon_massive_polymer_pri_2_hit_npc
8b63b36a42aa4ccb,melee_attack_nylon_massive_polymer_pri_2_miss_npc
fb872746d7f13c50,melee_attack_nylon_massive_polymer_pri_3_fatal_npc
907f87b73c8425d7,melee_attack_nylon_massive_polymer_pri_3_hit_npc
a6bd4b047797e72,melee_attack_nylon_massive_polymer_pri_3_miss_npc
dd2edc2d704c6912,melee_attack_nylon_massive_steel_alt_0_fatal_npc
dd4e2ba71fda47ed,melee_attack_nylon_massive_steel_alt_0_hit_npc
3da08a4527bcc01c,melee_attack_nylon_massive_steel_alt_0_miss_npc
e2ed7efba64c9cb5,melee_attack_nylon_massive_steel_alt_1_fatal_npc
b931c44f1d95c7b6,melee_attack_nylon_massive_steel_alt_1_hit_npc
33f6c037a80fb3d5,melee_attack_nylon_massive_steel_alt_1_miss_npc
704ebfca858bff44,melee_attack_nylon_massive_steel_alt_2_fatal_npc
88573aec95374aeb,melee_attack_nylon_massive_steel_alt_2_hit_npc
eafcc8944f0f0e,melee_attack_nylon_massive_steel_alt_2_miss_npc
a44e49d57be05407,melee_attack_nylon_massive_steel_alt_3_fatal_npc
db299f710ecb7344,melee_attack_nylon_massive_steel_alt_3_hit_npc
71ae4fe59ec61177,melee_attack_nylon_massive_steel_alt_3_miss_npc
e27c265d065644e0,melee_attack_nylon_massive_steel_pri_0_fatal_npc
d2ec10aa1153a7e7,melee_attack_nylon_massive_steel_pri_0_hit_npc
e00140db7de2f682,melee_attack_nylon_massive_steel_pri_0_miss_npc
d0aaaaffc76c5993,melee_attack_nylon_massive_steel_pri_1_fatal_npc
3c28137786ddbe0,melee_attack_nylon_massive_steel_pri_1_hit_npc
782a4131d92afdb,melee_attack_nylon_massive_steel_pri_1_miss_npc
343b905c0fd5c99e,melee_attack_nylon_massive_steel_pri_2_fatal_npc
fd04e5330ccf7439,melee_attack_nylon_massive_steel_pri_2_hit_npc
e29dcf2c3ca6fc40,melee_attack_nylon_massive_steel_pri_2_miss_npc
961906e6515d4bf1,melee_attack_nylon_massive_steel_pri_3_fatal_npc
eeff2193900fa032,melee_attack_nylon_massive_steel_pri_3_hit_npc
528e8c419d7bb399,melee_attack_nylon_massive_steel_pri_3_miss_npc
62df750c77de295e,melee_attack_nylon_medium_other_alt_0_fatal_npc
1591a596741e1cf9,melee_attack_nylon_medium_other_alt_0_hit_npc
edd9228d2eba9900,melee_attack_nylon_medium_other_alt_0_miss_npc
a71599e08f3046b1,melee_attack_nylon_medium_other_alt_1_fatal_npc
a51c3e8de1281af2,melee_attack_nylon_medium_other_alt_1_hit_npc
38fc4c6f291ca759,melee_attack_nylon_medium_other_alt_1_miss_npc
d5224dd293a917a0,melee_attack_nylon_medium_other_alt_2_fatal_npc
9d777bf86a4b1ca7,melee_attack_nylon_medium_other_alt_2_hit_npc
96d31240d4c37242,melee_attack_nylon_medium_other_alt_2_miss_npc
a7abab378f125653,melee_attack_nylon_medium_other_alt_3_fatal_npc
bf3395db93c9c5a0,melee_attack_nylon_medium_other_alt_3_hit_npc
805f5453f3f3ab9b,melee_attack_nylon_medium_other_alt_3_miss_npc
bff0f4e2c35d525c,melee_attack_nylon_medium_other_pri_0_fatal_npc
13c7a256f06c4773,melee_attack_nylon_medium_other_pri_0_hit_npc
c2ab279b3c4c9426,melee_attack_nylon_medium_other_pri_0_miss_npc
eed50ceb7f3b791f,melee_attack_nylon_medium_other_pri_1_fatal_npc
9380954c59cb5aec,melee_attack_nylon_medium_other_pri_1_hit_npc
6fa0ad4b074e71cf,melee_attack_nylon_medium_other_pri_1_miss_npc
ef700288af83922a,melee_attack_nylon_medium_other_pri_2_fatal_npc
13405c40a15c0b35,melee_attack_nylon_medium_other_pri_2_hit_npc
e6ba49feed1b81d4,melee_attack_nylon_medium_other_pri_2_miss_npc
88fa91a7ff5a7dcd,melee_attack_nylon_medium_other_pri_3_fatal_npc
9dd616438aaadf9e,melee_attack_nylon_medium_other_pri_3_hit_npc
7f5224c4e412210d,melee_attack_nylon_medium_other_pri_3_miss_npc
db9b18e2b511d2be,melee_attack_nylon_medium_polymer_alt_0_fatal_npc
a4c8209acfa3ec59,melee_attack_nylon_medium_polymer_alt_0_hit_npc
a02e026aecaef160,melee_attack_nylon_medium_polymer_alt_0_miss_npc
e08448e6e03bf111,melee_attack_nylon_medium_polymer_alt_1_fatal_npc
117ce5abe5692452,melee_attack_nylon_medium_polymer_alt_1_hit_npc
2d87868d85fcee39,melee_attack_nylon_medium_polymer_alt_1_miss_npc
4fdf1c2135639d00,melee_attack_nylon_medium_polymer_alt_2_fatal_npc
749f503cec233f87,melee_attack_nylon_medium_polymer_alt_2_hit_npc
4e7be9c85cfb39a2,melee_attack_nylon_medium_polymer_alt_2_miss_npc
64c87e73830668b3,melee_attack_nylon_medium_polymer_alt_3_fatal_npc
55a4324d648c5000,melee_attack_nylon_medium_polymer_alt_3_hit_npc
c7a1d271f92ecc7b,melee_attack_nylon_medium_polymer_alt_3_miss_npc
989085cde1c8d53c,melee_attack_nylon_medium_polymer_pri_0_fatal_npc
7b0bfc65b9bd8bd3,melee_attack_nylon_medium_polymer_pri_0_hit_npc
74db39d9d69f0886,melee_attack_nylon_medium_polymer_pri_0_miss_npc
8a110b1424936eff,melee_attack_nylon_medium_polymer_pri_1_fatal_npc
fd6deb30083ca3cc,melee_attack_nylon_medium_polymer_pri_1_hit_npc
1f25c3b4bc7d7baf,melee_attack_nylon_medium_polymer_pri_1_miss_npc
ed1f6b7bf9fbb78a,melee_attack_nylon_medium_polymer_pri_2_fatal_npc
774b11f3ec372115,melee_attack_nylon_medium_polymer_pri_2_hit_npc
809a9831807fa534,melee_attack_nylon_medium_polymer_pri_2_miss_npc
7bf1df61aa59f8ad,melee_attack_nylon_medium_polymer_pri_3_fatal_npc
db7cbd24720cb4fe,melee_attack_nylon_medium_polymer_pri_3_hit_npc
1011bf523d8e0d6d,melee_attack_nylon_medium_polymer_pri_3_miss_npc
8f3c4320fe1cc3d3,melee_attack_nylon_medium_steel_alt_0_fatal_npc
44e811adc4b7f720,melee_attack_nylon_medium_steel_alt_0_hit_npc
a03f3a7d18b1c81b,melee_attack_nylon_medium_steel_alt_0_miss_npc
bcb2e5bc02b38520,melee_attack_nylon_medium_steel_alt_1_fatal_npc
232bf7ca9b394e27,melee_attack_nylon_medium_steel_alt_1_hit_npc
b6b2f869f9818ec2,melee_attack_nylon_medium_steel_alt_1_miss_npc
8ea631c9fe3ab431,melee_attack_nylon_medium_steel_alt_2_fatal_npc
2ad0ba6012164c72,melee_attack_nylon_medium_steel_alt_2_hit_npc
58dc32984ddac3d9,melee_attack_nylon_medium_steel_alt_2_miss_npc
4a700cf5e6e896de,melee_attack_nylon_medium_steel_alt_3_fatal_npc
9b462168a50c4e79,melee_attack_nylon_medium_steel_alt_3_hit_npc
db908b65378b580,melee_attack_nylon_medium_steel_alt_3_miss_npc
4cafa769664b08f9,melee_attack_nylon_medium_steel_pri_0_fatal_npc
1ab0d532c6a3138a,melee_attack_nylon_medium_steel_pri_0_hit_npc
4531e38b900faf01,melee_attack_nylon_medium_steel_pri_0_miss_npc
762f39e8f9250e06,melee_attack_nylon_medium_steel_pri_1_fatal_npc
d906ed69371366d1,melee_attack_nylon_medium_steel_pri_1_hit_npc
7bdcd13d99ca6468,melee_attack_nylon_medium_steel_pri_1_miss_npc
46bdf9b63fa597db,melee_attack_nylon_medium_steel_pri_2_fatal_npc
4b8c747ce858baf8,melee_attack_nylon_medium_steel_pri_2_hit_npc
d3c6484145ddda83,melee_attack_nylon_medium_steel_pri_2_miss_npc
71ab0b08164f29a8,melee_attack_nylon_medium_steel_pri_3_fatal_npc
14842b37bc9bb07f,melee_attack_nylon_medium_steel_pri_3_hit_npc
4d30bf1e565cb90a,melee_attack_nylon_medium_steel_pri_3_miss_npc
278f28bd4192ce9e,melee_attack_nylon_piercing_other_alt_0_fatal_npc
df7ddf03cb51f139,melee_attack_nylon_piercing_other_alt_0_hit_npc
38ab4cdff4616340,melee_attack_nylon_piercing_other_alt_0_miss_npc
896c9f47831a50f1,melee_attack_nylon_piercing_other_alt_1_fatal_npc
d1781b644e921d32,melee_attack_nylon_piercing_other_alt_1_hit_npc
a89c09f555361a99,melee_attack_nylon_piercing_other_alt_1_miss_npc
d5cfbebe381349e0,melee_attack_nylon_piercing_other_alt_2_fatal_npc
b5650a7acfd624e7,melee_attack_nylon_piercing_other_alt_2_hit_npc
360ebe8f359d5d82,melee_attack_nylon_piercing_other_alt_2_miss_npc
c3fe4360f9295e93,melee_attack_nylon_piercing_other_alt_3_fatal_npc
e63b7b0836f058e0,melee_attack_nylon_piercing_other_alt_3_hit_npc
5d9021c6d54d16db,melee_attack_nylon_piercing_other_alt_3_miss_npc
424a0bc56aa8659c,melee_attack_nylon_piercing_other_pri_0_fatal_npc
89d1018d455babb3,melee_attack_nylon_piercing_other_pri_0_hit_npc
e822b948acce4f66,melee_attack_nylon_piercing_other_pri_0_miss_npc
38108ddb7c46bc5f,melee_attack_nylon_piercing_other_pri_1_fatal_npc
59b7f8e2419d52c,melee_attack_nylon_piercing_other_pri_1_hit_npc
fd9aa59804f38a0f,melee_attack_nylon_piercing_other_pri_1_miss_npc
410ff5a3889b646a,melee_attack_nylon_piercing_other_pri_2_fatal_npc
7ae37060890b1b75,melee_attack_nylon_piercing_other_pri_2_hit_npc
5d7de4b264e8b314,melee_attack_nylon_piercing_other_pri_2_miss_npc
248b309c9104540d,melee_attack_nylon_piercing_other_pri_3_fatal_npc
bccbccf82e462ade,melee_attack_nylon_piercing_other_pri_3_hit_npc
f41494fff758764d,melee_attack_nylon_piercing_other_pri_3_miss_npc
dd2e8ff4d1f75cfe,melee_attack_nylon_piercing_polymer_alt_0_fatal_npc
5abf33ed18e51e99,melee_attack_nylon_piercing_polymer_alt_0_hit_npc
1788646ecc330da0,melee_attack_nylon_piercing_polymer_alt_0_miss_npc
d2dc3507f4635d51,melee_attack_nylon_piercing_polymer_alt_1_fatal_npc
1890ce80df3ff392,melee_attack_nylon_piercing_polymer_alt_1_hit_npc
aa491309cceb0f79,melee_attack_nylon_piercing_polymer_alt_1_miss_npc
a349f9388f9cc340,melee_attack_nylon_piercing_polymer_alt_2_fatal_npc
8e4f9070e00805c7,melee_attack_nylon_piercing_polymer_alt_2_hit_npc
26e654b7d446aae2,melee_attack_nylon_piercing_polymer_alt_2_miss_npc
cc4423ca05df0df3,melee_attack_nylon_piercing_polymer_alt_3_fatal_npc
16fd7b91329ebe40,melee_attack_nylon_piercing_polymer_alt_3_hit_npc
11bdddd0b55b5dbb,melee_attack_nylon_piercing_polymer_alt_3_miss_npc
f1383fb5bad2bc7c,melee_attack_nylon_piercing_polymer_pri_0_fatal_npc
ddf8dcdf95d91f13,melee_attack_nylon_piercing_polymer_pri_0_hit_npc
e8e2ceac506691c6,melee_attack_nylon_piercing_polymer_pri_0_miss_npc
d921eba9e6f0333f,melee_attack_nylon_piercing_polymer_pri_1_fatal_npc
c0b52c1d9daf580c,melee_attack_nylon_piercing_polymer_pri_1_hit_npc
aa7fb6d575ac2eef,melee_attack_nylon_piercing_polymer_pri_1_miss_npc
3745d998ac37baca,melee_attack_nylon_piercing_polymer_pri_2_fatal_npc
35fd1cf002a09e55,melee_attack_nylon_piercing_polymer_pri_2_hit_npc
7b8fa1af07fa074,melee_attack_nylon_piercing_polymer_pri_2_miss_npc
2360ea79a41fcaed,melee_attack_nylon_piercing_polymer_pri_3_fatal_npc
8bad30fb1146f73e,melee_attack_nylon_piercing_polymer_pri_3_hit_npc
a9425502caa89dad,melee_attack_nylon_piercing_polymer_pri_3_miss_npc
e6f043263557da13,melee_attack_nylon_piercing_steel_alt_0_fatal_npc
b1801faca221e860,melee_attack_nylon_piercing_steel_alt_0_hit_npc
f4c36528fa83ed5b,melee_attack_nylon_piercing_steel_alt_0_miss_npc
f8c1be837441c560,melee_attack_nylon_piercing_steel_alt_1_fatal_npc
80a9af1f3b07b467,melee_attack_nylon_piercing_steel_alt_1_hit_npc
cd4201f15ad43402,melee_attack_nylon_piercing_steel_alt_1_miss_npc
ac5e9f0cbf48cc71,melee_attack_nylon_piercing_steel_alt_2_fatal_npc
9cbcc008b9c3acb2,melee_attack_nylon_piercing_steel_alt_2_hit_npc
3fcf4d577a6cf119,melee_attack_nylon_piercing_steel_alt_2_miss_npc
4a8128827dc14a1e,melee_attack_nylon_piercing_steel_alt_3_fatal_npc
aac283a8368380b9,melee_attack_nylon_piercing_steel_alt_3_hit_npc
cfde9042199839c0,melee_attack_nylon_piercing_steel_alt_3_miss_npc
563f63cb70b49c39,melee_attack_nylon_piercing_steel_pri_0_fatal_npc
30e5db6d3dd17dca,melee_attack_nylon_piercing_steel_pri_0_hit_npc
20931453b9eadb41,melee_attack_nylon_piercing_steel_pri_0_miss_npc
1326e18680b40346,melee_attack_nylon_piercing_steel_pri_1_fatal_npc
3efb2730d211d711,melee_attack_nylon_piercing_steel_pri_1_hit_npc
6c81e19111d019a8,melee_attack_nylon_piercing_steel_pri_1_miss_npc
8f68200ce590af1b,melee_attack_nylon_piercing_steel_pri_2_fatal_npc
60483c736d1a438,melee_attack_nylon_piercing_steel_pri_2_hit_npc
8289fb297f961cc3,melee_attack_nylon_piercing_steel_pri_2_miss_npc
618dfd324bc2cee8,melee_attack_nylon_piercing_steel_pri_3_fatal_npc
3c867c88a3ef4abf,melee_attack_nylon_piercing_steel_pri_3_hit_npc
dac0b40323c8254a,melee_attack_nylon_piercing_steel_pri_3_miss_npc
63cc450cce81deee,melee_attack_nylon_shield_other_alt_0_hit_plr
9a25f5cc914b4b4b,melee_attack_nylon_shield_other_alt_0_miss_plr
ff66420125efddad,melee_attack_nylon_shield_other_alt_1_hit_plr
58b6dd7bd6730bea,melee_attack_nylon_shield_other_alt_1_miss_plr
421b2af66d1422dc,melee_attack_nylon_shield_other_alt_2_hit_plr
cbfd5c2fb8ffee15,melee_attack_nylon_shield_other_alt_2_miss_plr
fbf41ef8dfeabd23,melee_attack_nylon_shield_other_alt_3_hit_plr
125b78f6128b2654,melee_attack_nylon_shield_other_alt_3_miss_plr
518c5da20d87ad08,melee_attack_nylon_shield_other_pri_0_hit_plr
f522c7e94122dc39,melee_attack_nylon_shield_other_pri_0_miss_plr
e01e5f57421bbd9f,melee_attack_nylon_shield_other_pri_1_hit_plr
2a2b192815d9c58,melee_attack_nylon_shield_other_pri_1_miss_plr
188f193df0bf850a,melee_attack_nylon_shield_other_pri_2_hit_plr
3792d7ea3a7e9e5f,melee_attack_nylon_shield_other_pri_2_miss_plr
4e57be76fc0347e9,melee_attack_nylon_shield_other_pri_3_hit_plr
de804bde239dd96e,melee_attack_nylon_shield_other_pri_3_miss_plr
f8c0f6fe5b69aa6e,melee_attack_nylon_slashing_other_alt_0_fatal_npc
d9f969d26f925409,melee_attack_nylon_slashing_other_alt_0_hit_npc
b0f98c3f8fdd3e10,melee_attack_nylon_slashing_other_alt_0_miss_npc
4574e88280077941,melee_attack_nylon_slashing_other_alt_1_fatal_npc
7d48ee21566fd342,melee_attack_nylon_slashing_other_alt_1_hit_npc
f13abbbabc4b08a9,melee_attack_nylon_slashing_other_alt_1_miss_npc
85822b603ea2d770,melee_attack_nylon_slashing_other_alt_2_fatal_npc
a3f8213dbb30fb77,melee_attack_nylon_slashing_other_alt_2_hit_npc
b2bca30ebaca9312,melee_attack_nylon_slashing_other_alt_2_miss_npc
9283e04905ea7463,melee_attack_nylon_slashing_other_alt_3_fatal_npc
b44768af9af6cff0,melee_attack_nylon_slashing_other_alt_3_hit_npc
2cc8d92f216b7beb,melee_attack_nylon_slashing_other_alt_3_miss_npc
fec9ed2fcbf1208c,melee_attack_nylon_slashing_other_pri_0_fatal_npc
cc6194b089bf77e3,melee_attack_nylon_slashing_other_pri_0_hit_npc
54b89c6a1408e796,melee_attack_nylon_slashing_other_pri_0_miss_npc
5e1acdcb405abd0f,melee_attack_nylon_slashing_other_pri_1_fatal_npc
d4c8aae32550da5c,melee_attack_nylon_slashing_other_pri_1_hit_npc
b0ad07c5bcd9267f,melee_attack_nylon_slashing_other_pri_1_miss_npc
a297a8dd98dcb49a,melee_attack_nylon_slashing_other_pri_2_fatal_npc
b5131666ec1b0b25,melee_attack_nylon_slashing_other_pri_2_hit_npc
11abdae1e3a01484,melee_attack_nylon_slashing_other_pri_2_miss_npc
2109a6057e86dffd,melee_attack_nylon_slashing_other_pri_3_fatal_npc
78044ac27b550f8e,melee_attack_nylon_slashing_other_pri_3_hit_npc
b6a678334c28ec7d,melee_attack_nylon_slashing_other_pri_3_miss_npc
84426279e5393aae,melee_attack_nylon_slashing_polymer_alt_0_fatal_npc
b238894fec378649,melee_attack_nylon_slashing_polymer_alt_0_hit_npc
eb62be59dc31650,melee_attack_nylon_slashing_polymer_alt_0_miss_npc
8a56866753a42881,melee_attack_nylon_slashing_polymer_alt_1_fatal_npc
c0f7d1a5ef233582,melee_attack_nylon_slashing_polymer_alt_1_hit_npc
e89740a6d640fee9,melee_attack_nylon_slashing_polymer_alt_1_miss_npc
d00afd766d9719b0,melee_attack_nylon_slashing_polymer_alt_2_fatal_npc
21d2cb0820c8e7b7,melee_attack_nylon_slashing_polymer_alt_2_hit_npc
6a7f43649d227952,melee_attack_nylon_slashing_polymer_alt_2_miss_npc
8c3b3022c663b1a3,melee_attack_nylon_slashing_polymer_alt_3_fatal_npc
e9a333ec63907430,melee_attack_nylon_slashing_polymer_alt_3_hit_npc
e06ae90274223a2b,melee_attack_nylon_slashing_polymer_alt_3_miss_npc
f170994c7d0358cc,melee_attack_nylon_slashing_polymer_pri_0_fatal_npc
b28161196903d223,melee_attack_nylon_slashing_polymer_pri_0_hit_npc
4c98dd1ac1b655d6,melee_attack_nylon_slashing_polymer_pri_0_miss_npc
b169b0345625464f,melee_attack_nylon_slashing_polymer_pri_1_fatal_npc
113e43c3c5e0b09c,melee_attack_nylon_slashing_polymer_pri_1_hit_npc
8d66c8bab8c5d8bf,melee_attack_nylon_slashing_polymer_pri_1_miss_npc
e04dec353ff86fda,melee_attack_nylon_slashing_polymer_pri_2_fatal_npc
ec4eb8527bf34f65,melee_attack_nylon_slashing_polymer_pri_2_hit_npc
b11823edb1ea34c4,melee_attack_nylon_slashing_polymer_pri_2_miss_npc
6261555c30c4643d,melee_attack_nylon_slashing_polymer_pri_3_fatal_npc
751526683e4a7cce,melee_attack_nylon_slashing_polymer_pri_3_hit_npc
a05950991fbbdbd,melee_attack_nylon_slashing_polymer_pri_3_miss_npc
8a8d48cdd439fca3,melee_attack_nylon_slashing_steel_alt_0_fatal_npc
73135b2b0640c730,melee_attack_nylon_slashing_steel_alt_0_hit_npc
1a509870e5bf432b,melee_attack_nylon_slashing_steel_alt_0_miss_npc
ce5d16217b6d64b0,melee_attack_nylon_slashing_steel_alt_1_fatal_npc
ab42f246c3793ab7,melee_attack_nylon_slashing_steel_alt_1_hit_npc
a464f2d30ebf8252,melee_attack_nylon_slashing_steel_alt_1_miss_npc
88a89f12617a7381,melee_attack_nylon_slashing_steel_alt_2_fatal_npc
4a67f8e491d38882,melee_attack_nylon_slashing_steel_alt_2_hit_npc
227cf01547de07e9,melee_attack_nylon_slashing_steel_alt_2_miss_npc
82947b24f30f85ae,melee_attack_nylon_slashing_steel_alt_3_fatal_npc
3ba8b08e8ee7d949,melee_attack_nylon_slashing_steel_alt_3_hit_npc
489bdb540f601f50,melee_attack_nylon_slashing_steel_alt_3_miss_npc
b345d69838f1ec29,melee_attack_nylon_slashing_steel_pri_0_fatal_npc
927e1b73f5d5dc3a,melee_attack_nylon_slashing_steel_pri_0_hit_npc
bb50a1fe23f95d31,melee_attack_nylon_slashing_steel_pri_0_miss_npc
62b5c2754fab1276,melee_attack_nylon_slashing_steel_pri_1_fatal_npc
8851b9805eb5f0c1,melee_attack_nylon_slashing_steel_pri_1_hit_npc
9fd333df069b9158,melee_attack_nylon_slashing_steel_pri_1_miss_npc
1cb86ada9905b0cb,melee_attack_nylon_slashing_steel_pri_2_fatal_npc
e78907f55d2605e8,melee_attack_nylon_slashing_steel_pri_2_hit_npc
f1ce7567fd9aa7b3,melee_attack_nylon_slashing_steel_pri_2_miss_npc
ce47aa66cf62a758,melee_attack_nylon_slashing_steel_pri_3_fatal_npc
520b83aca1371baf,melee_attack_nylon_slashing_steel_pri_3_hit_npc
eab0431f5192ccfa,melee_attack_nylon_slashing_steel_pri_3_miss_npc
c90a00e97c9163b1,melee_attack_nylon_user1_other_alt_0_hit_plr
442a5b9369afefc6,melee_attack_nylon_user1_other_alt_0_miss_plr
41f1c55480a6f032,melee_attack_nylon_user1_other_alt_1_hit_plr
9ef3fad959835b17,melee_attack_nylon_user1_other_alt_1_miss_plr
c319d67255d3d2e7,melee_attack_nylon_user1_other_alt_2_hit_plr
fc1e01b092e9f690,melee_attack_nylon_user1_other_alt_2_miss_plr
9dcd6b1275a5c3f0,melee_attack_nylon_user1_other_alt_3_hit_plr
c7850bc400d466d1,melee_attack_nylon_user1_other_alt_3_miss_plr
c6ce6ff07fd9a07f,melee_attack_nylon_user1_other_pri_0_hit_plr
eb7bd2ab4f3371b8,melee_attack_nylon_user1_other_pri_0_miss_plr
f594588239d98068,melee_attack_nylon_user1_other_pri_1_hit_plr
972e487064d0fd99,melee_attack_nylon_user1_other_pri_1_miss_plr
ac5b57c0c9615ac9,melee_attack_nylon_user1_other_pri_2_hit_plr
2b67463e8e591b4e,melee_attack_nylon_user1_other_pri_2_miss_plr
531b2dfd615eb86a,melee_attack_nylon_user1_other_pri_3_hit_plr
72e78354dc274ebf,melee_attack_nylon_user1_other_pri_3_miss_plr
ecb21b09cd5f303d,melee_attack_nylon_user2_steel_alt_0_hit_plr
cc199164716dc57a,melee_attack_nylon_user2_steel_alt_0_miss_plr
9fbdbad70b2ff2be,melee_attack_nylon_user2_steel_alt_1_hit_plr
35df440815ebad1b,melee_attack_nylon_user2_steel_alt_1_miss_plr
822516e9ac7d0d33,melee_attack_nylon_user2_steel_alt_2_hit_plr
4ff3e5d1249fdde4,melee_attack_nylon_user2_steel_alt_2_miss_plr
64b8a88d59033aac,melee_attack_nylon_user2_steel_alt_3_hit_plr
2a1e468095ac7665,melee_attack_nylon_user2_steel_alt_3_miss_plr
d362d411df13671b,melee_attack_nylon_user2_steel_pri_0_hit_plr
549aa832c1c9075c,melee_attack_nylon_user2_steel_pri_0_miss_plr
c61c016a5601bb14,melee_attack_nylon_user2_steel_pri_1_hit_plr
b6fb4c14c743635d,melee_attack_nylon_user2_steel_pri_1_miss_plr
938f2aa2feff8a85,melee_attack_nylon_user2_steel_pri_2_hit_plr
9fe4ba546e631b32,melee_attack_nylon_user2_steel_pri_2_miss_plr
1777402a68407c46,melee_attack_nylon_user2_steel_pri_3_hit_plr
b7536bce6f760393,melee_attack_nylon_user2_steel_pri_3_miss_plr
dd028a4c5dd9885a,melee_attack_vestheavy_dlc2_other_alt_0_hit_npc
f205757dd1bba1d1,melee_attack_vestheavy_dlc2_other_alt_0_miss_npc
5039acde3e5ead61,melee_attack_vestheavy_dlc2_other_alt_1_hit_npc
1f6bed420e7badf8,melee_attack_vestheavy_dlc2_other_alt_1_miss_npc
b753ee1d32a65908,melee_attack_vestheavy_dlc2_other_alt_2_hit_npc
b69dcd103a89efd3,melee_attack_vestheavy_dlc2_other_alt_2_miss_npc
9f3aee59ee5e324f,melee_attack_vestheavy_dlc2_other_alt_3_hit_npc
1f62ec269acc829a,melee_attack_vestheavy_dlc2_other_alt_3_miss_npc
8a6be1f243dd0ac0,melee_attack_vestheavy_dlc2_other_pri_0_hit_npc
74a254c102375b3b,melee_attack_vestheavy_dlc2_other_pri_0_miss_npc
1bdf6d1f1465247,melee_attack_vestheavy_dlc2_other_pri_1_hit_npc
89cacba82122a862,melee_attack_vestheavy_dlc2_other_pri_1_miss_npc
8bff34e1f07e4012,melee_attack_vestheavy_dlc2_other_pri_2_hit_npc
d2d89fa19c70cf9,melee_attack_vestheavy_dlc2_other_pri_2_miss_npc
ce2d9a4e2a236b19,melee_attack_vestheavy_dlc2_other_pri_3_hit_npc
7a6cdb5f190f0b20,melee_attack_vestheavy_dlc2_other_pri_3_miss_npc
2a560c63a5e50427,melee_attack_vestheavy_gunlrg_polymer_alt_0_hit_plr
36be0d5061d40cd0,melee_attack_vestheavy_gunlrg_polymer_alt_0_miss_plr
138aecceec84d930,melee_attack_vestheavy_gunlrg_polymer_alt_1_hit_plr
bb033f0200c7d211,melee_attack_vestheavy_gunlrg_polymer_alt_1_miss_plr
9dd846c781e43ff1,melee_attack_vestheavy_gunlrg_polymer_alt_2_hit_plr
3389fe4eda059906,melee_attack_vestheavy_gunlrg_polymer_alt_2_miss_plr
c04f3e060b20c072,melee_attack_vestheavy_gunlrg_polymer_alt_3_hit_plr
e43527e6a08f0857,melee_attack_vestheavy_gunlrg_polymer_alt_3_miss_plr
79f219c3b442bc49,melee_attack_vestheavy_gunlrg_polymer_pri_0_hit_plr
63f47133ab51c7ce,melee_attack_vestheavy_gunlrg_polymer_pri_0_miss_plr
20b1f0004c4019ea,melee_attack_vestheavy_gunlrg_polymer_pri_1_hit_plr
ab74ae49f91ffb3f,melee_attack_vestheavy_gunlrg_polymer_pri_1_miss_plr
946531f36abb01ff,melee_attack_vestheavy_gunlrg_polymer_pri_2_hit_plr
2408fda06c2c1e38,melee_attack_vestheavy_gunlrg_polymer_pri_2_miss_plr
c32b1a8524bae1e8,melee_attack_vestheavy_gunlrg_polymer_pri_3_hit_plr
cfbb736581c9aa19,melee_attack_vestheavy_gunlrg_polymer_pri_3_miss_plr
c34090d3413902c6,melee_attack_vestheavy_gunlrg_steel_alt_0_hit_plr
96edfab71dc28f13,melee_attack_vestheavy_gunlrg_steel_alt_0_miss_plr
3f587b4bd7f81105,melee_attack_vestheavy_gunlrg_steel_alt_1_hit_plr
7f7f493d1cafa6b2,melee_attack_vestheavy_gunlrg_steel_alt_1_miss_plr
71e552132efa4194,melee_attack_vestheavy_gunlrg_steel_alt_2_hit_plr
9695dafd758feedd,melee_attack_vestheavy_gunlrg_steel_alt_2_miss_plr
7f2c24bab80bed9b,melee_attack_vestheavy_gunlrg_steel_alt_3_hit_plr
3435371b701592dc,melee_attack_vestheavy_gunlrg_steel_alt_3_miss_plr
6f67977f79dac660,melee_attack_vestheavy_gunlrg_steel_pri_0_hit_plr
e7973b15dfde2981,melee_attack_vestheavy_gunlrg_steel_pri_0_miss_plr
a5d52de023a3d3d7,melee_attack_vestheavy_gunlrg_steel_pri_1_hit_plr
4741a2ba28d9fc0,melee_attack_vestheavy_gunlrg_steel_pri_1_miss_plr
4f9616f5f24ad9a2,melee_attack_vestheavy_gunlrg_steel_pri_2_hit_plr
c421e8c50f011647,melee_attack_vestheavy_gunlrg_steel_pri_2_miss_plr
c5d4118380bcf921,melee_attack_vestheavy_gunlrg_steel_pri_3_hit_plr
ba2cdfcc0117c36,melee_attack_vestheavy_gunlrg_steel_pri_3_miss_plr
e672c24543c37792,melee_attack_vestheavy_gunmed_polymer_alt_0_hit_plr
6d7f543557d0ee77,melee_attack_vestheavy_gunmed_polymer_alt_0_miss_plr
f2d17529ad2a9211,melee_attack_vestheavy_gunmed_polymer_alt_1_hit_plr
7a97bd343cc75a6,melee_attack_vestheavy_gunmed_polymer_alt_1_miss_plr
692cec8d986606d0,melee_attack_vestheavy_gunmed_polymer_alt_2_hit_plr
35f3c0b66d6ba231,melee_attack_vestheavy_gunmed_polymer_alt_2_miss_plr
93b14ee2894841c7,melee_attack_vestheavy_gunmed_polymer_alt_3_hit_plr
bd9af778087ded70,melee_attack_vestheavy_gunmed_polymer_alt_3_miss_plr
5430cac8c7abf2cc,melee_attack_vestheavy_gunmed_polymer_pri_0_hit_plr
d188ea8a34020b05,melee_attack_vestheavy_gunmed_polymer_pri_0_miss_plr
7cb9d04a8f738a53,melee_attack_vestheavy_gunmed_polymer_pri_1_hit_plr
44771ae9edda8184,melee_attack_vestheavy_gunmed_polymer_pri_1_miss_plr
be0b87356c7c45de,melee_attack_vestheavy_gunmed_polymer_pri_2_hit_plr
2ac8351c4be63cbb,melee_attack_vestheavy_gunmed_polymer_pri_2_miss_plr
5ec6b8bfc462d7dd,melee_attack_vestheavy_gunmed_polymer_pri_3_hit_plr
122057fb57ffa51a,melee_attack_vestheavy_gunmed_polymer_pri_3_miss_plr
46d957c43bd3f287,melee_attack_vestheavy_gunmed_steel_alt_0_hit_plr
17342462aced9930,melee_attack_vestheavy_gunmed_steel_alt_0_miss_plr
8b28b97669dfaa90,melee_attack_vestheavy_gunmed_steel_alt_1_hit_plr
2c93d2e720d047f1,melee_attack_vestheavy_gunmed_steel_alt_1_miss_plr
b7b1965332b176d1,melee_attack_vestheavy_gunmed_steel_alt_2_hit_plr
a8621dd6b25ccf66,melee_attack_vestheavy_gunmed_steel_alt_2_miss_plr
5f6f04e1296a9e52,melee_attack_vestheavy_gunmed_steel_alt_3_hit_plr
d7f65b639a6af37,melee_attack_vestheavy_gunmed_steel_alt_3_miss_plr
e2703a362bb7fb29,melee_attack_vestheavy_gunmed_steel_pri_0_hit_plr
3c3351bc368cbeae,melee_attack_vestheavy_gunmed_steel_pri_0_miss_plr
8658bed492b6c4a,melee_attack_vestheavy_gunmed_steel_pri_1_hit_plr
106b3d73752f0e9f,melee_attack_vestheavy_gunmed_steel_pri_1_miss_plr
8229c9b54face7df,melee_attack_vestheavy_gunmed_steel_pri_2_hit_plr
8396625180cdc698,melee_attack_vestheavy_gunmed_steel_pri_2_miss_plr
338b2dc192060448,melee_attack_vestheavy_gunmed_steel_pri_3_hit_plr
e9caf2333f30a379,melee_attack_vestheavy_gunmed_steel_pri_3_miss_plr
6f6d65f0f4e4a73e,melee_attack_vestheavy_gunsm_polymer_alt_0_hit_plr
d213811033fa629b,melee_attack_vestheavy_gunsm_polymer_alt_0_miss_plr
bc61c623b713e4bd,melee_attack_vestheavy_gunsm_polymer_alt_1_hit_plr
684dce6c8f7c7afa,melee_attack_vestheavy_gunsm_polymer_alt_1_miss_plr
346853a742b7ef2c,melee_attack_vestheavy_gunsm_polymer_alt_2_hit_plr
c6528388b3bb2be5,melee_attack_vestheavy_gunsm_polymer_alt_2_miss_plr
51d4c2039631c1b3,melee_attack_vestheavy_gunsm_polymer_alt_3_hit_plr
ec2822d942ae9364,melee_attack_vestheavy_gunsm_polymer_alt_3_miss_plr
583e2185685db538,melee_attack_vestheavy_gunsm_polymer_pri_0_hit_plr
f35251ba25ace9a9,melee_attack_vestheavy_gunsm_polymer_pri_0_miss_plr
de5a434f1e745a0f,melee_attack_vestheavy_gunsm_polymer_pri_1_hit_plr
6cf9a60880b05288,melee_attack_vestheavy_gunsm_polymer_pri_1_miss_plr
cd7a3354a025d9fa,melee_attack_vestheavy_gunsm_polymer_pri_2_hit_plr
a3cebb9ad028508f,melee_attack_vestheavy_gunsm_polymer_pri_2_miss_plr
490fa699f2808919,melee_attack_vestheavy_gunsm_polymer_pri_3_hit_plr
4e34e6bdd446e9de,melee_attack_vestheavy_gunsm_polymer_pri_3_miss_plr
7d2447ea6b120d03,melee_attack_vestheavy_gunsm_steel_alt_0_hit_plr
27d795c9b1b31134,melee_attack_vestheavy_gunsm_steel_alt_0_miss_plr
e9af62ba5bb4b33c,melee_attack_vestheavy_gunsm_steel_alt_1_hit_plr
ea9a2ca892100ff5,melee_attack_vestheavy_gunsm_steel_alt_1_miss_plr
acdd19f57826a10d,melee_attack_vestheavy_gunsm_steel_alt_2_hit_plr
8992762bce6aeb4a,melee_attack_vestheavy_gunsm_steel_alt_2_miss_plr
e99212c3b96eace,melee_attack_vestheavy_gunsm_steel_alt_3_hit_plr
d1128a517149be2b,melee_attack_vestheavy_gunsm_steel_alt_3_miss_plr
7b02612736c31ed5,melee_attack_vestheavy_gunsm_steel_pri_0_hit_plr
aa7c5326c34eed82,melee_attack_vestheavy_gunsm_steel_pri_0_miss_plr
df2f7160d3250d96,melee_attack_vestheavy_gunsm_steel_pri_1_hit_plr
e450c071a342723,melee_attack_vestheavy_gunsm_steel_pri_1_miss_plr
801650472fedf3eb,melee_attack_vestheavy_gunsm_steel_pri_2_hit_plr
f073642669f7c1ac,melee_attack_vestheavy_gunsm_steel_pri_2_miss_plr
ae3d51d4b2e99464,melee_attack_vestheavy_gunsm_steel_pri_3_hit_plr
e159c8ca4c1afbad,melee_attack_vestheavy_gunsm_steel_pri_3_miss_plr
f6fff6ca0a33dbb9,melee_attack_vestheavy_heavy_other_alt_0_fatal_npc
95b2b019964a314a,melee_attack_vestheavy_heavy_other_alt_0_hit_npc
e153f52e0f03ddc1,melee_attack_vestheavy_heavy_other_alt_0_miss_npc
b3e774851a3342c6,melee_attack_vestheavy_heavy_other_alt_1_fatal_npc
a3c7fbdd2a8a8a91,melee_attack_vestheavy_heavy_other_alt_1_hit_npc
2d42c26b66e91c28,melee_attack_vestheavy_heavy_other_alt_1_miss_npc
3028b30b7f0fee9b,melee_attack_vestheavy_heavy_other_alt_2_fatal_npc
6ad158738f4a57b8,melee_attack_vestheavy_heavy_other_alt_2_hit_npc
434adc03d4af1f43,melee_attack_vestheavy_heavy_other_alt_2_miss_npc
24e9030e5420e68,melee_attack_vestheavy_heavy_other_alt_3_fatal_npc
a1535134fc67fe3f,melee_attack_vestheavy_heavy_other_alt_3_hit_npc
9b8194dd78e127ca,melee_attack_vestheavy_heavy_other_alt_3_miss_npc
fbdd2593397f7143,melee_attack_vestheavy_heavy_other_pri_0_fatal_npc
60be27f3cde12a50,melee_attack_vestheavy_heavy_other_pri_0_hit_npc
64217a6ed291d0cb,melee_attack_vestheavy_heavy_other_pri_0_miss_npc
2d8454075e568850,melee_attack_vestheavy_heavy_other_pri_1_fatal_npc
1e33365ef89491d7,melee_attack_vestheavy_heavy_other_pri_1_hit_npc
e3299bb4d7610272,melee_attack_vestheavy_heavy_other_pri_1_miss_npc
91bb6394dbc35f21,melee_attack_vestheavy_heavy_other_pri_2_fatal_npc
94a6c17d59786e22,melee_attack_vestheavy_heavy_other_pri_2_hit_npc
6e4ffc8b99392489,melee_attack_vestheavy_heavy_other_pri_2_miss_npc
9dd9deb8d924164e,melee_attack_vestheavy_heavy_other_pri_3_fatal_npc
87bb701c646127e9,melee_attack_vestheavy_heavy_other_pri_3_hit_npc
e77c289f69b64470,melee_attack_vestheavy_heavy_other_pri_3_miss_npc
63bb0bc469e93ed5,melee_attack_vestheavy_heavy_polymer_alt_0_fatal_npc
8727e6c8742be9d6,melee_attack_vestheavy_heavy_polymer_alt_0_hit_npc
aec6636b6063f8f5,melee_attack_vestheavy_heavy_polymer_alt_0_miss_npc
b5756572e0e39932,melee_attack_vestheavy_heavy_polymer_alt_1_fatal_npc
46e1780378ec820d,melee_attack_vestheavy_heavy_polymer_alt_1_hit_npc
e1319154107422bc,melee_attack_vestheavy_heavy_polymer_alt_1_miss_npc
1aee32b57adad6a7,melee_attack_vestheavy_heavy_polymer_alt_2_fatal_npc
c2207052df82bde4,melee_attack_vestheavy_heavy_polymer_alt_2_hit_npc
3753444f099f4d17,melee_attack_vestheavy_heavy_polymer_alt_2_miss_npc
a05ec1c6aeea32e4,melee_attack_vestheavy_heavy_polymer_alt_3_fatal_npc
6f4e0bce65ee958b,melee_attack_vestheavy_heavy_polymer_alt_3_hit_npc
5b94aa4b91e1c12e,melee_attack_vestheavy_heavy_polymer_alt_3_miss_npc
9ba568bf72b0e65f,melee_attack_vestheavy_heavy_polymer_pri_0_fatal_npc
fdb77830f7b1ef2c,melee_attack_vestheavy_heavy_polymer_pri_0_hit_npc
2d3c22459067b80f,melee_attack_vestheavy_heavy_polymer_pri_0_miss_npc
a5dee6a961128f9c,melee_attack_vestheavy_heavy_polymer_pri_1_fatal_npc
81ecfa3018f3c5b3,melee_attack_vestheavy_heavy_polymer_pri_1_hit_npc
17c435f638427d66,melee_attack_vestheavy_heavy_polymer_pri_1_miss_npc
88200b80876e7e0d,melee_attack_vestheavy_heavy_polymer_pri_2_fatal_npc
b4e7c59b01de44de,melee_attack_vestheavy_heavy_polymer_pri_2_hit_npc
23b611ad82cca44d,melee_attack_vestheavy_heavy_polymer_pri_2_miss_npc
a4a4d0877f058e6a,melee_attack_vestheavy_heavy_polymer_pri_3_fatal_npc
72ff69035ca33575,melee_attack_vestheavy_heavy_polymer_pri_3_hit_npc
8d1f615ff05ce114,melee_attack_vestheavy_heavy_polymer_pri_3_miss_npc
10b9e07fc3ced058,melee_attack_vestheavy_heavy_steel_alt_0_fatal_npc
b6a6e03968981caf,melee_attack_vestheavy_heavy_steel_alt_0_hit_npc
3faf86561b677ffa,melee_attack_vestheavy_heavy_steel_alt_0_miss_npc
5f2aa0f38d71d9cb,melee_attack_vestheavy_heavy_steel_alt_1_fatal_npc
4c246482248706e8,melee_attack_vestheavy_heavy_steel_alt_1_hit_npc
46cdb89ec76f5ab3,melee_attack_vestheavy_heavy_steel_alt_1_miss_npc
a527f88e44173b76,melee_attack_vestheavy_heavy_steel_alt_2_fatal_npc
eced160d2616f1c1,melee_attack_vestheavy_heavy_steel_alt_2_hit_npc
f4d27715d0704458,melee_attack_vestheavy_heavy_steel_alt_2_miss_npc
f5b80cb12d5e1529,melee_attack_vestheavy_heavy_steel_alt_3_fatal_npc
f7197800bd36dd3a,melee_attack_vestheavy_heavy_steel_alt_3_hit_npc
104fe534edce1031,melee_attack_vestheavy_heavy_steel_alt_3_miss_npc
d271c818ccfab22,melee_attack_vestheavy_heavy_steel_pri_0_fatal_npc
613918edb9564afd,melee_attack_vestheavy_heavy_steel_pri_0_hit_npc
6232e374bc80e4ec,melee_attack_vestheavy_heavy_steel_pri_0_miss_npc
43553247be7fe885,melee_attack_vestheavy_heavy_steel_pri_1_fatal_npc
d4c39d5f6eda74c6,melee_attack_vestheavy_heavy_steel_pri_1_hit_npc
c3f35cd078261a25,melee_attack_vestheavy_heavy_steel_pri_1_miss_npc
8b626409035e3294,melee_attack_vestheavy_heavy_steel_pri_2_fatal_npc
6e75c479c50b623b,melee_attack_vestheavy_heavy_steel_pri_2_hit_npc
9ce5cab1017eb59e,melee_attack_vestheavy_heavy_steel_pri_2_miss_npc
24e5d066577db9d7,melee_attack_vestheavy_heavy_steel_pri_3_fatal_npc
c1e76a3ffec9ea94,melee_attack_vestheavy_heavy_steel_pri_3_hit_npc
285aafd1312b89c7,melee_attack_vestheavy_heavy_steel_pri_3_miss_npc
3b181d4f407feb40,melee_attack_vestheavy_knife_steel_alt_0_hit_plr
2b6fea4956513161,melee_attack_vestheavy_knife_steel_alt_0_miss_plr
40c211e3304517b7,melee_attack_vestheavy_knife_steel_alt_1_hit_plr
6b1dbae4b8e5a520,melee_attack_vestheavy_knife_steel_alt_1_miss_plr
7fbbcdd281550402,melee_attack_vestheavy_knife_steel_alt_2_hit_plr
19f716924c4f2727,melee_attack_vestheavy_knife_steel_alt_2_miss_plr
4a6a42f2f85ecc01,melee_attack_vestheavy_knife_steel_alt_3_hit_plr
24cc21ab3ec12096,melee_attack_vestheavy_knife_steel_alt_3_miss_plr
b0895242468de50e,melee_attack_vestheavy_knife_steel_pri_0_hit_plr
368a18878cc6286b,melee_attack_vestheavy_knife_steel_pri_0_miss_plr
af27ab7f3c74bc4d,melee_attack_vestheavy_knife_steel_pri_1_hit_plr
2f562b02669a38a,melee_attack_vestheavy_knife_steel_pri_1_miss_plr
e3fdbe529e14bb7c,melee_attack_vestheavy_knife_steel_pri_2_hit_plr
632887f5a3c4ec35,melee_attack_vestheavy_knife_steel_pri_2_miss_plr
6c570c5d39260343,melee_attack_vestheavy_knife_steel_pri_3_hit_plr
b27724dde080cf74,melee_attack_vestheavy_knife_steel_pri_3_miss_plr
611f9a9599df2c96,melee_attack_vestheavy_light_polymer_alt_0_fatal_npc
69cb57d48c0ecf61,melee_attack_vestheavy_light_polymer_alt_0_hit_npc
42136dc810c573f8,melee_attack_vestheavy_light_polymer_alt_0_miss_npc
dee24a58d56fbc9,melee_attack_vestheavy_light_polymer_alt_1_fatal_npc
f6943542ab89aa5a,melee_attack_vestheavy_light_polymer_alt_1_hit_npc
14acf603d40567d1,melee_attack_vestheavy_light_polymer_alt_1_miss_npc
2e3d2237d1a5def8,melee_attack_vestheavy_light_polymer_alt_2_fatal_npc
b8cc99503c0e544f,melee_attack_vestheavy_light_polymer_alt_2_hit_npc
420a6cac9d16489a,melee_attack_vestheavy_light_polymer_alt_2_miss_npc
278f65c9c7a54f6b,melee_attack_vestheavy_light_polymer_alt_3_fatal_npc
d0e5991380567b08,melee_attack_vestheavy_light_polymer_alt_3_hit_npc
d9454d963cd3b5d3,melee_attack_vestheavy_light_polymer_alt_3_miss_npc
b65bc12ef832ff74,melee_attack_vestheavy_light_polymer_pri_0_fatal_npc
5107d77ba72f7c9b,melee_attack_vestheavy_light_polymer_pri_0_hit_npc
a6fc2202ca1118fe,melee_attack_vestheavy_light_polymer_pri_0_miss_npc
4e9ab4d0ab8cd837,melee_attack_vestheavy_light_polymer_pri_1_fatal_npc
7adcca13ff0048f4,melee_attack_vestheavy_light_polymer_pri_1_hit_npc
2acbce06d871bba7,melee_attack_vestheavy_light_polymer_pri_1_miss_npc
4bc5c4f7e4e9f182,melee_attack_vestheavy_light_polymer_pri_2_fatal_npc
2f477051144daa5d,melee_attack_vestheavy_light_polymer_pri_2_hit_npc
13862c27b32fc6cc,melee_attack_vestheavy_light_polymer_pri_2_miss_npc
2879615aab16cde5,melee_attack_vestheavy_light_polymer_pri_3_fatal_npc
77624a9fda116226,melee_attack_vestheavy_light_polymer_pri_3_hit_npc
7b8f29d06ce75585,melee_attack_vestheavy_light_polymer_pri_3_miss_npc
ecbfa67b9c89709b,melee_attack_vestheavy_light_steel_alt_0_fatal_npc
4ccfc5329e7a09b8,melee_attack_vestheavy_light_steel_alt_0_hit_npc
764fa4aaa2ba9543,melee_attack_vestheavy_light_steel_alt_0_miss_npc
bee583a102bb9068,melee_attack_vestheavy_light_steel_alt_1_fatal_npc
8351bdf40b97b03f,melee_attack_vestheavy_light_steel_alt_1_hit_npc
ce865d8446ec9dca,melee_attack_vestheavy_light_steel_alt_1_miss_npc
b396ea3a27ad5db9,melee_attack_vestheavy_light_steel_alt_2_fatal_npc
77b11cd8a579e34a,melee_attack_vestheavy_light_steel_alt_2_hit_npc
1458bdd4dd0f53c1,melee_attack_vestheavy_light_steel_alt_2_miss_npc
707e67f537acc4c6,melee_attack_vestheavy_light_steel_alt_3_fatal_npc
85c6689c39ba3c91,melee_attack_vestheavy_light_steel_alt_3_hit_npc
60478b1234f49228,melee_attack_vestheavy_light_steel_alt_3_miss_npc
4de88918c36ade81,melee_attack_vestheavy_light_steel_pri_0_fatal_npc
f9c26c3aa230fb82,melee_attack_vestheavy_light_steel_pri_0_hit_npc
76a1eb5316a870e9,melee_attack_vestheavy_light_steel_pri_0_miss_npc
47d4652b54fff0ae,melee_attack_vestheavy_light_steel_pri_1_fatal_npc
eb0323e49f454c49,melee_attack_vestheavy_light_steel_pri_1_hit_npc
9cc0d691de2a8850,melee_attack_vestheavy_light_steel_pri_1_miss_npc
4fcd32d4362a67a3,melee_attack_vestheavy_light_steel_pri_2_fatal_npc
226dce81169e3a30,melee_attack_vestheavy_light_steel_pri_2_hit_npc
6e7593aeb489ac2b,melee_attack_vestheavy_light_steel_pri_2_miss_npc
939d0027dd5dcfb0,melee_attack_vestheavy_light_steel_pri_3_fatal_npc
5a9d659cd3d6adb7,melee_attack_vestheavy_light_steel_pri_3_hit_npc
f889ee10dd89eb52,melee_attack_vestheavy_light_steel_pri_3_miss_npc
4a873e5054eec15c,melee_attack_vestheavy_massive_polymer_alt_0_fatal_npc
d2e5119c62271e73,melee_attack_vestheavy_massive_polymer_alt_0_hit_npc
3c863a9b7cc7e926,melee_attack_vestheavy_massive_polymer_alt_0_miss_npc
796b565910cce81f,melee_attack_vestheavy_massive_polymer_alt_1_fatal_npc
529e0491cb8631ec,melee_attack_vestheavy_massive_polymer_alt_1_hit_npc
e97bc04b47c9c6cf,melee_attack_vestheavy_massive_polymer_alt_1_miss_npc
7a064bf64115012a,melee_attack_vestheavy_massive_polymer_alt_2_fatal_npc
d25dcb861316e235,melee_attack_vestheavy_massive_polymer_alt_2_hit_npc
60955cff2d96d6d4,melee_attack_vestheavy_massive_polymer_alt_2_miss_npc
1390db1590ebeccd,melee_attack_vestheavy_massive_polymer_alt_3_fatal_npc
5cf38588fc65b69e,melee_attack_vestheavy_massive_polymer_alt_3_hit_npc
f92d37c5248d760d,melee_attack_vestheavy_massive_polymer_alt_3_miss_npc
4a373deb2ab64eb6,melee_attack_vestheavy_massive_polymer_pri_0_fatal_npc
265c4631da284401,melee_attack_vestheavy_massive_polymer_pri_0_hit_npc
2f2340b7f160f798,melee_attack_vestheavy_massive_polymer_pri_0_miss_npc
499649bcc63f4269,melee_attack_vestheavy_massive_polymer_pri_1_fatal_npc
707b0de6e833a97a,melee_attack_vestheavy_massive_polymer_pri_1_hit_npc
b78a28620797c171,melee_attack_vestheavy_massive_polymer_pri_1_miss_npc
54cb4fbfafcb7198,melee_attack_vestheavy_massive_polymer_pri_2_fatal_npc
e23e6dce48bbdeef,melee_attack_vestheavy_massive_polymer_pri_2_hit_npc
926c14b8fcd5c73a,melee_attack_vestheavy_massive_polymer_pri_2_miss_npc
c60d71977a7f7a0b,melee_attack_vestheavy_massive_polymer_pri_3_fatal_npc
d012e9072a7d2128,melee_attack_vestheavy_massive_polymer_pri_3_hit_npc
1814a6acd380a2f3,melee_attack_vestheavy_massive_polymer_pri_3_miss_npc
a07e9f3ee544ddd,melee_attack_vestheavy_massive_steel_alt_0_fatal_npc
e0e8f8f87778e56e,melee_attack_vestheavy_massive_steel_alt_0_hit_npc
9829fbb7284b41dd,melee_attack_vestheavy_massive_steel_alt_0_miss_npc
787e1fb5126ffd7a,melee_attack_vestheavy_massive_steel_alt_1_fatal_npc
1df7c49ce83ee105,melee_attack_vestheavy_massive_steel_alt_1_hit_npc
f6945e65c2a3dfe4,melee_attack_vestheavy_massive_steel_alt_1_miss_npc
b60abee43ba796ef,melee_attack_vestheavy_massive_steel_alt_2_fatal_npc
a92991d36f68b3bc,melee_attack_vestheavy_massive_steel_alt_2_hit_npc
7c214989dcf47cdf,melee_attack_vestheavy_massive_steel_alt_2_miss_npc
e2b68c88ca28166c,melee_attack_vestheavy_massive_steel_alt_3_fatal_npc
bd8c33bfaab6ac3,melee_attack_vestheavy_massive_steel_alt_3_hit_npc
f176ca8d25ab26f6,melee_attack_vestheavy_massive_steel_alt_3_miss_npc
9f4ea67bd8ec9e67,melee_attack_vestheavy_massive_steel_pri_0_fatal_npc
584627f51c7933a4,melee_attack_vestheavy_massive_steel_pri_0_hit_npc
dd76957227e193d7,melee_attack_vestheavy_massive_steel_pri_0_miss_npc
35a6529df2b0f7a4,melee_attack_vestheavy_massive_steel_pri_1_fatal_npc
2128877cacb4d24b,melee_attack_vestheavy_massive_steel_pri_1_hit_npc
319e8eba035efee,melee_attack_vestheavy_massive_steel_pri_1_miss_npc
e71a50d083fd4395,melee_attack_vestheavy_massive_steel_pri_2_fatal_npc
cf669564acb85f96,melee_attack_vestheavy_massive_steel_pri_2_hit_npc
e5405f50196cbdb5,melee_attack_vestheavy_massive_steel_pri_2_miss_npc
f4737b19443734f2,melee_attack_vestheavy_massive_steel_pri_3_fatal_npc
f383fcbcaefe92cd,melee_attack_vestheavy_massive_steel_pri_3_hit_npc
f4f92532811cf77c,melee_attack_vestheavy_massive_steel_pri_3_miss_npc
36bf9046209ef88f,melee_attack_vestheavy_medium_other_alt_0_fatal_npc
2ef165ee826229dc,melee_attack_vestheavy_medium_other_alt_0_hit_npc
f5325c14e1433cff,melee_attack_vestheavy_medium_other_alt_0_miss_npc
d76eafaaac355c0c,melee_attack_vestheavy_medium_other_alt_1_fatal_npc
268a4fbbe6d0c763,melee_attack_vestheavy_medium_other_alt_1_hit_npc
993df0b93872fe16,melee_attack_vestheavy_medium_other_alt_1_miss_npc
f9ae68805ecb1b7d,melee_attack_vestheavy_medium_other_alt_2_fatal_npc
d22d05cdd8665f0e,melee_attack_vestheavy_medium_other_alt_2_hit_npc
fb2bcc82709302fd,melee_attack_vestheavy_medium_other_alt_2_miss_npc
7b3c6b587920f01a,melee_attack_vestheavy_medium_other_alt_3_fatal_npc
f3bd172492c5aa5,melee_attack_vestheavy_medium_other_alt_3_hit_npc
56312f31080a2b04,melee_attack_vestheavy_medium_other_alt_3_miss_npc
5581f7a481795d15,melee_attack_vestheavy_medium_other_pri_0_fatal_npc
c2fa52f6f64c5d16,melee_attack_vestheavy_medium_other_pri_0_hit_npc
5d48fee31fe47e35,melee_attack_vestheavy_medium_other_pri_0_miss_npc
62db21ed41b34e72,melee_attack_vestheavy_medium_other_pri_1_fatal_npc
e717ba4ef892904d,melee_attack_vestheavy_medium_other_pri_1_hit_npc
6d01c4c58794b7fc,melee_attack_vestheavy_medium_other_pri_1_miss_npc
db64d4fd668b7e7,melee_attack_vestheavy_medium_other_pri_2_fatal_npc
4bd9e587660d3124,melee_attack_vestheavy_medium_other_pri_2_hit_npc
557f35052e595457,melee_attack_vestheavy_medium_other_pri_2_miss_npc
a40df971f02d1124,melee_attack_vestheavy_medium_other_pri_3_fatal_npc
14bc450ef648cfcb,melee_attack_vestheavy_medium_other_pri_3_hit_npc
7b22887ea6adb06e,melee_attack_vestheavy_medium_other_pri_3_miss_npc
3e75dd57613d4ebb,melee_attack_vestheavy_medium_polymer_alt_0_fatal_npc
80f38f140416ff58,melee_attack_vestheavy_medium_polymer_alt_0_hit_npc
7d49df8f309637e3,melee_attack_vestheavy_medium_polymer_alt_0_miss_npc
6020820ae3028788,melee_attack_vestheavy_medium_polymer_alt_1_fatal_npc
ae331b371c504cdf,melee_attack_vestheavy_medium_polymer_alt_1_hit_npc
a439cc1a6d43ee6a,melee_attack_vestheavy_medium_polymer_alt_1_miss_npc
5a766e262c65959,melee_attack_vestheavy_medium_polymer_alt_2_fatal_npc
2285f9c1596d6aea,melee_attack_vestheavy_medium_polymer_alt_2_hit_npc
2473ac5ea4d32d61,melee_attack_vestheavy_medium_polymer_alt_2_miss_npc
fba48b38d7c977e6,melee_attack_vestheavy_medium_polymer_alt_3_fatal_npc
892690b0e5535131,melee_attack_vestheavy_medium_polymer_alt_3_hit_npc
84a98d03fb47c748,melee_attack_vestheavy_medium_polymer_alt_3_miss_npc
e13a05fa2bc80a21,melee_attack_vestheavy_medium_polymer_pri_0_fatal_npc
37f0c199f8102122,melee_attack_vestheavy_medium_polymer_pri_0_hit_npc
7cc12d2d14fe4d89,melee_attack_vestheavy_medium_polymer_pri_0_miss_npc
ed58811e2928c14e,melee_attack_vestheavy_medium_polymer_pri_1_fatal_npc
2b05703902f8dae9,melee_attack_vestheavy_medium_polymer_pri_1_hit_npc
f5ed5940e57b6d70,melee_attack_vestheavy_medium_polymer_pri_1_miss_npc
4b5bc7f889841c43,melee_attack_vestheavy_medium_polymer_pri_2_fatal_npc
40828106c78dd50,melee_attack_vestheavy_medium_polymer_pri_2_hit_npc
7292ab104e56f9cb,melee_attack_vestheavy_medium_polymer_pri_2_miss_npc
7d02f66cae5b3350,melee_attack_vestheavy_medium_polymer_pri_3_fatal_npc
c17d367b972c44d7,melee_attack_vestheavy_medium_polymer_pri_3_hit_npc
f19acc5653262b72,melee_attack_vestheavy_medium_polymer_pri_3_miss_npc
e2c8af1caf48812,melee_attack_vestheavy_medium_steel_alt_0_fatal_npc
3fd944ec2fc4eed,melee_attack_vestheavy_medium_steel_alt_0_hit_npc
1bb65f1f5a8ea51c,melee_attack_vestheavy_medium_steel_alt_0_miss_npc
13eb2dc000f4bbb5,melee_attack_vestheavy_medium_steel_alt_1_fatal_npc
dfe12cf6c0b7ceb6,melee_attack_vestheavy_medium_steel_alt_1_hit_npc
120c9511dae198d5,melee_attack_vestheavy_medium_steel_alt_1_miss_npc
a14c6e8ee0341e44,melee_attack_vestheavy_medium_steel_alt_2_fatal_npc
af06a394385951eb,melee_attack_vestheavy_medium_steel_alt_2_hit_npc
df00d1a2c720f40e,melee_attack_vestheavy_medium_steel_alt_2_miss_npc
d54bf899d6887307,melee_attack_vestheavy_medium_steel_alt_3_fatal_npc
1d90818b1ed7a44,melee_attack_vestheavy_medium_steel_alt_3_hit_npc
4fc424bfd197f677,melee_attack_vestheavy_medium_steel_alt_3_miss_npc
1379d52160fe63e0,melee_attack_vestheavy_medium_steel_pri_0_fatal_npc
f99b7951b475aee7,melee_attack_vestheavy_medium_steel_pri_0_hit_npc
be1715b5b0b4db82,melee_attack_vestheavy_medium_steel_pri_0_miss_npc
1a859c422147893,melee_attack_vestheavy_medium_steel_pri_1_fatal_npc
2a71e9df1b8fe2e0,melee_attack_vestheavy_medium_steel_pri_1_hit_npc
e59878ed506494db,melee_attack_vestheavy_medium_steel_pri_1_miss_npc
65393f206a7de89e,melee_attack_vestheavy_medium_steel_pri_2_fatal_npc
23b44ddaaff17b39,melee_attack_vestheavy_medium_steel_pri_2_hit_npc
c0b3a4066f78e140,melee_attack_vestheavy_medium_steel_pri_2_miss_npc
c716b5aaac056af1,melee_attack_vestheavy_medium_steel_pri_3_fatal_npc
15ae8a3b3331a732,melee_attack_vestheavy_medium_steel_pri_3_hit_npc
30a4611bd04d9899,melee_attack_vestheavy_medium_steel_pri_3_miss_npc
f4f64e8cbff8193b,melee_attack_vestheavy_piercing_polymer_alt_0_fatal_npc
ee329b236f6345d8,melee_attack_vestheavy_piercing_polymer_alt_0_hit_npc
6bb1ddc283320363,melee_attack_vestheavy_piercing_polymer_alt_0_miss_npc
16a0f34041bd5208,melee_attack_vestheavy_piercing_polymer_alt_1_fatal_npc
1b722746879c935f,melee_attack_vestheavy_piercing_polymer_alt_1_hit_npc
92a1ca4dbfdfb9ea,melee_attack_vestheavy_piercing_polymer_alt_1_miss_npc
bc27d817c18123d9,melee_attack_vestheavy_piercing_polymer_alt_2_fatal_npc
8fc505d0c4b9b16a,melee_attack_vestheavy_piercing_polymer_alt_2_hit_npc
12dbaa91f76ef8e1,melee_attack_vestheavy_piercing_polymer_alt_2_miss_npc
b224fc6e36844266,melee_attack_vestheavy_piercing_polymer_alt_3_fatal_npc
f6659cc0509f97b1,melee_attack_vestheavy_piercing_polymer_alt_3_hit_npc
73118b374de392c8,melee_attack_vestheavy_piercing_polymer_alt_3_miss_npc
97ba772f8a82d4a1,melee_attack_vestheavy_piercing_polymer_pri_0_fatal_npc
a52fcda9635c67a2,melee_attack_vestheavy_piercing_polymer_pri_0_hit_npc
6b292b60679a1909,melee_attack_vestheavy_piercing_polymer_pri_0_miss_npc
a3d8f25387e38bce,melee_attack_vestheavy_piercing_polymer_pri_1_fatal_npc
98447c486e452169,melee_attack_vestheavy_piercing_polymer_pri_1_hit_npc
e4555774381738f0,melee_attack_vestheavy_piercing_polymer_pri_1_miss_npc
1dc392de83ee6c3,melee_attack_vestheavy_piercing_polymer_pri_2_fatal_npc
7147341fd7c523d0,melee_attack_vestheavy_piercing_polymer_pri_2_hit_npc
60faa943a0f2c54b,melee_attack_vestheavy_piercing_polymer_pri_2_miss_npc
338367a20d15fdd0,melee_attack_vestheavy_piercing_polymer_pri_3_fatal_npc
2ebc428b02788b57,melee_attack_vestheavy_piercing_polymer_pri_3_hit_npc
e002ca89a5c1f6f2,melee_attack_vestheavy_piercing_polymer_pri_3_miss_npc
7b6b97013640ce92,melee_attack_vestheavy_piercing_steel_alt_0_fatal_npc
84066eec6459b16d,melee_attack_vestheavy_piercing_steel_alt_0_hit_npc
82458f88c3d049c,melee_attack_vestheavy_piercing_steel_alt_0_miss_npc
812a39cf6c410235,melee_attack_vestheavy_piercing_steel_alt_1_fatal_npc
5fea079462153136,melee_attack_vestheavy_piercing_steel_alt_1_hit_npc
fe7a8eeb0c8ff855,melee_attack_vestheavy_piercing_steel_alt_1_miss_npc
e8b7a9e4b8064c4,melee_attack_vestheavy_piercing_steel_alt_2_fatal_npc
2f0f7e31d9b6b46b,melee_attack_vestheavy_piercing_steel_alt_2_hit_npc
cb6ecb7bf8cf538e,melee_attack_vestheavy_piercing_steel_alt_2_miss_npc
428b04a941d4b987,melee_attack_vestheavy_piercing_steel_alt_3_fatal_npc
81e1e2b6534adcc4,melee_attack_vestheavy_piercing_steel_alt_3_hit_npc
3c321e99034655f7,melee_attack_vestheavy_piercing_steel_alt_3_miss_npc
80b8e130cc4aaa60,melee_attack_vestheavy_piercing_steel_pri_0_fatal_npc
79a453ef55d31167,melee_attack_vestheavy_piercing_steel_pri_0_hit_npc
aa850f8ee2633b02,melee_attack_vestheavy_piercing_steel_pri_0_miss_npc
6ee765d38d60bf13,melee_attack_vestheavy_piercing_steel_pri_1_fatal_npc
aa7ac47cbced4560,melee_attack_vestheavy_piercing_steel_pri_1_hit_npc
d20672c68212f45b,melee_attack_vestheavy_piercing_steel_pri_1_miss_npc
d2784b2fd5ca2f1e,melee_attack_vestheavy_piercing_steel_pri_2_fatal_npc
a3bd2878514eddb9,melee_attack_vestheavy_piercing_steel_pri_2_hit_npc
ad219ddfa12740c0,melee_attack_vestheavy_piercing_steel_pri_2_miss_npc
3455c1ba1751b171,melee_attack_vestheavy_piercing_steel_pri_3_fatal_npc
95b764d8d48f09b2,melee_attack_vestheavy_piercing_steel_pri_3_hit_npc
1d125af501fbf819,melee_attack_vestheavy_piercing_steel_pri_3_miss_npc
3b32670894ea22bb,melee_attack_vestheavy_shield_other_alt_0_hit_plr
be1a89f38414dffc,melee_attack_vestheavy_shield_other_alt_0_miss_plr
2dec94610bda29b4,melee_attack_vestheavy_shield_other_alt_1_hit_plr
1dd13200a46d847d,melee_attack_vestheavy_shield_other_alt_1_miss_plr
9478062b364cd0a5,melee_attack_vestheavy_shield_other_alt_2_hit_plr
4ee6f5a118f22e52,melee_attack_vestheavy_shield_other_alt_2_miss_plr
fcaa57a695bc4866,melee_attack_vestheavy_shield_other_alt_3_hit_plr
d35400849a1b2e33,melee_attack_vestheavy_shield_other_alt_3_miss_plr
3ae3aa693dd8904d,melee_attack_vestheavy_shield_other_pri_0_hit_plr
d73b8a50830adf8a,melee_attack_vestheavy_shield_other_pri_0_miss_plr
3c45512c47f1b90e,melee_attack_vestheavy_shield_other_pri_1_hit_plr
ad04027e967646b,melee_attack_vestheavy_shield_other_pri_1_miss_plr
f8130b473a89d743,melee_attack_vestheavy_shield_other_pri_2_hit_plr
86bd4c7e3d220b74,melee_attack_vestheavy_shield_other_pri_2_miss_plr
6fb9bd3c9f788f7c,melee_attack_vestheavy_shield_other_pri_3_hit_plr
376eaf9600662835,melee_attack_vestheavy_shield_other_pri_3_miss_plr
ec19579b682464c3,melee_attack_vestheavy_slashing_polymer_alt_0_fatal_npc
8c6cbe651ddc71d0,melee_attack_vestheavy_slashing_polymer_alt_0_hit_npc
99129cf9ba8c4f4b,melee_attack_vestheavy_slashing_polymer_alt_0_miss_npc
1dc0860f8cfb7bd0,melee_attack_vestheavy_slashing_polymer_alt_1_fatal_npc
49e1ccd0488fd957,melee_attack_vestheavy_slashing_polymer_alt_1_hit_npc
181abe3fbf5b80f2,melee_attack_vestheavy_slashing_polymer_alt_1_miss_npc
81f7959d0a6852a1,melee_attack_vestheavy_slashing_polymer_alt_2_fatal_npc
c05557eea973b5a2,melee_attack_vestheavy_slashing_polymer_alt_2_hit_npc
a3411f168133a309,melee_attack_vestheavy_slashing_polymer_alt_2_miss_npc
8e1610c107c909ce,melee_attack_vestheavy_slashing_polymer_alt_3_fatal_npc
b36a068db45c6f69,melee_attack_vestheavy_slashing_polymer_alt_3_hit_npc
1c6d4b2a51b0c2f0,melee_attack_vestheavy_slashing_polymer_alt_3_miss_npc
fbcc3aff9ef8ec49,melee_attack_vestheavy_slashing_polymer_pri_0_fatal_npc
21ed616be5fea6da,melee_attack_vestheavy_slashing_polymer_pri_0_hit_npc
322f801228ce7551,melee_attack_vestheavy_slashing_polymer_pri_0_miss_npc
4efdb0efab811d16,melee_attack_vestheavy_slashing_polymer_pri_1_fatal_npc
952483fdc683cbe1,melee_attack_vestheavy_slashing_polymer_pri_1_hit_npc
5f95f7d6658e8178,melee_attack_vestheavy_slashing_polymer_pri_1_miss_npc
156d7c23d9473feb,melee_attack_vestheavy_slashing_polymer_pri_2_fatal_npc
fc3ec53cbacb7788,melee_attack_vestheavy_slashing_polymer_pri_2_hit_npc
f6c7d7a4919cc353,melee_attack_vestheavy_slashing_polymer_pri_2_miss_npc
1c1b3891e347cf78,melee_attack_vestheavy_slashing_polymer_pri_3_fatal_npc
e425c579768350cf,melee_attack_vestheavy_slashing_polymer_pri_3_hit_npc
5f8cf6baf1df561a,melee_attack_vestheavy_slashing_polymer_pri_3_miss_npc
bf9f8e30dc503fca,melee_attack_vestheavy_slashing_steel_alt_0_fatal_npc
40c0a36d1f929b55,melee_attack_vestheavy_slashing_steel_alt_0_hit_npc
43f380b31fb08774,melee_attack_vestheavy_slashing_steel_alt_0_miss_npc
abba9f11d4384fed,melee_attack_vestheavy_slashing_steel_alt_1_fatal_npc
9670b7782e38f43e,melee_attack_vestheavy_slashing_steel_alt_1_hit_npc
e57cdb9af9d984ad,melee_attack_vestheavy_slashing_steel_alt_1_miss_npc
7991f44deaeb417c,melee_attack_vestheavy_slashing_steel_alt_2_fatal_npc
e8bc635cb2cb1c13,melee_attack_vestheavy_slashing_steel_alt_2_hit_npc
251d55447f9778c6,melee_attack_vestheavy_slashing_steel_alt_2_miss_npc
617ba0421708b83f,melee_attack_vestheavy_slashing_steel_alt_3_fatal_npc
cb78b29abaa1550c,melee_attack_vestheavy_slashing_steel_alt_3_hit_npc
e6ba3d6da4dd15ef,melee_attack_vestheavy_slashing_steel_alt_3_miss_npc
be1f2d7c9d86c9f8,melee_attack_vestheavy_slashing_steel_pri_0_fatal_npc
42c967484968474f,melee_attack_vestheavy_slashing_steel_pri_0_hit_npc
148f692b4cee319a,melee_attack_vestheavy_slashing_steel_pri_0_miss_npc
b771710e93863a6b,melee_attack_vestheavy_slashing_steel_pri_1_fatal_npc
5ae2670b8db06e08,melee_attack_vestheavy_slashing_steel_pri_1_hit_npc
abca4a14ecab9ed3,melee_attack_vestheavy_slashing_steel_pri_1_miss_npc
f101a5da65c01796,melee_attack_vestheavy_slashing_steel_pri_2_fatal_npc
f3c825cc9968c261,melee_attack_vestheavy_slashing_steel_pri_2_hit_npc
14986a46c09d5cf8,melee_attack_vestheavy_slashing_steel_pri_2_miss_npc
9dd02fea5937e6c9,melee_attack_vestheavy_slashing_steel_pri_3_fatal_npc
8091033ab8e39d5a,melee_attack_vestheavy_slashing_steel_pri_3_hit_npc
e731f28283dd50d1,melee_attack_vestheavy_slashing_steel_pri_3_miss_npc
92c98041f4e1953e,melee_attack_vestheavy_user1_other_alt_0_hit_plr
e48238b32ec2cc9b,melee_attack_vestheavy_user1_other_alt_0_miss_plr
dfbde074b710d2bd,melee_attack_vestheavy_user1_other_alt_1_hit_plr
7abc860f8a44e4fa,melee_attack_vestheavy_user1_other_alt_1_miss_plr
57c46df842b4dd2c,melee_attack_vestheavy_user1_other_alt_2_hit_plr
d8c13b2bae8395e5,melee_attack_vestheavy_user1_other_alt_2_miss_plr
7530dc54962eafb3,melee_attack_vestheavy_user1_other_alt_3_hit_plr
fe96da7c3d76fd64,melee_attack_vestheavy_user1_other_alt_3_miss_plr
7b9a3bd6685aa338,melee_attack_vestheavy_user1_other_pri_0_hit_plr
5c1095d207553a9,melee_attack_vestheavy_user1_other_pri_0_miss_plr
1b65da01e71480f,melee_attack_vestheavy_user1_other_pri_1_hit_plr
7f685dab7b78bc88,melee_attack_vestheavy_user1_other_pri_1_miss_plr
f0d64da5a022c7fa,melee_attack_vestheavy_user1_other_pri_2_hit_plr
b63d733dcaf0ba8f,melee_attack_vestheavy_user1_other_pri_2_miss_plr
6c6bc0eaf27d7719,melee_attack_vestheavy_user1_other_pri_3_hit_plr
60a39e60cf0f53de,melee_attack_vestheavy_user1_other_pri_3_miss_plr
c7487d5fd2a4bb72,melee_attack_vestheavy_user2_steel_alt_0_hit_plr
41b6cd74a5d28957,melee_attack_vestheavy_user2_steel_alt_0_miss_plr
a4d1862149683af1,melee_attack_vestheavy_user2_steel_alt_1_hit_plr
910ba3dcdf491a06,melee_attack_vestheavy_user2_steel_alt_1_miss_plr
1a842c28b408d430,melee_attack_vestheavy_user2_steel_alt_2_hit_plr
1884e490060b5311,melee_attack_vestheavy_user2_steel_alt_2_miss_plr
314f4bbd6d68ff27,melee_attack_vestheavy_user2_steel_alt_3_hit_plr
943fb2de67178dd0,melee_attack_vestheavy_user2_steel_alt_3_miss_plr
350685e3568d36ac,melee_attack_vestheavy_user2_steel_pri_0_hit_plr
a8695f9e6723aa65,melee_attack_vestheavy_user2_steel_pri_0_miss_plr
5272f43faa070933,melee_attack_vestheavy_user2_steel_pri_1_hit_plr
ce3efeeef61711e4,melee_attack_vestheavy_user2_steel_pri_1_miss_plr
700b982d08b9eebe,melee_attack_vestheavy_user2_steel_pri_2_hit_plr
b42a5d25e762e11b,melee_attack_vestheavy_user2_steel_pri_2_miss_plr
bcfff85fcae92c3d,melee_attack_vestheavy_user2_steel_pri_3_hit_plr
4a64aa8242e4f97a,melee_attack_vestheavy_user2_steel_pri_3_miss_plr
26cdf3bdb51baccf,melee_attack_vestlight_dlc2_other_alt_0_hit_npc
3baf94b14ec3aa1a,melee_attack_vestlight_dlc2_other_alt_0_miss_npc
3ee6f380f963d388,melee_attack_vestlight_dlc2_other_alt_1_hit_npc
d2ea759aee811753,melee_attack_vestlight_dlc2_other_alt_1_miss_npc
d7ccb242051c27e1,melee_attack_vestlight_dlc2_other_alt_2_hit_npc
3bb895ccc272d578,melee_attack_vestlight_dlc2_other_alt_2_miss_npc
64958fb0249702da,melee_attack_vestlight_dlc2_other_alt_3_hit_npc
e521e0885b2c951,melee_attack_vestlight_dlc2_other_alt_3_miss_npc
5ad8de050ae77b9d,melee_attack_vestlight_dlc2_other_pri_0_hit_npc
4dc77f8b73b5af0c,melee_attack_vestlight_dlc2_other_pri_0_miss_npc
4e54e21c63a32a66,melee_attack_vestlight_dlc2_other_pri_1_hit_npc
a1ff1f9aaa76ccc5,melee_attack_vestlight_dlc2_other_pri_1_miss_npc
e8070936b9d417db,melee_attack_vestlight_dlc2_other_pri_2_hit_npc
7af18d7b33cf683e,melee_attack_vestlight_dlc2_other_pri_2_miss_npc
194c717858b83a34,melee_attack_vestlight_dlc2_other_pri_3_hit_npc
5fbe5af68d3220e7,melee_attack_vestlight_dlc2_other_pri_3_miss_npc
32b3ee17d43f0ffe,melee_attack_vestlight_gunlrg_polymer_alt_0_hit_plr
ac38459b0a03ea5b,melee_attack_vestlight_gunlrg_polymer_alt_0_miss_plr
d5fe1ac257b9c97d,melee_attack_vestlight_gunlrg_polymer_alt_1_hit_plr
23e7133bb0e3d0ba,melee_attack_vestlight_gunlrg_polymer_alt_1_miss_plr
48ccb150d2a9a7ec,melee_attack_vestlight_gunlrg_polymer_alt_2_hit_plr
4805506eaa64cba5,melee_attack_vestlight_gunlrg_polymer_alt_2_miss_plr
2c0d5967593ef073,melee_attack_vestlight_gunlrg_polymer_alt_3_hit_plr
2532c389b3c25a24,melee_attack_vestlight_gunlrg_polymer_alt_3_miss_plr
b9db1900574bdf8,melee_attack_vestlight_gunlrg_polymer_pri_0_hit_plr
8d5a75ea30629c69,melee_attack_vestlight_gunlrg_polymer_pri_0_miss_plr
41fb9fcc97bd0fcf,melee_attack_vestlight_gunlrg_polymer_pri_1_hit_plr
ee56eaad3a56a048,melee_attack_vestlight_gunlrg_polymer_pri_1_miss_plr
3f81dae886aee3ba,melee_attack_vestlight_gunlrg_polymer_pri_2_hit_plr
d75bc45c2d60914f,melee_attack_vestlight_gunlrg_polymer_pri_2_miss_plr
4d8d0c27402ee1d9,melee_attack_vestlight_gunlrg_polymer_pri_3_hit_plr
9f8fad829ae8d79e,melee_attack_vestlight_gunlrg_polymer_pri_3_miss_plr
e5b0c2c283b414c3,melee_attack_vestlight_gunlrg_steel_alt_0_hit_plr
73f992fb8fe88bf4,melee_attack_vestlight_gunlrg_steel_alt_0_miss_plr
5d5774b7e8a2ccfc,melee_attack_vestlight_gunlrg_steel_alt_1_hit_plr
24aaf613532ca8b5,melee_attack_vestlight_gunlrg_steel_alt_1_miss_plr
288161e48702cdcd,melee_attack_vestlight_gunlrg_steel_alt_2_hit_plr
c477d0cdd5d1600a,melee_attack_vestlight_gunlrg_steel_alt_2_miss_plr
29e308a7911bf68e,melee_attack_vestlight_gunlrg_steel_alt_3_hit_plr
f80c86a53c2de4eb,melee_attack_vestlight_gunlrg_steel_alt_3_miss_plr
9aa6452424248c95,melee_attack_vestlight_gunlrg_steel_pri_0_hit_plr
7100c4b63f7b6c42,melee_attack_vestlight_gunlrg_steel_pri_0_miss_plr
a690913c37dc6c56,melee_attack_vestlight_gunlrg_steel_pri_1_hit_plr
393c3afacdc085e3,melee_attack_vestlight_gunlrg_steel_pri_1_miss_plr
41d0a611ad349ab,melee_attack_vestlight_gunlrg_steel_pri_2_hit_plr
8507602c2bbf9a6c,melee_attack_vestlight_gunlrg_steel_pri_2_miss_plr
cd6df3abb5b73d24,melee_attack_vestlight_gunlrg_steel_pri_3_hit_plr
76976e0b60c3286d,melee_attack_vestlight_gunlrg_steel_pri_3_miss_plr
a9f4f056a0b482bf,melee_attack_vestlight_gunmed_polymer_alt_0_hit_plr
ab97751eb01a64f8,melee_attack_vestlight_gunmed_polymer_alt_0_miss_plr
3665c7824aca29a8,melee_attack_vestlight_gunmed_polymer_alt_1_hit_plr
eb96d880078652d9,melee_attack_vestlight_gunmed_polymer_alt_1_miss_plr
3d064dd516696209,melee_attack_vestlight_gunmed_polymer_alt_2_hit_plr
af7df7e502f3cb8e,melee_attack_vestlight_gunmed_polymer_alt_2_miss_plr
e1bdd8e0cebf21aa,melee_attack_vestlight_gunmed_polymer_alt_3_hit_plr
370c9b71813cbbff,melee_attack_vestlight_gunmed_polymer_alt_3_miss_plr
26dbd62b0425f041,melee_attack_vestlight_gunmed_polymer_pri_0_hit_plr
d75e3cbfb22d5ad6,melee_attack_vestlight_gunmed_polymer_pri_0_miss_plr
6f6a1a6464f442,melee_attack_vestlight_gunmed_polymer_pri_1_hit_plr
376dd215fed47c67,melee_attack_vestlight_gunmed_polymer_pri_1_miss_plr
d412058a0d62fef7,melee_attack_vestlight_gunmed_polymer_pri_2_hit_plr
eb0854dba18ce960,melee_attack_vestlight_gunmed_polymer_pri_2_miss_plr
22eae678d1169880,melee_attack_vestlight_gunmed_polymer_pri_3_hit_plr
ad5daeb8a382b7a1,melee_attack_vestlight_gunmed_polymer_pri_3_miss_plr
ae7be4320f72fc8e,melee_attack_vestlight_gunmed_steel_alt_0_hit_plr
9ecf92f9ea0d16eb,melee_attack_vestlight_gunmed_steel_alt_0_miss_plr
ad1a3d6f0559d3cd,melee_attack_vestlight_gunmed_steel_alt_1_hit_plr
6b3add2283b0920a,melee_attack_vestlight_gunmed_steel_alt_1_miss_plr
e1f0504266f9d2fc,melee_attack_vestlight_gunmed_steel_alt_2_hit_plr
cb6e0268010bdab5,melee_attack_vestlight_gunmed_steel_alt_2_miss_plr
6a499e4d020b1ac3,melee_attack_vestlight_gunmed_steel_alt_3_hit_plr
1abc9f503dc7bdf4,melee_attack_vestlight_gunmed_steel_alt_3_miss_plr
f2eed06fff12a728,melee_attack_vestlight_gunmed_steel_pri_0_hit_plr
90ee84695eb39359,melee_attack_vestlight_gunmed_steel_pri_0_miss_plr
667df94454fd003f,melee_attack_vestlight_gunmed_steel_pri_1_hit_plr
50ef21080747a578,melee_attack_vestlight_gunmed_steel_pri_1_miss_plr
9e46e1ce83079f2a,melee_attack_vestlight_gunmed_steel_pri_2_hit_plr
dc64475ad869fc7f,melee_attack_vestlight_gunmed_steel_pri_2_miss_plr
f98f56c2cab1df89,melee_attack_vestlight_gunmed_steel_pri_3_hit_plr
54d5a3ce5a210c0e,melee_attack_vestlight_gunmed_steel_pri_3_miss_plr
628309a4bf12bc6d,melee_attack_vestlight_gunsm_polymer_alt_0_hit_plr
3a7482fb413897aa,melee_attack_vestlight_gunsm_polymer_alt_0_miss_plr
ce3c81a4f5271dae,melee_attack_vestlight_gunsm_polymer_alt_1_hit_plr
1a2e34ac74b57f0b,melee_attack_vestlight_gunsm_polymer_alt_1_miss_plr
beab30f5258b9e3,melee_attack_vestlight_gunsm_polymer_alt_2_hit_plr
de46966395d36514,melee_attack_vestlight_gunsm_polymer_alt_2_miss_plr
9ac01c782397979c,melee_attack_vestlight_gunsm_polymer_alt_3_hit_plr
9d51a415a3b597d5,melee_attack_vestlight_gunsm_polymer_alt_3_miss_plr
2c3626840ca7c1eb,melee_attack_vestlight_gunsm_polymer_pri_0_hit_plr
245a6d9179b0cbac,melee_attack_vestlight_gunsm_polymer_pri_0_miss_plr
5a5d28118fa36264,melee_attack_vestlight_gunsm_polymer_pri_1_hit_plr
1540d2355bd405ad,melee_attack_vestlight_gunsm_polymer_pri_1_miss_plr
27223764137cecd5,melee_attack_vestlight_gunsm_polymer_pri_2_hit_plr
de635c91d307f782,melee_attack_vestlight_gunsm_polymer_pri_2_miss_plr
8b4f479dafdedb96,melee_attack_vestlight_gunsm_polymer_pri_3_hit_plr
422c157229ed3123,melee_attack_vestlight_gunsm_polymer_pri_3_miss_plr
8b4d792d912e9f18,melee_attack_vestlight_gunsm_steel_alt_0_hit_plr
b7500d75b66ffa09,melee_attack_vestlight_gunsm_steel_alt_0_miss_plr
6c851c3e2eb2d9ef,melee_attack_vestlight_gunsm_steel_alt_1_hit_plr
4066ed0c1d65568,melee_attack_vestlight_gunsm_steel_alt_1_miss_plr
ea18d7b47a6b75da,melee_attack_vestlight_gunsm_steel_alt_2_hit_plr
b2a1c88c1370576f,melee_attack_vestlight_gunsm_steel_alt_2_miss_plr
4cc75918bb2f5f9,melee_attack_vestlight_gunsm_steel_alt_3_hit_plr
af837e00eb61cbbe,melee_attack_vestlight_gunsm_steel_alt_3_miss_plr
cc09d2d5b59b0a86,melee_attack_vestlight_gunsm_steel_pri_0_hit_plr
3be98f6514dc78d3,melee_attack_vestlight_gunsm_steel_pri_0_miss_plr
63d6815a5629dfc5,melee_attack_vestlight_gunsm_steel_pri_1_hit_plr
25dccb6803db7872,melee_attack_vestlight_gunsm_steel_pri_1_miss_plr
7fe78b0ab4122854,melee_attack_vestlight_gunsm_steel_pri_2_hit_plr
cf4e1a6d0a537f9d,melee_attack_vestlight_gunsm_steel_pri_2_miss_plr
f19033cf3aa6095b,melee_attack_vestlight_gunsm_steel_pri_3_hit_plr
4a3c0e84bc7ae69c,melee_attack_vestlight_gunsm_steel_pri_3_miss_plr
cb96c55e2c27aee6,melee_attack_vestlight_heavy_other_alt_0_fatal_npc
53fa36cbb15b031,melee_attack_vestlight_heavy_other_alt_0_hit_npc
25a36230348f3448,melee_attack_vestlight_heavy_other_alt_0_miss_npc
d599a107b7249059,melee_attack_vestlight_heavy_other_alt_1_fatal_npc
9e9f0c7d2f2fc9ea,melee_attack_vestlight_heavy_other_alt_1_hit_npc
c56d818ade1a9a61,melee_attack_vestlight_heavy_other_alt_1_miss_npc
3012bc303760be88,melee_attack_vestlight_heavy_other_alt_2_fatal_npc
2a4c2df2f212abdf,melee_attack_vestlight_heavy_other_alt_2_hit_npc
4533a146a68b5b6a,melee_attack_vestlight_heavy_other_alt_2_miss_npc
e68177cb59b85bb,melee_attack_vestlight_heavy_other_alt_3_fatal_npc
fd0ca1cfd9d95e58,melee_attack_vestlight_heavy_other_alt_3_hit_npc
1e43b4bb69dda4e3,melee_attack_vestlight_heavy_other_alt_3_miss_npc
acbef7da93abd3e4,melee_attack_vestlight_heavy_other_pri_0_fatal_npc
50ca911453e04e8b,melee_attack_vestlight_heavy_other_pri_0_hit_npc
274e68c95f9c77a7,melee_attack_vestlight_heavy_other_pri_1_fatal_npc
a39cf598cd7476e4,melee_attack_vestlight_heavy_other_pri_1_hit_npc
4fa2ba225b5ca817,melee_attack_vestlight_heavy_other_pri_1_miss_npc
c1d59b86c5a53a32,melee_attack_vestlight_heavy_other_pri_2_fatal_npc
285dfd4966de3b0d,melee_attack_vestlight_heavy_other_pri_2_hit_npc
f981072762317dbc,melee_attack_vestlight_heavy_other_pri_2_miss_npc
701b41d84eaadfd5,melee_attack_vestlight_heavy_other_pri_3_fatal_npc
68a46c0e621da2d6,melee_attack_vestlight_heavy_other_pri_3_hit_npc
c715d93eb22153f5,melee_attack_vestlight_heavy_other_pri_3_miss_npc
f8f5e691c91437c6,melee_attack_vestlight_heavy_polymer_alt_0_fatal_npc
4d1529561eff7791,melee_attack_vestlight_heavy_polymer_alt_0_hit_npc
505406f2c997d328,melee_attack_vestlight_heavy_polymer_alt_0_miss_npc
3c0e68d6b914d0b9,melee_attack_vestlight_heavy_polymer_alt_1_fatal_npc
3effdd928abf1e4a,melee_attack_vestlight_heavy_polymer_alt_1_hit_npc
46539b571b294c1,melee_attack_vestlight_heavy_polymer_alt_1_miss_npc
475d023d94230368,melee_attack_vestlight_heavy_polymer_alt_2_fatal_npc
4aa07eadf0dceb3f,melee_attack_vestlight_heavy_polymer_alt_2_hit_npc
be92d964db8fdeca,melee_attack_vestlight_heavy_polymer_alt_2_miss_npc
753725182df0e39b,melee_attack_vestlight_heavy_polymer_alt_3_fatal_npc
141e85ec83bf44b8,melee_attack_vestlight_heavy_polymer_alt_3_hit_npc
665c208b375dd643,melee_attack_vestlight_heavy_polymer_alt_3_miss_npc
bf37a2a623e57044,melee_attack_vestlight_heavy_polymer_pri_0_fatal_npc
a9945f22a74c53eb,melee_attack_vestlight_heavy_polymer_pri_0_hit_npc
90d884a94e0d5a0e,melee_attack_vestlight_heavy_polymer_pri_0_miss_npc
f3372cb11a39c507,melee_attack_vestlight_heavy_polymer_pri_1_fatal_npc
fc66c3a720e07c44,melee_attack_vestlight_heavy_polymer_pri_1_hit_npc
19bd7c658845c77,melee_attack_vestlight_heavy_polymer_pri_1_miss_npc
2c17bf090ea5da12,melee_attack_vestlight_heavy_polymer_pri_2_fatal_npc
fe8b4fdd31ef50ed,melee_attack_vestlight_heavy_polymer_pri_2_hit_npc
cd8e1225e17b0b1c,melee_attack_vestlight_heavy_polymer_pri_2_miss_npc
31d661d744a60db5,melee_attack_vestlight_heavy_polymer_pri_3_fatal_npc
da6ee8852faad0b6,melee_attack_vestlight_heavy_polymer_pri_3_hit_npc
c3e4481861cdfed5,melee_attack_vestlight_heavy_polymer_pri_3_miss_npc
48a6c0164614eeeb,melee_attack_vestlight_heavy_steel_alt_0_fatal_npc
91f84224ba88e88,melee_attack_vestlight_heavy_steel_alt_0_hit_npc
b5c337b9b94ad853,melee_attack_vestlight_heavy_steel_alt_0_miss_npc
4f547c8450157e78,melee_attack_vestlight_heavy_steel_alt_1_fatal_npc
f106845f076067cf,melee_attack_vestlight_heavy_steel_alt_1_hit_npc
1e8856d0198d6b1a,melee_attack_vestlight_heavy_steel_alt_1_miss_npc
2f057ef20bc69b49,melee_attack_vestlight_heavy_steel_alt_2_fatal_npc
2ece205176dbbdda,melee_attack_vestlight_heavy_steel_alt_2_hit_npc
f12ae027507c8a51,melee_attack_vestlight_heavy_steel_alt_2_miss_npc
8236f4e2184ecc16,melee_attack_vestlight_heavy_steel_alt_3_fatal_npc
a20542e35760e2e1,melee_attack_vestlight_heavy_steel_alt_3_hit_npc
1e9157eb8d3c9678,melee_attack_vestlight_heavy_steel_alt_3_miss_npc
c336fecd97b48bf1,melee_attack_vestlight_heavy_steel_pri_0_fatal_npc
d5e3b6e237d4e032,melee_attack_vestlight_heavy_steel_pri_0_hit_npc
6e3840e8b1a77399,melee_attack_vestlight_heavy_steel_pri_0_miss_npc
61598843562d099e,melee_attack_vestlight_heavy_steel_pri_1_fatal_npc
e3e97a81b494b439,melee_attack_vestlight_heavy_steel_pri_1_hit_npc
fe4783d350d2bc40,melee_attack_vestlight_heavy_steel_pri_1_miss_npc
fdc8a2e70dc39993,melee_attack_vestlight_heavy_steel_pri_2_fatal_npc
eaa7168620331be0,melee_attack_vestlight_heavy_steel_pri_2_hit_npc
232c58ba31be6fdb,melee_attack_vestlight_heavy_steel_pri_2_miss_npc
f9a1e444cad84e0,melee_attack_vestlight_heavy_steel_pri_3_fatal_npc
b9d0a5f8b918e7e7,melee_attack_vestlight_heavy_steel_pri_3_hit_npc
fbaaf582920eb682,melee_attack_vestlight_heavy_steel_pri_3_miss_npc
b029e013d22410ff,melee_attack_vestlight_knife_steel_alt_0_hit_plr
bc4bdeb023b09b38,melee_attack_vestlight_knife_steel_alt_0_miss_plr
deefc8a58c23f0e8,melee_attack_vestlight_knife_steel_alt_1_hit_plr
67fe5475394e2719,melee_attack_vestlight_knife_steel_alt_1_miss_plr
95b6c7e41babcb49,melee_attack_vestlight_knife_steel_alt_2_hit_plr
fc37524362d644ce,melee_attack_vestlight_knife_steel_alt_2_miss_plr
3c769e20b3a928ea,melee_attack_vestlight_knife_steel_alt_3_hit_plr
43b78f59b0a4783f,melee_attack_vestlight_knife_steel_alt_3_miss_plr
dfb46bb8dfa73a81,melee_attack_vestlight_knife_steel_pri_0_hit_plr
1a3de9f33ed4e416,melee_attack_vestlight_knife_steel_pri_0_miss_plr
1505f698689d7282,melee_attack_vestlight_knife_steel_pri_1_hit_plr
f68deda4c62eaa7,melee_attack_vestlight_knife_steel_pri_1_miss_plr
d60c3aa9178d8637,melee_attack_vestlight_knife_steel_pri_2_hit_plr
608f832cb8f968a0,melee_attack_vestlight_knife_steel_pri_2_miss_plr
d062461527c859c0,melee_attack_vestlight_knife_steel_pri_3_hit_plr
20e1b2915664f4e1,melee_attack_vestlight_knife_steel_pri_3_miss_plr
c933fac498a809c5,melee_attack_vestlight_light_other_alt_0_fatal_npc
23a32ecbbdd10006,melee_attack_vestlight_light_other_alt_0_hit_npc
6b50b9d158485465,melee_attack_vestlight_light_other_alt_0_miss_npc
8fca32a64cade762,melee_attack_vestlight_light_other_alt_1_fatal_npc
447592171a6d243d,melee_attack_vestlight_light_other_alt_1_hit_npc
a39e9b0ef83732c,melee_attack_vestlight_light_other_alt_1_miss_npc
48fcfb215b53e817,melee_attack_vestlight_light_other_alt_2_fatal_npc
ac64258f503c8dd4,melee_attack_vestlight_light_other_alt_2_hit_npc
510825bce98f907,melee_attack_vestlight_light_other_alt_2_miss_npc
59c0566dcae5f2d4,melee_attack_vestlight_light_other_alt_3_fatal_npc
f9e1bba7880a3e7b,melee_attack_vestlight_light_other_alt_3_hit_npc
daa75a9fd36728de,melee_attack_vestlight_light_other_alt_3_miss_npc
2baa4da0d44c2af,melee_attack_vestlight_light_other_pri_0_fatal_npc
d1a54eb8a55157c,melee_attack_vestlight_light_other_pri_0_hit_npc
d4693e6d9148d19f,melee_attack_vestlight_light_other_pri_0_miss_npc
a4c8790dbc18642c,melee_attack_vestlight_light_other_pri_1_fatal_npc
b0ed6d61590e1183,melee_attack_vestlight_light_other_pri_1_hit_npc
23f1fd8f34ffccb6,melee_attack_vestlight_light_other_pri_1_miss_npc
fa30f70316bc5f9d,melee_attack_vestlight_light_other_pri_2_fatal_npc
38d51075cc4a6d2e,melee_attack_vestlight_light_other_pri_2_hit_npc
82131d5cfd7b099d,melee_attack_vestlight_light_other_pri_2_miss_npc
e6f251e344e0113a,melee_attack_vestlight_light_other_pri_3_fatal_npc
6ac844f4c8c456c5,melee_attack_vestlight_light_other_pri_3_hit_npc
9364eefc6cee98a4,melee_attack_vestlight_light_other_pri_3_miss_npc
272c191af9ad4dd9,melee_attack_vestlight_light_polymer_alt_0_fatal_npc
7c49d19643cb6a,melee_attack_vestlight_light_polymer_alt_0_hit_npc
245e37f6051926e1,melee_attack_vestlight_light_polymer_alt_0_miss_npc
1d293d716eb06c66,melee_attack_vestlight_light_polymer_alt_1_fatal_npc
671ce0c12229b1b1,melee_attack_vestlight_light_polymer_alt_1_hit_npc
8494189b5b8dc0c8,melee_attack_vestlight_light_polymer_alt_1_miss_npc
5ffa8f8ff824433b,melee_attack_vestlight_light_polymer_alt_2_fatal_npc
5ee9df2440ed5fd8,melee_attack_vestlight_light_polymer_alt_2_hit_npc
7d346b2690dc3163,melee_attack_vestlight_light_polymer_alt_2_miss_npc
81a5344379e97c08,melee_attack_vestlight_light_polymer_alt_3_fatal_npc
8c296b475926ad5f,melee_attack_vestlight_light_polymer_alt_3_hit_npc
a42457b1cd89e7ea,melee_attack_vestlight_light_polymer_alt_3_miss_npc
5c3f69a13b9dde3,melee_attack_vestlight_light_polymer_pri_0_fatal_npc
d7c826f4687d9d70,melee_attack_vestlight_light_polymer_pri_0_hit_npc
759a8185d7aac6b,melee_attack_vestlight_light_polymer_pri_0_miss_npc
f8c241b14c7240f0,melee_attack_vestlight_light_polymer_pri_1_fatal_npc
c778df8288b7c8f7,melee_attack_vestlight_light_polymer_pri_1_hit_npc
8d4d71f7f6d9c392,melee_attack_vestlight_light_polymer_pri_1_miss_npc
b8b4fed38dd6e2c1,melee_attack_vestlight_light_polymer_pri_2_fatal_npc
a0c9ac6623f6a0c2,melee_attack_vestlight_light_polymer_pri_2_hit_npc
cbcb8aa3f85a3929,melee_attack_vestlight_light_polymer_pri_2_miss_npc
6c010d4f693913ee,melee_attack_vestlight_light_polymer_pri_3_fatal_npc
fd7a28173d192189,melee_attack_vestlight_light_polymer_pri_3_hit_npc
8b8a5b28cbec6e90,melee_attack_vestlight_light_polymer_pri_3_miss_npc
e0b3726d533adb2c,melee_attack_vestlight_light_steel_alt_0_fatal_npc
ca5bc44b323ab083,melee_attack_vestlight_light_steel_alt_0_hit_npc
870eaceb3bd1f9b6,melee_attack_vestlight_light_steel_alt_0_miss_npc
3ea59e39a46739af,melee_attack_vestlight_light_steel_alt_1_fatal_npc
2688abd56381b47c,melee_attack_vestlight_light_steel_alt_1_hit_npc
3785edc9981afe9f,melee_attack_vestlight_light_steel_alt_1_miss_npc
22dd4b42dc02883a,melee_attack_vestlight_light_steel_alt_2_fatal_npc
84369bdea1f0f5c5,melee_attack_vestlight_light_steel_alt_2_hit_npc
f6819e5873c0c5a4,melee_attack_vestlight_light_steel_alt_2_miss_npc
361bf062added69d,melee_attack_vestlight_light_steel_alt_3_fatal_npc
5243675fa5770c2e,melee_attack_vestlight_light_steel_alt_3_hit_npc
e52fccb9044d369d,melee_attack_vestlight_light_steel_alt_3_miss_npc
c781e74ae305f1a6,melee_attack_vestlight_light_steel_pri_0_fatal_npc
25d48840bb8613f1,melee_attack_vestlight_light_steel_pri_0_hit_npc
f4672b3c16c6cb08,melee_attack_vestlight_light_steel_pri_0_miss_npc
f790c59e8febe419,melee_attack_vestlight_light_steel_pri_1_fatal_npc
bc01458cfe8e86aa,melee_attack_vestlight_light_steel_pri_1_hit_npc
6bfcb76356faac21,melee_attack_vestlight_light_steel_pri_1_miss_npc
d1f6dd6d19cb4048,melee_attack_vestlight_light_steel_pri_2_fatal_npc
35c81b3797c20e9f,melee_attack_vestlight_light_steel_pri_2_hit_npc
65133fd53956dc2a,melee_attack_vestlight_light_steel_pri_2_miss_npc
957ba2b318a30d7b,melee_attack_vestlight_light_steel_pri_3_fatal_npc
67966d87b2c78718,melee_attack_vestlight_light_steel_pri_3_hit_npc
17b510a10554aa3,melee_attack_vestlight_light_steel_pri_3_miss_npc
b5f70ee350749417,melee_attack_vestlight_massive_other_alt_0_fatal_npc
f0189e0a36f959d4,melee_attack_vestlight_massive_other_alt_0_hit_npc
cd853b31e1679d07,melee_attack_vestlight_massive_other_alt_0_miss_npc
c6ba6a2fc0069ed4,melee_attack_vestlight_massive_other_alt_1_fatal_npc
3d9634226ec70a7b,melee_attack_vestlight_massive_other_alt_1_hit_npc
a31c1375e635ccde,melee_attack_vestlight_massive_other_alt_1_miss_npc
362e0e868dc8b5c5,melee_attack_vestlight_massive_other_alt_2_fatal_npc
6757a746a48dcc06,melee_attack_vestlight_massive_other_alt_2_hit_npc
33c572a76b16f865,melee_attack_vestlight_massive_other_alt_2_miss_npc
fcc4466841ce9362,melee_attack_vestlight_massive_other_alt_3_fatal_npc
882a0a920129f03d,melee_attack_vestlight_massive_other_alt_3_hit_npc
d2aea2870252172c,melee_attack_vestlight_massive_other_alt_3_miss_npc
d8f8ac5b51c131dd,melee_attack_vestlight_massive_other_pri_0_fatal_npc
a63d3506069f296e,melee_attack_vestlight_massive_other_pri_0_hit_npc
c9006c16650cddd,melee_attack_vestlight_massive_other_pri_0_miss_npc
476ee21c75dce17a,melee_attack_vestlight_massive_other_pri_1_fatal_npc
e34c00aa77652505,melee_attack_vestlight_massive_other_pri_1_hit_npc
6afa697000a96be4,melee_attack_vestlight_massive_other_pri_1_miss_npc
84fb814b9f147aef,melee_attack_vestlight_massive_other_pri_2_fatal_npc
6e7dcde0fe8ef7bc,melee_attack_vestlight_massive_other_pri_2_hit_npc
f08754941afa08df,melee_attack_vestlight_massive_other_pri_2_miss_npc
b1a74ef02d94fa6c,melee_attack_vestlight_massive_other_pri_3_fatal_npc
d12cff4989d1aec3,melee_attack_vestlight_massive_other_pri_3_hit_npc
65dcd59763b0b2f6,melee_attack_vestlight_massive_other_pri_3_miss_npc
b9dfea38b3d5fe3,melee_attack_vestlight_massive_polymer_alt_0_fatal_npc
2c4ed5535ca74f70,melee_attack_vestlight_massive_polymer_alt_0_hit_npc
d1e5f3714054226b,melee_attack_vestlight_massive_polymer_alt_0_miss_npc
fe9c49bac3f5c2f0,melee_attack_vestlight_massive_polymer_alt_1_fatal_npc
1bff8de17ce17af7,melee_attack_vestlight_massive_polymer_alt_1_hit_npc
57d9bd50d9b33992,melee_attack_vestlight_massive_polymer_alt_1_miss_npc
be8f06dd055a64c1,melee_attack_vestlight_massive_polymer_alt_2_fatal_npc
f5505ac5182052c2,melee_attack_vestlight_massive_polymer_alt_2_hit_npc
9657d5fcdb33af29,melee_attack_vestlight_massive_polymer_alt_2_miss_npc
71db1558e0bc95ee,melee_attack_vestlight_massive_polymer_alt_3_fatal_npc
5200d6763142d389,melee_attack_vestlight_massive_polymer_alt_3_hit_npc
5616a681aec5e490,melee_attack_vestlight_massive_polymer_alt_3_miss_npc
e470e64a9074f969,melee_attack_vestlight_massive_polymer_pri_0_fatal_npc
f3627575a381887a,melee_attack_vestlight_massive_polymer_pri_0_hit_npc
749e1fea4ce9ae71,melee_attack_vestlight_massive_polymer_pri_0_miss_npc
e511da78f4ec05b6,melee_attack_vestlight_massive_polymer_pri_1_fatal_npc
a943adc095762301,melee_attack_vestlight_massive_polymer_pri_1_hit_npc
ec37384036b2e498,melee_attack_vestlight_massive_polymer_pri_1_miss_npc
60e80e2544b5310b,melee_attack_vestlight_massive_polymer_pri_2_fatal_npc
52fa5095e5cb0028,melee_attack_vestlight_massive_polymer_pri_2_hit_npc
d5289e3518d28ff3,melee_attack_vestlight_massive_polymer_pri_2_miss_npc
efa5ec4d7a012898,melee_attack_vestlight_massive_polymer_pri_3_fatal_npc
6525d55d0409bdef,melee_attack_vestlight_massive_polymer_pri_3_hit_npc
4f800c414227b43a,melee_attack_vestlight_massive_polymer_pri_3_miss_npc
663f521481fdbbea,melee_attack_vestlight_massive_steel_alt_0_fatal_npc
f1081cf8838926f5,melee_attack_vestlight_massive_steel_alt_0_hit_npc
9bdaaaf109163d94,melee_attack_vestlight_massive_steel_alt_0_miss_npc
49ba8d0d8a66ab8d,melee_attack_vestlight_massive_steel_alt_1_fatal_npc
32f0799028c4365e,melee_attack_vestlight_massive_steel_alt_1_hit_npc
32715b3e9b8600cd,melee_attack_vestlight_massive_steel_alt_1_miss_npc
67796836640abd1c,melee_attack_vestlight_massive_steel_alt_2_fatal_npc
fff5ae253fd9b733,melee_attack_vestlight_massive_steel_alt_2_hit_npc
267f7f8750fbd9e6,melee_attack_vestlight_massive_steel_alt_2_miss_npc
5d3fea4c75a913df,melee_attack_vestlight_massive_steel_alt_3_fatal_npc
7bc02c261e97e0ac,melee_attack_vestlight_massive_steel_alt_3_hit_npc
3bf76bd6a921148f,melee_attack_vestlight_massive_steel_alt_3_miss_npc
b93683788c44e098,melee_attack_vestlight_massive_steel_pri_0_fatal_npc
191e1c07331eb5ef,melee_attack_vestlight_massive_steel_pri_0_hit_npc
33581f6f42c91c3a,melee_attack_vestlight_massive_steel_pri_0_miss_npc
2a78a55056f8e90b,melee_attack_vestlight_massive_steel_pri_1_fatal_npc
6f2974014dff828,melee_attack_vestlight_massive_steel_pri_1_hit_npc
b900b1631973f7f3,melee_attack_vestlight_massive_steel_pri_1_miss_npc
aea271a4072fbdb6,melee_attack_vestlight_massive_steel_pri_2_fatal_npc
5d3bf46ac48b1b01,melee_attack_vestlight_massive_steel_pri_2_hit_npc
d00f4b6e37544c98,melee_attack_vestlight_massive_steel_pri_2_miss_npc
ae017d75a2b8b169,melee_attack_vestlight_massive_steel_pri_3_fatal_npc
a75abc1fd296807a,melee_attack_vestlight_massive_steel_pri_3_hit_npc
587633184d8b1671,melee_attack_vestlight_massive_steel_pri_3_miss_npc
35163d79f4c99bc6,melee_attack_vestlight_medium_other_alt_0_fatal_npc
1a14b552f9ba3b91,melee_attack_vestlight_medium_other_alt_0_hit_npc
6152e59a74f2df28,melee_attack_vestlight_medium_other_alt_0_miss_npc
782ebfbee4ca34b9,melee_attack_vestlight_medium_other_alt_1_fatal_npc
bff698f6579e24a,melee_attack_vestlight_medium_other_alt_1_hit_npc
1564185d1d0da0c1,melee_attack_vestlight_medium_other_alt_1_miss_npc
837d5925bfd86768,melee_attack_vestlight_medium_other_alt_2_fatal_npc
17a00aaacb97af3f,melee_attack_vestlight_medium_other_alt_2_hit_npc
cf91b80c86eaeaca,melee_attack_vestlight_medium_other_alt_2_miss_npc
b1577c0059a6479b,melee_attack_vestlight_medium_other_alt_3_fatal_npc
e11e11e95e7a08b8,melee_attack_vestlight_medium_other_alt_3_hit_npc
775aff32e2b8e243,melee_attack_vestlight_medium_other_alt_3_miss_npc
fb57f98e4f9ad444,melee_attack_vestlight_medium_other_pri_0_fatal_npc
7693eb1f820717eb,melee_attack_vestlight_medium_other_pri_0_hit_npc
a1d76350f968660e,melee_attack_vestlight_medium_other_pri_0_miss_npc
2f57839945ef2907,melee_attack_vestlight_medium_other_pri_1_fatal_npc
c9664fa3fb9b4044,melee_attack_vestlight_medium_other_pri_1_hit_npc
129ab66e03df6877,melee_attack_vestlight_medium_other_pri_1_miss_npc
683815f13a5b3e12,melee_attack_vestlight_medium_other_pri_2_fatal_npc
cb8adbda0caa14ed,melee_attack_vestlight_medium_other_pri_2_hit_npc
de8cf0cd8cd6171c,melee_attack_vestlight_medium_other_pri_2_miss_npc
6df6b8bf705b71b5,melee_attack_vestlight_medium_other_pri_3_fatal_npc
a76e74820a6594b6,melee_attack_vestlight_medium_other_pri_3_hit_npc
d4e326c00d290ad5,melee_attack_vestlight_medium_other_pri_3_miss_npc
23eb236157189726,melee_attack_vestlight_medium_polymer_alt_0_fatal_npc
afb541066939bd71,melee_attack_vestlight_medium_polymer_alt_0_hit_npc
f0eaa3223f0fcf88,melee_attack_vestlight_medium_polymer_alt_0_miss_npc
53fa01b503fe8999,melee_attack_vestlight_medium_polymer_alt_1_fatal_npc
45e1fe52ac42302a,melee_attack_vestlight_medium_polymer_alt_1_hit_npc
68802f497f43b0a1,melee_attack_vestlight_medium_polymer_alt_1_miss_npc
2e6019838ddde5c8,melee_attack_vestlight_medium_polymer_alt_2_fatal_npc
bfa8d3fd4575b81f,melee_attack_vestlight_medium_polymer_alt_2_hit_npc
6196b7bb619fe0aa,melee_attack_vestlight_medium_polymer_alt_2_miss_npc
f1e4dec98cb5b2fb,melee_attack_vestlight_medium_polymer_alt_3_fatal_npc
f177264d607b3098,melee_attack_vestlight_medium_polymer_alt_3_hit_npc
fdfec8f0389e4f23,melee_attack_vestlight_medium_polymer_alt_3_miss_npc
4e80604488476024,melee_attack_vestlight_medium_polymer_pri_0_fatal_npc
fc4c7eb6af4186cb,melee_attack_vestlight_medium_polymer_pri_0_hit_npc
edeb807df54ca56e,melee_attack_vestlight_medium_polymer_pri_0_miss_npc
b828b4226e8306e7,melee_attack_vestlight_medium_polymer_pri_1_fatal_npc
336a1f2f1f05e824,melee_attack_vestlight_medium_polymer_pri_1_hit_npc
c8482d047cf84957,melee_attack_vestlight_medium_polymer_pri_1_miss_npc
d4d88bfd9cd9d72,melee_attack_vestlight_medium_polymer_pri_2_fatal_npc
cea7f3f6b18b474d,melee_attack_vestlight_medium_polymer_pri_2_hit_npc
dfcabcc4d633acfc,melee_attack_vestlight_medium_polymer_pri_2_miss_npc
fff45e771993ac15,melee_attack_vestlight_medium_polymer_pri_3_fatal_npc
aa8a8c9eaf451416,melee_attack_vestlight_medium_polymer_pri_3_hit_npc
d011f6e26e837335,melee_attack_vestlight_medium_polymer_pri_3_miss_npc
8a61d9ff71f93b4b,melee_attack_vestlight_medium_steel_alt_0_fatal_npc
12510669febd0c68,melee_attack_vestlight_medium_steel_alt_0_hit_npc
3aaa5596913ab333,melee_attack_vestlight_medium_steel_alt_0_miss_npc
3bf1198ba85631d8,melee_attack_vestlight_medium_steel_alt_1_fatal_npc
7cd3822142ce222f,melee_attack_vestlight_medium_steel_alt_1_hit_npc
338c234de532d87a,melee_attack_vestlight_medium_steel_alt_1_miss_npc
20ef45bd11e576a9,melee_attack_vestlight_medium_steel_alt_2_fatal_npc
bd4619e8976ce2ba,melee_attack_vestlight_medium_steel_alt_2_hit_npc
42c822cb79968b1,melee_attack_vestlight_medium_steel_alt_2_miss_npc
d05f319a289e9cf6,melee_attack_vestlight_medium_steel_alt_3_fatal_npc
b319b7f5004cf741,melee_attack_vestlight_medium_steel_alt_3_hit_npc
e8af140d9a3b9cd8,melee_attack_vestlight_medium_steel_alt_3_miss_npc
f81157b128b81fd1,melee_attack_vestlight_medium_steel_pri_0_fatal_npc
898940a6ed4d7212,melee_attack_vestlight_medium_steel_pri_0_hit_npc
adf189b3add902f9,melee_attack_vestlight_medium_steel_pri_0_miss_npc
263b29e064c1f7e,melee_attack_vestlight_medium_steel_pri_1_fatal_npc
cbb7a61326f29d19,melee_attack_vestlight_medium_steel_pri_1_hit_npc
1b30db18ad210120,melee_attack_vestlight_medium_steel_pri_1_miss_npc
f17946733a33d073,melee_attack_vestlight_medium_steel_pri_2_fatal_npc
87f5edb740ac3cc0,melee_attack_vestlight_medium_steel_pri_2_hit_npc
1566547a9649513b,melee_attack_vestlight_medium_steel_pri_2_miss_npc
c87f1be1c3f185c0,melee_attack_vestlight_medium_steel_pri_3_fatal_npc
ff480296ee158447,melee_attack_vestlight_medium_steel_pri_3_hit_npc
2a8ecb61b5349e62,melee_attack_vestlight_medium_steel_pri_3_miss_npc
2d1900778099626,melee_attack_vestlight_piercing_other_alt_0_fatal_npc
3384dfe4cd59a471,melee_attack_vestlight_piercing_other_alt_0_hit_npc
a9c970661455488,melee_attack_vestlight_piercing_other_alt_0_miss_npc
32e06e5b24ef8899,melee_attack_vestlight_piercing_other_alt_1_fatal_npc
c9b19d311062172a,melee_attack_vestlight_piercing_other_alt_1_hit_npc
8232232da17935a1,melee_attack_vestlight_piercing_other_alt_1_miss_npc
d468629aecee4c8,melee_attack_vestlight_piercing_other_alt_2_fatal_npc
437872dba9959f1f,melee_attack_vestlight_piercing_other_alt_2_hit_npc
7b48ab9f83d565aa,melee_attack_vestlight_piercing_other_alt_2_miss_npc
d0cb4b6fada6b1fb,melee_attack_vestlight_piercing_other_alt_3_fatal_npc
7546c52bc49b1798,melee_attack_vestlight_piercing_other_alt_3_hit_npc
17b0bcd45ad3d423,melee_attack_vestlight_piercing_other_alt_3_miss_npc
2d66cceaa9385f24,melee_attack_vestlight_piercing_other_pri_0_fatal_npc
801c1d9513616dcb,melee_attack_vestlight_piercing_other_pri_0_hit_npc
79d746217822a6e,melee_attack_vestlight_piercing_other_pri_0_miss_npc
970f20c88f7405e7,melee_attack_vestlight_piercing_other_pri_1_fatal_npc
b739be0d8325cf24,melee_attack_vestlight_piercing_other_pri_1_hit_npc
e1fa20e89f2dce57,melee_attack_vestlight_piercing_other_pri_1_miss_npc
ec33f565fabe9c72,melee_attack_vestlight_piercing_other_pri_2_fatal_npc
527792d515ab2e4d,melee_attack_vestlight_piercing_other_pri_2_hit_npc
f97cb0a8f86931fc,melee_attack_vestlight_piercing_other_pri_2_miss_npc
dedacb1d3a84ab15,melee_attack_vestlight_piercing_other_pri_3_fatal_npc
2e5a2b7d1364fb16,melee_attack_vestlight_piercing_other_pri_3_hit_npc
e9c3eac690b8f835,melee_attack_vestlight_piercing_other_pri_3_miss_npc
78c19cc003f53406,melee_attack_vestlight_piercing_polymer_alt_0_fatal_npc
a7e1bb882cfd1cd1,melee_attack_vestlight_piercing_polymer_alt_0_hit_npc
e35f0fd975eaa668,melee_attack_vestlight_piercing_polymer_alt_0_miss_npc
4f420a40711b2ef9,melee_attack_vestlight_piercing_polymer_alt_1_fatal_npc
e98ba351bc8cc98a,melee_attack_vestlight_piercing_polymer_alt_1_hit_npc
acb422276c2ff101,melee_attack_vestlight_piercing_polymer_alt_1_miss_npc
743d6ddf211f4fa8,melee_attack_vestlight_piercing_polymer_alt_2_fatal_npc
e35ef956b285667f,melee_attack_vestlight_piercing_polymer_alt_2_hit_npc
b4b2fdba327cfb0a,melee_attack_vestlight_piercing_polymer_alt_2_miss_npc
49505c8d4a75bddb,melee_attack_vestlight_piercing_polymer_alt_3_fatal_npc
1a67429bde4270f8,melee_attack_vestlight_piercing_polymer_alt_3_hit_npc
3b4886dd21fe1c83,melee_attack_vestlight_piercing_polymer_alt_3_miss_npc
7fe8a8c0da449e84,melee_attack_vestlight_piercing_polymer_pri_0_fatal_npc
a0f01eddf1f32d2b,melee_attack_vestlight_piercing_polymer_pri_0_hit_npc
9bafdd001dc9cd4e,melee_attack_vestlight_piercing_polymer_pri_0_miss_npc
b4c2f96b4892947,melee_attack_vestlight_piercing_polymer_pri_1_fatal_npc
28871f2fd101da84,melee_attack_vestlight_piercing_polymer_pri_1_hit_npc
c81496b7ca8258b7,melee_attack_vestlight_piercing_polymer_pri_1_miss_npc
55f0500fe8a95752,melee_attack_vestlight_piercing_polymer_pri_2_fatal_npc
dd6818091ef2002d,melee_attack_vestlight_piercing_polymer_pri_2_hit_npc
1bbdd03e2b06215c,melee_attack_vestlight_piercing_polymer_pri_2_miss_npc
18886e3fb866cf5,melee_attack_vestlight_piercing_polymer_pri_3_fatal_npc
cbee3ba2285079f6,melee_attack_vestlight_piercing_polymer_pri_3_hit_npc
85080f600986d915,melee_attack_vestlight_piercing_polymer_pri_3_miss_npc
7cf286c57aa8122b,melee_attack_vestlight_piercing_steel_alt_0_fatal_npc
655f8545e7838ec8,melee_attack_vestlight_piercing_steel_alt_0_hit_npc
a7f5b46809447793,melee_attack_vestlight_piercing_steel_alt_0_miss_npc
e6bb7f5aaa61f9b8,melee_attack_vestlight_piercing_steel_alt_1_fatal_npc
520b3a51c95bcf0f,melee_attack_vestlight_piercing_steel_alt_1_hit_npc
50c939f49a01c75a,melee_attack_vestlight_piercing_steel_alt_1_miss_npc
c31ab49700583689,melee_attack_vestlight_piercing_steel_alt_2_fatal_npc
e0f0abc6e96e751a,melee_attack_vestlight_piercing_steel_alt_2_hit_npc
1f624da28cc26c91,melee_attack_vestlight_piercing_steel_alt_2_miss_npc
c8faa8ff5ad46856,melee_attack_vestlight_piercing_steel_alt_3_fatal_npc
b539bcf2bcee3d21,melee_attack_vestlight_piercing_steel_alt_3_hit_npc
e47bb3030e3403b8,melee_attack_vestlight_piercing_steel_alt_3_miss_npc
e7b1e64df8c00231,melee_attack_vestlight_piercing_steel_pri_0_fatal_npc
128cf2d29e18ea72,melee_attack_vestlight_piercing_steel_pri_0_hit_npc
204e1d3c364d3dd9,melee_attack_vestlight_piercing_steel_pri_0_miss_npc
a37bc179e16de4de,melee_attack_vestlight_piercing_steel_pri_1_fatal_npc
830259db310eec79,melee_attack_vestlight_piercing_steel_pri_1_hit_npc
d52af35a3beb2f80,melee_attack_vestlight_piercing_steel_pri_1_miss_npc
e847f7a4f8a211d3,melee_attack_vestlight_piercing_steel_pri_2_fatal_npc
2ca44a2050ba9520,melee_attack_vestlight_piercing_steel_pri_2_hit_npc
67b125210124421b,melee_attack_vestlight_piercing_steel_pri_2_miss_npc
15be9a3ffd38d320,melee_attack_vestlight_piercing_steel_pri_3_fatal_npc
ae8303d273bec27,melee_attack_vestlight_piercing_steel_pri_3_hit_npc
7e24e30de1f408c2,melee_attack_vestlight_piercing_steel_pri_3_miss_npc
bca043db0c205746,melee_attack_vestlight_shield_other_alt_0_hit_plr
3bdfb0f4e4d72493,melee_attack_vestlight_shield_other_alt_0_miss_plr
38b82e53a2df6585,melee_attack_vestlight_shield_other_alt_1_hit_plr
2470ff7ae3c43c32,melee_attack_vestlight_shield_other_alt_1_miss_plr
6b45051af9e19614,melee_attack_vestlight_shield_other_alt_2_hit_plr
3b87913b3ca4845d,melee_attack_vestlight_shield_other_alt_2_miss_plr
788bd7c282f3421b,melee_attack_vestlight_shield_other_alt_3_hit_plr
d926ed59372a285c,melee_attack_vestlight_shield_other_alt_3_miss_plr
68c74a8744c21ae0,melee_attack_vestlight_shield_other_pri_0_hit_plr
8c88f153a6f2bf01,melee_attack_vestlight_shield_other_pri_0_miss_plr
9f34e0e7ee8b2857,melee_attack_vestlight_shield_other_pri_1_hit_plr
a965d06969a23540,melee_attack_vestlight_shield_other_pri_1_miss_plr
48f5c9fdbd322e22,melee_attack_vestlight_shield_other_pri_2_hit_plr
69139f02d615abc7,melee_attack_vestlight_shield_other_pri_2_miss_plr
bf33c48b4ba44da1,melee_attack_vestlight_shield_other_pri_3_hit_plr
b094843a872611b6,melee_attack_vestlight_shield_other_pri_3_miss_plr
7e508db35ab41606,melee_attack_vestlight_slashing_other_alt_0_fatal_npc
b729cf91c8532ed1,melee_attack_vestlight_slashing_other_alt_0_hit_npc
30eb1c2c692b3c68,melee_attack_vestlight_slashing_other_alt_0_miss_npc
54d0fb33c7da10f9,melee_attack_vestlight_slashing_other_alt_1_fatal_npc
f8d3b75b57e2db8a,melee_attack_vestlight_slashing_other_alt_1_hit_npc
fa402e7a5f708701,melee_attack_vestlight_slashing_other_alt_1_miss_npc
79cc5ed277de31a8,melee_attack_vestlight_slashing_other_alt_2_fatal_npc
f2a70d604ddb787f,melee_attack_vestlight_slashing_other_alt_2_hit_npc
23f0a0d25bd910a,melee_attack_vestlight_slashing_other_alt_2_miss_npc
4edf4d80a1349fdb,melee_attack_vestlight_slashing_other_alt_3_fatal_npc
29af56a5799882f8,melee_attack_vestlight_slashing_other_alt_3_hit_npc
88d49330153eb283,melee_attack_vestlight_slashing_other_alt_3_miss_npc
857799b431038084,melee_attack_vestlight_slashing_other_pri_0_fatal_npc
b03832e78d493f2b,melee_attack_vestlight_slashing_other_pri_0_hit_npc
e93be953110a634e,melee_attack_vestlight_slashing_other_pri_0_miss_npc
10db208a0b480b47,melee_attack_vestlight_slashing_other_pri_1_fatal_npc
37cf33396c57ec84,melee_attack_vestlight_slashing_other_pri_1_hit_npc
15a0a30abdc2eeb7,melee_attack_vestlight_slashing_other_pri_1_miss_npc
5b7f41033f683952,melee_attack_vestlight_slashing_other_pri_2_fatal_npc
ecb02c12ba48122d,melee_attack_vestlight_slashing_other_pri_2_hit_npc
6949dc911e46b75c,melee_attack_vestlight_slashing_other_pri_2_miss_npc
71777d752454ef5,melee_attack_vestlight_slashing_other_pri_3_fatal_npc
db364fabc3a68bf6,melee_attack_vestlight_slashing_other_pri_3_hit_npc
d2941bb2fcc76f15,melee_attack_vestlight_slashing_other_pri_3_miss_npc
e6c3cc99a4355366,melee_attack_vestlight_slashing_polymer_alt_0_fatal_npc
34a1a54c12e340b1,melee_attack_vestlight_slashing_polymer_alt_0_hit_npc
76bd10b266dbbdc8,melee_attack_vestlight_slashing_polymer_alt_0_miss_npc
f0c6a8432f3234d9,melee_attack_vestlight_slashing_polymer_alt_1_fatal_npc
ce010e5c86fd5a6a,melee_attack_vestlight_slashing_polymer_alt_1_hit_npc
1687300d106723e1,melee_attack_vestlight_slashing_polymer_alt_1_miss_npc
4b3fc36baf6e6308,melee_attack_vestlight_slashing_polymer_alt_2_fatal_npc
59ae2fd249e03c5f,melee_attack_vestlight_slashing_polymer_alt_2_hit_npc
964d4fc8d8d7e4ea,melee_attack_vestlight_slashing_polymer_alt_2_miss_npc
29951eb82da92a3b,melee_attack_vestlight_slashing_polymer_alt_3_fatal_npc
2c6ea3af31a6eed8,melee_attack_vestlight_slashing_polymer_alt_3_hit_npc
6f5d633d9c2a2e63,melee_attack_vestlight_slashing_polymer_alt_3_miss_npc
c7ebff160bb97864,melee_attack_vestlight_slashing_polymer_pri_0_fatal_npc
802c92f3abaddf0b,melee_attack_vestlight_slashing_polymer_pri_0_hit_npc
c4fdcea115eba5ae,melee_attack_vestlight_slashing_polymer_pri_0_miss_npc
427b7004d7aa1c27,melee_attack_vestlight_slashing_polymer_pri_1_fatal_npc
d2fef77825420764,melee_attack_vestlight_slashing_polymer_pri_1_hit_npc
a0bc68a48da93197,melee_attack_vestlight_slashing_polymer_pri_1_miss_npc
dd02a2c23db2deb2,melee_attack_vestlight_slashing_polymer_pri_2_fatal_npc
57bfff28beabcb8d,melee_attack_vestlight_slashing_polymer_pri_2_hit_npc
4a9ab5a9947e073c,melee_attack_vestlight_slashing_polymer_pri_2_miss_npc
8b484913c6b88455,melee_attack_vestlight_slashing_polymer_pri_3_fatal_npc
98066dedb9eb3356,melee_attack_vestlight_slashing_polymer_pri_3_hit_npc
182f87c0e46ddd75,melee_attack_vestlight_slashing_polymer_pri_3_miss_npc
b5957ced9843498b,melee_attack_vestlight_slashing_steel_alt_0_fatal_npc
4d3e46a04cb7e4a8,melee_attack_vestlight_slashing_steel_alt_0_hit_npc
38831e1fd5ad573,melee_attack_vestlight_slashing_steel_alt_0_miss_npc
44535b15cd8f4118,melee_attack_vestlight_slashing_steel_alt_1_fatal_npc
5f69cb676af6a26f,melee_attack_vestlight_slashing_steel_alt_1_hit_npc
7ddf9fee26aff9ba,melee_attack_vestlight_slashing_steel_alt_1_miss_npc
391e5512e40311e9,melee_attack_vestlight_slashing_steel_alt_2_fatal_npc
eda66b800a6e6cfa,melee_attack_vestlight_slashing_steel_alt_2_hit_npc
a2fdb3973171f3f1,melee_attack_vestlight_slashing_steel_alt_2_miss_npc
39bf4941487a1e36,melee_attack_vestlight_slashing_steel_alt_3_fatal_npc
a387a3cafc630781,melee_attack_vestlight_slashing_steel_alt_3_hit_npc
1a96cbed1b3b2a18,melee_attack_vestlight_slashing_steel_alt_3_miss_npc
bf2291844a3e6b11,melee_attack_vestlight_slashing_steel_pri_0_fatal_npc
2c4056fa3bb10e52,melee_attack_vestlight_slashing_steel_pri_0_hit_npc
ef8b0eaa222f8c39,melee_attack_vestlight_slashing_steel_pri_0_miss_npc
ba3961801f144cbe,melee_attack_vestlight_slashing_steel_pri_1_fatal_npc
bf8b91e925ebd659,melee_attack_vestlight_slashing_steel_pri_1_hit_npc
62318a8788e18f60,melee_attack_vestlight_slashing_steel_pri_1_miss_npc
4366c710ed08e2b3,melee_attack_vestlight_slashing_steel_pri_2_fatal_npc
7067a39bbad43a00,melee_attack_vestlight_slashing_steel_pri_2_hit_npc
89a55a8e95616a7b,melee_attack_vestlight_slashing_steel_pri_2_miss_npc
2e7d64be9f661700,melee_attack_vestlight_slashing_steel_pri_3_fatal_npc
8f62c18b426b2987,melee_attack_vestlight_slashing_steel_pri_3_hit_npc
107f71e4f92dd7a2,melee_attack_vestlight_slashing_steel_pri_3_miss_npc
5338a81105aa1289,melee_attack_vestlight_user1_other_alt_0_hit_plr
a7bdcbbc8ddfb50e,melee_attack_vestlight_user1_other_alt_0_miss_plr
f7f0331cbdffd22a,melee_attack_vestlight_user1_other_alt_1_hit_plr
2f4c6f490c28a57f,melee_attack_vestlight_user1_other_alt_1_miss_plr
c0274a928ff5333f,melee_attack_vestlight_user1_other_alt_2_hit_plr
a3d748f63b064e78,melee_attack_vestlight_user1_other_alt_2_miss_plr
4c9821be3a0ada28,melee_attack_vestlight_user1_other_alt_3_hit_plr
e3d6ac5792723c59,melee_attack_vestlight_user1_other_alt_3_miss_plr
6542419df47f8a17,melee_attack_vestlight_user1_other_pri_0_hit_plr
2ddda89031cccf00,melee_attack_vestlight_user1_other_pri_0_miss_plr
91464ea660f010a0,melee_attack_vestlight_user1_other_pri_1_hit_plr
35cf5cadd591b4c1,melee_attack_vestlight_user1_other_pri_1_miss_plr
8dfb1ceb1ebf4761,melee_attack_vestlight_user1_other_pri_2_hit_plr
c77b4c749a10b376,melee_attack_vestlight_user1_other_pri_2_miss_plr
26d87907cdea65e2,melee_attack_vestlight_user1_other_pri_3_hit_plr
ba8b886166a00a87,melee_attack_vestlight_user1_other_pri_3_miss_plr
9e263f1130634765,melee_attack_vestlight_user2_steel_alt_0_hit_plr
89525a173c2d6b12,melee_attack_vestlight_user2_steel_alt_0_miss_plr
d195f4bf2a5ba026,melee_attack_vestlight_user2_steel_alt_1_hit_plr
4eb8fe6018336bf3,melee_attack_vestlight_user2_steel_alt_1_miss_plr
a409782d786977b,melee_attack_vestlight_user2_steel_alt_2_hit_plr
f332f6bfdd0e60bc,melee_attack_vestlight_user2_steel_alt_2_miss_plr
edbe39ea45b6cd74,melee_attack_vestlight_user2_steel_alt_3_hit_plr
dc8f959d9c56183d,melee_attack_vestlight_user2_steel_alt_3_miss_plr
81104cd9a6144f83,melee_attack_vestlight_user2_steel_pri_0_hit_plr
d426784af68a10b4,melee_attack_vestlight_user2_steel_pri_0_miss_plr
ed9b67a996b6f5bc,melee_attack_vestlight_user2_steel_pri_1_hit_plr
96e90f29d6e70f75,melee_attack_vestlight_user2_steel_pri_1_miss_plr
b0c91ee4b328e38d,melee_attack_vestlight_user2_steel_pri_2_hit_plr
35e158ad1341eaca,melee_attack_vestlight_user2_steel_pri_2_miss_plr
1285261b76992d4e,melee_attack_vestlight_user2_steel_pri_3_hit_plr
7d616cd2b620bdab,melee_attack_vestlight_user2_steel_pri_3_miss_plr
2ba2dedb578afdbc,melee_character_cloth_dlc1_steel_alt_0_hit_npc
3d5531db61ac2d9d,melee_character_cloth_dlc1_steel_alt_0_hit_plr
8e521043e2cdb4c3,melee_character_cloth_dlc1_steel_alt_1_hit_npc
58111943c36de09e,melee_character_cloth_dlc1_steel_alt_1_hit_plr
636246005f9b2f6e,melee_character_cloth_dlc1_steel_alt_2_hit_npc
674bf500f2d60713,melee_character_cloth_dlc1_steel_alt_2_hit_plr
c9a94e702b3203f6,melee_character_cloth_dlc1_steel_pri_0_hit_npc
2e026d6fd31b847b,melee_character_cloth_dlc1_steel_pri_0_hit_plr
db232ad721d38a2d,melee_character_cloth_dlc1_steel_pri_1_hit_npc
11800fd7414bba74,melee_character_cloth_dlc1_steel_pri_1_hit_plr
264231fdd3e36484,melee_character_cloth_dlc1_steel_pri_2_hit_npc
c1e814fe2bf83465,melee_character_cloth_dlc1_steel_pri_2_hit_plr
e8b93339a132d0b0,melee_character_cloth_dlc2_other_alt_0_hit_npc
3f65ce39d24eaa11,melee_character_cloth_dlc2_other_alt_0_hit_plr
20e8ca555e6b4437,melee_character_cloth_dlc2_other_alt_1_hit_npc
33071b5568e78f92,melee_character_cloth_dlc2_other_alt_1_hit_plr
c00dd0f32cc59202,melee_character_cloth_dlc2_other_alt_2_hit_npc
e045a7f2ae6c59c7,melee_character_cloth_dlc2_other_alt_2_hit_plr
b14e889d29d9e2c9,melee_character_cloth_dlc2_other_alt_3_hit_npc
b5c1459dbd8a1ed0,melee_character_cloth_dlc2_other_alt_3_hit_plr
823f38290c7e5ba,melee_character_cloth_dlc2_other_pri_0_hit_npc
c7135a82fd0813df,melee_character_cloth_dlc2_other_pri_0_hit_plr
fdf7918ef9a7fa41,melee_character_cloth_dlc2_other_pri_1_hit_npc
7874be8f3f613048,melee_character_cloth_dlc2_other_pri_1_hit_plr
5d2ee003f8180f68,melee_character_cloth_dlc2_other_pri_2_hit_npc
2759cb03d9132729,melee_character_cloth_dlc2_other_pri_2_hit_plr
c7b15bbb3c29252f,melee_character_cloth_dlc2_other_pri_3_hit_npc
4d4f1cbaf686984a,melee_character_cloth_dlc2_other_pri_3_hit_plr
eab8e5f2046cd756,melee_character_cloth_heavy_other_alt_0_fatal_plr
d174155204d35f98,melee_character_cloth_heavy_other_alt_0_hit_npc
b13c4052832c9b39,melee_character_cloth_heavy_other_alt_0_hit_plr
b128b2ac538a6089,melee_character_cloth_heavy_other_alt_1_fatal_plr
9fa5c301e9cde71f,melee_character_cloth_heavy_other_alt_1_hit_npc
3adfc4024187cb1a,melee_character_cloth_heavy_other_alt_1_hit_plr
f72d6cdddb65a4c0,melee_character_cloth_heavy_other_alt_2_fatal_plr
25deed57509a5f2a,melee_character_cloth_heavy_other_alt_2_hit_npc
cf3254571f7e892f,melee_character_cloth_heavy_other_alt_2_hit_plr
508a308a7bffd74b,melee_character_cloth_heavy_other_alt_3_fatal_plr
8fb2300b0d91ec71,melee_character_cloth_heavy_other_alt_3_hit_npc
f4935d0ab5ef1e58,melee_character_cloth_heavy_other_alt_3_hit_plr
a49c2b93830e0a68,melee_character_cloth_heavy_other_pri_0_fatal_plr
59ad4471ebc67962,melee_character_cloth_heavy_other_pri_0_hit_npc
79e61b716d6ef427,melee_character_cloth_heavy_other_pri_0_hit_plr
215858f371d23f33,melee_character_cloth_heavy_other_pri_1_fatal_plr
620f3edc23436929,melee_character_cloth_heavy_other_pri_1_hit_npc
631afbdcb40ec930,melee_character_cloth_heavy_other_pri_1_hit_plr
4451ff59a6b9715e,melee_character_cloth_heavy_other_pri_2_fatal_plr
96bbbad518525690,melee_character_cloth_heavy_other_pri_2_hit_npc
ed6855d5496e2ff1,melee_character_cloth_heavy_other_pri_2_hit_plr
19785a07bd205df1,melee_character_cloth_heavy_other_pri_3_fatal_plr
fdbffc13c82cb217,melee_character_cloth_heavy_other_pri_3_hit_npc
fdf4d13d2aab072,melee_character_cloth_heavy_other_pri_3_hit_plr
efa2733d3504306f,melee_character_cloth_heavy_polymer_alt_0_fatal_npc
7540343cef61a38a,melee_character_cloth_heavy_polymer_alt_0_fatal_plr
91742c076669313c,melee_character_cloth_heavy_polymer_alt_0_hit_npc
a3267f07708a611d,melee_character_cloth_heavy_polymer_alt_0_hit_plr
1c4e40e1c384afec,melee_character_cloth_heavy_polymer_alt_1_fatal_npc
186393e1304828ad,melee_character_cloth_heavy_polymer_alt_1_fatal_plr
f4235d6ff1abe843,melee_character_cloth_heavy_polymer_alt_1_hit_npc
bde2666fd24c141e,melee_character_cloth_heavy_polymer_alt_1_hit_plr
439f9e4ce7b0e75d,melee_character_cloth_heavy_polymer_alt_2_fatal_npc
6386834c69136fc4,melee_character_cloth_heavy_polymer_alt_2_fatal_plr
c933932c6e7962ee,melee_character_cloth_heavy_polymer_alt_2_hit_npc
cd1d422d01b43a93,melee_character_cloth_heavy_polymer_alt_2_hit_plr
b215d40e0bcc96fa,melee_character_cloth_heavy_polymer_alt_3_fatal_npc
71063b0e780e781f,melee_character_cloth_heavy_polymer_alt_3_fatal_plr
6425ed0df3f5e85,melee_character_cloth_heavy_polymer_alt_3_hit_npc
afb0d3d0ae3a680c,melee_character_cloth_heavy_polymer_alt_3_hit_plr
ca13c72d53444675,melee_character_cloth_heavy_polymer_pri_0_fatal_npc
891f3c2dbf9d071c,melee_character_cloth_heavy_polymer_pri_0_fatal_plr
2f7a9b9c3a103776,melee_character_cloth_heavy_polymer_pri_0_hit_npc
93d3ba9be1f9b7fb,melee_character_cloth_heavy_polymer_pri_0_hit_plr
1e7b9059406730d2,melee_character_cloth_heavy_polymer_pri_1_fatal_npc
50e9a7595c874077,melee_character_cloth_heavy_polymer_pri_1_fatal_plr
40f4780330b1bdad,melee_character_cloth_heavy_polymer_pri_1_hit_npc
77515d035029edf4,melee_character_cloth_heavy_polymer_pri_1_hit_plr
d3d76fe00c4702c7,melee_character_cloth_heavy_polymer_pri_2_fatal_npc
d2e780df7b93c882,melee_character_cloth_heavy_polymer_pri_2_fatal_plr
8c137f29e2c19804,melee_character_cloth_heavy_polymer_pri_2_hit_npc
27b9622a3ad667e5,melee_character_cloth_heavy_polymer_pri_2_hit_plr
4873e90a32027804,melee_character_cloth_heavy_polymer_pri_3_fatal_npc
e419cc0a8a1747e5,melee_character_cloth_heavy_polymer_pri_3_fatal_plr
47c7ed803b2eaab,melee_character_cloth_heavy_polymer_pri_3_hit_npc
5b2917d834cec0a6,melee_character_cloth_heavy_polymer_pri_3_hit_plr
683712cf46794f16,melee_character_cloth_heavy_steel_alt_0_fatal_npc
cc9131ceee64829b,melee_character_cloth_heavy_steel_alt_0_fatal_plr
e96acd674d42ade1,melee_character_cloth_heavy_steel_alt_0_hit_npc
63e8fa6792fd96e8,melee_character_cloth_heavy_steel_alt_0_hit_plr
15059cdf39f11e49,melee_character_cloth_heavy_steel_alt_1_fatal_npc
197859dfcda15a50,melee_character_cloth_heavy_steel_alt_1_fatal_plr
7633aad56cbd88da,melee_character_cloth_heavy_steel_alt_1_hit_npc
352311d5d8fdb6ff,melee_character_cloth_heavy_steel_alt_1_hit_plr
35549a717e400178,melee_character_cloth_heavy_steel_alt_2_fatal_npc
1881c571ff7ab319,melee_character_cloth_heavy_steel_alt_2_fatal_plr
386c0ee2fd4232cf,melee_character_cloth_heavy_steel_alt_2_hit_npc
c16fcfe2ba82ceea,melee_character_cloth_heavy_steel_alt_2_hit_plr
2ea6de03743f71eb,melee_character_cloth_heavy_steel_alt_3_fatal_npc
85527703a55994e6,melee_character_cloth_heavy_steel_alt_3_fatal_plr
50850ea6418a5988,melee_character_cloth_heavy_steel_alt_3_hit_npc
1aaff9a622857149,melee_character_cloth_heavy_steel_alt_3_hit_plr
bd733968a4cd21f4,melee_character_cloth_heavy_steel_pri_0_fatal_npc
460adc6861b26c35,melee_character_cloth_heavy_steel_pri_0_fatal_plr
d0a74d0e68635b1b,melee_character_cloth_heavy_steel_pri_0_hit_npc
10dda60dfb691c76,melee_character_cloth_heavy_steel_pri_0_hit_plr
55b22d0a5826fab7,melee_character_cloth_heavy_steel_pri_1_fatal_npc
67d07e0a62a34612,melee_character_cloth_heavy_steel_pri_1_fatal_plr
fa7c3fa6c0342774,melee_character_cloth_heavy_steel_pri_1_hit_npc
8313e2a67d1971b5,melee_character_cloth_heavy_steel_pri_1_hit_plr
52dd3d3191841402,melee_character_cloth_heavy_steel_pri_2_fatal_npc
73151431132adbc7,melee_character_cloth_heavy_steel_pri_2_fatal_plr
aee6e5e3d58188dd,melee_character_cloth_heavy_steel_pri_2_hit_npc
cecdcae356e41144,melee_character_cloth_heavy_steel_pri_2_hit_plr
2f90d99457b0f065,melee_character_cloth_heavy_steel_pri_3_fatal_npc
d9004e9426adacec,melee_character_cloth_heavy_steel_pri_3_fatal_plr
f701c0329b4540a6,melee_character_cloth_heavy_steel_pri_3_hit_npc
6e6a1f32de5ff9cb,melee_character_cloth_heavy_steel_pri_3_hit_plr
8aeddbffe0fa7000,melee_character_cloth_light_polymer_alt_0_fatal_npc
cbfe76ff74ba4541,melee_character_cloth_light_polymer_alt_0_fatal_plr
e5d3775d4e68da87,melee_character_cloth_light_polymer_alt_0_hit_npc
e17c885cbad0c442,melee_character_cloth_light_polymer_alt_0_hit_plr
9fd73e522e9d3bb3,melee_character_cloth_light_polymer_alt_1_fatal_npc
83718752b034f22e,melee_character_cloth_light_polymer_alt_1_fatal_plr
c6d8596dc6d1eb00,melee_character_cloth_light_polymer_alt_1_hit_npc
7e8f46d5a91c041,melee_character_cloth_light_polymer_alt_1_hit_plr
16a9d8c160a8a5be,melee_character_cloth_light_polymer_alt_2_fatal_npc
4f787c156877943,melee_character_cloth_light_polymer_alt_2_fatal_plr
15fc47bb31e98759,melee_character_cloth_light_polymer_alt_2_hit_npc
3f804bb27826880,melee_character_cloth_light_polymer_alt_2_hit_plr
1b9308c58bd2c411,melee_character_cloth_light_polymer_alt_3_fatal_npc
807435c5342ff5f8,melee_character_cloth_light_polymer_alt_3_fatal_plr
82b10ccc47aebf52,melee_character_cloth_light_polymer_alt_3_hit_npc
b51f23cc63cecef7,melee_character_cloth_light_polymer_alt_3_hit_plr
bed326625ee68cea,melee_character_cloth_light_polymer_pri_0_fatal_npc
68268d622dcab6ef,melee_character_cloth_light_polymer_pri_0_fatal_plr
97626bb3fffe8ff5,melee_character_cloth_light_polymer_pri_0_hit_npc
566de0b46c57509c,melee_character_cloth_light_polymer_pri_0_hit_plr
a24e615b674f7c8d,melee_character_cloth_light_polymer_pri_1_fatal_npc
d545465b83e483d4,melee_character_cloth_light_polymer_pri_1_fatal_plr
d94ac84ba5399f5e,melee_character_cloth_light_polymer_pri_1_hit_npc
c798774b9b1872e3,melee_character_cloth_light_polymer_pri_1_hit_plr
c00d3c8440f38e1c,melee_character_cloth_light_polymer_pri_2_fatal_npc
d1be8f844b130afd,melee_character_cloth_light_polymer_pri_2_fatal_plr
a64ffce0bc4f2033,melee_character_cloth_light_polymer_pri_2_hit_npc
89ea45e13de6d6ae,melee_character_cloth_light_polymer_pri_2_hit_plr
b5d3be9a5291e4df,melee_character_cloth_light_polymer_pri_3_fatal_npc
510dbf9aaa4bc8da,melee_character_cloth_light_polymer_pri_3_fatal_plr
221a7ae19b0d49ac,melee_character_cloth_light_polymer_pri_3_hit_npc
1e30cde107d2756d,melee_character_cloth_light_polymer_pri_3_hit_plr
cf6d5fa4eb3a0f31,melee_character_cloth_light_steel_alt_0_fatal_npc
30e88ca490b41818,melee_character_cloth_light_steel_alt_0_fatal_plr
b9ec72fa17592f72,melee_character_cloth_light_steel_alt_0_hit_npc
ec5a89fa33793f17,melee_character_cloth_light_steel_alt_0_hit_plr
8b373ad0d3e7f1de,melee_character_cloth_light_steel_alt_1_fatal_npc
7984e9d0c9c6c563,melee_character_cloth_light_steel_alt_1_fatal_plr
2a61da02aa4f3179,melee_character_cloth_light_steel_alt_1_hit_npc
185e97029fe9c5a0,melee_character_cloth_light_steel_alt_1_hit_plr
d00370fbeb1c1ed3,melee_character_cloth_light_steel_alt_2_fatal_npc
b037b9fc69d0ac4e,melee_character_cloth_light_steel_alt_2_fatal_plr
d403ca47c9fada20,melee_character_cloth_light_steel_alt_2_hit_npc
151365475db8fc61,melee_character_cloth_light_steel_alt_2_hit_plr
fd7a1396efb2e020,melee_character_cloth_light_steel_alt_3_fatal_npc
3e89ae9683710261,melee_character_cloth_light_steel_alt_3_fatal_plr
b247b064a07c3127,melee_character_cloth_light_steel_alt_3_hit_npc
adf0c1640ce41ae2,melee_character_cloth_light_steel_alt_3_hit_plr
cfeb878a85eb99b,melee_character_cloth_light_steel_pri_0_fatal_npc
4d3511783b647af6,melee_character_cloth_light_steel_pri_0_fatal_plr
83a0cd614d3f2ab8,melee_character_cloth_light_steel_pri_0_hit_npc
6367f861cb96b359,melee_character_cloth_light_steel_pri_0_hit_plr
df24959e0e90d968,melee_character_cloth_light_steel_pri_1_fatal_npc
a94f809def8bf129,melee_character_cloth_light_steel_pri_1_fatal_plr
ba22c622ba5cd13f,melee_character_cloth_light_steel_pri_1_hit_npc
555cc7231216b53a,melee_character_cloth_light_steel_pri_1_hit_plr
d3d5fc373382a6b9,melee_character_cloth_light_steel_pri_2_fatal_npc
c537b9372bfeb0e0,melee_character_cloth_light_steel_pri_2_fatal_plr
ae822507543f044a,melee_character_cloth_light_steel_pri_2_hit_npc
57d68c072324e14f,melee_character_cloth_light_steel_pri_2_hit_plr
90bd79f243820dc6,melee_character_cloth_light_steel_pri_3_fatal_npc
b8cd8f28981a2eb,melee_character_cloth_light_steel_pri_3_fatal_plr
bc9770cae87f5d91,melee_character_cloth_light_steel_pri_3_hit_npc
21789dca90dc8f78,melee_character_cloth_light_steel_pri_3_hit_plr
bb79026c82db3c4e,melee_character_cloth_massive_polymer_alt_0_fatal_npc
bf62b16d161613f3,melee_character_cloth_massive_polymer_alt_0_fatal_plr
2ceab3279dd9dde9,melee_character_cloth_massive_polymer_alt_0_hit_npc
315c7028318866f0,melee_character_cloth_massive_polymer_alt_0_hit_plr
af5a8748857a8521,melee_character_cloth_massive_polymer_alt_1_fatal_npc
2671b448c8509228,melee_character_cloth_massive_polymer_alt_1_fatal_plr
39d6048892f12422,melee_character_cloth_massive_polymer_alt_1_hit_npc
56a8db8811b675e7,melee_character_cloth_massive_polymer_alt_1_hit_plr
4b2377bb080dae50,melee_character_cloth_massive_polymer_alt_2_fatal_npc
a1cf12bb3927d4b1,melee_character_cloth_massive_polymer_alt_2_fatal_plr
c362796a320d47d7,melee_character_cloth_massive_polymer_alt_2_hit_npc
d580ca6a3c899332,melee_character_cloth_massive_polymer_alt_2_hit_plr
197c4946e3369743,melee_character_cloth_massive_polymer_alt_3_fatal_npc
e33b5246c3d6c31e,melee_character_cloth_massive_polymer_alt_3_fatal_plr
5ed6aff0759e050,melee_character_cloth_massive_polymer_alt_3_hit_npc
5c9905ff387406b1,melee_character_cloth_massive_polymer_alt_3_hit_plr
9f14d11a2864fbec,melee_character_cloth_massive_polymer_pri_0_fatal_npc
9b2a2419952874ad,melee_character_cloth_massive_polymer_pri_0_fatal_plr
b39efab0dabf5443,melee_character_cloth_massive_polymer_pri_0_hit_npc
7d5e03b0bb5f801e,melee_character_cloth_massive_polymer_pri_0_hit_plr
7269037599e47c6f,melee_character_cloth_massive_polymer_pri_1_fatal_npc
f806c4755441ef8a,melee_character_cloth_massive_polymer_pri_1_fatal_plr
50efc9484f7c9d3c,melee_character_cloth_massive_polymer_pri_1_hit_npc
62a21c48599dcd1d,melee_character_cloth_massive_polymer_pri_1_hit_plr
34dc644670ace2fa,melee_character_cloth_massive_polymer_pri_2_fatal_npc
f3cccb46dceec41f,melee_character_cloth_massive_polymer_pri_2_fatal_plr
c5bdfc11c852ca85,melee_character_cloth_massive_polymer_pri_2_hit_npc
6f2c7111974dd40c,melee_character_cloth_massive_polymer_pri_2_hit_plr
c6662e854c91335d,melee_character_cloth_massive_polymer_pri_3_fatal_npc
e64d1384cdf3bbc4,melee_character_cloth_massive_polymer_pri_3_fatal_plr
88af306d578cceee,melee_character_cloth_massive_polymer_pri_3_hit_npc
8c98df6deac7a693,melee_character_cloth_massive_polymer_pri_3_hit_plr
a3df672ac8e8e6c3,melee_character_cloth_massive_steel_alt_0_fatal_npc
6d9e702aa989129e,melee_character_cloth_massive_steel_alt_0_fatal_plr
9b6dd62f825f23d0,melee_character_cloth_massive_steel_alt_0_hit_npc
f219712fb3794a31,melee_character_cloth_massive_steel_alt_0_hit_plr
d586959eedbffdd0,melee_character_cloth_massive_steel_alt_1_fatal_npc
2c32309f1eda2431,melee_character_cloth_massive_steel_alt_1_fatal_plr
58e2e49aad128b57,melee_character_cloth_massive_steel_alt_1_hit_npc
6b01359ab78ed6b2,melee_character_cloth_massive_steel_alt_1_hit_plr
39bda52c6b2cd4a1,melee_character_cloth_massive_steel_alt_2_fatal_npc
b0d4d22cae02e1a8,melee_character_cloth_massive_steel_alt_2_fatal_plr
cf566fb90df667a2,melee_character_cloth_massive_steel_alt_2_hit_npc
ec2946b88cbbb967,melee_character_cloth_massive_steel_alt_2_hit_plr
45dc2050688d8bce,melee_character_cloth_massive_steel_alt_3_fatal_npc
49c5cf50fbc86373,melee_character_cloth_massive_steel_alt_3_fatal_plr
c26b1e5818df2169,melee_character_cloth_massive_steel_alt_3_hit_npc
c6dcdb58ac8daa70,melee_character_cloth_massive_steel_alt_3_hit_plr
b3924a8effbd6e49,melee_character_cloth_massive_steel_pri_0_fatal_npc
b805078f936daa50,melee_character_cloth_massive_steel_pri_0_fatal_plr
30ee79364a8158da,melee_character_cloth_massive_steel_pri_0_hit_npc
efdde036b6c186ff,melee_character_cloth_massive_steel_pri_0_hit_plr
6c3c07f0c459f16,melee_character_cloth_massive_steel_pri_1_fatal_npc
6b1ddf7eb430d29b,melee_character_cloth_massive_steel_pri_1_fatal_plr
a4259bc82b067de1,melee_character_cloth_massive_steel_pri_1_hit_npc
1ea3c8c870c166e8,melee_character_cloth_massive_steel_pri_1_hit_plr
cd338bb33a0bc1eb,melee_character_cloth_massive_steel_pri_2_fatal_npc
23df24b36b25e4e6,melee_character_cloth_massive_steel_pri_2_fatal_plr
b3fdd071f4e2988,melee_character_cloth_massive_steel_pri_2_hit_npc
d56ac80700494149,melee_character_cloth_massive_steel_pri_2_hit_plr
d3e14821440c5178,melee_character_cloth_massive_steel_pri_3_fatal_npc
b70e7321c5470319,melee_character_cloth_massive_steel_pri_3_fatal_plr
f326dd43db0602cf,melee_character_cloth_massive_steel_pri_3_hit_npc
7c2a9e4398469eea,melee_character_cloth_massive_steel_pri_3_hit_plr
dbd285d3ef5df4e0,melee_character_cloth_medium_other_alt_0_fatal_plr
bfe728de2b70a84a,melee_character_cloth_medium_other_alt_0_hit_npc
693b8fddfa56854f,melee_character_cloth_medium_other_alt_0_hit_plr
2227a58f4ce0e6eb,melee_character_cloth_medium_other_alt_1_fatal_plr
cdfc74a1bfb10191,melee_character_cloth_medium_other_alt_1_hit_npc
32dda1a1680e3378,melee_character_cloth_medium_other_alt_1_hit_plr
63cfde14fec3bef6,melee_character_cloth_medium_other_alt_2_fatal_plr
9505d1382470ceb8,melee_character_cloth_medium_other_alt_2_hit_npc
74ccfc38a2c85759,melee_character_cloth_medium_other_alt_2_hit_plr
bfea4d3ab2eb3529,melee_character_cloth_medium_other_alt_3_fatal_plr
cb87c9f9918e753f,melee_character_cloth_medium_other_alt_3_hit_npc
66c1caf9e948593a,melee_character_cloth_medium_other_alt_3_hit_plr
b90d009d06cdac1e,melee_character_cloth_medium_other_pri_0_fatal_plr
8af2a0b86307a150,melee_character_cloth_medium_other_pri_0_hit_npc
e19e3bb89421c7b1,melee_character_cloth_medium_other_pri_0_hit_plr
77a0c1117c1ebdb1,melee_character_cloth_medium_other_pri_1_fatal_plr
4867af238dbb08d7,melee_character_cloth_medium_other_pri_1_hit_npc
5a86002398375432,melee_character_cloth_medium_other_pri_1_hit_plr
fc43629f0b477b28,melee_character_cloth_medium_other_pri_2_fatal_plr
bedb3a41ee9ee522,melee_character_cloth_medium_other_pri_2_hit_npc
dbae11416d6436e7,melee_character_cloth_medium_other_pri_2_hit_plr
95345fc3590cfcf3,melee_character_cloth_medium_other_pri_3_fatal_plr
b1efe8e0f9879ee9,melee_character_cloth_medium_other_pri_3_hit_npc
b661a5e18d3627f0,melee_character_cloth_medium_other_pri_3_hit_plr
96195595c716a5d5,melee_character_cloth_medium_polymer_alt_0_fatal_npc
51bdca96308a8a7c,melee_character_cloth_medium_polymer_alt_0_fatal_plr
7a98b8d260d9f8d6,melee_character_cloth_medium_polymer_alt_0_hit_npc
def1d7d208c3795b,melee_character_cloth_medium_polymer_alt_0_hit_plr
e7d3af443e110032,melee_character_cloth_medium_polymer_alt_1_fatal_npc
1da8c6445d15ebd7,melee_character_cloth_medium_polymer_alt_1_fatal_plr
3a524a0d659a910d,melee_character_cloth_medium_polymer_alt_1_hit_npc
6d492f0d822f9854,melee_character_cloth_medium_polymer_alt_1_hit_plr
4d4c7c86d8083da7,melee_character_cloth_medium_polymer_alt_2_fatal_npc
48f58d8644702762,melee_character_cloth_medium_polymer_alt_2_fatal_plr
b591425ccc30cce4,melee_character_cloth_medium_polymer_alt_2_hit_npc
5138255d24474fc5,melee_character_cloth_medium_polymer_alt_2_hit_plr
d2bd0b980c1799e4,melee_character_cloth_medium_polymer_alt_3_fatal_npc
6e63ee98642e1cc5,melee_character_cloth_medium_polymer_alt_3_fatal_plr
62beddd8529ca48b,melee_character_cloth_medium_polymer_alt_3_hit_npc
b96b76d883b87a86,melee_character_cloth_medium_polymer_alt_3_hit_plr
ce03b290cfde4d5f,melee_character_cloth_medium_polymer_pri_0_fatal_npc
693db3912798315a,melee_character_cloth_medium_polymer_pri_0_fatal_plr
f1284a3ae45ffe2c,melee_character_cloth_medium_polymer_pri_0_hit_npc
ed3e9d3a512529ed,melee_character_cloth_medium_polymer_pri_0_hit_plr
d83d307abe3ff69c,melee_character_cloth_medium_polymer_pri_1_fatal_npc
e9ee837ac85f737d,melee_character_cloth_medium_polymer_pri_1_fatal_plr
755dcc3a05a1d4b3,melee_character_cloth_medium_polymer_pri_1_hit_npc
58f8153a87398b2e,melee_character_cloth_medium_polymer_pri_1_hit_plr
ba7e5551e49be50d,melee_character_cloth_medium_polymer_pri_2_fatal_npc
ed753a520130ec54,melee_character_cloth_medium_polymer_pri_2_fatal_plr
a85897a4ee8c53de,melee_character_cloth_medium_polymer_pri_2_hit_npc
96a646a4e46b2763,melee_character_cloth_medium_polymer_pri_2_hit_plr
d7031a58dc32f56a,melee_character_cloth_medium_polymer_pri_3_fatal_npc
80568158ab171f6f,melee_character_cloth_medium_polymer_pri_3_fatal_plr
66703b0d49514475,melee_character_cloth_medium_polymer_pri_3_hit_npc
257bb00db5aa051c,melee_character_cloth_medium_polymer_pri_3_hit_plr
42ab289b07cdf58,melee_character_cloth_medium_steel_alt_0_fatal_npc
e757dd8a31b790f9,melee_character_cloth_medium_steel_alt_0_fatal_plr
e0db58fdfdbe93af,melee_character_cloth_medium_steel_alt_0_hit_npc
667919fdb81c06ca,melee_character_cloth_medium_steel_alt_0_hit_plr
529b72fd7a1fe8cb,melee_character_cloth_medium_steel_alt_1_fatal_npc
a9480bfdab3bbec6,melee_character_cloth_medium_steel_alt_1_fatal_plr
7658dd46b9ad7de8,melee_character_cloth_medium_steel_alt_1_hit_npc
4083c8469aa895a9,melee_character_cloth_medium_steel_alt_1_hit_plr
9898ca9830c54a76,melee_character_cloth_medium_steel_alt_2_fatal_npc
fcf1e997d8aecafb,melee_character_cloth_medium_steel_alt_2_fatal_plr
17218ed1bb3d68c1,melee_character_cloth_medium_steel_alt_2_hit_npc
919ebbd200f69ec8,melee_character_cloth_medium_steel_alt_2_hit_plr
e928debb1a0c2429,melee_character_cloth_medium_steel_alt_3_fatal_npc
ea349bbbaad78430,melee_character_cloth_medium_steel_alt_3_fatal_plr
214df0c5525d543a,melee_character_cloth_medium_steel_alt_3_hit_npc
e03d57c5be9d825f,melee_character_cloth_medium_steel_alt_3_hit_plr
97ee8b797dba22,melee_character_cloth_medium_steel_pri_0_fatal_npc
1d6ac58af8430be7,melee_character_cloth_medium_steel_pri_0_fatal_plr
8b6d91b24e7cc1fd,melee_character_cloth_medium_steel_pri_0_hit_npc
a7ee76b1ccfc2164,melee_character_cloth_medium_steel_pri_0_hit_plr
36c60451ab2df785,melee_character_cloth_medium_steel_pri_1_fatal_npc
e03479517a29010c,melee_character_cloth_medium_steel_pri_1_fatal_plr
fef816240400ebc6,melee_character_cloth_medium_steel_pri_1_hit_npc
79c775244a0080eb,melee_character_cloth_medium_steel_pri_1_hit_plr
7ed33612f00c4194,melee_character_cloth_medium_steel_pri_2_fatal_npc
76ad912acf18bd5,melee_character_cloth_medium_steel_pri_2_fatal_plr
98aa3d3e5a31d93b,melee_character_cloth_medium_steel_pri_2_hit_npc
d8e0963ded379a96,melee_character_cloth_medium_steel_pri_2_hit_plr
1856a270442bc8d7,melee_character_cloth_medium_steel_pri_3_fatal_npc
2a74f3704ea81432,melee_character_cloth_medium_steel_pri_3_fatal_plr
ec1be30493f06194,melee_character_cloth_medium_steel_pri_3_hit_npc
74b3860450d5abd5,melee_character_cloth_medium_steel_pri_3_hit_plr
f8b4d304625dad8,melee_character_cloth_piercing_other_alt_0_fatal_plr
a71666548bb0b532,melee_character_cloth_piercing_other_alt_0_hit_npc
dceb7d54aab5a0d7,melee_character_cloth_piercing_other_alt_0_hit_plr
371a58a6521ffa23,melee_character_cloth_piercing_other_alt_1_fatal_plr
b51c29f408708939,melee_character_cloth_piercing_other_alt_1_hit_npc
a67de6f400ec9360,melee_character_cloth_piercing_other_alt_1_hit_plr
c5700d4a928c440e,melee_character_cloth_piercing_other_alt_2_fatal_plr
bbd9c5f8740ef0e0,melee_character_cloth_piercing_other_alt_2_hit_npc
fcea60f807cec621,melee_character_cloth_piercing_other_alt_2_hit_plr
381ddaa6e6817721,melee_character_cloth_piercing_other_alt_3_fatal_plr
8b03556b0cf4bce7,melee_character_cloth_piercing_other_alt_3_hit_npc
86ac666a795ca6a2,melee_character_cloth_piercing_other_alt_3_hit_plr
db8ab096978c8fb6,melee_character_cloth_piercing_other_pri_0_fatal_plr
ba78431ba91c1278,melee_character_cloth_piercing_other_pri_0_hit_npc
9da56e1c2a56c419,melee_character_cloth_piercing_other_pri_0_hit_plr
93d253e8bf0ea0e9,melee_character_cloth_piercing_other_pri_1_fatal_plr
836ff9d67d5f07ff,melee_character_cloth_piercing_other_pri_1_hit_npc
220ffad6d7fc14fa,melee_character_cloth_piercing_other_pri_1_hit_plr
8f41c24a20c520a0,melee_character_cloth_piercing_other_pri_2_fatal_plr
899ca3d187666b0a,melee_character_cloth_piercing_other_pri_2_hit_npc
32f00ad1564a950f,melee_character_cloth_piercing_other_pri_2_hit_plr
422cf6ca011f4aab,melee_character_cloth_piercing_other_pri_3_fatal_plr
47f2bc07f7d6be51,melee_character_cloth_piercing_other_pri_3_hit_npc
acd3e907a033f038,melee_character_cloth_piercing_other_pri_3_hit_plr
512a5274850c75ad,melee_character_cloth_piercing_polymer_alt_0_fatal_npc
87873774a484a5f4,melee_character_cloth_piercing_polymer_alt_0_fatal_plr
5040d8bffebfe9fe,melee_character_cloth_piercing_polymer_alt_0_hit_npc
3e8f87bff4a07083,melee_character_cloth_piercing_polymer_alt_0_hit_plr
c257de8ed4ae348a,melee_character_cloth_piercing_polymer_alt_1_fatal_npc
6bab458ea3925e8f,melee_character_cloth_piercing_polymer_alt_1_fatal_plr
ec0f2d8f78ea5615,melee_character_cloth_piercing_polymer_alt_1_hit_npc
ab1aa28fe54316bc,melee_character_cloth_piercing_polymer_alt_1_hit_plr
5f497e26ff45ebff,melee_character_cloth_piercing_polymer_alt_2_fatal_npc
fde97f2759e2f8fa,melee_character_cloth_piercing_polymer_alt_2_fatal_plr
723206cb94efd8cc,melee_character_cloth_piercing_polymer_alt_2_hit_npc
6e4859cb01b5048d,melee_character_cloth_piercing_polymer_alt_2_hit_plr
6dc8f8e0bc7b523c,melee_character_cloth_piercing_polymer_alt_3_fatal_npc
7f7b4be0c69c821d,melee_character_cloth_piercing_polymer_alt_3_fatal_plr
efd018014670c0d3,melee_character_cloth_piercing_polymer_alt_3_hit_npc
d0046101c5254e4e,melee_character_cloth_piercing_polymer_alt_3_hit_plr
2bf71e0c9b34a357,melee_character_cloth_piercing_polymer_pri_0_fatal_npc
3e156f0ca5b0eeb2,melee_character_cloth_piercing_polymer_pri_0_fatal_plr
b3d5fdfd036c3814,melee_character_cloth_piercing_polymer_pri_0_hit_npc
3c6da0fcc0518255,melee_character_cloth_piercing_polymer_pri_0_hit_plr
9273b1af47151c14,melee_character_cloth_piercing_polymer_pri_1_fatal_npc
1b0b54af03fa6655,melee_character_cloth_piercing_polymer_pri_1_fatal_plr
60645836c9adafbb,melee_character_cloth_piercing_polymer_pri_1_hit_npc
a09ab1365cb37116,melee_character_cloth_piercing_polymer_pri_1_hit_plr
4a667fee0236d205,melee_character_cloth_piercing_polymer_pri_2_fatal_npc
f3d4f4edd131db8c,melee_character_cloth_piercing_polymer_pri_2_fatal_plr
c6b2311c737cc246,melee_character_cloth_piercing_polymer_pri_2_hit_npc
4181901cb97c576b,melee_character_cloth_piercing_polymer_pri_2_hit_plr
14386a27d08694a2,melee_character_cloth_piercing_polymer_pri_3_fatal_npc
310b41274f4be667,melee_character_cloth_piercing_polymer_pri_3_fatal_plr
5327acaabdf8987d,melee_character_cloth_piercing_polymer_pri_3_hit_npc
6fa891aa3c77f7e4,melee_character_cloth_piercing_polymer_pri_3_hit_plr
49d7457342cc6a40,melee_character_cloth_piercing_steel_alt_0_fatal_npc
8ae7e072d68c3f81,melee_character_cloth_piercing_steel_alt_0_fatal_plr
387720ce1f2e54c7,melee_character_cloth_piercing_steel_alt_0_hit_npc
378731cd8e7b1a82,melee_character_cloth_piercing_steel_alt_0_hit_plr
72d17004b90eb4f3,melee_character_cloth_piercing_steel_alt_1_fatal_npc
5305b90537c3426e,melee_character_cloth_piercing_steel_alt_1_fatal_plr
c1250bee71c50d40,melee_character_cloth_piercing_steel_alt_1_hit_npc
235a6ee0584e281,melee_character_cloth_piercing_steel_alt_1_hit_plr
83bbdc2f852703fe,melee_character_cloth_piercing_steel_alt_2_fatal_npc
720a8b2f7b078a83,melee_character_cloth_piercing_steel_alt_2_fatal_plr
4e6c44a580b6d99,melee_character_cloth_piercing_steel_alt_2_hit_npc
f2e3814a4da601c0,melee_character_cloth_piercing_steel_alt_2_hit_plr
79698142a7930451,melee_character_cloth_piercing_steel_alt_3_fatal_npc
de4aae424ff03638,melee_character_cloth_piercing_steel_alt_3_fatal_plr
c2b85ede1e664292,melee_character_cloth_piercing_steel_alt_3_hit_npc
f88d75de3d6b2e37,melee_character_cloth_piercing_steel_alt_3_hit_plr
1999245e68ddad2a,melee_character_cloth_piercing_steel_pri_0_fatal_npc
c2ec8b5e37c1d72f,melee_character_cloth_piercing_steel_pri_0_fatal_plr
3bcd93e2d43bae35,melee_character_cloth_piercing_steel_pri_0_hit_npc
fad808e34092bbdc,melee_character_cloth_piercing_steel_pri_0_hit_plr
b323b37db8b498cd,melee_character_cloth_piercing_steel_pri_1_fatal_npc
e619987dd547ed14,melee_character_cloth_piercing_steel_pri_1_fatal_plr
c6634de5bd8a829e,melee_character_cloth_piercing_steel_pri_1_hit_npc
b4b0fce5b3695623,melee_character_cloth_piercing_steel_pri_1_hit_plr
ea1a16b87cb76d5c,melee_character_cloth_piercing_steel_pri_2_fatal_npc
fbcc69b886d89d3d,melee_character_cloth_piercing_steel_pri_2_fatal_plr
3c54d9f9234bea73,melee_character_cloth_piercing_steel_pri_2_hit_npc
1c8922f9a20077ee,melee_character_cloth_piercing_steel_pri_2_hit_plr
18fe2ec13895941f,melee_character_cloth_piercing_steel_pri_3_fatal_npc
b4382fc1904f781a,melee_character_cloth_piercing_steel_pri_3_fatal_plr
bc0dccee8caafdec,melee_character_cloth_piercing_steel_pri_3_hit_npc
b8231fedf96e76ad,melee_character_cloth_piercing_steel_pri_3_hit_plr
d57bdb50be2e8765,melee_character_cloth_slashing_polymer_alt_0_fatal_npc
7eeb50508d2b43ec,melee_character_cloth_slashing_polymer_alt_0_fatal_plr
39b136929477ffa6,melee_character_cloth_slashing_polymer_alt_0_hit_npc
b1199592d792b8cb,melee_character_cloth_slashing_polymer_alt_0_hit_plr
f8c83eedf801ab02,melee_character_cloth_slashing_polymer_alt_1_fatal_npc
190015ed79a872c7,melee_character_cloth_slashing_polymer_alt_1_fatal_plr
f1965c43ceb447dd,melee_character_cloth_slashing_polymer_alt_1_hit_npc
117d41435016d044,melee_character_cloth_slashing_polymer_alt_1_hit_plr
fb9d2ec6bea491b7,melee_character_cloth_slashing_polymer_alt_2_fatal_npc
dbb7fc6c920dd12,melee_character_cloth_slashing_polymer_alt_2_fatal_plr
3d2bb606b966e674,melee_character_cloth_slashing_polymer_alt_2_hit_npc
c5c35906764c30b5,melee_character_cloth_slashing_polymer_alt_2_hit_plr
635e3b250b4ab8f4,melee_character_cloth_slashing_polymer_alt_3_fatal_npc
ebf5de24c8300335,melee_character_cloth_slashing_polymer_alt_3_fatal_plr
1356c36e61961a1b,melee_character_cloth_slashing_polymer_alt_3_hit_npc
538d1c6df49bdb76,melee_character_cloth_slashing_polymer_alt_3_hit_plr
b5b070baeae8284f,melee_character_cloth_slashing_polymer_pri_0_fatal_npc
3eb431baa828c46a,melee_character_cloth_slashing_polymer_pri_0_fatal_plr
5f27d04e139ac29c,melee_character_cloth_slashing_polymer_pri_0_hit_npc
70d9234e1dba3f7d,melee_character_cloth_slashing_polymer_pri_0_hit_plr
f5b759d311c63acc,melee_character_cloth_slashing_polymer_pri_1_fatal_npc
f1cdacd27e8b668d,melee_character_cloth_slashing_polymer_pri_1_fatal_plr
6aeda3b6bde423,melee_character_cloth_slashing_polymer_pri_1_hit_npc
cd8ef6a39a3f85fe,melee_character_cloth_slashing_polymer_pri_1_hit_plr
66a815e2c587463d,melee_character_cloth_slashing_polymer_pri_2_fatal_npc
868efae246e9cea4,melee_character_cloth_slashing_polymer_pri_2_fatal_plr
c2feb2f28c048ece,melee_character_cloth_slashing_polymer_pri_2_hit_npc
c6e861f31f3f6673,melee_character_cloth_slashing_polymer_pri_2_hit_plr
e494acbbd4bb51da,melee_character_cloth_slashing_polymer_pri_3_fatal_npc
a38413bc40fb7fff,melee_character_cloth_slashing_polymer_pri_3_fatal_plr
3a3844dcc9ad6165,melee_character_cloth_slashing_polymer_pri_3_hit_npc
e3a7b9dc98aa1dec,melee_character_cloth_slashing_polymer_pri_3_hit_plr
f809d0fda7222388,melee_character_cloth_slashing_steel_alt_0_fatal_npc
c234bbfd881d3b49,melee_character_cloth_slashing_steel_alt_0_fatal_plr
6ee9ee160a6288df,melee_character_cloth_slashing_steel_alt_0_hit_npc
a23ef16621c6cda,melee_character_cloth_slashing_steel_alt_0_hit_plr
d65f2c4a255ceabb,melee_character_cloth_slashing_steel_alt_1_fatal_npc
16958549b862ac16,melee_character_cloth_slashing_steel_alt_1_fatal_plr
41aa61f2f2293b58,melee_character_cloth_slashing_steel_alt_1_hit_npc
24d78cf37363ecf9,melee_character_cloth_slashing_steel_alt_1_hit_plr
938dda2b9be913e6,melee_character_cloth_slashing_steel_alt_2_fatal_npc
e5d392be1e8a90b,melee_character_cloth_slashing_steel_alt_2_fatal_plr
49dd638fd3658d31,melee_character_cloth_slashing_steel_alt_2_hit_npc
ab58908f78df9618,melee_character_cloth_slashing_steel_alt_2_hit_plr
9d90b5d526e5f559,melee_character_cloth_slashing_steel_alt_3_fatal_npc
8b8c72d51c7ed680,melee_character_cloth_slashing_steel_alt_3_fatal_plr
e33ccca0477fa6ea,melee_character_cloth_slashing_steel_alt_3_hit_npc
8c9033a01663d0ef,melee_character_cloth_slashing_steel_alt_3_hit_plr
2cf4fe327e437af2,melee_character_cloth_slashing_steel_pri_0_fatal_npc
5f6315329a638a97,melee_character_cloth_slashing_steel_pri_0_fatal_plr
c54568376ae768cd,melee_character_cloth_slashing_steel_pri_0_hit_npc
f83b4d37877abd14,melee_character_cloth_slashing_steel_pri_0_hit_plr
1f9bd3e9be098995,melee_character_cloth_slashing_steel_pri_1_fatal_npc
dea748ea2a624a3c,melee_character_cloth_slashing_steel_pri_1_fatal_plr
a12800df68a13596,melee_character_cloth_slashing_steel_pri_1_hit_npc
5821fdf108c691b,melee_character_cloth_slashing_steel_pri_1_hit_plr
6e27d5b72cbd3da4,melee_character_cloth_slashing_steel_pri_2_fatal_npc
9ceb8b784d3c085,melee_character_cloth_slashing_steel_pri_2_fatal_plr
f2e9f2f7689da84b,melee_character_cloth_slashing_steel_pri_2_hit_npc
49968bf799b97e46,melee_character_cloth_slashing_steel_pri_2_hit_plr
d7d0299512f8e467,melee_character_cloth_slashing_steel_pri_3_fatal_npc
d3793a947f60ce22,melee_character_cloth_slashing_steel_pri_3_fatal_plr
2a07936fd86209a4,melee_character_cloth_slashing_steel_pri_3_hit_npc
c5ae767030788c85,melee_character_cloth_slashing_steel_pri_3_hit_plr
b70f20f96c55bdec,melee_character_fist_fatal_layer_plr
7e3cf634567cdd18,melee_character_gun_fatal_layer_plr
71fb5afd24f5e4df,melee_character_knife_fatal_layer_plr
4987e5af5608c116,melee_character_nylon_dlc1_steel_alt_0_hit_npc
ade204aefdf3f49b,melee_character_nylon_dlc1_steel_alt_0_hit_plr
6da54d07584ef44d,melee_character_nylon_dlc1_steel_alt_1_hit_npc
a09b320774e24894,melee_character_nylon_dlc1_steel_alt_1_hit_plr
d267783fc5c99524,melee_character_nylon_dlc1_steel_alt_2_hit_npc
6e0e5b401de01805,melee_character_nylon_dlc1_steel_alt_2_hit_plr
5d3b7ef1c74fc36c,melee_character_nylon_dlc1_steel_pri_0_hit_npc
5950d1f134133c2d,melee_character_nylon_dlc1_steel_pri_0_hit_plr
dd828bfc5df0aff3,melee_character_nylon_dlc1_steel_pri_1_hit_npc
bdb6d4fcdca53d6e,melee_character_nylon_dlc1_steel_pri_1_hit_plr
6790ffe8f82f481e,melee_character_nylon_dlc1_steel_pri_2_hit_npc
55deaee8ee0e1ba3,melee_character_nylon_dlc1_steel_pri_2_hit_plr
69984de93e8d3992,melee_character_nylon_dlc2_other_alt_0_hit_npc
9f6d64e95d922537,melee_character_nylon_dlc2_other_alt_0_hit_plr
abc6b35578326499,melee_character_nylon_dlc2_other_alt_1_hit_npc
99c370556dccf8c0,melee_character_nylon_dlc2_other_alt_1_hit_plr
6804faf991ec0440,melee_character_nylon_dlc2_other_alt_2_hit_npc
a91595f925abd981,melee_character_nylon_dlc2_other_alt_2_hit_plr
df570fd93f554bc7,melee_character_nylon_dlc2_other_alt_3_hit_npc
de6720d8aea21182,melee_character_nylon_dlc2_other_alt_3_hit_plr
3778d12473b70f58,melee_character_nylon_dlc2_other_pri_0_hit_npc
1aa5fc24f4f1c0f9,melee_character_nylon_dlc2_other_pri_0_hit_plr
64b85d478bf05cdf,melee_character_nylon_dlc2_other_pri_1_hit_npc
fff25e47e3aa40da,melee_character_nylon_dlc2_other_pri_1_hit_plr
d90b3bd1c90d7aea,melee_character_nylon_dlc2_other_pri_2_hit_npc
825ea2d197f1a4ef,melee_character_nylon_dlc2_other_pri_2_hit_plr
3fabd2c154f36131,melee_character_nylon_dlc2_other_pri_3_hit_npc
a126ffc0fa6d6a18,melee_character_nylon_dlc2_other_pri_3_hit_plr
99a15d99f85c8e28,melee_character_nylon_heavy_other_alt_0_fatal_plr
7adb9f147e78c022,melee_character_nylon_heavy_other_alt_0_hit_npc
97ae7613fd3e11e7,melee_character_nylon_heavy_other_alt_0_hit_plr
32925abe46220ff3,melee_character_nylon_heavy_other_alt_1_fatal_plr
6df04db3896179e9,melee_character_nylon_heavy_other_alt_1_hit_npc
72620ab41d1002f0,melee_character_nylon_heavy_other_alt_1_hit_plr
566afb97f3e2bf1e,melee_character_nylon_heavy_other_alt_2_fatal_plr
46f3058af2e17c50,melee_character_nylon_heavy_other_alt_2_hit_npc
9d9ea08b23fba2b1,melee_character_nylon_heavy_other_alt_2_hit_plr
14febc0c6933d0b1,melee_character_nylon_heavy_other_alt_3_fatal_plr
46813f61d94e3d7,melee_character_nylon_heavy_other_alt_3_hit_npc
168664f628112f32,melee_character_nylon_heavy_other_alt_3_hit_plr
ac4ef0d492b0a5a6,melee_character_nylon_heavy_other_pri_0_fatal_plr
17caa0ca605b9048,melee_character_nylon_heavy_other_pri_0_hit_npc
e55c8bca443b8409,melee_character_nylon_heavy_other_pri_0_hit_plr
9f327b6a0fa63fd9,melee_character_nylon_heavy_other_pri_1_fatal_plr
47655d64233d08f,melee_character_nylon_heavy_other_pri_1_hit_npc
8a1416d5fc9143aa,melee_character_nylon_heavy_other_pri_1_hit_plr
a03c42a67af37d10,melee_character_nylon_heavy_other_pri_2_fatal_plr
935bc74b6246769a,melee_character_nylon_heavy_other_pri_2_hit_npc
524b2e4bce86a4bf,melee_character_nylon_heavy_other_pri_2_hit_plr
603990de9aaa65b,melee_character_nylon_heavy_other_pri_3_fatal_plr
67a4d87735c63ea1,melee_character_nylon_heavy_other_pri_3_hit_npc
debc0577789c4ba8,melee_character_nylon_heavy_other_pri_3_hit_plr
3ebfe586061479fd,melee_character_nylon_heavy_polymer_alt_0_fatal_npc
5b40ca858493d964,melee_character_nylon_heavy_polymer_alt_0_fatal_plr
f2e474f64453198e,melee_character_nylon_heavy_polymer_alt_0_hit_npc
f6ce23f6d78df133,melee_character_nylon_heavy_polymer_alt_0_hit_plr
c04de85e206a4e9a,melee_character_nylon_heavy_polymer_alt_1_fatal_npc
7f3d4f5e8caa7cbf,melee_character_nylon_heavy_polymer_alt_1_fatal_plr
2ff3409ab5191525,melee_character_nylon_heavy_polymer_alt_1_hit_npc
d961b59a84141eac,melee_character_nylon_heavy_polymer_alt_1_hit_plr
7bd10d4bc7e8570f,melee_character_nylon_heavy_polymer_alt_2_fatal_npc
16ece4b8245ca2a,melee_character_nylon_heavy_polymer_alt_2_fatal_plr
4fa8d516ee4ee45c,melee_character_nylon_heavy_polymer_alt_2_hit_npc
615b2816f870143d,melee_character_nylon_heavy_polymer_alt_2_hit_plr
1c802cb0537eba8c,melee_character_nylon_heavy_polymer_alt_3_fatal_npc
18967fafc043e64d,melee_character_nylon_heavy_polymer_alt_3_fatal_plr
4741bee452bd81e3,melee_character_nylon_heavy_polymer_alt_3_hit_npc
1466c7e43640d6be,melee_character_nylon_heavy_polymer_alt_3_hit_plr
7b1ab8959d174c87,melee_character_nylon_heavy_polymer_pri_0_fatal_npc
76c3c995097f3642,melee_character_nylon_heavy_polymer_pri_0_fatal_plr
aac9d5f4f1637c4,melee_character_nylon_heavy_polymer_pri_0_hit_npc
a653805fa72cbaa5,melee_character_nylon_heavy_polymer_pri_0_hit_plr
471b2e8aa6c2f7c4,melee_character_nylon_heavy_polymer_pri_1_fatal_npc
e2c2118afed97aa5,melee_character_nylon_heavy_polymer_pri_1_fatal_plr
b7da38dad5820f6b,melee_character_nylon_heavy_polymer_pri_1_hit_npc
e85d1db069c3266,melee_character_nylon_heavy_polymer_pri_1_hit_plr
b9b9edbbc7839535,melee_character_nylon_heavy_polymer_pri_2_fatal_npc
78c462bc33daa2dc,melee_character_nylon_heavy_polymer_pri_2_fatal_plr
e8b4c23d5de08c36,melee_character_nylon_heavy_polymer_pri_2_hit_npc
4d0de13d05ca0cbb,melee_character_nylon_heavy_polymer_pri_2_hit_plr
b3fb4aed91836192,melee_character_nylon_heavy_polymer_pri_3_fatal_npc
e9d061edb0884d37,melee_character_nylon_heavy_polymer_pri_3_fatal_plr
cd1299560250c6d,melee_character_nylon_heavy_polymer_pri_3_hit_npc
3fc80e957cba13b4,melee_character_nylon_heavy_polymer_pri_3_hit_plr
304fba052b9b66f0,melee_character_nylon_heavy_steel_alt_0_fatal_npc
86fc55055cb74051,melee_character_nylon_heavy_steel_alt_0_fatal_plr
270486b6bc527ef7,melee_character_nylon_heavy_steel_alt_0_hit_npc
35bdd7b6c3ed5452,melee_character_nylon_heavy_steel_alt_0_hit_plr
3d516eedf2e303e3,melee_character_nylon_heavy_steel_alt_1_fatal_npc
a7677edd66658be,melee_character_nylon_heavy_steel_alt_1_fatal_plr
3753ce289c185370,melee_character_nylon_heavy_steel_alt_1_hit_npc
8e006928cd342cd1,melee_character_nylon_heavy_steel_alt_1_hit_plr
a38e85a3486239ee,melee_character_nylon_heavy_steel_alt_2_fatal_npc
a77834a3db9d1193,melee_character_nylon_heavy_steel_alt_2_fatal_plr
5d05cf4b70b3d789,melee_character_nylon_heavy_steel_alt_2_hit_npc
61778c4c04626090,melee_character_nylon_heavy_steel_alt_2_hit_plr
f04277276d0008c1,melee_character_nylon_heavy_steel_alt_3_fatal_npc
6abfa427b2b93ec8,melee_character_nylon_heavy_steel_alt_3_fatal_plr
55539a579156c2,melee_character_nylon_heavy_steel_alt_3_hit_npc
1d282a99d656a887,melee_character_nylon_heavy_steel_alt_3_hit_plr
fed8afb977333b7a,melee_character_nylon_heavy_steel_pri_0_fatal_npc
bdc916b9e3751c9f,melee_character_nylon_heavy_steel_pri_0_fatal_plr
fd736b3a7bbdef05,melee_character_nylon_heavy_steel_pri_0_hit_npc
a6e1e03a4ab8f88c,melee_character_nylon_heavy_steel_pri_0_hit_plr
906279f853178bdd,melee_character_nylon_heavy_steel_pri_1_fatal_npc
b0495ef7d47a1444,melee_character_nylon_heavy_steel_pri_1_fatal_plr
c0649f960af7f36e,melee_character_nylon_heavy_steel_pri_1_hit_npc
c44e4e969e32cb13,melee_character_nylon_heavy_steel_pri_1_hit_plr
69111c8d2eeb546c,melee_character_nylon_heavy_steel_pri_2_fatal_npc
65266f8c9baecd2d,melee_character_nylon_heavy_steel_pri_2_fatal_plr
eb5469d98e2a78c3,melee_character_nylon_heavy_steel_pri_2_hit_npc
b51372d96ecaa49e,melee_character_nylon_heavy_steel_pri_2_hit_plr
3c654ee8a06ad4ef,melee_character_nylon_heavy_steel_pri_3_fatal_npc
c2030fe85ac8480a,melee_character_nylon_heavy_steel_pri_3_fatal_plr
88a5387102e7c1bc,melee_character_nylon_heavy_steel_pri_3_hit_npc
9a578b710d08f19d,melee_character_nylon_heavy_steel_pri_3_hit_plr
4f33af95b5f5a0ae,melee_character_nylon_light_polymer_alt_0_fatal_npc
531e5e9649322b53,melee_character_nylon_light_polymer_alt_0_fatal_plr
544ca64f1c737c49,melee_character_nylon_light_polymer_alt_0_hit_npc
58bf634fb023b850,melee_character_nylon_light_polymer_alt_0_hit_plr
5547d38324608e81,melee_character_nylon_light_polymer_alt_1_fatal_npc
cfc500836a19c488,melee_character_nylon_light_polymer_alt_1_fatal_plr
630beea51f5f2b82,melee_character_nylon_light_polymer_alt_1_hit_npc
8343c5a4a105f347,melee_character_nylon_light_polymer_alt_1_hit_plr
9afc4a923e537fb0,melee_character_nylon_light_polymer_alt_2_fatal_npc
f1a8e5926f6f5911,melee_character_nylon_light_polymer_alt_2_fatal_plr
c3e6e8075104ddb7,melee_character_nylon_light_polymer_alt_2_hit_npc
d60539075b812912,melee_character_nylon_light_polymer_alt_2_hit_plr
572c7d3e972017a3,melee_character_nylon_light_polymer_alt_3_fatal_npc
2450863e7aa1b97e,melee_character_nylon_light_polymer_alt_3_fatal_plr
8bb750eb93cc6a30,melee_character_nylon_light_polymer_alt_3_hit_npc
e263ebebc4e84391,melee_character_nylon_light_polymer_alt_3_hit_plr
bc61e6684dbfbecc,melee_character_nylon_light_polymer_pri_0_fatal_npc
b8783967ba84ea8d,melee_character_nylon_light_polymer_pri_0_fatal_plr
54957e18993fc823,melee_character_nylon_light_polymer_pri_0_hit_npc
21b987187cc169fe,melee_character_nylon_light_polymer_pri_0_hit_plr
7c5afd5026e1ac4f,melee_character_nylon_light_polymer_pri_1_fatal_npc
55ebe4fe422486a,melee_character_nylon_light_polymer_pri_1_fatal_plr
b35260c2f61ca69c,melee_character_nylon_light_polymer_pri_1_hit_npc
c503b3c3003c237d,melee_character_nylon_light_polymer_pri_1_hit_plr
ab3f395110b4d5da,melee_character_nylon_light_polymer_pri_2_fatal_npc
6a2ea0517cf503ff,melee_character_nylon_light_polymer_pri_2_fatal_plr
8e62d551ac2f4565,melee_character_nylon_light_polymer_pri_2_hit_npc
37d24a517b2c01ec,melee_character_nylon_light_polymer_pri_2_hit_plr
2d52a2780180ca3d,melee_character_nylon_light_polymer_pri_3_fatal_npc
4d39877782e352a4,melee_character_nylon_light_polymer_pri_3_fatal_plr
172943676e8672ce,melee_character_nylon_light_polymer_pri_3_hit_npc
1b12f26801c14a73,melee_character_nylon_light_polymer_pri_3_hit_plr
2ca165cd0475f2a3,melee_character_nylon_light_steel_alt_0_fatal_npc
f9c56ecce7f7947e,melee_character_nylon_light_steel_alt_0_fatal_plr
8cb894e9c01cd30,melee_character_nylon_light_steel_alt_0_hit_npc
5f78244ecd1da691,melee_character_nylon_light_steel_alt_0_hit_plr
70713320aba95ab0,melee_character_nylon_light_steel_alt_1_fatal_npc
c71dce20dcc53411,melee_character_nylon_light_steel_alt_1_fatal_plr
40fb206a593a40b7,melee_character_nylon_light_steel_alt_1_hit_npc
5319716a63b68c12,melee_character_nylon_light_steel_alt_1_hit_plr
2abcbc1191b66981,melee_character_nylon_light_steel_alt_2_fatal_npc
a539e911d76f9f88,melee_character_nylon_light_steel_alt_2_fatal_plr
e020270827948e82,melee_character_nylon_light_steel_alt_2_hit_npc
57fe07a93b5647,melee_character_nylon_light_steel_alt_2_hit_plr
24a89824234b7bae,melee_character_nylon_light_steel_alt_3_fatal_npc
28934724b6880653,melee_character_nylon_light_steel_alt_3_fatal_plr
d160deb224a8df49,melee_character_nylon_light_steel_alt_3_hit_npc
d5d39bb2b8591b50,melee_character_nylon_light_steel_alt_3_hit_plr
5559f397692de229,melee_character_nylon_light_steel_pri_0_fatal_npc
5665b097f9f94230,melee_character_nylon_light_steel_pri_0_fatal_plr
283649978b96e23a,melee_character_nylon_light_steel_pri_0_hit_npc
e725b097f7d7105f,melee_character_nylon_light_steel_pri_0_hit_plr
4c9df747fe70876,melee_character_nylon_light_steel_pri_1_fatal_npc
6922fe7427d088fb,melee_character_nylon_light_steel_pri_1_fatal_plr
1e09e7a3f476f6c1,melee_character_nylon_light_steel_pri_1_hit_npc
988714a43a302cc8,melee_character_nylon_light_steel_pri_1_hit_plr
becc87d9c941a6cb,melee_character_nylon_light_steel_pri_2_fatal_npc
157920d9fa5d7cc6,melee_character_nylon_light_steel_pri_2_fatal_plr
7d413618f2e70be8,melee_character_nylon_light_steel_pri_2_hit_npc
476c2118d3e223a9,melee_character_nylon_light_steel_pri_2_hit_plr
705bc765ff9e9d58,melee_character_nylon_light_steel_pri_3_fatal_npc
5388f26680d94ef9,melee_character_nylon_light_steel_pri_3_fatal_plr
e7c3b1d036f821af,melee_character_nylon_light_steel_pri_3_hit_npc
6d6172cff15594ca,melee_character_nylon_light_steel_pri_3_hit_plr
73b90f46cc7bfec4,melee_character_nylon_massive_polymer_alt_0_fatal_npc
f5ff247249281a5,melee_character_nylon_massive_polymer_alt_0_fatal_plr
a1152831c72be6b,melee_character_nylon_massive_polymer_alt_0_hit_npc
60bceb834d8ce166,melee_character_nylon_massive_polymer_alt_0_hit_plr
a7b89951c2d05387,melee_character_nylon_massive_polymer_alt_1_fatal_npc
a361aa512f383d42,melee_character_nylon_massive_polymer_alt_1_fatal_plr
5ce3b7079606e6c4,melee_character_nylon_massive_polymer_alt_1_hit_npc
f88a9a07ee1d69a5,melee_character_nylon_massive_polymer_alt_1_hit_plr
e0992ba9b73c6892,melee_character_nylon_massive_polymer_alt_2_fatal_npc
166e42a9d6415437,melee_character_nylon_massive_polymer_alt_2_fatal_plr
5f08433da715bb6d,melee_character_nylon_massive_polymer_alt_2_hit_npc
91ff283dc3aac2b4,melee_character_nylon_massive_polymer_alt_2_hit_plr
e657ce77ed3c9c35,melee_character_nylon_massive_polymer_alt_3_fatal_npc
a56243785993a9dc,melee_character_nylon_massive_polymer_alt_3_fatal_plr
3aebdbe5a4d13b36,melee_character_nylon_massive_polymer_alt_3_hit_npc
9f44fae54cbabbbb,melee_character_nylon_massive_polymer_alt_3_hit_plr
a9006249b4d33cbe,melee_character_nylon_massive_polymer_pri_0_fatal_npc
974e1149aab21043,melee_character_nylon_massive_polymer_pri_0_fatal_plr
519e2abd56014659,melee_character_nylon_massive_polymer_pri_0_hit_npc
3f99e7bd4b9a2780,melee_character_nylon_massive_polymer_pri_0_hit_plr
ade9924ddffd5b11,melee_character_nylon_massive_polymer_pri_1_fatal_npc
12cabf4d885a8cf8,melee_character_nylon_massive_polymer_pri_1_fatal_plr
be52efce6bc67e52,melee_character_nylon_massive_polymer_pri_1_hit_npc
f0c106ce87e68df7,melee_character_nylon_massive_polymer_pri_1_hit_plr
1d44658835250700,melee_character_nylon_massive_polymer_pri_2_fatal_npc
5e550087c8e4dc41,melee_character_nylon_massive_polymer_pri_2_fatal_plr
21755a5f72809987,melee_character_nylon_massive_polymer_pri_2_hit_npc
1d1e6b5edee88342,melee_character_nylon_massive_polymer_pri_2_hit_plr
322dc7da82c7d2b3,melee_character_nylon_massive_polymer_pri_3_fatal_npc
15c810db045f892e,melee_character_nylon_massive_polymer_pri_3_fatal_plr
27a3c6feae9aa00,melee_character_nylon_massive_polymer_pri_3_hit_npc
438ad76f7ea97f41,melee_character_nylon_massive_polymer_pri_3_hit_plr
2101f742d8698155,melee_character_nylon_massive_steel_alt_0_fatal_npc
dca66c4341dd65fc,melee_character_nylon_massive_steel_alt_0_fatal_plr
da92275707f8e856,melee_character_nylon_massive_steel_alt_0_hit_npc
3eeb4656afe268db,melee_character_nylon_massive_steel_alt_0_hit_plr
72bc50f14f63dbb2,melee_character_nylon_massive_steel_alt_1_fatal_npc
a89167f16e68c757,melee_character_nylon_massive_steel_alt_1_fatal_plr
9a4bb8920cb9808d,melee_character_nylon_massive_steel_alt_1_hit_npc
cd429d92294e87d4,melee_character_nylon_massive_steel_alt_1_hit_plr
d8351e33e95b1927,melee_character_nylon_massive_steel_alt_2_fatal_npc
d3de2f3355c302e2,melee_character_nylon_massive_steel_alt_2_fatal_plr
158ab0e1734fbc64,melee_character_nylon_massive_steel_alt_2_hit_npc
b13193e1cb663f45,melee_character_nylon_massive_steel_alt_2_hit_plr
5da5ad451d6a7564,melee_character_nylon_massive_steel_alt_3_fatal_npc
f94c90457580f845,melee_character_nylon_massive_steel_alt_3_fatal_plr
c2b84c5cf9bb940b,melee_character_nylon_massive_steel_alt_3_hit_npc
1964e55d2ad76a06,melee_character_nylon_massive_steel_alt_3_hit_plr
58ec543de13128df,melee_character_nylon_massive_steel_pri_0_fatal_npc
f426553e38eb0cda,melee_character_nylon_massive_steel_pri_0_fatal_plr
5121b8bf8b7eedac,melee_character_nylon_massive_steel_pri_0_hit_npc
4d380bbef844196d,melee_character_nylon_massive_steel_pri_0_hit_plr
6325d227cf92d21c,melee_character_nylon_massive_steel_pri_1_fatal_npc
74d72527d9b24efd,melee_character_nylon_massive_steel_pri_1_fatal_plr
d5573abeacc0c433,melee_character_nylon_massive_steel_pri_1_hit_npc
b8f183bf2e587aae,melee_character_nylon_massive_steel_pri_1_hit_plr
4566f6fef5eec08d,melee_character_nylon_massive_steel_pri_2_fatal_npc
785ddbff1283c7d4,melee_character_nylon_massive_steel_pri_2_fatal_plr
852062995ab435e,melee_character_nylon_massive_steel_pri_2_hit_npc
f69fb5298b8a16e3,melee_character_nylon_massive_steel_pri_2_hit_plr
61ebbc05ed85d0ea,melee_character_nylon_massive_steel_pri_3_fatal_npc
b3f2305bc69faef,melee_character_nylon_massive_steel_pri_3_fatal_plr
c669a991f07033f5,melee_character_nylon_massive_steel_pri_3_hit_npc
85751e925cc8f49c,melee_character_nylon_massive_steel_pri_3_hit_plr
83054315f60c7172,melee_character_nylon_medium_other_alt_0_fatal_plr
fb6b3a11ccf720d4,melee_character_nylon_medium_other_alt_0_hit_npc
809bdd1186f78f15,melee_character_nylon_medium_other_alt_0_hit_plr
6d9f0621520ec15,melee_character_nylon_medium_other_alt_1_fatal_plr
48e8d02a04c4d17b,melee_character_nylon_medium_other_alt_1_hit_npc
8c8629299aaf6ed6,melee_character_nylon_medium_other_alt_1_hit_plr
9a8b66b8f7dd9e4c,melee_character_nylon_medium_other_alt_2_fatal_plr
72aa434e3a8b9306,melee_character_nylon_medium_other_alt_2_hit_npc
ea12a24e7da64c2b,melee_character_nylon_medium_other_alt_2_hit_plr
d7ec009a5e90ed27,melee_character_nylon_medium_other_alt_3_fatal_plr
937ca6999727b73d,melee_character_nylon_medium_other_alt_3_hit_npc
b3638b99188a3fa4,melee_character_nylon_medium_other_alt_3_hit_plr
b3ce748d6e3d9944,melee_character_nylon_medium_other_pri_0_fatal_plr
b18fd10d9c9cf06e,melee_character_nylon_medium_other_pri_0_hit_npc
b579800e2fd7c813,melee_character_nylon_medium_other_pri_0_hit_plr
c14e2c4f7d38a19f,melee_character_nylon_medium_other_pri_1_fatal_plr
ee9e9cb20d62ec05,melee_character_nylon_medium_other_pri_1_hit_npc
980d11b1dc5df58c,melee_character_nylon_medium_other_pri_1_hit_plr
c588257df48bcd0a,melee_character_nylon_medium_other_pri_2_fatal_plr
79d069e8948cbebc,melee_character_nylon_medium_other_pri_2_hit_npc
8b82bce89eadee9d,melee_character_nylon_medium_other_pri_2_hit_plr
68ab85223572522d,melee_character_nylon_medium_other_pri_3_fatal_plr
dc7f9b511fcf75c3,melee_character_nylon_medium_other_pri_3_hit_npc
a63ea451006fa19e,melee_character_nylon_medium_other_pri_3_hit_plr
8195777a111f16e3,melee_character_nylon_medium_polymer_alt_0_fatal_npc
4eba8079f4a26bbe,melee_character_nylon_medium_polymer_alt_0_fatal_plr
e73db885f7c12e70,melee_character_nylon_medium_polymer_alt_0_hit_npc
3dea538628dd07d1,melee_character_nylon_medium_polymer_alt_0_hit_plr
7493c29149d779f0,melee_character_nylon_medium_polymer_alt_1_fatal_npc
cb405d917af35351,melee_character_nylon_medium_polymer_alt_1_fatal_plr
d6ee711417fb59f7,melee_character_nylon_medium_polymer_alt_1_hit_npc
e5a7c2141f962f52,melee_character_nylon_medium_polymer_alt_1_hit_plr
34867fb38b3c1bc1,melee_character_nylon_medium_polymer_alt_2_fatal_npc
af03acb3d0f551c8,melee_character_nylon_medium_polymer_alt_2_fatal_plr
b03f3df7b33a31c2,melee_character_nylon_medium_polymer_alt_2_hit_npc
cd1214f731ff8387,melee_character_nylon_medium_polymer_alt_2_hit_plr
e7d28e2f669e4cee,melee_character_nylon_medium_polymer_alt_3_fatal_npc
ebbc3d2ff9d92493,melee_character_nylon_medium_polymer_alt_3_fatal_plr
cefb9a8cc5cb289,melee_character_nylon_medium_polymer_alt_3_hit_npc
116176a9600b3b90,melee_character_nylon_medium_polymer_alt_3_hit_plr
5a685f211656b069,melee_character_nylon_medium_polymer_pri_0_fatal_npc
5eda1c21aa053970,melee_character_nylon_medium_polymer_pri_0_fatal_plr
ae5158a83e9b677a,melee_character_nylon_medium_polymer_pri_0_hit_npc
6d41bfa8aadd489f,melee_character_nylon_medium_polymer_pri_0_hit_plr
5b09534f7acdbcb6,melee_character_nylon_medium_polymer_pri_1_fatal_npc
bf62724f22b73d3b,melee_character_nylon_medium_polymer_pri_1_fatal_plr
643290f330900201,melee_character_nylon_medium_polymer_pri_1_hit_npc
deafbdf376493808,melee_character_nylon_medium_polymer_pri_1_hit_plr
d6df86fbca96e80b,melee_character_nylon_medium_polymer_pri_2_fatal_npc
2d8c1ffbfbb2be06,melee_character_nylon_medium_polymer_pri_2_fatal_plr
de933c880e4df28,melee_character_nylon_medium_polymer_pri_2_hit_npc
db7b1ec864c4d2e9,melee_character_nylon_medium_polymer_pri_2_hit_plr
659d6523ffe2df98,melee_character_nylon_medium_polymer_pri_3_fatal_npc
456590247e3c1b39,melee_character_nylon_medium_polymer_pri_3_fatal_plr
2014b88f9f239cef,melee_character_nylon_medium_polymer_pri_3_hit_npc
a5b2798f5981100a,melee_character_nylon_medium_polymer_pri_3_hit_plr
212e35471d179aea,melee_character_nylon_medium_steel_alt_0_fatal_npc
ca819c46ebfbc4ef,melee_character_nylon_medium_steel_alt_0_fatal_plr
fc5ab9001986edf5,melee_character_nylon_medium_steel_alt_0_hit_npc
bb662e0085dfae9c,melee_character_nylon_medium_steel_alt_0_hit_plr
4a9704025808a8d,melee_character_nylon_medium_steel_alt_1_fatal_npc
37a05540421591d4,melee_character_nylon_medium_steel_alt_1_fatal_plr
3e431597bec1fd5e,melee_character_nylon_medium_steel_alt_1_hit_npc
2c90c497b4a0d0e3,melee_character_nylon_medium_steel_alt_1_hit_plr
22684b68ff249c1c,melee_character_nylon_medium_steel_alt_2_fatal_npc
34199e69094418fd,melee_character_nylon_medium_steel_alt_2_fatal_plr
b484a2cd5d77e33,melee_character_nylon_medium_steel_alt_2_hit_npc
eee2932d576f34ae,melee_character_nylon_medium_steel_alt_2_hit_plr
182ecd7f10c2f2df,melee_character_nylon_medium_steel_alt_3_fatal_npc
b368ce7f687cd6da,melee_character_nylon_medium_steel_alt_3_fatal_plr
8712c82db495a7ac,melee_character_nylon_medium_steel_alt_3_hit_npc
83291b2d215ad36d,melee_character_nylon_medium_steel_alt_3_hit_plr
742566ab275ebf98,melee_character_nylon_medium_steel_pri_0_fatal_npc
53ed91aba5b7fb39,melee_character_nylon_medium_steel_pri_0_fatal_plr
2470b80ec91c7cef,melee_character_nylon_medium_steel_pri_0_hit_npc
aa0e790e8379f00a,melee_character_nylon_medium_steel_pri_0_hit_plr
e5678882f212c80b,melee_character_nylon_medium_steel_pri_1_fatal_npc
3c142183232e9e06,melee_character_nylon_medium_steel_pri_1_fatal_plr
12453347aaddbf28,melee_character_nylon_medium_steel_pri_1_hit_npc
dfd71e478ebdb2e9,melee_character_nylon_medium_steel_pri_1_hit_plr
699154d6a2499cb6,melee_character_nylon_medium_steel_pri_2_fatal_npc
cdea73d64a331d3b,melee_character_nylon_medium_steel_pri_2_fatal_plr
688e90725a88e201,melee_character_nylon_medium_steel_pri_2_hit_npc
e30bbd72a0421808,melee_character_nylon_medium_steel_pri_2_hit_plr
68f060a83dd29069,melee_character_nylon_medium_steel_pri_3_fatal_npc
6d621da8d1811970,melee_character_nylon_medium_steel_pri_3_fatal_plr
b2ad58276894477a,melee_character_nylon_medium_steel_pri_3_hit_npc
719dbf27d4d6289f,melee_character_nylon_medium_steel_pri_3_hit_plr
d8aae23662654952,melee_character_nylon_piercing_other_alt_0_fatal_plr
58ed382689c7edb4,melee_character_nylon_piercing_other_alt_0_hit_npc
de1ddb2643c85bf5,melee_character_nylon_piercing_other_alt_0_hit_plr
767aea09aaba7675,melee_character_nylon_piercing_other_alt_1_fatal_plr
27a7cfe4eae3cb5b,melee_character_nylon_piercing_other_alt_1_hit_npc
67df28e47deb3fb6,melee_character_nylon_piercing_other_alt_1_hit_plr
b7951054c447392c,melee_character_nylon_piercing_other_alt_2_fatal_plr
8df5a8ca94b2dde6,melee_character_nylon_piercing_other_alt_2_hit_npc
8c507cadab2730b,melee_character_nylon_piercing_other_alt_2_hit_plr
db161568f716ea07,melee_character_nylon_piercing_other_alt_3_fatal_plr
9a79a4b33bf72f1d,melee_character_nylon_piercing_other_alt_3_hit_npc
ba6089b2bd59b784,melee_character_nylon_piercing_other_alt_3_hit_plr
c8b63341df9af9a4,melee_character_nylon_piercing_other_pri_0_fatal_plr
e7dcc4b503f4c1ce,melee_character_nylon_piercing_other_pri_0_hit_npc
ebc673b5972f9973,melee_character_nylon_piercing_other_pri_0_hit_plr
e5ab4c1bd9acaaff,melee_character_nylon_piercing_other_pri_1_fatal_plr
5f16569f419d9465,melee_character_nylon_piercing_other_pri_1_hit_npc
885cb9f109a50ec,melee_character_nylon_piercing_other_pri_1_hit_plr
80db6a1a40d9ef6a,melee_character_nylon_piercing_other_pri_2_fatal_plr
8405e2108b8af59c,melee_character_nylon_piercing_other_pri_2_hit_npc
95b7351095aa727d,melee_character_nylon_piercing_other_pri_2_hit_plr
33f4e532173c918d,melee_character_nylon_piercing_other_pri_3_fatal_plr
2548ff662eae1723,melee_character_nylon_piercing_other_pri_3_hit_npc
f26d0866122fb8fe,melee_character_nylon_piercing_other_pri_3_hit_plr
75e8aed377883e43,melee_character_nylon_piercing_polymer_alt_0_fatal_npc
3fa7b7d358286a1e,melee_character_nylon_piercing_polymer_alt_0_fatal_plr
5a5dfe8a34d22f50,melee_character_nylon_piercing_polymer_alt_0_hit_npc
b109998a65ec55b1,melee_character_nylon_piercing_polymer_alt_0_hit_plr
a78fdd479c5f5550,melee_character_nylon_piercing_polymer_alt_1_fatal_npc
fe3b7847cd797bb1,melee_character_nylon_piercing_polymer_alt_1_fatal_plr
17d30cf55f8596d7,melee_character_nylon_piercing_polymer_alt_1_hit_npc
29f15df56a01e232,melee_character_nylon_piercing_polymer_alt_1_hit_plr
bc6ecd519cc2c21,melee_character_nylon_piercing_polymer_alt_2_fatal_npc
82de19d55ca23928,melee_character_nylon_piercing_polymer_alt_2_fatal_plr
8e469813c0697322,melee_character_nylon_piercing_polymer_alt_2_hit_npc
ab196f133f2ec4e7,melee_character_nylon_piercing_polymer_alt_2_hit_plr
17e567f9172ce34e,melee_character_nylon_piercing_polymer_alt_3_fatal_npc
1bcf16f9aa67baf3,melee_character_nylon_piercing_polymer_alt_3_fatal_plr
815b46b2cb522ce9,melee_character_nylon_piercing_polymer_alt_3_hit_npc
85cd03b35f00b5f0,melee_character_nylon_piercing_polymer_alt_3_hit_plr
859b9237ae5cc5c9,melee_character_nylon_piercing_polymer_pri_0_fatal_npc
8a0e4f38420d01d0,melee_character_nylon_piercing_polymer_pri_0_fatal_plr
efdea190fcf4645a,melee_character_nylon_piercing_polymer_pri_0_hit_npc
aece08916934927f,melee_character_nylon_piercing_polymer_pri_0_hit_plr
d8cd0827bae4f696,melee_character_nylon_piercing_polymer_pri_1_fatal_npc
3d27272762d02a1b,melee_character_nylon_piercing_polymer_pri_1_fatal_plr
6315c422dd798961,melee_character_nylon_piercing_polymer_pri_1_hit_npc
dd93f12323347268,melee_character_nylon_piercing_polymer_pri_1_hit_plr
9f3cd35be8ab196b,melee_character_nylon_piercing_polymer_pri_2_fatal_npc
f5e86c5c19c53c66,melee_character_nylon_piercing_polymer_pri_2_fatal_plr
ca300561d1c13508,melee_character_nylon_piercing_polymer_pri_2_hit_npc
945af061b2bc4cc9,melee_character_nylon_piercing_polymer_pri_2_hit_plr
a5ea8fc9f2aba8f8,melee_character_nylon_piercing_polymer_pri_3_fatal_npc
8917baca73e65a99,melee_character_nylon_piercing_polymer_pri_3_fatal_plr
b217059e8d790e4f,melee_character_nylon_piercing_polymer_pri_3_hit_npc
3b1ac69e4ab9aa6a,melee_character_nylon_piercing_polymer_pri_3_hit_plr
8d90ce55f345fd4a,melee_character_nylon_piercing_steel_alt_0_fatal_npc
36e53555c22bda4f,melee_character_nylon_piercing_steel_alt_0_fatal_plr
9f1208dbfa4b9cd5,melee_character_nylon_piercing_steel_alt_0_hit_npc
5ab67ddc63bf817c,melee_character_nylon_piercing_steel_alt_0_hit_plr
79abdf36eb2e0d6d,melee_character_nylon_piercing_steel_alt_1_fatal_npc
aca2c43707c314b4,melee_character_nylon_piercing_steel_alt_1_fatal_plr
f4c21ce708f1f5be,melee_character_nylon_piercing_steel_alt_1_hit_npc
e30fcbe6fed0c943,melee_character_nylon_piercing_steel_alt_1_hit_plr
4783347301e0fefc,melee_character_nylon_piercing_steel_alt_2_fatal_npc
593587730c022edd,melee_character_nylon_piercing_steel_alt_2_fatal_plr
470dc8cb8d841d93,melee_character_nylon_piercing_steel_alt_2_hit_npc
274211cc0c38ab0e,melee_character_nylon_piercing_steel_alt_2_hit_plr
2f6ce0672dfe75bf,melee_character_nylon_piercing_steel_alt_3_fatal_npc
caa6e16785b859ba,melee_character_nylon_piercing_steel_alt_3_fatal_plr
29ca1809955a568c,melee_character_nylon_piercing_steel_alt_3_hit_npc
25e06b09021f824d,melee_character_nylon_piercing_steel_alt_3_hit_plr
8c106da1b47c8778,melee_character_nylon_piercing_steel_pri_0_fatal_npc
6f3d98a235b73919,melee_character_nylon_piercing_steel_pri_0_fatal_plr
a11accb7242148cf,melee_character_nylon_piercing_steel_pri_0_hit_npc
2a1e8db6e161e4ea,melee_character_nylon_piercing_steel_pri_0_hit_plr
8562b133aa7bf7eb,melee_character_nylon_piercing_steel_pri_1_fatal_npc
dc0e4a33db961ae6,melee_character_nylon_piercing_steel_pri_1_fatal_plr
b933cc7a68696f88,melee_character_nylon_piercing_steel_pri_1_hit_npc
835eb77a49648749,melee_character_nylon_piercing_steel_pri_1_hit_plr
bef2e5ff7cb5d516,melee_character_nylon_piercing_steel_pri_2_fatal_npc
234d04ff24a1089b,melee_character_nylon_piercing_steel_pri_2_fatal_plr
52198b3b7421c3e1,melee_character_nylon_piercing_steel_pri_2_hit_npc
cc97b83bb9dcace8,melee_character_nylon_piercing_steel_pri_2_hit_plr
6bc1700f702da449,melee_character_nylon_piercing_steel_pri_3_fatal_npc
70342d1003dde050,melee_character_nylon_piercing_steel_pri_3_fatal_plr
dee268a9939c9eda,melee_character_nylon_piercing_steel_pri_3_hit_npc
9dd1cfa9ffdcccff,melee_character_nylon_piercing_steel_pri_3_hit_plr
4519cbbebe8e725b,melee_character_nylon_slashing_polymer_alt_0_fatal_npc
855124be5195e6b6,melee_character_nylon_slashing_polymer_alt_0_fatal_plr
1a9e06e01cb49178,melee_character_nylon_slashing_polymer_alt_0_hit_npc
fdcb31e09def4319,melee_character_nylon_slashing_polymer_alt_0_hit_plr
7006dd1095380428,melee_character_nylon_slashing_polymer_alt_1_fatal_npc
3d98c8107917f7e9,melee_character_nylon_slashing_polymer_alt_1_fatal_plr
e395bd9af0f786ff,melee_character_nylon_slashing_polymer_alt_1_hit_npc
8235be9b4b9493fa,melee_character_nylon_slashing_polymer_alt_1_hit_plr
4b0b7971e533e379,melee_character_nylon_slashing_polymer_alt_2_fatal_npc
39083671dace77a0,melee_character_nylon_slashing_polymer_alt_2_fatal_plr
e9c26795fafeea0a,melee_character_nylon_slashing_polymer_alt_2_hit_npc
9315ce95c9e3140f,melee_character_nylon_slashing_polymer_alt_2_hit_plr
748b0bf1780de886,melee_character_nylon_slashing_polymer_alt_3_fatal_npc
ebf36af1bb28a1ab,melee_character_nylon_slashing_polymer_alt_3_fatal_plr
a8187fcc6b6f3d51,melee_character_nylon_slashing_polymer_alt_3_hit_npc
cf9accc13cc6f38,melee_character_nylon_slashing_polymer_alt_3_hit_plr
97f1652fe0da7a41,melee_character_nylon_slashing_polymer_pri_0_fatal_npc
126e92302693b048,melee_character_nylon_slashing_polymer_pri_0_fatal_plr
67ff6c540273ec42,melee_character_nylon_slashing_polymer_pri_0_hit_npc
84d2435381393e07,melee_character_nylon_slashing_polymer_pri_0_hit_plr
4b3d73abbc3cab6e,melee_character_nylon_slashing_polymer_pri_1_fatal_npc
4f2722ac4f778313,melee_character_nylon_slashing_polymer_pri_1_fatal_plr
c4afe8051b966d09,melee_character_nylon_slashing_polymer_pri_1_hit_npc
c921a505af44f610,melee_character_nylon_slashing_polymer_pri_1_hit_plr
e5005cf666bd7563,melee_character_nylon_slashing_polymer_pri_2_fatal_npc
b22565f64a40ca3e,melee_character_nylon_slashing_polymer_pri_2_fatal_plr
9efde6e246fae8f0,melee_character_nylon_slashing_polymer_pri_2_hit_npc
f5aa81e27816c251,melee_character_nylon_slashing_polymer_pri_2_hit_plr
d7fea80d9f75d870,melee_character_nylon_slashing_polymer_pri_3_fatal_npc
2eab430dd091b1d1,melee_character_nylon_slashing_polymer_pri_3_fatal_plr
8eae9f7067351477,melee_character_nylon_slashing_polymer_pri_3_hit_npc
9d67f0706ecfe9d2,melee_character_nylon_slashing_polymer_pri_3_hit_plr
c43ec14a806c5fb2,melee_character_nylon_slashing_steel_alt_0_fatal_npc
fa13d84a9f714b57,melee_character_nylon_slashing_steel_alt_0_fatal_plr
943d53c104b2648d,melee_character_nylon_slashing_steel_alt_0_hit_npc
c73438c121476bd4,melee_character_nylon_slashing_steel_alt_0_hit_plr
7284679c09720555,melee_character_nylon_slashing_steel_alt_1_fatal_npc
2e28dc9c72e5e9fc,melee_character_nylon_slashing_steel_alt_1_fatal_plr
d483c285fff1cc56,melee_character_nylon_slashing_steel_alt_1_hit_npc
38dce185a7db4cdb,melee_character_nylon_slashing_steel_alt_1_hit_plr
af281d9e4e72f964,melee_character_nylon_slashing_steel_alt_2_fatal_npc
4acf009ea6897c45,melee_character_nylon_slashing_steel_alt_2_fatal_plr
bca9e78bf1b4780b,melee_character_nylon_slashing_steel_alt_2_hit_npc
1356808c22d04e06,melee_character_nylon_slashing_steel_alt_2_hit_plr
29b78e8d1a639d27,melee_character_nylon_slashing_steel_alt_3_fatal_npc
25609f8c86cb86e2,melee_character_nylon_slashing_steel_alt_3_fatal_plr
f7c4c106b48a064,melee_character_nylon_slashing_steel_alt_3_hit_npc
ab232f10c35f2345,melee_character_nylon_slashing_steel_alt_3_hit_plr
26c05aacf8431b80,melee_character_nylon_slashing_steel_pri_0_fatal_npc
67d0f5ac8c02f0c1,melee_character_nylon_slashing_steel_pri_0_fatal_plr
66c56ecc1cd91a07,melee_character_nylon_slashing_steel_pri_0_hit_npc
626e7fcb894103c2,melee_character_nylon_slashing_steel_pri_0_hit_plr
3ba9bcff45e5e733,melee_character_nylon_slashing_steel_pri_1_fatal_npc
1f4405ffc77d9dae,melee_character_nylon_slashing_steel_pri_1_fatal_plr
47ca50dc95422a80,melee_character_nylon_slashing_steel_pri_1_hit_npc
88daebdc2901ffc1,melee_character_nylon_slashing_steel_pri_1_hit_plr
b27c576e77f1513e,melee_character_nylon_slashing_steel_pri_2_fatal_npc
a0ca066e6dd024c3,melee_character_nylon_slashing_steel_pri_2_fatal_plr
96ee3f2a0059c6d9,melee_character_nylon_slashing_steel_pri_2_hit_npc
84e9fc29f5f2a800,melee_character_nylon_slashing_steel_pri_2_hit_plr
b7658772a31b6f91,melee_character_nylon_slashing_steel_pri_3_fatal_npc
1c46b4724b78a178,melee_character_nylon_slashing_steel_pri_3_fatal_plr
3a3043b161efed2,melee_character_nylon_slashing_steel_pri_3_hit_npc
36111b3b323f0e77,melee_character_nylon_slashing_steel_pri_3_hit_plr
497c8563eb1dd7cd,melee_character_piercing_fatal_layer_plr
525eb18216f10c43,melee_character_vestheavy_dlc1_steel_alt_0_hit_npc
1c1dba81f791381e,melee_character_vestheavy_dlc1_steel_alt_0_hit_plr
efaf80198bae553c,melee_character_vestheavy_dlc1_steel_alt_1_hit_npc
161d31995cf851d,melee_character_vestheavy_dlc1_steel_alt_1_hit_plr
647db2e304848285,melee_character_vestheavy_dlc1_steel_alt_2_hit_npc
dec27e2d37f8c0c,melee_character_vestheavy_dlc1_steel_alt_2_hit_plr
89dfb51c355990b1,melee_character_vestheavy_dlc1_steel_pri_0_hit_npc
eb5ae21bdad39998,melee_character_vestheavy_dlc1_steel_pri_0_hit_plr
233f1e2ca973aa6a,melee_character_vestheavy_dlc1_steel_pri_1_hit_npc
cc92852c7857d46f,melee_character_vestheavy_dlc1_steel_pri_1_hit_plr
aeec3fa26c568c5f,melee_character_vestheavy_dlc1_steel_pri_2_hit_npc
4a2640a2c410705a,melee_character_vestheavy_dlc1_steel_pri_2_hit_plr
dce7528e553c2847,melee_character_vestheavy_dlc2_other_alt_0_hit_npc
dbf7638dc488ee02,melee_character_vestheavy_dlc2_other_alt_0_hit_plr
65953daea7d2e0c0,melee_character_vestheavy_dlc2_other_alt_1_hit_npc
a6a5d8ae3b92b601,melee_character_vestheavy_dlc2_other_alt_1_hit_plr
a956f60a8e194119,melee_character_vestheavy_dlc2_other_alt_2_hit_npc
9753b30a83b3d540,melee_character_vestheavy_dlc2_other_alt_2_hit_plr
6728909e54741612,melee_character_vestheavy_dlc2_other_alt_3_hit_npc
9cfda79e737901b7,melee_character_vestheavy_dlc2_other_alt_3_hit_plr
e03dc5a30a4981b5,melee_character_vestheavy_dlc2_other_pri_0_hit_npc
9f483aa376a08f5c,melee_character_vestheavy_dlc2_other_pri_0_hit_plr
6ad37fa5f398561e,melee_character_vestheavy_dlc2_other_pri_1_hit_npc
59212ea5e97729a3,melee_character_vestheavy_dlc2_other_pri_1_hit_plr
e0c50bb95959bdf3,melee_character_vestheavy_dlc2_other_pri_2_hit_npc
c0f954b9d80e4b6e,melee_character_vestheavy_dlc2_other_pri_2_hit_plr
607dfeaec2b8d16c,melee_character_vestheavy_dlc2_other_pri_3_hit_npc
5c9351ae2f7c4a2d,melee_character_vestheavy_dlc2_other_pri_3_hit_plr
98c7ac4bf7943573,melee_character_vestheavy_heavy_other_alt_0_fatal_plr
63cbef460e8a369,melee_character_vestheavy_heavy_other_alt_0_hit_npc
aae7bf4f4972c70,melee_character_vestheavy_heavy_other_alt_0_hit_plr
ffd6af27a9ceb3a8,melee_character_vestheavy_heavy_other_alt_1_fatal_plr
1328105555ffe9a2,melee_character_vestheavy_heavy_other_alt_1_hit_npc
2ffae754d4c53b67,melee_character_vestheavy_heavy_other_alt_1_hit_plr
7b340d9a1aa5f631,melee_character_vestheavy_heavy_other_alt_2_fatal_plr
9cb48536f51c0d57,melee_character_vestheavy_heavy_other_alt_2_hit_npc
aed2d636ff9858b2,melee_character_vestheavy_heavy_other_alt_2_hit_plr
bca04d25a554e49e,melee_character_vestheavy_heavy_other_alt_3_fatal_plr
df3f76cbca68a5d0,melee_character_vestheavy_heavy_other_alt_3_hit_npc
35eb11cbfb82cc31,melee_character_vestheavy_heavy_other_alt_3_hit_plr
748f1ef876a6962d,melee_character_vestheavy_heavy_other_pri_0_fatal_plr
8cf1067d9dce19c3,melee_character_vestheavy_heavy_other_pri_0_hit_npc
56b00f7d7e6e459e,melee_character_vestheavy_heavy_other_pri_0_hit_plr
d16bbf5435c0110a,melee_character_vestheavy_heavy_other_pri_1_fatal_plr
2a41d515128b62bc,melee_character_vestheavy_heavy_other_pri_1_hit_npc
3bf428151cac929d,melee_character_vestheavy_heavy_other_pri_1_hit_plr
cd31c625be6ce59f,melee_character_vestheavy_heavy_other_pri_2_fatal_plr
9f1007de8b619005,melee_character_vestheavy_heavy_other_pri_2_hit_npc
487e7cde5a5c998c,melee_character_vestheavy_heavy_other_pri_2_hit_plr
bfb20e63af71dd44,melee_character_vestheavy_heavy_other_pri_3_fatal_plr
62013c3a1a9b946e,melee_character_vestheavy_heavy_other_pri_3_hit_npc
65eaeb3aadd66c13,melee_character_vestheavy_heavy_other_pri_3_hit_plr
9838d2c7330b830e,melee_character_vestheavy_heavy_polymer_alt_0_fatal_npc
9c2281c7c6465ab3,melee_character_vestheavy_heavy_polymer_alt_0_fatal_plr
5b4df055fbe198a9,melee_character_vestheavy_heavy_polymer_alt_0_hit_npc
5c59ad568cacf8b0,melee_character_vestheavy_heavy_polymer_alt_0_hit_plr
a4e8276791c73ce1,melee_character_vestheavy_heavy_polymer_alt_1_fatal_npc
1f665467d78225e8,melee_character_vestheavy_heavy_polymer_alt_1_fatal_plr
52ebf5ebc464a8e2,melee_character_vestheavy_heavy_polymer_alt_1_hit_npc
7324cceb460d23a7,melee_character_vestheavy_heavy_polymer_alt_1_hit_plr
3d95e7dbe078a010,melee_character_vestheavy_heavy_polymer_alt_2_fatal_npc
944282dc11947971,melee_character_vestheavy_heavy_polymer_alt_2_fatal_plr
f6fead8da0cae197,melee_character_vestheavy_heavy_polymer_alt_2_hit_npc
91dfe8dab48dff2,melee_character_vestheavy_heavy_polymer_alt_2_hit_plr
f1f81f2e17abeb03,melee_character_vestheavy_heavy_polymer_alt_3_fatal_npc
bf1c282dfb2d8cde,melee_character_vestheavy_heavy_polymer_alt_3_fatal_plr
8ffa6c4ef0f08610,melee_character_vestheavy_heavy_polymer_alt_3_hit_npc
e6a7074f220c5f71,melee_character_vestheavy_heavy_polymer_alt_3_hit_plr
aa75ded1e9b718ac,melee_character_vestheavy_heavy_polymer_pri_0_fatal_npc
a68c31d1567c446d,melee_character_vestheavy_heavy_polymer_pri_0_fatal_plr
d42a5019ab963203,melee_character_vestheavy_heavy_polymer_pri_0_hit_npc
a14e59198f17d3de,melee_character_vestheavy_heavy_polymer_pri_0_hit_plr
8680a9e3ae3772f,melee_character_vestheavy_heavy_polymer_pri_1_fatal_npc
8e05cb9df540ea4a,melee_character_vestheavy_heavy_polymer_pri_1_fatal_plr
305737a3dcdd35fc,melee_character_vestheavy_heavy_polymer_pri_1_hit_npc
42098aa3e6fe65dd,melee_character_vestheavy_heavy_polymer_pri_1_hit_plr
ec9fb7a7727ec5ba,melee_character_vestheavy_heavy_polymer_pri_2_fatal_npc
ab8f1ea7debef3df,melee_character_vestheavy_heavy_polymer_pri_2_fatal_plr
8e0527ad1b4c7745,melee_character_vestheavy_heavy_polymer_pri_2_hit_npc
37739cacea4780cc,melee_character_vestheavy_heavy_polymer_pri_2_hit_plr
ffde5cc7445b141d,melee_character_vestheavy_heavy_polymer_pri_3_fatal_npc
1fc541c6c5bd9c84,melee_character_vestheavy_heavy_polymer_pri_3_fatal_plr
5c11f32e1ed28dae,melee_character_vestheavy_heavy_polymer_pri_3_hit_npc
5ffca22eb20f1853,melee_character_vestheavy_heavy_polymer_pri_3_hit_plr
55feb08073287e83,melee_character_vestheavy_heavy_steel_alt_0_fatal_npc
2322b98056aa205e,melee_character_vestheavy_heavy_steel_alt_0_fatal_plr
af870ae2929a6d90,melee_character_vestheavy_heavy_steel_alt_0_hit_npc
633a5e2c3b646f1,melee_character_vestheavy_heavy_steel_alt_0_hit_plr
a19c792e3bf53390,melee_character_vestheavy_heavy_steel_alt_1_fatal_npc
f849142e6d110cf1,melee_character_vestheavy_heavy_steel_alt_1_fatal_plr
168b4c214274c917,melee_character_vestheavy_heavy_steel_alt_1_hit_npc
28aa9d214cf2c772,melee_character_vestheavy_heavy_steel_alt_1_hit_plr
8eeb8b9ed43d061,melee_character_vestheavy_heavy_steel_alt_2_fatal_npc
836ce5ba32feb968,melee_character_vestheavy_heavy_steel_alt_2_fatal_plr
7278947f660e9062,melee_character_vestheavy_heavy_steel_alt_2_hit_npc
92b16b7ee7b70b27,melee_character_vestheavy_heavy_steel_alt_2_hit_plr
fc3f64198e88168e,melee_character_vestheavy_heavy_steel_alt_3_fatal_npc
29131a21c2ee33,melee_character_vestheavy_heavy_steel_alt_3_fatal_plr
7ada8ee99d8b8029,melee_character_vestheavy_heavy_steel_alt_3_hit_npc
7be64bea2e56e030,melee_character_vestheavy_heavy_steel_alt_3_hit_plr
3c6e4d3800e8d609,melee_character_vestheavy_heavy_steel_pri_0_fatal_npc
40e00a3894975f10,melee_character_vestheavy_heavy_steel_pri_0_fatal_plr
946bada1f2f9889a,melee_character_vestheavy_heavy_steel_pri_0_hit_npc
535b14a25f39b6bf,melee_character_vestheavy_heavy_steel_pri_0_hit_plr
424e41a05b6507d6,melee_character_vestheavy_heavy_steel_pri_1_fatal_npc
a6a760a0034e885b,melee_character_vestheavy_heavy_steel_pri_1_fatal_plr
68b4becdc67950a1,melee_character_vestheavy_heavy_steel_pri_1_hit_npc
dfcbebce094f5da8,melee_character_vestheavy_heavy_steel_pri_1_hit_plr
f6461f667b38b1ab,melee_character_vestheavy_heavy_steel_pri_2_fatal_npc
4cf2b866ac5487a6,melee_character_vestheavy_heavy_steel_pri_2_fatal_plr
18da8720f10ea248,melee_character_vestheavy_heavy_steel_pri_2_hit_npc
e66c7220d4ee9609,melee_character_vestheavy_heavy_steel_pri_2_hit_plr
600f17fbaaf29938,melee_character_vestheavy_heavy_steel_pri_3_fatal_npc
3fd642fc294a21d9,melee_character_vestheavy_heavy_steel_pri_3_fatal_plr
5863c2cd2e6e28f,melee_character_vestheavy_heavy_steel_pri_3_hit_npc
8b23fd2c8d4455aa,melee_character_vestheavy_heavy_steel_pri_3_hit_plr
ff09a4777b949611,melee_character_vestheavy_light_polymer_alt_0_fatal_npc
63ead17723f1c7f8,melee_character_vestheavy_light_polymer_alt_0_fatal_plr
e1cc669e48be4152,melee_character_vestheavy_light_polymer_alt_0_hit_npc
143a7d9e64de50f7,melee_character_vestheavy_light_polymer_alt_0_hit_plr
fa207473506a77be,melee_character_vestheavy_light_polymer_alt_1_fatal_npc
e86e237346494b43,melee_character_vestheavy_light_polymer_alt_1_fatal_plr
7517a18d32f90959,melee_character_vestheavy_light_polymer_alt_1_hit_npc
63135e8d2891ea80,melee_character_vestheavy_light_polymer_alt_1_hit_plr
834dda041e5f0db3,melee_character_vestheavy_light_polymer_alt_2_fatal_npc
66e823049ff6c42e,melee_character_vestheavy_light_polymer_alt_2_fatal_plr
25f3b33fc7e16d00,melee_character_vestheavy_light_polymer_alt_2_hit_npc
67044e3f5ba14241,melee_character_vestheavy_light_polymer_alt_2_hit_plr
6e6477b1d0bc4200,melee_character_vestheavy_light_polymer_alt_3_fatal_npc
af7512b1647c1741,melee_character_vestheavy_light_polymer_alt_3_fatal_plr
44eed12f4f785c87,melee_character_vestheavy_light_polymer_alt_3_hit_npc
4097e22ebbe04642,melee_character_vestheavy_light_polymer_alt_3_hit_plr
82a16c6a0f0c447b,melee_character_vestheavy_light_polymer_pri_0_fatal_npc
c63ec569a4f6e1d6,melee_character_vestheavy_light_polymer_pri_0_fatal_plr
59f7c356de9ce618,melee_character_vestheavy_light_polymer_pri_0_hit_npc
39bfee575cf621b9,melee_character_vestheavy_light_polymer_pri_0_hit_plr
bf1ca72410347748,melee_character_vestheavy_light_polymer_pri_1_fatal_npc
8cae9223f4146b09,melee_character_vestheavy_light_polymer_pri_1_fatal_plr
28297106c3976d9f,melee_character_vestheavy_light_polymer_pri_1_hit_npc
c36372071b51519a,melee_character_vestheavy_light_polymer_pri_1_hit_plr
e4b68f5586551b19,melee_character_vestheavy_light_polymer_pri_2_fatal_npc
d2b34c557befaf40,melee_character_vestheavy_light_polymer_pri_2_fatal_plr
ae629b5c2a63e5aa,melee_character_vestheavy_light_polymer_pri_2_hit_npc
57b6025bf9480faf,melee_character_vestheavy_light_polymer_pri_2_hit_plr
b4a7b101d96f28a6,melee_character_vestheavy_light_polymer_pri_3_fatal_npc
2c1010021c89e1cb,melee_character_vestheavy_light_polymer_pri_3_fatal_plr
1835de0fe75b72f1,melee_character_vestheavy_light_polymer_pri_3_hit_npc
7d170b0f8fb8a4d8,melee_character_vestheavy_light_polymer_pri_3_hit_plr
a7440ac62f8e1834,melee_character_vestheavy_light_steel_alt_0_fatal_npc
2c74adc5e98e8675,melee_character_vestheavy_light_steel_alt_0_fatal_plr
82768a16c8295b5b,melee_character_vestheavy_light_steel_alt_0_hit_npc
c2ade3165b30cfb6,melee_character_vestheavy_light_steel_alt_0_hit_plr
7feb54f2999e83f7,melee_character_vestheavy_light_steel_alt_1_fatal_npc
8ea4a5f2a1395952,melee_character_vestheavy_light_steel_alt_1_fatal_plr
b3bbf258670d7db4,melee_character_vestheavy_light_steel_alt_1_hit_npc
38ec9558210debf5,melee_character_vestheavy_light_steel_alt_1_hit_plr
743d0225b725a842,melee_character_vestheavy_light_steel_alt_2_fatal_npc
910fd92535eafa07,melee_character_vestheavy_light_steel_alt_2_fatal_plr
f5485ee5193cbf1d,melee_character_vestheavy_light_steel_alt_2_hit_npc
152f43e49a9f4784,melee_character_vestheavy_light_steel_alt_2_hit_plr
c4205f1134203fa5,melee_character_vestheavy_light_steel_alt_3_fatal_npc
6d8ed411031b492c,melee_character_vestheavy_light_steel_alt_3_fatal_plr
e8c462fc71f86de6,melee_character_vestheavy_light_steel_alt_3_hit_npc
6393c1fcb7f8030b,melee_character_vestheavy_light_steel_alt_3_hit_plr
9e346fe81ab1b54e,melee_character_vestheavy_light_steel_pri_0_fatal_npc
a21e1ee8adec8cf3,melee_character_vestheavy_light_steel_pri_0_fatal_plr
8d3ca19ab56caee9,melee_character_vestheavy_light_steel_pri_0_hit_npc
91ae5e9b491b37f0,melee_character_vestheavy_light_steel_pri_0_hit_plr
9215f4c41d50fe21,melee_character_vestheavy_light_steel_pri_1_fatal_npc
92d21c460270b28,melee_character_vestheavy_light_steel_pri_1_fatal_plr
9a27f2fbaa83f522,melee_character_vestheavy_light_steel_pri_1_hit_npc
b6fac9fb294946e7,melee_character_vestheavy_light_steel_pri_1_hit_plr
2ddee5369fe42750,melee_character_vestheavy_light_steel_pri_2_fatal_npc
848a8036d0fe4db1,melee_character_vestheavy_light_steel_pri_2_fatal_plr
23b467dd49a018d7,melee_character_vestheavy_light_steel_pri_2_hit_npc
35d2b8dd541c6432,melee_character_vestheavy_light_steel_pri_2_hit_plr
fc37b6c27b0d1043,melee_character_vestheavy_light_steel_pri_3_fatal_npc
c5f6bfc25bad3c1e,melee_character_vestheavy_light_steel_pri_3_fatal_plr
663f59721eecb150,melee_character_vestheavy_light_steel_pri_3_hit_npc
bceaf4725006d7b1,melee_character_vestheavy_light_steel_pri_3_hit_plr
6003b0aaee30f3ab,melee_character_vestheavy_massive_polymer_alt_0_fatal_npc
b6b049ab1f4cc9a6,melee_character_vestheavy_massive_polymer_alt_0_fatal_plr
274aaa96565f1448,melee_character_vestheavy_massive_polymer_alt_0_hit_npc
f4dc95963a3f0809,melee_character_vestheavy_massive_polymer_alt_0_hit_plr
c9cca9401deadb38,melee_character_vestheavy_massive_polymer_alt_1_fatal_npc
a993d4409c4263d9,melee_character_vestheavy_massive_polymer_alt_1_fatal_plr
13f65fa23837548f,melee_character_vestheavy_massive_polymer_alt_1_hit_npc
999420a1f294c7aa,melee_character_vestheavy_massive_polymer_alt_1_hit_plr
a62bde7c73e11809,melee_character_vestheavy_massive_polymer_alt_2_fatal_npc
aa9d9b7d078fa110,melee_character_vestheavy_massive_polymer_alt_2_fatal_plr
a2dbd1175849fa9a,melee_character_vestheavy_massive_polymer_alt_2_hit_npc
61cb3817c48a28bf,melee_character_vestheavy_massive_polymer_alt_2_hit_plr
ac0bd2e4ce5d49d6,melee_character_vestheavy_massive_polymer_alt_3_fatal_npc
1064f1e47646ca5b,melee_character_vestheavy_massive_polymer_alt_3_fatal_plr
7724e2432bc9c2a1,melee_character_vestheavy_massive_polymer_alt_3_hit_npc
ee3c0f436e9fcfa8,melee_character_vestheavy_massive_polymer_alt_3_hit_plr
cac310336c48e3b1,melee_character_vestheavy_massive_polymer_pri_0_fatal_npc
2c3e3d3311c2ec98,melee_character_vestheavy_massive_polymer_pri_0_fatal_plr
d47818230cf46ff2,melee_character_vestheavy_massive_polymer_pri_0_hit_npc
6e62f2329147f97,melee_character_vestheavy_massive_polymer_pri_0_hit_plr
868ceb5f54f6c65e,melee_character_vestheavy_massive_polymer_pri_1_fatal_npc
74da9a5f4ad599e3,melee_character_vestheavy_massive_polymer_pri_1_fatal_plr
44ed7f2b9fea71f9,melee_character_vestheavy_massive_polymer_pri_1_hit_npc
32ea3c2b95850620,melee_character_vestheavy_massive_polymer_pri_1_hit_plr
cb59218a6c2af353,melee_character_vestheavy_massive_polymer_pri_2_fatal_npc
ab8d6a8aeadf80ce,melee_character_vestheavy_massive_polymer_pri_2_fatal_plr
ee8f6f70bf961aa0,melee_character_vestheavy_massive_polymer_pri_2_hit_npc
2f9f0a7053543ce1,melee_character_vestheavy_massive_polymer_pri_2_hit_plr
f8cfc42570c1b4a0,melee_character_vestheavy_massive_polymer_pri_3_fatal_npc
39df5f25047fd6e1,melee_character_vestheavy_massive_polymer_pri_3_fatal_plr
ccd3558d961771a7,melee_character_vestheavy_massive_polymer_pri_3_hit_npc
c87c668d027f5b62,melee_character_vestheavy_massive_polymer_pri_3_hit_plr
4a8c9bf192bfc922,melee_character_vestheavy_massive_steel_alt_0_fatal_npc
675f72f111851ae7,melee_character_vestheavy_massive_steel_alt_0_fatal_plr
75856c2ff21738fd,melee_character_vestheavy_massive_steel_alt_0_hit_npc
9206512f70969864,melee_character_vestheavy_massive_steel_alt_0_hit_plr
80bab1b7c4700685,melee_character_vestheavy_massive_steel_alt_1_fatal_npc
2a2926b7936b100c,melee_character_vestheavy_massive_steel_alt_1_fatal_plr
e90ff0a1a79b62c6,melee_character_vestheavy_massive_steel_alt_1_hit_npc
63df4fa1ed9af7eb,melee_character_vestheavy_massive_steel_alt_1_hit_plr
c8c7e379094e5094,melee_character_vestheavy_massive_steel_alt_2_fatal_npc
515f8678c6339ad5,melee_character_vestheavy_massive_steel_alt_2_fatal_plr
82c217bbfdcc503b,melee_character_vestheavy_massive_steel_alt_2_hit_npc
c2f870bb90d21196,melee_character_vestheavy_massive_steel_alt_2_hit_plr
624b4fd65d6dd7d7,melee_character_vestheavy_massive_steel_alt_3_fatal_npc
7469a0d667ea2332,melee_character_vestheavy_massive_steel_alt_3_fatal_plr
d633bd82378ad894,melee_character_vestheavy_massive_steel_alt_3_hit_npc
5ecb6081f47022d5,melee_character_vestheavy_massive_steel_alt_3_hit_plr
aca0e78395dd1910,melee_character_vestheavy_massive_steel_pri_0_fatal_npc
34d8283c6f8f271,melee_character_vestheavy_massive_steel_pri_0_fatal_plr
9c1c53d6d93bb297,melee_character_vestheavy_massive_steel_pri_0_hit_npc
ae3ba4d6e3b9b0f2,melee_character_vestheavy_massive_steel_pri_0_hit_plr
61031ed5cd106403,melee_character_vestheavy_massive_steel_pri_1_fatal_npc
2e2727d5b09205de,melee_character_vestheavy_massive_steel_pri_1_fatal_plr
3518129829615710,melee_character_vestheavy_massive_steel_pri_1_hit_npc
8bc4ad985a7d3071,melee_character_vestheavy_massive_steel_pri_1_hit_plr
743d26ee86ffc0e,melee_character_vestheavy_massive_steel_pri_2_fatal_npc
b2d816f7baad3b3,melee_character_vestheavy_massive_steel_pri_2_fatal_plr
6b969f345269a9,melee_character_vestheavy_massive_steel_pri_2_hit_npc
177539fc51dc9b0,melee_character_vestheavy_massive_steel_pri_2_hit_plr
13f3270f472bb5e1,melee_character_vestheavy_massive_steel_pri_3_fatal_npc
8e71540f8ce69ee8,melee_character_vestheavy_massive_steel_pri_3_fatal_plr
f8099c34fcd579e2,melee_character_vestheavy_massive_steel_pri_3_hit_npc
184273347e7df4a7,melee_character_vestheavy_massive_steel_pri_3_hit_plr
d7eee27cd79b27f3,melee_character_vestheavy_medium_other_alt_0_fatal_plr
d4bf122e890cd1e9,melee_character_vestheavy_medium_other_alt_0_hit_npc
d930cf2f1cbb5af0,melee_character_vestheavy_medium_other_alt_0_hit_plr
3efde55889d5a628,melee_character_vestheavy_medium_other_alt_1_fatal_plr
e1aa638f7e241822,melee_character_vestheavy_medium_other_alt_1_hit_npc
fe7d3a8efce969e7,melee_character_vestheavy_medium_other_alt_1_hit_plr
ba5b43cafaace8b1,melee_character_vestheavy_medium_other_alt_2_fatal_plr
6b36d8711d403bd7,melee_character_vestheavy_medium_other_alt_2_hit_npc
7d55297127bc8732,melee_character_vestheavy_medium_other_alt_2_hit_plr
fbc78356855bd71e,melee_character_vestheavy_medium_other_alt_3_fatal_plr
adc1ca05f28cd450,melee_character_vestheavy_medium_other_alt_3_hit_npc
46d650623a6fab1,melee_character_vestheavy_medium_other_alt_3_hit_plr
b3b6552956ad88ad,melee_character_vestheavy_medium_other_pri_0_fatal_plr
5b7359b7c5f24843,melee_character_vestheavy_medium_other_pri_0_hit_npc
253262b7a692741e,melee_character_vestheavy_medium_other_pri_0_hit_plr
1092f58515c7038a,melee_character_vestheavy_medium_other_pri_1_fatal_plr
f8c4284f3aaf913c,melee_character_vestheavy_medium_other_pri_1_hit_npc
a767b4f44d0c11d,melee_character_vestheavy_medium_other_pri_1_hit_plr
c58fc569e73d81f,melee_character_vestheavy_medium_other_pri_2_fatal_plr
6d925b18b385be85,melee_character_vestheavy_medium_other_pri_2_hit_npc
1700d0188280c80c,melee_character_vestheavy_medium_other_pri_2_hit_plr
fed944948f78cfc4,melee_character_vestheavy_medium_other_pri_3_fatal_plr
30838f7442bfc2ee,melee_character_vestheavy_medium_other_pri_3_hit_npc
346d3e74d5fa9a93,melee_character_vestheavy_medium_other_pri_3_hit_plr
830e974f222fd98e,melee_character_vestheavy_medium_polymer_alt_0_fatal_npc
86f8464fb56ab133,melee_character_vestheavy_medium_polymer_alt_0_fatal_plr
9a752686dbe88b29,melee_character_vestheavy_medium_polymer_alt_0_hit_npc
9b80e3876cb3eb30,melee_character_vestheavy_medium_polymer_alt_0_hit_plr
8fbdebef80eb9361,melee_character_vestheavy_medium_polymer_alt_1_fatal_npc
a3c18efc6a67c68,melee_character_vestheavy_medium_polymer_alt_1_fatal_plr
92132c1ca46b9b62,melee_character_vestheavy_medium_polymer_alt_1_hit_npc
b24c031c26141627,melee_character_vestheavy_medium_polymer_alt_1_hit_plr
286bac63cf9cf690,melee_character_vestheavy_medium_polymer_alt_2_fatal_npc
7f18476400b8cff1,melee_character_vestheavy_medium_polymer_alt_2_fatal_plr
3625e3be80d1d417,melee_character_vestheavy_medium_polymer_alt_2_hit_npc
484534be8b4fd272,melee_character_vestheavy_medium_polymer_alt_2_hit_plr
dccde3b606d04183,melee_character_vestheavy_medium_polymer_alt_3_fatal_npc
a9f1ecb5ea51e35e,melee_character_vestheavy_medium_polymer_alt_3_fatal_plr
cf21a27fd0f77890,melee_character_vestheavy_medium_polymer_alt_3_hit_npc
25ce3d80021351f1,melee_character_vestheavy_medium_polymer_alt_3_hit_plr
954ba359d8db6f2c,melee_character_vestheavy_medium_polymer_pri_0_fatal_npc
9161f65945a09aed,melee_character_vestheavy_medium_polymer_pri_0_fatal_plr
1351864a8b9d2483,melee_character_vestheavy_medium_polymer_pri_0_hit_npc
e0758f4a6f1ec65e,melee_character_vestheavy_medium_polymer_pri_0_hit_plr
f33dcf262a07cdaf,melee_character_vestheavy_medium_polymer_pri_1_fatal_npc
78db9025e46540ca,melee_character_vestheavy_medium_polymer_pri_1_fatal_plr
6f7e6dd4bce4287c,melee_character_vestheavy_medium_polymer_pri_1_hit_npc
8130c0d4c705585d,melee_character_vestheavy_medium_polymer_pri_1_hit_plr
d7757c2f61a31c3a,melee_character_vestheavy_medium_polymer_pri_2_fatal_npc
9664e32fcde34a5f,melee_character_vestheavy_medium_polymer_pri_2_fatal_plr
cd2c5dddfb5369c5,melee_character_vestheavy_medium_polymer_pri_2_hit_npc
769ad2ddca4e734c,melee_character_vestheavy_medium_polymer_pri_2_hit_plr
eab4214f337f6a9d,melee_character_vestheavy_medium_polymer_pri_3_fatal_npc
a9b064eb4e1f304,melee_character_vestheavy_medium_polymer_pri_3_fatal_plr
9b39295efed9802e,melee_character_vestheavy_medium_polymer_pri_3_hit_npc
9f23d85f92160ad3,melee_character_vestheavy_medium_polymer_pri_3_hit_plr
9525e6b1532f7103,melee_character_vestheavy_medium_steel_alt_0_fatal_npc
6249efb136b112de,melee_character_vestheavy_medium_steel_alt_0_fatal_plr
7e095e1cbabe9c10,melee_character_vestheavy_medium_steel_alt_0_hit_npc
d4b5f91cebda7571,melee_character_vestheavy_medium_steel_alt_0_hit_plr
e0c3af5f1bfc2610,melee_character_vestheavy_medium_steel_alt_1_fatal_npc
37704a5f4d17ff71,melee_character_vestheavy_medium_steel_alt_1_fatal_plr
e50d9f5b6a98f797,melee_character_vestheavy_medium_steel_alt_1_hit_npc
f72cf05b7516f5f2,melee_character_vestheavy_medium_steel_alt_1_hit_plr
4815eeeacd4ac2e1,melee_character_vestheavy_medium_steel_alt_2_fatal_npc
c2941beb1305abe8,melee_character_vestheavy_medium_steel_alt_2_fatal_plr
40fae7b98e32bee2,melee_character_vestheavy_medium_steel_alt_2_hit_npc
6133beb90fdb39a7,melee_character_vestheavy_medium_steel_alt_2_hit_plr
3b669a4a6e8f090e,melee_character_vestheavy_medium_steel_alt_3_fatal_npc
3f50494b01c9e0b3,melee_character_vestheavy_medium_steel_alt_3_fatal_plr
495ce223c5afaea9,melee_character_vestheavy_medium_steel_alt_3_hit_npc
4a689f24567b0eb0,melee_character_vestheavy_medium_steel_alt_3_hit_plr
7b958368e0efc889,melee_character_vestheavy_medium_steel_pri_0_fatal_npc
80074069749e5190,melee_character_vestheavy_medium_steel_pri_0_fatal_plr
62ee00dc1b1db71a,melee_character_vestheavy_medium_steel_pri_0_hit_npc
21dd67dc875de53f,melee_character_vestheavy_medium_steel_pri_0_hit_plr
817577d13b6bfa56,melee_character_vestheavy_medium_steel_pri_1_fatal_npc
e5ce96d0e3557adb,melee_character_vestheavy_medium_steel_pri_1_fatal_plr
37371207ee9d7f21,melee_character_vestheavy_medium_steel_pri_1_hit_npc
ae4e3f0831738c28,melee_character_vestheavy_medium_steel_pri_1_hit_plr
356d55975b3fa42b,melee_character_vestheavy_medium_steel_pri_2_fatal_npc
8c19ee978c5b7a26,melee_character_vestheavy_medium_steel_pri_2_fatal_plr
e75cda5b1932d0c8,melee_character_vestheavy_medium_steel_pri_2_hit_npc
b4eec55afd12c489,melee_character_vestheavy_medium_steel_pri_2_hit_plr
9f364e2c8af98bb8,melee_character_vestheavy_medium_steel_pri_3_fatal_npc
7efd792d09511459,melee_character_vestheavy_medium_steel_pri_3_fatal_plr
d4088f66fb0b110f,melee_character_vestheavy_medium_steel_pri_3_hit_npc
59a65066b568842a,melee_character_vestheavy_medium_steel_pri_3_hit_plr
2c317ef026ed7853,melee_character_vestheavy_piercing_other_alt_0_fatal_plr
b281b35452530149,melee_character_vestheavy_piercing_other_alt_0_hit_npc
b6f47054e6033d50,melee_character_vestheavy_piercing_other_alt_0_hit_plr
a8d820dd47d51188,melee_character_vestheavy_piercing_other_alt_1_fatal_plr
c140fbaa553eb082,melee_character_vestheavy_piercing_other_alt_1_hit_npc
e178d2a9d6e57847,melee_character_vestheavy_piercing_other_alt_1_hit_plr
cabc05ec4d2aa611,melee_character_vestheavy_piercing_other_alt_2_fatal_plr
221bf50c86e462b7,melee_character_vestheavy_piercing_other_alt_2_hit_npc
343a460c9160ae12,melee_character_vestheavy_piercing_other_alt_2_hit_plr
fd63a698585d067e,melee_character_vestheavy_piercing_other_alt_3_fatal_plr
e9ec5df0c9abef30,melee_character_vestheavy_piercing_other_alt_3_hit_npc
4098f8f0fac7c891,melee_character_vestheavy_piercing_other_alt_3_hit_plr
918b59c19840378d,melee_character_vestheavy_piercing_other_pri_0_fatal_plr
b2ca8b1dcf1f4d23,melee_character_vestheavy_piercing_other_pri_0_hit_npc
7fee941db2a0eefe,melee_character_vestheavy_piercing_other_pri_0_hit_plr
de71dea9c1dd956a,melee_character_vestheavy_piercing_other_pri_1_fatal_plr
11876dc82bfc2b9c,melee_character_vestheavy_piercing_other_pri_1_hit_npc
2338c0c8361ba87d,melee_character_vestheavy_piercing_other_pri_1_hit_plr
4341c0ab5ab050ff,melee_character_vestheavy_piercing_other_pri_2_fatal_plr
ec97e256e20eca65,melee_character_vestheavy_piercing_other_pri_2_hit_npc
96075756b10b86ec,melee_character_vestheavy_piercing_other_pri_2_hit_plr
264ca7d1609e9fa4,melee_character_vestheavy_piercing_other_pri_3_fatal_plr
755e506ca465f7ce,melee_character_vestheavy_piercing_other_pri_3_hit_npc
7947ff6d37a0cf73,melee_character_vestheavy_piercing_other_pri_3_hit_plr
157908eb813603ee,melee_character_vestheavy_piercing_polymer_alt_0_fatal_npc
1962b7ec1470db93,melee_character_vestheavy_piercing_polymer_alt_0_fatal_plr
7531c68d933c9189,melee_character_vestheavy_piercing_polymer_alt_0_hit_npc
79a3838e26eb1a90,melee_character_vestheavy_piercing_polymer_alt_0_hit_plr
622cfa6fa5d3d2c1,melee_character_vestheavy_piercing_polymer_alt_1_fatal_npc
dcaa276feb8d08c8,melee_character_vestheavy_piercing_polymer_alt_1_fatal_plr
18814adc7a1a10c2,melee_character_vestheavy_piercing_polymer_alt_1_hit_npc
355421dbf8df6287,melee_character_vestheavy_piercing_polymer_alt_1_hit_plr
a23a3d4d646f30f0,melee_character_vestheavy_piercing_polymer_alt_2_fatal_npc
f8e6d84d958b0a51,melee_character_vestheavy_piercing_polymer_alt_2_fatal_plr
3f307df8dedb38f7,melee_character_vestheavy_piercing_polymer_alt_2_hit_npc
4de9cef8e6760e52,melee_character_vestheavy_piercing_polymer_alt_2_hit_plr
af3bf2362bb6cde3,melee_character_vestheavy_piercing_polymer_alt_3_fatal_npc
7c60fb360f3a22be,melee_character_vestheavy_piercing_polymer_alt_3_fatal_plr
4f7fc56abea10d70,melee_character_vestheavy_piercing_polymer_alt_3_hit_npc
a62c606aefbce6d1,melee_character_vestheavy_piercing_polymer_alt_3_hit_plr
1b81ff1cf1bd7a0c,melee_character_vestheavy_piercing_polymer_pri_0_fatal_npc
1798521c5e82a5cd,melee_character_vestheavy_piercing_polymer_pri_0_fatal_plr
6799f16bad69b563,melee_character_vestheavy_piercing_polymer_pri_0_hit_npc
34befa6b90ed0a3e,melee_character_vestheavy_piercing_polymer_pri_0_hit_plr
7ad2dfb86627168f,melee_character_vestheavy_piercing_polymer_pri_1_fatal_npc
70a0b8208489aa,melee_character_vestheavy_piercing_polymer_pri_1_fatal_plr
7001079e48fb17dc,melee_character_vestheavy_piercing_polymer_pri_1_hit_npc
81b35a9e531c47bd,melee_character_vestheavy_piercing_polymer_pri_1_hit_plr
bf4fbacabea90e1a,melee_character_vestheavy_piercing_polymer_pri_2_fatal_npc
7e3f21cb2ae93c3f,melee_character_vestheavy_piercing_polymer_pri_2_fatal_plr
504b73220fc548a5,melee_character_vestheavy_piercing_polymer_pri_2_hit_npc
f9b9e821dec0522c,melee_character_vestheavy_piercing_polymer_pri_2_hit_plr
3dc1b7f2a453397d,melee_character_vestheavy_piercing_polymer_pri_3_fatal_npc
5a429cf222d298e4,melee_character_vestheavy_piercing_polymer_pri_3_fatal_plr
133ca77d9eff4d0e,melee_character_vestheavy_piercing_polymer_pri_3_hit_npc
1726567e323a24b3,melee_character_vestheavy_piercing_polymer_pri_3_hit_plr
dfa769681da2e1e3,melee_character_vestheavy_piercing_steel_alt_0_fatal_npc
accc7268012636be,melee_character_vestheavy_piercing_steel_alt_0_fatal_plr
695c67d6a2e30170,melee_character_vestheavy_piercing_steel_alt_0_hit_npc
c00902d6d3fedad1,melee_character_vestheavy_piercing_steel_alt_0_hit_plr
d2a5b47f565b44f0,melee_character_vestheavy_piercing_steel_alt_1_fatal_npc
29524f7f87771e51,melee_character_vestheavy_piercing_steel_alt_1_fatal_plr
590d2064c31d2cf7,melee_character_vestheavy_piercing_steel_alt_1_hit_npc
67c67164cab80252,melee_character_vestheavy_piercing_steel_alt_1_hit_plr
929871a197bfe6c1,melee_character_vestheavy_piercing_steel_alt_2_fatal_npc
d159ea1dd791cc8,melee_character_vestheavy_piercing_steel_alt_2_fatal_plr
325ded485e5c04c2,melee_character_vestheavy_piercing_steel_alt_2_hit_npc
4f30c447dd215687,melee_character_vestheavy_piercing_steel_alt_2_hit_plr
45e4801d732217ee,melee_character_vestheavy_piercing_steel_alt_3_fatal_npc
49ce2f1e065cef93,melee_character_vestheavy_piercing_steel_alt_3_fatal_plr
8f0e68f9777e8589,melee_character_vestheavy_piercing_steel_alt_3_hit_npc
938025fa0b2d0e90,melee_character_vestheavy_piercing_steel_alt_3_hit_plr
b87a510f22da7b69,melee_character_vestheavy_piercing_steel_pri_0_fatal_npc
bcec0e0fb6890470,melee_character_vestheavy_piercing_steel_pri_0_fatal_plr
307007f8e9bd3a7a,melee_character_vestheavy_piercing_steel_pri_0_hit_npc
ef606ef955ff1b9f,melee_character_vestheavy_piercing_steel_pri_0_hit_plr
b91b453d875187b6,melee_character_vestheavy_piercing_steel_pri_1_fatal_npc
1d74643d2f3b083b,melee_character_vestheavy_piercing_steel_pri_1_fatal_plr
e6514043dbb1d501,melee_character_vestheavy_piercing_steel_pri_1_hit_npc
60ce6d44216b0b08,melee_character_vestheavy_piercing_steel_pri_1_hit_plr
34f178e9d71ab30b,melee_character_vestheavy_piercing_steel_pri_2_fatal_npc
8b9e11ea08368906,melee_character_vestheavy_piercing_steel_pri_2_fatal_plr
9007e3192c06b228,melee_character_vestheavy_piercing_steel_pri_2_hit_npc
5d99ce190fe6a5e9,melee_character_vestheavy_piercing_steel_pri_2_hit_plr
c3af57120c66aa98,melee_character_vestheavy_piercing_steel_pri_3_fatal_npc
a37782128abfe639,melee_character_vestheavy_piercing_steel_pri_3_fatal_plr
a23367e04a456fef,melee_character_vestheavy_piercing_steel_pri_3_hit_npc
27d128e004a2e30a,melee_character_vestheavy_piercing_steel_pri_3_hit_plr
9d2bfe431e332a5e,melee_character_vestheavy_slashing_polymer_alt_0_fatal_npc
8b79ad431411fde3,melee_character_vestheavy_slashing_polymer_alt_0_fatal_plr
2001700b3bd435f9,melee_character_vestheavy_slashing_polymer_alt_0_hit_npc
dfe2d0b316eca20,melee_character_vestheavy_slashing_polymer_alt_0_hit_plr
e1622317358547b1,melee_character_vestheavy_slashing_polymer_alt_1_fatal_npc
42dd5016daff5098,melee_character_vestheavy_slashing_polymer_alt_1_fatal_plr
af8c0902a8de33f2,melee_character_vestheavy_slashing_polymer_alt_1_hit_npc
e1fa2002c4fe4397,melee_character_vestheavy_slashing_polymer_alt_1_hit_plr
f6ed70939fe18a0,melee_character_vestheavy_slashing_polymer_alt_2_fatal_npc
507e7208cdbc3ae1,melee_character_vestheavy_slashing_polymer_alt_2_fatal_plr
a7e7466d320135a7,melee_character_vestheavy_slashing_polymer_alt_2_hit_npc
a390576c9e691f62,melee_character_vestheavy_slashing_polymer_alt_2_hit_plr
e1f8346e35675753,melee_character_vestheavy_slashing_polymer_alt_3_fatal_npc
c22c7d6eb41be4ce,melee_character_vestheavy_slashing_polymer_alt_3_fatal_plr
c9a360505b7fdea0,melee_character_vestheavy_slashing_polymer_alt_3_hit_npc
ab2fb4fef3e00e1,melee_character_vestheavy_slashing_polymer_alt_3_hit_plr
fa3d7e1969b2535c,melee_character_vestheavy_slashing_polymer_pri_0_fatal_npc
befd11973d3833d,melee_character_vestheavy_slashing_polymer_pri_0_fatal_plr
1e376ccbb8226073,melee_character_vestheavy_slashing_polymer_pri_0_hit_npc
fe6bb5cc36d6edee,melee_character_vestheavy_slashing_polymer_pri_0_hit_plr
2921962225907a1f,melee_character_vestheavy_slashing_polymer_pri_1_fatal_npc
c45b97227d4a5e1a,melee_character_vestheavy_slashing_polymer_pri_1_fatal_plr
9df05fc1218173ec,melee_character_vestheavy_slashing_polymer_pri_1_hit_npc
9a05b2c08e44ecad,melee_character_vestheavy_slashing_polymer_pri_1_hit_plr
29bc8bbf55d8932a,melee_character_vestheavy_slashing_polymer_pri_2_fatal_npc
d30ff2bf24bcbd2f,melee_character_vestheavy_slashing_polymer_pri_2_fatal_plr
1db026b569122435,melee_character_vestheavy_slashing_polymer_pri_2_hit_npc
dcba9bb5d56931dc,melee_character_vestheavy_slashing_polymer_pri_2_hit_plr
c3471adea5af7ecd,melee_character_vestheavy_slashing_polymer_pri_3_fatal_npc
f63cffdec242d314,melee_character_vestheavy_slashing_polymer_pri_3_fatal_plr
a845e0b85260f89e,melee_character_vestheavy_slashing_polymer_pri_3_hit_npc
96938fb8483fcc23,melee_character_vestheavy_slashing_polymer_pri_3_hit_plr
20f0adbf48086f73,melee_character_vestheavy_slashing_steel_alt_0_fatal_npc
124f6bfc6bcfcee,melee_character_vestheavy_slashing_steel_alt_0_fatal_plr
9f3d682a3a6c3c0,melee_character_vestheavy_slashing_steel_alt_0_hit_npc
4b04718237669901,melee_character_vestheavy_slashing_steel_alt_0_hit_plr
f7f6832dd1c624c0,melee_character_vestheavy_slashing_steel_alt_1_fatal_npc
39071e2d6585fa01,melee_character_vestheavy_slashing_steel_alt_1_fatal_plr
8145eb6251100b47,melee_character_vestheavy_slashing_steel_alt_1_hit_npc
8055fc61c05cd102,melee_character_vestheavy_slashing_steel_alt_1_hit_plr
2788befd368cbed1,melee_character_vestheavy_slashing_steel_alt_2_fatal_npc
8c69ebfcdee9f0b8,melee_character_vestheavy_slashing_steel_alt_2_fatal_plr
b8729725047f912,melee_character_vestheavy_slashing_steel_alt_2_hit_npc
415c40726f4ce4b7,melee_character_vestheavy_slashing_steel_alt_2_hit_plr
31db19ea1420be7e,melee_character_vestheavy_slashing_steel_alt_3_fatal_npc
2029c8ea0a014503,melee_character_vestheavy_slashing_steel_alt_3_fatal_plr
4db58ede89ed2419,melee_character_vestheavy_slashing_steel_alt_3_hit_npc
3bb24bde7f87b840,melee_character_vestheavy_slashing_steel_alt_3_hit_plr
907557b2f298c799,melee_character_vestheavy_slashing_steel_pri_0_fatal_npc
7e7214b2e8335bc0,melee_character_vestheavy_slashing_steel_pri_0_fatal_plr
ebf3bf4be4c03e2a,melee_character_vestheavy_slashing_steel_pri_0_hit_npc
9547264bb3a4682f,melee_character_vestheavy_slashing_steel_pri_0_hit_plr
6066795f45b2d526,melee_character_vestheavy_slashing_steel_pri_1_fatal_npc
d7ced85f88cd8e4b,melee_character_vestheavy_slashing_steel_pri_1_fatal_plr
55c701ffa1b7cb71,melee_character_vestheavy_slashing_steel_pri_1_hit_npc
baa82eff4a14fd58,melee_character_vestheavy_slashing_steel_pri_1_hit_plr
2e6034c77b4ff0fb,melee_character_vestheavy_slashing_steel_pri_2_fatal_npc
71fd8dc7113a8e56,melee_character_vestheavy_slashing_steel_pri_2_fatal_plr
9788e74698f93e98,melee_character_vestheavy_slashing_steel_pri_2_hit_npc
7751124717527a39,melee_character_vestheavy_slashing_steel_pri_2_hit_plr
6adb6f817c7823c8,melee_character_vestheavy_slashing_steel_pri_3_fatal_npc
386d5a8160581789,melee_character_vestheavy_slashing_steel_pri_3_fatal_plr
65ba94f67df3c61f,melee_character_vestheavy_slashing_steel_pri_3_hit_npc
f495f6d5adaa1a,melee_character_vestheavy_slashing_steel_pri_3_hit_plr
eaee62b5259046ba,melee_character_vestlight_dlc1_steel_alt_0_hit_npc
a9ddc9b591d074df,melee_character_vestlight_dlc1_steel_alt_0_hit_plr
e0c200c18e705b41,melee_character_vestlight_dlc1_steel_alt_1_hit_npc
5b3f2dc1d4299148,melee_character_vestlight_dlc1_steel_alt_1_hit_plr
3ff94f368ce07068,melee_character_vestlight_dlc1_steel_alt_2_hit_npc
a243a366ddb8829,melee_character_vestlight_dlc1_steel_alt_2_hit_plr
98375f7d64aca020,melee_character_vestlight_dlc1_steel_pri_0_hit_npc
d946fa7cf86ac261,melee_character_vestlight_dlc1_steel_pri_0_hit_plr
767b459a3b2df727,melee_character_vestlight_dlc1_steel_pri_1_hit_npc
72245699a795e0e2,melee_character_vestlight_dlc1_steel_pri_1_hit_plr
7e20082fb20af572,melee_character_vestlight_dlc1_steel_pri_2_hit_npc
b08e1f2fce2b0517,melee_character_vestlight_dlc1_steel_pri_2_hit_plr
93759465bfbf62e,melee_character_vestlight_dlc2_other_alt_0_hit_npc
d220846ef3880d3,melee_character_vestlight_dlc2_other_alt_0_hit_plr
3b2a8dc55875dfc5,melee_character_vestlight_dlc2_other_alt_1_hit_npc
e49902c52770e94c,melee_character_vestlight_dlc2_other_alt_1_hit_plr
dd7c9dbc1a069e7c,melee_character_vestlight_dlc2_other_alt_2_hit_npc
ef2ef0bc2427ce5d,melee_character_vestlight_dlc2_other_alt_2_hit_plr
814fb631e8bf9a83,melee_character_vestlight_dlc2_other_alt_3_hit_npc
4e73bf31cc413c5e,melee_character_vestlight_dlc2_other_alt_3_hit_plr
a1af42cf67d5a764,melee_character_vestlight_dlc2_other_pri_0_hit_npc
3d5625cfbfec2a45,melee_character_vestlight_dlc2_other_pri_0_hit_plr
4edcde4aee417f0b,melee_character_vestlight_dlc2_other_pri_1_hit_npc
a589774b1f5d5506,melee_character_vestlight_dlc2_other_pri_1_hit_plr
66b6b944fc7ed356,melee_character_vestlight_dlc2_other_pri_2_hit_npc
cb0fd844a46853db,melee_character_vestlight_dlc2_other_pri_2_hit_plr
26704a80013f6b8d,melee_character_vestlight_dlc2_other_pri_3_hit_npc
59672f801dd472d4,melee_character_vestlight_dlc2_other_pri_3_hit_plr
7e6b63ec43eaafc,melee_character_vestlight_heavy_other_alt_0_fatal_plr
61aaa8e804c5a556,melee_character_vestlight_heavy_other_alt_0_hit_npc
c603c7e7acaf25db,melee_character_vestlight_heavy_other_alt_0_hit_plr
d3d1b1ecf0ca0c57,melee_character_vestlight_heavy_other_alt_1_fatal_plr
21643a2309863d8d,melee_character_vestlight_heavy_other_alt_1_hit_npc
545b1f23261b44d4,melee_character_vestlight_heavy_other_alt_1_hit_plr
ff1e792ed82447e2,melee_character_vestlight_heavy_other_alt_2_fatal_plr
9ca33272701c7964,melee_character_vestlight_heavy_other_alt_2_hit_npc
384a1572c832fc45,melee_character_vestlight_heavy_other_alt_2_hit_plr
248cda40f7e23d45,melee_character_vestlight_heavy_other_alt_3_fatal_plr
49d0cdedf688510b,melee_character_vestlight_heavy_other_alt_3_hit_npc
a07d66ee27a42706,melee_character_vestlight_heavy_other_alt_3_hit_plr
1f669f39bb4c51da,melee_character_vestlight_heavy_other_pri_0_fatal_plr
d83a3a50884baaac,melee_character_vestlight_heavy_other_pri_0_hit_npc
d4508d4ff510d66d,melee_character_vestlight_heavy_other_pri_0_hit_plr
a0176f235c1393fd,melee_character_vestlight_heavy_other_pri_1_fatal_plr
5c6fbc4fa98d8133,melee_character_vestlight_heavy_other_pri_1_hit_npc
400a05502b2537ae,melee_character_vestlight_heavy_other_pri_1_hit_plr
a39e25fa94e50cd4,melee_character_vestlight_heavy_other_pri_2_fatal_plr
8f6a87ba9278005e,melee_character_vestlight_heavy_other_pri_2_hit_npc
7db836ba8856d3e3,melee_character_vestlight_heavy_other_pri_2_hit_plr
367f6d013ecb3fef,melee_character_vestlight_heavy_other_pri_3_fatal_plr
4d822b22ed3cf0f5,melee_character_vestlight_heavy_other_pri_3_hit_npc
c8da0235995b19c,melee_character_vestlight_heavy_other_pri_3_hit_plr
46b4e54a13842709,melee_character_vestlight_heavy_polymer_alt_0_fatal_npc
4b26a24aa732b010,melee_character_vestlight_heavy_polymer_alt_0_fatal_plr
ebc74efae45d719a,melee_character_vestlight_heavy_polymer_alt_0_hit_npc
aab6b5fb509d9fbf,melee_character_vestlight_heavy_polymer_alt_0_hit_plr
4c94d9b26e0058d6,melee_character_vestlight_heavy_polymer_alt_1_fatal_npc
b0edf8b215e9d95b,melee_character_vestlight_heavy_polymer_alt_1_fatal_plr
c0106026b7dd39a1,melee_character_vestlight_heavy_polymer_alt_1_hit_npc
37278d26fab346a8,melee_character_vestlight_heavy_polymer_alt_1_hit_plr
8cb7788dd402ab,melee_character_vestlight_heavy_polymer_alt_2_fatal_npc
57395078beefd8a6,melee_character_vestlight_heavy_polymer_alt_2_fatal_plr
70362879e2728b48,melee_character_vestlight_heavy_polymer_alt_2_hit_npc
3dc81379c6527f09,melee_character_vestlight_heavy_polymer_alt_2_hit_plr
6a55b00dbd8dea38,melee_character_vestlight_heavy_polymer_alt_3_fatal_npc
4a1cdb0e3be572d9,melee_character_vestlight_heavy_polymer_alt_3_fatal_plr
5ce1dd85c44acb8f,melee_character_vestlight_heavy_polymer_alt_3_hit_npc
e27f9e857ea83eaa,melee_character_vestlight_heavy_polymer_alt_3_hit_plr
6a4f56738f590b3,melee_character_vestlight_heavy_polymer_pri_0_fatal_npc
ea3f3e67ba8d472e,melee_character_vestlight_heavy_polymer_pri_0_fatal_plr
e68d00d0204f3800,melee_character_vestlight_heavy_polymer_pri_0_hit_npc
279d9bcfb40f0d41,melee_character_vestlight_heavy_polymer_pri_0_hit_plr
f1bb9314eb52c500,melee_character_vestlight_heavy_polymer_pri_1_fatal_npc
32cc2e147f129a41,melee_character_vestlight_heavy_polymer_pri_1_fatal_plr
5881ebfa7e62787,melee_character_vestlight_heavy_polymer_pri_1_hit_npc
1312fbf144e1142,melee_character_vestlight_heavy_polymer_pri_1_hit_plr
8260bfda962b1911,melee_character_vestlight_heavy_polymer_pri_2_fatal_npc
e741ecda3e884af8,melee_character_vestlight_heavy_polymer_pri_2_fatal_plr
a265b42ea12c0c52,melee_character_vestlight_heavy_polymer_pri_2_hit_npc
d4d3cb2ebd4c1bf7,melee_character_vestlight_heavy_polymer_pri_2_hit_plr
7d778fd66b00fabe,melee_character_vestlight_heavy_polymer_pri_3_fatal_npc
6bc53ed660dfce43,melee_character_vestlight_heavy_polymer_pri_3_fatal_plr
35b0ef1d8b66d459,melee_character_vestlight_heavy_polymer_pri_3_hit_npc
23acac1d80ffb580,melee_character_vestlight_heavy_polymer_pri_3_hit_plr
bdd27bf8f65a97c,melee_character_vestlight_heavy_steel_alt_0_fatal_npc
1d8f7abf9986d95d,melee_character_vestlight_heavy_steel_alt_0_fatal_plr
30549bd1d7674413,melee_character_vestlight_heavy_steel_alt_0_hit_npc
1088e4d2561bd18e,melee_character_vestlight_heavy_steel_alt_0_hit_plr
f3c6d3b3bb83203f,melee_character_vestlight_heavy_steel_alt_1_fatal_npc
8f00d4b4133d043a,melee_character_vestlight_heavy_steel_alt_1_fatal_plr
1310eb0fdf3d7d0c,melee_character_vestlight_heavy_steel_alt_1_hit_npc
f273e0f4c02a8cd,melee_character_vestlight_heavy_steel_alt_1_hit_plr
51eac1a280caa7ca,melee_character_vestlight_heavy_steel_alt_2_fatal_npc
fb3f28a24fb084cf,melee_character_vestlight_heavy_steel_alt_2_fatal_plr
8858dbe2442ec355,melee_character_vestlight_heavy_steel_alt_2_hit_npc
43fd50e2ada2a7fc,melee_character_vestlight_heavy_steel_alt_2_hit_plr
3e05d28378b2b7ed,melee_character_vestlight_heavy_steel_alt_3_fatal_npc
70fcb7839547bf34,melee_character_vestlight_heavy_steel_alt_3_fatal_plr
de08efed52d51c3e,melee_character_vestlight_heavy_steel_alt_3_hit_npc
cc569eed48b3efc3,melee_character_vestlight_heavy_steel_alt_3_hit_plr
b96f2da824c16a56,melee_character_vestlight_heavy_steel_pri_0_fatal_npc
1dc84ca7ccaaeadb,melee_character_vestlight_heavy_steel_pri_0_fatal_plr
dde4a41002e56f21,melee_character_vestlight_heavy_steel_pri_0_hit_npc
54fbd11045bb7c28,melee_character_vestlight_heavy_steel_pri_0_hit_plr
b38f393fca453889,melee_character_vestlight_heavy_steel_pri_1_fatal_npc
b800f6405df3c190,melee_character_vestlight_heavy_steel_pri_1_fatal_plr
99b92e42f65a71a,melee_character_vestlight_heavy_steel_pri_1_hit_npc
c88af9e49ba5d53f,melee_character_vestlight_heavy_steel_pri_1_hit_plr
d7300403744efbb8,melee_character_vestlight_heavy_steel_pri_2_fatal_npc
b6f72f03f2a68459,melee_character_vestlight_heavy_steel_pri_2_fatal_plr
7ab6216f0f53010f,melee_character_vestlight_heavy_steel_pri_2_hit_npc
53e26ec9b0742a,melee_character_vestlight_heavy_steel_pri_2_hit_plr
6d670b6e4495142b,melee_character_vestlight_heavy_steel_pri_3_fatal_npc
c413a46e75b0ea26,melee_character_vestlight_heavy_steel_pri_3_fatal_plr
8e0a6c632d7ac0c8,melee_character_vestlight_heavy_steel_pri_3_hit_npc
5b9c5763115ab489,melee_character_vestlight_heavy_steel_pri_3_hit_plr
19dfcaa460007e52,melee_character_vestlight_light_polymer_alt_0_fatal_npc
4c4de1a47c208df7,melee_character_vestlight_light_polymer_alt_0_fatal_plr
ddf64ea8b973cf2d,melee_character_vestlight_light_polymer_alt_0_hit_npc
145333a8d8ebff74,melee_character_vestlight_light_polymer_alt_0_hit_plr
c578017872dd93f5,melee_character_vestlight_light_polymer_alt_1_fatal_npc
84837678df36549c,melee_character_vestlight_light_polymer_alt_1_fatal_plr
cc7c7241c2d248f6,melee_character_vestlight_light_polymer_alt_1_hit_npc
30d591416abbc97b,melee_character_vestlight_light_polymer_alt_1_hit_plr
43d82355519bc584,melee_character_vestlight_light_polymer_alt_2_fatal_npc
df7e0655a9b09565,melee_character_vestlight_light_polymer_alt_2_fatal_plr
a17e557d8c74fc2b,melee_character_vestlight_light_polymer_alt_2_hit_npc
f82aee7dbd90d226,melee_character_vestlight_light_polymer_alt_2_hit_plr
cf3baa2b2be05047,melee_character_vestlight_light_polymer_alt_3_fatal_npc
ce4bbb2a9b2d1602,melee_character_vestlight_light_polymer_alt_3_fatal_plr
291555cf6b83a984,melee_character_vestlight_light_polymer_alt_3_hit_npc
c4bb38cfc3987965,melee_character_vestlight_light_polymer_alt_3_hit_plr
f3541438983f0820,melee_character_vestlight_light_polymer_pri_0_fatal_npc
3463af382bfd2a61,melee_character_vestlight_light_polymer_pri_0_fatal_plr
e5368fe272941927,melee_character_vestlight_light_polymer_pri_0_hit_npc
e0dfa0e1defc02e2,melee_character_vestlight_light_polymer_pri_0_hit_plr
c5dd719d93a846d3,melee_character_vestlight_light_polymer_pri_1_fatal_npc
a611ba9e125cd44e,melee_character_vestlight_light_polymer_pri_1_fatal_plr
6f2a9c59c12c220,melee_character_vestlight_light_polymer_pri_1_hit_npc
480244c52fd0e461,melee_character_vestlight_light_polymer_pri_1_hit_plr
81113b727c7419de,melee_character_vestlight_light_polymer_pri_2_fatal_npc
6f5eea727252ed63,melee_character_vestlight_light_polymer_pri_2_fatal_plr
5d50b9807c671979,melee_character_vestlight_light_polymer_pri_2_hit_npc
4b4d76807201ada0,melee_character_vestlight_light_polymer_pri_2_hit_plr
c547604693c63731,melee_character_vestlight_light_polymer_pri_3_fatal_npc
26c28d4639404018,melee_character_vestlight_light_polymer_pri_3_fatal_plr
ecdb5277e9711772,melee_character_vestlight_light_polymer_pri_3_hit_npc
1f49697805912717,melee_character_vestlight_light_polymer_pri_3_hit_plr
9057803c45ca6457,melee_character_vestlight_light_steel_alt_0_fatal_npc
a275d13c5046afb2,melee_character_vestlight_light_steel_alt_0_fatal_plr
3a360dc2c4351114,melee_character_vestlight_light_steel_alt_0_hit_npc
c2cdb0c2811a5b55,melee_character_vestlight_light_steel_alt_0_hit_plr
f6d413def1aadd14,melee_character_vestlight_light_steel_alt_1_fatal_npc
7f6bb6deae902755,melee_character_vestlight_light_steel_alt_1_fatal_plr
e6c467fc8a7688bb,melee_character_vestlight_light_steel_alt_1_hit_npc
26fac0fc1d7c4a16,melee_character_vestlight_light_steel_alt_1_hit_plr
aec6e21daccc9305,melee_character_vestlight_light_steel_alt_2_fatal_npc
5835571d7bc79c8c,melee_character_vestlight_light_steel_alt_2_fatal_plr
4d1240e234459b46,melee_character_vestlight_light_steel_alt_2_hit_npc
c7e19fe27a45306b,melee_character_vestlight_light_steel_alt_2_hit_plr
7898cc577b1c55a2,melee_character_vestlight_light_steel_alt_3_fatal_npc
956ba356f9e1a767,melee_character_vestlight_light_steel_alt_3_fatal_plr
d987bc707ec1717d,melee_character_vestlight_light_steel_alt_3_hit_npc
f608a16ffd40d0e4,melee_character_vestlight_light_steel_alt_3_hit_plr
a274cde89de69d1d,melee_character_vestlight_light_steel_pri_0_fatal_npc
c25bb2e81f492584,melee_character_vestlight_light_steel_pri_0_fatal_plr
432a387b24a3eeae,melee_character_vestlight_light_steel_pri_0_hit_npc
4714e77bb7e07953,melee_character_vestlight_light_steel_pri_0_hit_plr
8f3628c8cc0a4eba,melee_character_vestlight_light_steel_pri_1_fatal_npc
4e258fc9384a7cdf,melee_character_vestlight_light_steel_pri_1_fatal_plr
751d6cfa211dd845,melee_character_vestlight_light_steel_pri_1_hit_npc
1e8be1f9f018e1cc,melee_character_vestlight_light_steel_pri_1_hit_plr
aafe7bbf946f002f,melee_character_vestlight_light_steel_pri_2_fatal_npc
309c3cbf4ecc734a,melee_character_vestlight_light_steel_pri_2_fatal_plr
176f7cf0e2ae96fc,melee_character_vestlight_light_steel_pri_2_hit_npc
2921cff0eccfc6dd,melee_character_vestlight_light_steel_pri_2_hit_plr
4d0c4ff34342a1ac,melee_character_vestlight_light_steel_pri_3_fatal_npc
4922a2f2b007cd6d,melee_character_vestlight_light_steel_pri_3_fatal_plr
bb429566b1679303,melee_character_vestlight_light_steel_pri_3_hit_npc
88669e6694e934de,melee_character_vestlight_light_steel_pri_3_hit_plr
c70582a0bee98448,melee_character_vestlight_massive_polymer_alt_0_fatal_npc
94976da0a2c97809,melee_character_vestlight_massive_polymer_alt_0_fatal_plr
b0b6cbb5d19ab29f,melee_character_vestlight_massive_polymer_alt_0_hit_npc
4bf0ccb62954969a,melee_character_vestlight_massive_polymer_alt_0_hit_plr
8a8a47e6bdc1517b,melee_character_vestlight_massive_polymer_alt_1_fatal_npc
ce27a0e653abeed6,melee_character_vestlight_massive_polymer_alt_1_fatal_plr
e2851e05eca02b18,melee_character_vestlight_massive_polymer_alt_1_hit_npc
c24d49066af966b9,melee_character_vestlight_massive_polymer_alt_1_hit_plr
bc908c7e882435a6,melee_character_vestlight_massive_polymer_alt_2_fatal_npc
33f8eb7ecb3eeecb,melee_character_vestlight_massive_polymer_alt_2_fatal_plr
a0c338bef55eb7f1,melee_character_vestlight_massive_polymer_alt_2_hit_npc
5a465be9dbbe9d8,melee_character_vestlight_massive_polymer_alt_2_hit_plr
ec9f6ad2350a2819,melee_character_vestlight_massive_polymer_alt_3_fatal_npc
da9c27d22aa4bc40,melee_character_vestlight_massive_polymer_alt_3_fatal_plr
36eff60b38672aaa,melee_character_vestlight_massive_polymer_alt_3_hit_npc
e0435d0b074b54af,melee_character_vestlight_massive_polymer_alt_3_hit_plr
fab35815c12678b2,melee_character_vestlight_massive_polymer_pri_0_fatal_npc
30886f15e02b6457,melee_character_vestlight_massive_polymer_pri_0_fatal_plr
af7408d0771fd58d,melee_character_vestlight_massive_polymer_pri_0_hit_npc
e26aedd093b4dcd4,melee_character_vestlight_massive_polymer_pri_0_hit_plr
a8f8fe674a2c1e55,melee_character_vestlight_massive_polymer_pri_1_fatal_npc
649d7367b3a002fc,melee_character_vestlight_massive_polymer_pri_1_fatal_plr
efba7795725f3d56,melee_character_vestlight_massive_polymer_pri_1_hit_npc
541396951a48bddb,melee_character_vestlight_massive_polymer_pri_1_hit_plr
e59cb4698f2d1264,melee_character_vestlight_massive_polymer_pri_2_fatal_npc
81439769e7439545,melee_character_vestlight_massive_polymer_pri_2_fatal_plr
d7e09c9b6421e90b,melee_character_vestlight_massive_polymer_pri_2_hit_npc
2e8d359b953dbf06,melee_character_vestlight_massive_polymer_pri_2_hit_plr
602c25585b1db627,melee_character_vestlight_massive_polymer_pri_3_fatal_npc
5bd53657c7859fe2,melee_character_vestlight_massive_polymer_pri_3_fatal_plr
2ab3011fddb61164,melee_character_vestlight_massive_polymer_pri_3_hit_npc
c659e42035cc9445,melee_character_vestlight_massive_polymer_pri_3_hit_plr
5816e9f2065b7789,melee_character_vestlight_massive_steel_alt_0_fatal_npc
5c88a6f29a0a0090,melee_character_vestlight_massive_steel_alt_0_fatal_plr
282c0a5a8168ce1a,melee_character_vestlight_massive_steel_alt_0_hit_npc
e71b715aeda8fc3f,melee_character_vestlight_massive_steel_alt_0_hit_plr
5df6de5a60d7a956,melee_character_vestlight_massive_steel_alt_1_fatal_npc
c24ffd5a08c129db,melee_character_vestlight_massive_steel_alt_1_fatal_plr
fc751b8654e89621,melee_character_vestlight_massive_steel_alt_1_hit_npc
738c488697bea328,melee_character_vestlight_massive_steel_alt_1_hit_plr
11eebc2080ab532b,melee_character_vestlight_massive_steel_alt_2_fatal_npc
689b5520b1c72926,melee_character_vestlight_massive_steel_alt_2_fatal_plr
ac9ae3d97f7de7c8,melee_character_vestlight_massive_steel_alt_2_hit_npc
7a2cced9635ddb89,melee_character_vestlight_massive_steel_alt_2_hit_plr
7bb7b4b5b0653ab8,melee_character_vestlight_massive_steel_alt_3_fatal_npc
5b7edfb62ebcc359,melee_character_vestlight_massive_steel_alt_3_fatal_plr
994698e56156280f,melee_character_vestlight_massive_steel_alt_3_hit_npc
1ee459e51bb39b2a,melee_character_vestlight_massive_steel_alt_3_hit_plr
1806fa0f2bcce133,melee_character_vestlight_massive_steel_pri_0_fatal_npc
fba1430fad6497ae,melee_character_vestlight_massive_steel_pri_0_fatal_plr
22f1bc2fbd5a9480,melee_character_vestlight_massive_steel_pri_0_hit_npc
6402572f511a69c1,melee_character_vestlight_massive_steel_pri_0_hit_plr
31d97bcde2a1580,melee_character_vestlight_massive_steel_pri_1_fatal_npc
442e32bc71e9eac1,melee_character_vestlight_massive_steel_pri_1_fatal_plr
41ecda1f44f18407,melee_character_vestlight_massive_steel_pri_1_hit_npc
3d95eb1eb1596dc2,melee_character_vestlight_massive_steel_pri_1_hit_plr
93c2c48289026991,melee_character_vestlight_massive_steel_pri_2_fatal_npc
f8a3f182315f9b78,melee_character_vestlight_massive_steel_pri_2_fatal_plr
deca6f8e3e3768d2,melee_character_vestlight_massive_steel_pri_2_hit_npc
1138868e5a577877,melee_character_vestlight_massive_steel_pri_2_hit_plr
8ed9947e5dd84b3e,melee_character_vestlight_massive_steel_pri_3_fatal_npc
7d27437e53b71ec3,melee_character_vestlight_massive_steel_pri_3_fatal_plr
7215aa7d287230d9,melee_character_vestlight_massive_steel_pri_3_hit_npc
6011677d1e0b1200,melee_character_vestlight_massive_steel_pri_3_hit_plr
c0ee9aa039792676,melee_character_vestlight_medium_other_alt_0_fatal_plr
df3c708a519b6a38,melee_character_vestlight_medium_other_alt_0_hit_npc
bf039b8acff2f2d9,melee_character_vestlight_medium_other_alt_0_hit_plr
1d0909c5eda09ca9,melee_character_vestlight_medium_other_alt_1_fatal_plr
15be694bbeb910bf,melee_character_vestlight_medium_other_alt_1_hit_npc
b0f86a4c1672f4ba,melee_character_vestlight_medium_other_alt_1_hit_plr
38f1425f2a135c60,melee_character_vestlight_medium_other_alt_2_fatal_plr
a1dc830589b43ca,melee_character_vestlight_medium_other_alt_2_hit_npc
b3722f30278120cf,melee_character_vestlight_medium_other_alt_2_hit_plr
7f46621a87964e6b,melee_character_vestlight_medium_other_alt_3_fatal_plr
183313f3ecdb9d11,melee_character_vestlight_medium_other_alt_3_hit_npc
7d1440f39538cef8,melee_character_vestlight_medium_other_alt_3_hit_plr
5c5e513e130e0908,melee_character_vestlight_medium_other_pri_0_fatal_plr
8c2f179255525c02,melee_character_vestlight_medium_other_pri_0_hit_npc
ac66ee91d6f923c7,melee_character_vestlight_medium_other_pri_0_hit_plr
dfb7af50f2266fd3,melee_character_vestlight_medium_other_pri_1_fatal_plr
7d6fcf3c5266acc9,melee_character_vestlight_medium_other_pri_1_hit_npc
81e28c3ce616e8d0,melee_character_vestlight_medium_other_pri_1_hit_plr
b0e9d6f92395fdfe,melee_character_vestlight_medium_other_pri_2_fatal_plr
b4da79d8c9bf9ab0,melee_character_vestlight_medium_other_pri_2_hit_npc
b8714d8fadb7411,melee_character_vestlight_medium_other_pri_2_hit_plr
7e42364d18639d91,melee_character_vestlight_medium_other_pri_3_fatal_plr
ed0a10f486f80e37,melee_character_vestlight_medium_other_pri_3_hit_npc
ff2861f491745992,melee_character_vestlight_medium_other_pri_3_hit_plr
680b8752d7ca518f,melee_character_vestlight_medium_polymer_alt_0_fatal_npc
eda948529227c4aa,melee_character_vestlight_medium_polymer_alt_0_fatal_plr
12cf9a4df91edadc,melee_character_vestlight_medium_polymer_alt_0_hit_npc
2481ed4e03400abd,melee_character_vestlight_medium_polymer_alt_0_hit_plr
8baa6b76360b50c,melee_character_vestlight_medium_polymer_alt_1_fatal_npc
4d0f9b6d025e0cd,melee_character_vestlight_medium_polymer_alt_1_fatal_plr
a68841b5d8d7863,melee_character_vestlight_medium_polymer_alt_1_hit_npc
d78d8d1b4110cd3e,melee_character_vestlight_medium_polymer_alt_1_hit_plr
2afa5f8d15f6747d,melee_character_vestlight_medium_polymer_alt_2_fatal_npc
477b448c9475d3e4,melee_character_vestlight_medium_polymer_alt_2_fatal_plr
b60b3a2d4f23100e,melee_character_vestlight_medium_polymer_alt_2_hit_npc
b9f4e92de25de7b3,melee_character_vestlight_medium_polymer_alt_2_hit_plr
ac886265304c491a,melee_character_vestlight_medium_polymer_alt_3_fatal_npc
6b77c9659c8c773f,melee_character_vestlight_medium_polymer_alt_3_fatal_plr
f31a05d1bfe90ba5,melee_character_vestlight_medium_polymer_alt_3_hit_npc
9c887ad18ee4152c,melee_character_vestlight_medium_polymer_alt_3_hit_plr
86cdeeb138a4b615,melee_character_vestlight_medium_polymer_pri_0_fatal_npc
45d963b1a4fd76bc,melee_character_vestlight_medium_polymer_pri_0_fatal_plr
a6d887566d090e16,melee_character_vestlight_medium_polymer_pri_0_hit_npc
b32a65614f4419b,melee_character_vestlight_medium_polymer_pri_0_hit_plr
942718f9f8dea772,melee_character_vestlight_medium_polymer_pri_1_fatal_npc
c6952ffa14feb717,melee_character_vestlight_medium_polymer_pri_1_fatal_plr
caf5eeae6f4f414d,melee_character_vestlight_medium_polymer_pri_1_hit_npc
fdebd3ae8be29594,melee_character_vestlight_medium_polymer_pri_1_hit_plr
3f02445c8d9410e7,melee_character_vestlight_medium_polymer_pri_2_fatal_npc
3aab555bf9fbfaa2,melee_character_vestlight_medium_polymer_pri_2_fatal_plr
2fb819e6dcc9e224,melee_character_vestlight_medium_polymer_pri_2_hit_npc
cb5efce734e06505,melee_character_vestlight_medium_polymer_pri_2_hit_plr
d559f07ea7586a24,melee_character_vestlight_medium_polymer_pri_3_fatal_npc
7100d37eff6eed05,melee_character_vestlight_medium_polymer_pri_3_fatal_plr
f89a796e6d0580cb,melee_character_vestlight_medium_polymer_pri_3_hit_npc
4f47126e9e2156c6,melee_character_vestlight_medium_polymer_pri_3_hit_plr
8bb4c805df8f5236,melee_character_vestlight_medium_steel_alt_0_fatal_npc
f00de7058778d2bb,melee_character_vestlight_medium_steel_alt_0_fatal_plr
85d0cb085fc91b81,melee_character_vestlight_medium_steel_alt_0_hit_npc
4df808a5825188,melee_character_vestlight_medium_steel_alt_0_hit_plr
8b13d3d77b1845e9,melee_character_vestlight_medium_steel_alt_1_fatal_npc
8f8590d80ec6cef0,melee_character_vestlight_medium_steel_alt_1_fatal_plr
cfef92bd6dd480fa,melee_character_vestlight_medium_steel_alt_1_hit_npc
8edff9bdda16621f,melee_character_vestlight_medium_steel_alt_1_hit_plr
9648d9da64a47518,melee_character_vestlight_medium_steel_alt_2_fatal_npc
761104dae2fdb0b9,melee_character_vestlight_medium_steel_alt_2_fatal_plr
41b2f2a4ce5cb66f,melee_character_vestlight_medium_steel_alt_2_hit_npc
c750b3a488ba298a,melee_character_vestlight_medium_steel_alt_2_hit_plr
78afbb22f587d8b,melee_character_vestlight_medium_steel_alt_3_fatal_npc
5e3794b260745386,melee_character_vestlight_medium_steel_alt_3_fatal_plr
2f876dddb01df8a8,melee_character_vestlight_medium_steel_alt_3_hit_npc
fd1958dd93fdec69,melee_character_vestlight_medium_steel_alt_3_hit_plr
d37040fa67cba094,melee_character_vestlight_medium_steel_pri_0_fatal_npc
5c07e3fa24b0ead5,melee_character_vestlight_medium_steel_pri_0_fatal_plr
8d0e99215dd9203b,melee_character_vestlight_medium_steel_pri_0_hit_npc
cd44f220f0dee196,melee_character_vestlight_medium_steel_pri_0_hit_plr
6cf3ad57bbeb27d7,melee_character_vestlight_medium_steel_pri_1_fatal_npc
7f11fe57c6677332,melee_character_vestlight_medium_steel_pri_1_fatal_plr
e0803ee79797a894,melee_character_vestlight_medium_steel_pri_1_hit_npc
6917e1e7547cf2d5,melee_character_vestlight_medium_steel_pri_1_hit_plr
5534f972f13d1922,melee_character_vestlight_medium_steel_pri_2_fatal_npc
7207d07270026ae7,melee_character_vestlight_medium_steel_pri_2_fatal_plr
7fd1ed95522408fd,melee_character_vestlight_medium_steel_pri_2_hit_npc
9c52d294d0a36864,melee_character_vestlight_medium_steel_pri_2_hit_plr
8b630f3922ed5685,melee_character_vestlight_medium_steel_pri_3_fatal_npc
34d18438f1e8600c,melee_character_vestlight_medium_steel_pri_3_fatal_plr
f35c720707a832c6,melee_character_vestlight_medium_steel_pri_3_hit_npc
6e2bd1074da7c7eb,melee_character_vestlight_medium_steel_pri_3_hit_plr
3e67e91eb0f791f6,melee_character_vestlight_piercing_other_alt_0_fatal_plr
2bffabbe910b69b8,melee_character_vestlight_piercing_other_alt_0_hit_npc
bc6d6bf0f62f259,melee_character_vestlight_piercing_other_alt_0_hit_plr
9a825844651f0829,melee_character_vestlight_piercing_other_alt_1_fatal_plr
6281a47ffe29103f,melee_character_vestlight_piercing_other_alt_1_hit_npc
fdbba58055e2f43a,melee_character_vestlight_piercing_other_alt_1_hit_plr
b66a90dda191c7e0,melee_character_vestlight_piercing_other_alt_2_fatal_plr
56e10364980b434a,melee_character_vestlight_piercing_other_alt_2_hit_npc
356a6466f1204f,melee_character_vestlight_piercing_other_alt_2_hit_plr
fcbfb098ff14b9eb,melee_character_vestlight_piercing_other_alt_3_fatal_plr
64f64f282c4b9c91,melee_character_vestlight_piercing_other_alt_3_hit_npc
c9d77c27d4a8ce78,melee_character_vestlight_piercing_other_alt_3_hit_plr
d9d79fbc8a8c7488,melee_character_vestlight_piercing_other_pri_0_fatal_plr
d8f252c694c25b82,melee_character_vestlight_piercing_other_pri_0_hit_npc
f92a29c616692347,melee_character_vestlight_piercing_other_pri_0_hit_plr
5d30fdcf69a4db53,melee_character_vestlight_piercing_other_pri_1_fatal_plr
ca330a7091d6ac49,melee_character_vestlight_piercing_other_pri_1_hit_npc
cea5c7712586e850,melee_character_vestlight_piercing_other_pri_1_hit_plr
2e6325779b14697e,melee_character_vestlight_piercing_other_pri_2_fatal_plr
19db50d092f9a30,melee_character_vestlight_piercing_other_pri_2_hit_npc
584a500d3a4b7391,melee_character_vestlight_piercing_other_pri_2_hit_plr
fbbb84cb8fe20911,melee_character_vestlight_piercing_other_pri_3_fatal_plr
39cd4c28c6680db7,melee_character_vestlight_piercing_other_pri_3_hit_npc
4beb9d28d0e45912,melee_character_vestlight_piercing_other_pri_3_hit_plr
4f652c85eb5c090f,melee_character_vestlight_piercing_polymer_alt_0_fatal_npc
d502ed85a5b97c2a,melee_character_vestlight_piercing_polymer_alt_0_fatal_plr
9048e8cc709d465c,melee_character_vestlight_piercing_polymer_alt_0_hit_npc
a1fb3bcc7abe763d,melee_character_vestlight_piercing_polymer_alt_0_hit_plr
f0144bea76f26c8c,melee_character_vestlight_piercing_polymer_alt_1_fatal_npc
ec2a9ee9e3b7984d,melee_character_vestlight_piercing_polymer_alt_1_fatal_plr
87e1d299d50be3e3,melee_character_vestlight_piercing_polymer_alt_1_hit_npc
5506db99b88f38be,melee_character_vestlight_piercing_polymer_alt_1_hit_plr
125404c029882bfd,melee_character_vestlight_piercing_polymer_alt_2_fatal_npc
2ed4e9bfa8078b64,melee_character_vestlight_piercing_polymer_alt_2_fatal_plr
338488abc6a17b8e,melee_character_vestlight_piercing_polymer_alt_2_hit_npc
376e37ac59dc5333,melee_character_vestlight_piercing_polymer_alt_2_hit_plr
93e2079843de009a,melee_character_vestlight_piercing_polymer_alt_3_fatal_npc
52d16e98b01e2ebf,melee_character_vestlight_piercing_polymer_alt_3_fatal_plr
7093545037677725,melee_character_vestlight_piercing_polymer_alt_3_hit_npc
1a01c950066280ac,melee_character_vestlight_piercing_polymer_alt_3_hit_plr
6e2793e44c366d95,melee_character_vestlight_piercing_polymer_pri_0_fatal_npc
2d3308e4b88f2e3c,melee_character_vestlight_piercing_polymer_pri_0_fatal_plr
2451d5d4e4877996,melee_character_vestlight_piercing_polymer_pri_0_hit_npc
88abf4d48c72ad1b,melee_character_vestlight_piercing_polymer_pri_0_hit_plr
7b80be2d0c705ef2,melee_character_vestlight_piercing_polymer_pri_1_fatal_npc
adeed52d28906e97,melee_character_vestlight_piercing_polymer_pri_1_fatal_plr
486f3d2ce6cdaccd,melee_character_vestlight_piercing_polymer_pri_1_hit_npc
7b65222d03610114,melee_character_vestlight_piercing_polymer_pri_1_hit_plr
265be98fa125c867,melee_character_vestlight_piercing_polymer_pri_2_fatal_npc
2204fa8f0d8db222,melee_character_vestlight_piercing_polymer_pri_2_fatal_plr
ad31686554484da4,melee_character_vestlight_piercing_polymer_pri_2_hit_npc
48d84b65ac5ed085,melee_character_vestlight_piercing_polymer_pri_2_hit_plr
bcb395b1baea21a4,melee_character_vestlight_piercing_polymer_pri_3_fatal_npc
585a78b21300a485,melee_character_vestlight_piercing_polymer_pri_3_fatal_plr
7613c7ece483ec4b,melee_character_vestlight_piercing_polymer_pri_3_hit_npc
ccc060ed159fc246,melee_character_vestlight_piercing_polymer_pri_3_hit_plr
92e1684570dbdb6,melee_character_vestlight_piercing_steel_alt_0_fatal_npc
6d873583fef73e3b,melee_character_vestlight_piercing_steel_alt_0_fatal_plr
d294063c9f391b01,melee_character_vestlight_piercing_steel_alt_0_hit_npc
4d11333ce4f25108,melee_character_vestlight_piercing_steel_alt_0_hit_plr
88d2255f296b169,melee_character_vestlight_piercing_steel_alt_1_fatal_npc
cfedf5686453a70,melee_character_vestlight_piercing_steel_alt_1_fatal_plr
1cb2cdf1ad44807a,melee_character_vestlight_piercing_steel_alt_1_hit_npc
dba334f21986619f,melee_character_vestlight_piercing_steel_alt_1_hit_plr
13c22858dc22e098,melee_character_vestlight_piercing_steel_alt_2_fatal_npc
f38a53595a7c1c39,melee_character_vestlight_piercing_steel_alt_2_fatal_plr
8e762dd90dccb5ef,melee_character_vestlight_piercing_steel_alt_2_hit_npc
1413eed8c82a290a,melee_character_vestlight_piercing_steel_alt_2_hit_plr
85044a30a6d6e90b,melee_character_vestlight_piercing_steel_alt_3_fatal_npc
dbb0e330d7f2bf06,melee_character_vestlight_piercing_steel_alt_3_fatal_plr
7c4aa911ef8df828,melee_character_vestlight_piercing_steel_alt_3_hit_npc
49dc9411d36debe9,melee_character_vestlight_piercing_steel_alt_3_hit_plr
50e98f78df4a0c14,melee_character_vestlight_piercing_steel_pri_0_fatal_npc
d98132789c2f5655,melee_character_vestlight_piercing_steel_pri_0_fatal_plr
d9d1d4559d491fbb,melee_character_vestlight_piercing_steel_pri_0_hit_npc
1a082d55304ee116,melee_character_vestlight_piercing_steel_pri_0_hit_plr
ea6cfbd633699357,melee_character_vestlight_piercing_steel_pri_1_fatal_npc
fc8b4cd63de5deb2,melee_character_vestlight_piercing_steel_pri_1_fatal_plr
2d437a1bd707a814,melee_character_vestlight_piercing_steel_pri_1_hit_npc
b5db1d1b93ecf255,melee_character_vestlight_piercing_steel_pri_1_hit_plr
d2ae47f168bb84a2,melee_character_vestlight_piercing_steel_pri_2_fatal_npc
ef811ef0e780d667,melee_character_vestlight_piercing_steel_pri_2_fatal_plr
cc9528c99194087d,melee_character_vestlight_piercing_steel_pri_2_hit_npc
e9160dc9101367e4,melee_character_vestlight_piercing_steel_pri_2_hit_plr
8dc5db79a6bc205,melee_character_vestlight_piercing_steel_pri_3_fatal_npc
b24ad2b76966cb8c,melee_character_vestlight_piercing_steel_pri_3_fatal_plr
401fad3b47183246,melee_character_vestlight_piercing_steel_pri_3_hit_npc
baef0c3b8d17c76b,melee_character_vestlight_piercing_steel_pri_3_hit_plr
bd1a4d709f70a507,melee_character_vestlight_slashing_polymer_alt_0_fatal_npc
b8c35e700bd88ec2,melee_character_vestlight_slashing_polymer_alt_0_fatal_plr
8dc6babd251c5c44,melee_character_vestlight_slashing_polymer_alt_0_hit_npc
296d9dbd7d32df25,melee_character_vestlight_slashing_polymer_alt_0_hit_plr
891ac365a91c5044,melee_character_vestlight_slashing_polymer_alt_1_fatal_npc
24c1a6660132d325,melee_character_vestlight_slashing_polymer_alt_1_fatal_plr
3af45638ab8833eb,melee_character_vestlight_slashing_polymer_alt_1_hit_npc
919fef38dca256e6,melee_character_vestlight_slashing_polymer_alt_1_hit_plr
fbb98296c9dcedb5,melee_character_vestlight_slashing_polymer_alt_2_fatal_npc
bac3f7973633fb5c,melee_character_vestlight_slashing_polymer_alt_2_fatal_plr
6bcedf9b33e6b0b6,melee_character_vestlight_slashing_polymer_alt_2_hit_npc
d027fe9adbd0313b,melee_character_vestlight_slashing_polymer_alt_2_hit_plr
f5fadfc893dcba12,melee_character_vestlight_slashing_polymer_alt_3_fatal_npc
2bcff6c8b2e1a5b7,melee_character_vestlight_slashing_polymer_alt_3_fatal_plr
8feb46f3362b30ed,melee_character_vestlight_slashing_polymer_alt_3_hit_npc
c2e22bf352c03834,melee_character_vestlight_slashing_polymer_alt_3_hit_plr
8bdc1ef11209196d,melee_character_vestlight_slashing_polymer_pri_0_fatal_npc
bed303f12e9e20b4,melee_character_vestlight_slashing_polymer_pri_0_fatal_plr
9c28b9cbc4221be,melee_character_vestlight_slashing_polymer_pri_0_hit_npc
f8103a9cb220f543,melee_character_vestlight_slashing_polymer_pri_0_hit_plr
9fc10e101a21094a,melee_character_vestlight_slashing_polymer_pri_1_fatal_npc
4915750fe906e64f,melee_character_vestlight_slashing_polymer_pri_1_fatal_plr
b4127791ad9bc8d5,melee_character_vestlight_slashing_polymer_pri_1_hit_npc
6fb6ec92170fad7c,melee_character_vestlight_slashing_polymer_pri_1_hit_plr
419d202154d981bf,melee_character_vestlight_slashing_polymer_pri_2_fatal_npc
dcd72121ac9365ba,melee_character_vestlight_slashing_polymer_pri_2_fatal_plr
3eca86bf48aa828c,melee_character_vestlight_slashing_polymer_pri_2_hit_npc
3ae0d9beb56fae4d,melee_character_vestlight_slashing_polymer_pri_2_hit_plr
59b3742d28bc0afc,melee_character_vestlight_slashing_polymer_pri_3_fatal_npc
6b65c72d32dd3add,melee_character_vestlight_slashing_polymer_pri_3_fatal_plr
5c0e378140d44993,melee_character_vestlight_slashing_polymer_pri_3_hit_npc
3c428081bf88d70e,melee_character_vestlight_slashing_polymer_pri_3_hit_plr
755e1cb4cbcab13e,melee_character_vestlight_slashing_steel_alt_0_fatal_npc
63abcbb4c1a984c3,melee_character_vestlight_slashing_steel_alt_0_fatal_plr
c70b7dd8d8f426d9,melee_character_vestlight_slashing_steel_alt_0_hit_npc
b5073ad8ce8d0800,melee_character_vestlight_slashing_steel_alt_0_hit_plr
7a474cb8f6f4cf91,melee_character_vestlight_slashing_steel_alt_1_fatal_npc
df2879b89f520178,melee_character_vestlight_slashing_steel_alt_1_fatal_plr
33c042e9eeb95ed2,melee_character_vestlight_slashing_steel_alt_1_hit_npc
662e59ea0ad96e77,melee_character_vestlight_slashing_steel_alt_1_hit_plr
e9a21ff34c1c7b80,melee_character_vestlight_slashing_steel_alt_2_fatal_npc
2ab2baf2dfdc50c1,melee_character_vestlight_slashing_steel_alt_2_fatal_plr
96e2ad7af5737a07,melee_character_vestlight_slashing_steel_alt_2_hit_npc
928bbe7a61db63c2,melee_character_vestlight_slashing_steel_alt_2_hit_plr
fe8b824599bf4733,melee_character_vestlight_slashing_steel_alt_3_fatal_npc
e225cb461b56fdae,melee_character_vestlight_slashing_steel_alt_3_fatal_plr
77e78f8b6ddc8a80,melee_character_vestlight_slashing_steel_alt_3_hit_npc
b8f82a8b019c5fc1,melee_character_vestlight_slashing_steel_alt_3_hit_plr
3253899ff881b3bc,melee_character_vestlight_slashing_steel_pri_0_fatal_npc
4405dca002a2e39d,melee_character_vestlight_slashing_steel_pri_0_fatal_plr
9d4f59a3c30dc653,melee_character_vestlight_slashing_steel_pri_0_hit_npc
7d83a2a441c253ce,melee_character_vestlight_slashing_steel_pri_0_hit_plr
23d40ee63b4c4d7f,melee_character_vestlight_slashing_steel_pri_1_fatal_npc
c2740fe695e95a7a,melee_character_vestlight_slashing_steel_pri_1_fatal_plr
1fb1486e118cde4c,melee_character_vestlight_slashing_steel_pri_1_hit_npc
1bc79b6d7e520a0d,melee_character_vestlight_slashing_steel_pri_1_hit_plr
86e26f4e10b4960a,melee_character_vestlight_slashing_steel_pri_2_fatal_npc
3035d64ddf98c00f,melee_character_vestlight_slashing_steel_pri_2_fatal_plr
998e6f31f5875b95,melee_character_vestlight_slashing_steel_pri_2_hit_npc
5899e43261e01c3c,melee_character_vestlight_slashing_steel_pri_2_hit_plr
15b4e333c112d72d,melee_character_vestlight_slashing_steel_pri_3_fatal_npc
4c11c833e08b0774,melee_character_vestlight_slashing_steel_pri_3_fatal_plr
fdc01a627b5cef7e,melee_character_vestlight_slashing_steel_pri_3_hit_npc
ec0ec962713d7603,melee_character_vestlight_slashing_steel_pri_3_hit_plr
50bd5dfec0b38917,melee_knife_custom_anim_01_01
50bd5efec0b38aca,melee_knife_custom_anim_01_02
50bd5ffec0b38c7d,melee_knife_custom_anim_01_03
50bd58fec0b38098,melee_knife_custom_anim_01_04
e37333eebd8c3864,melee_knife_custom_anim_01_gurgle
e66afa9622d0491f,melee_neck_break
23023bcd76d4f2ac,melee_punch
3a240cb86e251719,melee_punch_other
7db8d3b6feae96e2,melee_riotshield_impact
b951166015e5bfab,melee_riotshield_impact_plr
3cfa8914830613cb,melee_riotshield_other_plr
490a63f0ae7ac316,melee_riotshield_swing
52a2c4c415c6903f,melee_riotshield_swing_plr
c8a3e8e11a7f155b,melee_start_lower_plr
7085f23ba71946b2,melee_start_upper_plr
712a0ffb43cf7762,melee_swing_large
ae7eae9acaa58852,melee_swing_ps_large
11959e51a841cad6,melee_swing_small
af87104a880290ff,melee_takedown_body_grab
306e3c8e66ec8faf,melee_takedown_knife_attack_swing
cc015de898673b5e,melee_takedown_knife_slash_impact
7c3beaa4e3349f81,melee_takedown_knife_stab_impact
13b5113cea29fc04,melee_takedown_knife_stab_impact_throat
fc21a3c10d7887d3,melee_takedown_knife_stab_release_long
7b6b44973c9bfc75,melee_takedown_knife_stab_release_short
6cb2cc9aaf74e7f0,melee_takedown_knife_stab_throat_accent
98534acdacdd3e02,mine_betty_click
71022aa1b3037e0a,mine_betty_spin
cb35e77b43f75260,missile_incoming
fd5f8c33feca9320,motion_bounce
27816cd75e37bd72,motiontracker_ping
f46f96d7418c07f0,motiontracker_pong
95f29c0517be2b8,mount_enter_side_alpha50_vestlight_npc
17e4308cbfa83e7f,mount_enter_side_asierra12_vestlight_npc
e09c7338f0780b8b,mount_enter_side_augolf_vestlight_npc
88cb55e1ee50a7df,mount_enter_side_beta_vestlight_npc
f373f5e07f3d9453,mount_enter_side_charlie725_vestlight_npc
26148262ddfe0a50,mount_enter_side_cpapa_vestlight_npc
b19e79cd6792f24,mount_enter_side_decho_vestlight_npc
2acb07db72ba40cb,mount_enter_side_delta_vestlight_npc
a12434c2ce58553a,mount_enter_side_dpapa12_vestlight_npc
1924f09c46526847,mount_enter_side_falpha_vestlight_npc
87ae121b2c2f613c,mount_enter_side_golf21_vestlight_npc
aa004429d694fd17,mount_enter_side_hdromeo_vestlight_npc
95d2ad45d4a1cbf4,mount_enter_side_kilo121_vestlight_npc
3663ef43ed2c3c4,mount_enter_side_kilo433_vestlight_npc
7221254ff23ace21,mount_enter_side_kilo47_vestlight_npc
5e3572e5941cf169,mount_enter_side_kilo98_vestlight_npc
35df241eb72b8266,mount_enter_side_lima86_vestlight_npc
7290dba098d102f2,mount_enter_side_mcharlie_vestlight_npc
e43e170b3cf9db41,mount_enter_side_mgolf34_vestlight_npc
a171b715452de40a,mount_enter_side_mike14_vestlight_npc
8d768f2c92e73fdb,mount_enter_side_mike1911_vestlight_npc
2a73bf63f5eff3cf,mount_enter_side_mike4_vestlight_npc
4d44a5fdd09acae3,mount_enter_side_mpapa5_vestlight_npc
9892892a8558eb9,mount_enter_side_mpapa7_vestlight_npc
9b40acc58aa6ef4a,mount_enter_side_oscar12_vestlight_npc
7a5b8c809d2238f6,mount_enter_side_papa320_vestlight_npc
106c5b2cee7fe618,mount_enter_side_papa90_vestlight_npc
1fc71be7a63e9168,mount_enter_side_pkilo_vestlight_npc
b9e22037f87a25c4,mount_enter_side_romeo870_vestlight_npc
3d970bb4b0633e26,mount_enter_side_sbeta_vestlight_npc
71c1adf160ee9474,mount_enter_side_scharlie_vestlight_npc
b7d3eee4729e9708,mount_enter_side_uzulu_vestlight_npc
a0a3ef21709c7050,mount_enter_top_alpha50_vestlight_npc
e7481d7cf0596587,mount_enter_top_asierra12_vestlight_npc
455c16848cbe23d3,mount_enter_top_augolf_vestlight_npc
d729e5b1263c9907,mount_enter_top_beta_vestlight_npc
beff1fd1e542974b,mount_enter_top_charlie725_vestlight_npc
ca039c39e8a9d568,mount_enter_top_cpapa_vestlight_npc
fdf8adb6fdd64a3c,mount_enter_top_decho_vestlight_npc
7ee5864c256bf033,mount_enter_top_delta_vestlight_npc
29ac35462c4f6072,mount_enter_top_dpapa12_vestlight_npc
c85d3e5ff22389af,mount_enter_top_falpha_vestlight_npc
e03ddf4f146dd264,mount_enter_top_golf21_vestlight_npc
fa4a71ec0436f7af,mount_enter_top_hdromeo_vestlight_npc
7974e001ad3d620c,mount_enter_top_kilo121_vestlight_npc
edeaabe7a38598fc,mount_enter_top_kilo433_vestlight_npc
d2422c6c4ecaba09,mount_enter_top_kilo47_vestlight_npc
b1e662faf2cd2231,mount_enter_top_kilo98_vestlight_npc
a616080a22474b4e,mount_enter_top_lima86_vestlight_npc
5b1caa75c7e455ba,mount_enter_top_mcharlie_vestlight_npc
f558b5c4b58c89,mount_enter_top_mgolf34_vestlight_npc
2ba68211c0a8fda2,mount_enter_top_mike14_vestlight_npc
4f445e9a515b9423,mount_enter_top_mike1911_vestlight_npc
6ff17adebcf151d7,mount_enter_top_mike4_vestlight_npc
2ae7e32513ffe2fb,mount_enter_top_mpapa5_vestlight_npc
1b75539611032891,mount_enter_top_mpapa7_vestlight_npc
1210d68c4531be32,mount_enter_top_oscar12_vestlight_npc
2b1a19f88fdd97ce,mount_enter_top_papa320_vestlight_npc
c4eda8d0b73bce90,mount_enter_top_papa90_vestlight_npc
bb995e0cb907680,mount_enter_top_pkilo_vestlight_npc
bdeaf00c36024aac,mount_enter_top_romeo870_vestlight_npc
7a95991287064dfe,mount_enter_top_sbeta_vestlight_npc
688b6915bdbfa0c,mount_enter_top_scharlie_vestlight_npc
d834dbcfa9ddca60,mount_enter_top_uzulu_vestlight_npc
641186427ed86e5c,mount_exit_side_alpha50_vestlight_npc
b4ae170bdb273b6b,mount_exit_side_asierra12_vestlight_npc
ec08d641240c28bf,mount_exit_side_augolf_vestlight_npc
843a8285bb79d49b,mount_exit_side_beta_vestlight_npc
91428f1a2a7b78f,mount_exit_side_charlie725_vestlight_npc
7cb76c14a78830d4,mount_exit_side_cpapa_vestlight_npc
6c75bf45257c0920,mount_exit_side_decho_vestlight_npc
73d2ea67790c208f,mount_exit_side_delta_vestlight_npc
628347e383091046,mount_exit_side_dpapa12_vestlight_npc
75b0ee04570e9fe3,mount_exit_side_falpha_vestlight_npc
54a9365e71390958,mount_exit_side_golf21_vestlight_npc
c36cf472f04f6b93,mount_exit_side_hdromeo_vestlight_npc
12ea34d978c8ae18,mount_exit_side_kilo121_vestlight_npc
7b0b0deca1f387b0,mount_exit_side_kilo433_vestlight_npc
a5dc58d80af0d24d,mount_exit_side_kilo47_vestlight_npc
187360c6e980f0f5,mount_exit_side_kilo98_vestlight_npc
bedd13acfbd88a2a,mount_exit_side_lima86_vestlight_npc
62c5da494834f696,mount_exit_side_mcharlie_vestlight_npc
148f40e3ae234c05,mount_exit_side_mgolf34_vestlight_npc
2d8f49a47e267e2e,mount_exit_side_mike14_vestlight_npc
b269f9cae7f0c8c7,mount_exit_side_mike1911_vestlight_npc
e063933141b1180b,mount_exit_side_mike4_vestlight_npc
ba7e9cc696bf97af,mount_exit_side_mpapa5_vestlight_npc
fb73f28315a65f15,mount_exit_side_mpapa7_vestlight_npc
8b721762a50705b6,mount_exit_side_oscar12_vestlight_npc
871a6665a06a8a,mount_exit_side_papa320_vestlight_npc
135aa7076e5dbf34,mount_exit_side_papa90_vestlight_npc
78c077e1f20d5c,mount_exit_side_pkilo_vestlight_npc
5712e4a592a13198,mount_exit_side_romeo870_vestlight_npc
1abca5f35cea926a,mount_exit_side_sbeta_vestlight_npc
6b2270210ede88b0,mount_exit_side_scharlie_vestlight_npc
c01d503409eb895c,mount_exit_side_uzulu_vestlight_npc
b033ce67c8d53eec,mount_exit_top_alpha50_vestlight_npc
bd080b531704427b,mount_exit_top_asierra12_vestlight_npc
41388b109c50a36f,mount_exit_top_augolf_vestlight_npc
746ed0da7a469a0b,mount_exit_top_beta_vestlight_npc
ca061091a1758e9f,mount_exit_top_charlie725_vestlight_npc
174d25c6932fe684,mount_exit_top_cpapa_vestlight_npc
716c395db970ca10,mount_exit_top_decho_vestlight_npc
ee77ce85357a689f,mount_exit_top_delta_vestlight_npc
2a2622aee69b0c36,mount_exit_top_dpapa12_vestlight_npc
ca6b4d2314c54153,mount_exit_top_falpha_vestlight_npc
67fe5b790dba82e8,mount_exit_top_golf21_vestlight_npc
6f476f61f6764ca3,mount_exit_top_hdromeo_vestlight_npc
fd019df69a06fea8,mount_exit_top_kilo121_vestlight_npc
54bafde405af0a40,mount_exit_top_kilo433_vestlight_npc
bf11a4afbe69671d,mount_exit_top_kilo47_vestlight_npc
191d3bbf85827a05,mount_exit_top_kilo98_vestlight_npc
62230787dbeea67a,mount_exit_top_lima86_vestlight_npc
ccecffb3b1db7346,mount_exit_top_mcharlie_vestlight_npc
67ea69c2ea5655b5,mount_exit_top_mgolf34_vestlight_npc
ec3083585a76817e,mount_exit_top_mike14_vestlight_npc
e4ac85c0939fda97,mount_exit_top_mike1911_vestlight_npc
be8931757816401b,mount_exit_top_mike4_vestlight_npc
d1d33962e282309f,mount_exit_top_mpapa5_vestlight_npc
1ec09a70f2994c05,mount_exit_top_mpapa7_vestlight_npc
9742c1a0728e91a6,mount_exit_top_oscar12_vestlight_npc
a3c510402fc17ada,mount_exit_top_papa320_vestlight_npc
9dfedd664ec241c4,mount_exit_top_papa90_vestlight_npc
d27f9160df633d2c,mount_exit_top_pkilo_vestlight_npc
1eaae66dfb7aeaa8,mount_exit_top_romeo870_vestlight_npc
68b3f4ee02280d9a,mount_exit_top_sbeta_vestlight_npc
5a6f97ef195854c0,mount_exit_top_scharlie_vestlight_npc
50c119992c29564c,mount_exit_top_uzulu_vestlight_npc
b7dd8793894346ee,move_golf25_proj_flame
e23dd04b4539d3b3,move_golf25_proj_flame_dist
bce459c818a9065e,move_gromeo_proj_flame
b442020480d41ae3,move_gromeo_proj_flame_dist
9349ef1a69eb7364,move_juliet_proj_flame
9c95f0c29abf6a75,move_juliet_proj_flame_dist
13727e58067908fc,move_kgolf_proj_flame
753553086a3f08bd,move_kgolf_proj_flame_dist
91364e12b5629462,move_la_juliet_proj
c51fb90f23fc3457,move_la_juliet_proj_dist
8063c3a77dfa99c8,move_mike203_proj_flame
740e2f0a91a65459,move_mike203_proj_flame_dist
b2e2e1298d05c150,move_mike32_proj_flame
398b4b3228a5cd1,move_mike32_proj_flame_dist
7dc986efd72215cb,mp_arms_new_objective
75bd3d32b62d7a7a,mp_bodycount_tick_negative
2a6415a9c47ffd25,mp_bodycount_tick_negative_final
7c6c01be9298277a,mp_bodycount_tick_positive
6c7511de370e8225,mp_bodycount_tick_positive_final
8af02de428a30206,mp_bonus_end
d8a2edab16b242b3,mp_bonus_start
acc85c94ee60e5ea,mp_c130_airdrop_crate_detach
866a04a36ef5ffb9,mp_c130_airdrop_crate_lp
b955ed7b14b3a935,mp_card_slide
f8271912827cafeb,mp_care_package_cap_tail
2d8b367a8898f8c2,mp_care_package_drop_lp
829e12ebe7492fc3,mp_care_package_high_impact
efe165e5b66e99a3,mp_care_package_high_impact_debris
fa9e39d8ba24b587,mp_care_package_high_impact_metal
f8b4e21a67e72d8,mp_care_package_high_impact_swtn
82044be39698917,mp_care_package_impact_body
4253838b98664940,mp_care_package_impact_debris
117bc7deb6b13f7e,mp_care_package_impact_detail
58364bc8a2487155,mp_care_package_low_impact
7289e64850a9f81d,mp_care_package_low_impact_metal
f6d1304cdded8756,mp_care_package_low_impact_swtn
1b7fbe5c7f3ea0a9,mp_care_package_med_impact
8058101497289b79,mp_care_package_med_impact_metal
f99c965c7a57eaa2,mp_care_package_med_impact_swtn
778e06acee96ca1c,mp_care_package_non_owner_cap
d79b83222bc04808,mp_care_package_owner_cap
8395d86b084e6bc0,mp_care_package_retrieve_mesh_net
887ac58f35315d30,mp_challenge_complete
4212e31de358cc6d,mp_cranked_splash
f10a1a29ff01c6e4,mp_cranked_start_splash
1e4684df2117ba45,mp_defcon_down
704ef70d0c7623df,mp_defcon_one
68fcc1e7d70ddf1c,mp_door_alarm_lp
8d1c43f27b16cd05,mp_door_alarm_off
6906d9e7d7165c69,mp_door_alarm_on
8313210a0c24011d,mp_dropzone_obj_new
9bce57a261042314,mp_dropzone_obj_taken
d5bf95cf9cc708b7,mp_equip_destroyed
a0fce022b8d9c081,mp_equip_destroyed_distant
39acbd92a5561f19,mp_grind_token_drop
620058f8f0eb2f2d,mp_hit_air_3d
a47b863bf5ca63d3,mp_hit_alert_veh_3d
20929b714702a623,mp_hit_tank_3d
2256ef8accb62850,mp_jugg_mus_toggle_button
befed74a87d11f0b,mp_jugg_mus_toggle_foley
45f22ea1ec2ba30d,mp_killstreak_disappear
b3fdd82cf18a131b,mp_killstreak_disappear_distant
92b1731cc0fc4c22,mp_killstreak_transition_whoosh
6f9825500a939126,mp_last_stand
30eaee5d95c33d7b,mp_level_up
977085481879f8f,mp_parachute_cut
73128c398586122e,mp_parachute_cut_ally
be37e57f4ef0b8a8,mp_parachute_foley
6f580d0db4969637,mp_parachute_foley_ally
daf086c6120b9381,mp_parachute_foley_plr
e7e0e55ea97c1c40,mp_parachute_foley_plr_fast
9c16e0f9a42892a6,mp_parachute_freefall
82f012bd5e22eec5,mp_parachute_freefall_ally
ede1e98362bd3f6f,mp_parachute_freefall_plr
fad57b26b0ab1a3e,mp_parachute_freefall_plr_fast
f196b0b86c508267,mp_parachute_land_ally
3d8c95589f8f574c,mp_parachute_open_ally
fff5d1e80050a876,mp_slam_c130
b5e0b00d65592143,mp_slam_fire_sale_end
628698118d38aa06,mp_slam_fire_sale_start
9af8d13123efc8ac,mp_slam_gulag_closed
483dd7b66f35f974,mp_slam_helicopter
997598a4556269fa,mp_slam_pe_support_chopper
bcb6201e322c84a4,mus_jugg_01
3c861b339b569e61,mus_jugg_01_hp
b43c4e8775e9721c,mvmt_cloth_npc_creeppost
2d370f8f51ca9c43,mvmt_cloth_npc_creeppre
3c861f47e8c18406,mvmt_cloth_npc_landpost
1e1ea9446e5a0f55,mvmt_cloth_npc_landpre
dd38948bcf50e166,mvmt_cloth_npc_mantle
feb73a7a2f7fdb48,mvmt_cloth_npc_mantlepost
442851952c47a96f,mvmt_cloth_npc_mantlepre
2f33bd638dfa0ff7,mvmt_cloth_npc_pronepost
5878029df2c23fb6,mvmt_cloth_npc_pronepre
7d979801cd75c86c,mvmt_cloth_npc_runpost
d95dd757b0f79c93,mvmt_cloth_npc_runpre
cc4bfe86b6793667,mvmt_cloth_npc_sprintpost
b6c58a99e933cf66,mvmt_cloth_npc_sprintpre
b64e3c59fe2d3957,mvmt_cloth_npc_stancepost
c22b4c6604aa4d96,mvmt_cloth_npc_stancepre
7db62e476b6da66a,mvmt_cloth_npc_walkpost
4e8689fdcf11ef79,mvmt_cloth_npc_walkpre
975d0ce0e0948661,mvmt_cloth_plr_creeppost
83815e4eca1bc618,mvmt_cloth_plr_creeppre
af736e304883ce5d,mvmt_cloth_plr_landpost
f566f7bc6edca344,mvmt_cloth_plr_landpre
da1a71c84b139f79,mvmt_cloth_plr_mantle
e855f15922ff967b,mvmt_cloth_plr_mantlepost
6b93d27842d0feda,mvmt_cloth_plr_mantlepre
45a03235025053a,mvmt_cloth_plr_pronepost
2d084678b99895c9,mvmt_cloth_plr_pronepre
34cefb5d5fc26145,mvmt_cloth_plr_runpost
6199453c88bd02c,mvmt_cloth_plr_runpre
5f100f34d9033464,mvmt_cloth_plr_sprintpost
ad79ca93d5e4460b,mvmt_cloth_plr_sprintpre
85213baecad52550,mvmt_cloth_plr_stancepost
ec8b9e8d0e363b97,mvmt_cloth_plr_stancepre
2f5bdd13552c70ed,mvmt_cloth_plr_walkpost
9683354e5083f294,mvmt_cloth_plr_walkpre
96b0b790349c248a,mvmt_nylon_npc_creeppost
5b3cd4d39a912919,mvmt_nylon_npc_creeppre
f169ad10ae15b974,mvmt_nylon_npc_landpost
29fd5768caf98c9b,mvmt_nylon_npc_landpre
15ce0768c94aae94,mvmt_nylon_npc_mantle
b582af81a6b36c1e,mvmt_nylon_npc_mantlepost
c42dd4d5ed43392d,mvmt_nylon_npc_mantlepre
6f2f9f8962de8139,mvmt_nylon_npc_pronepost
13ea6e13260b26d0,mvmt_nylon_npc_pronepre
dd59b8475e1d8252,mvmt_nylon_npc_runpost
fce8b860adae4f21,mvmt_nylon_npc_runpre
6ab002ffd835e1f5,mvmt_nylon_npc_sprintpost
574c5f44dab62c1c,mvmt_nylon_npc_sprintpre
b138f5f32160440d,mvmt_nylon_npc_stancepost
9b35d1af580db634,mvmt_nylon_npc_stancepre
ae15318a65232aac,mvmt_nylon_npc_walkpost
f524c6c6a4f511d3,mvmt_nylon_npc_walkpre
d1f4e054f52a8643,mvmt_nylon_plr_creeppost
3cc382ed5ca73a62,mvmt_nylon_plr_creeppre
ff9fc0bbcc3647c5,mvmt_nylon_plr_land
22712253bbdc23e7,mvmt_nylon_plr_landpost
2dfc9628ccf76be6,mvmt_nylon_plr_landpre
45b2e9847ab129c3,mvmt_nylon_plr_mantle
7487076bea08c8a5,mvmt_nylon_plr_mantlepost
1986f7bd28cc0e0c,mvmt_nylon_plr_mantlepre
b5124e2cbdea1ea0,mvmt_nylon_plr_pronepost
c1d3965150eaaca7,mvmt_nylon_plr_pronepre
f63db95c9cb4a3b7,mvmt_nylon_plr_runpost
8e65f164d8e5fc76,mvmt_nylon_plr_runpre
7eac6163a740e20e,mvmt_nylon_plr_sprintpost
bc6e06dceb243e9d,mvmt_nylon_plr_sprintpre
8a2787ce9225a,mvmt_nylon_plr_stancepost
629f61b03d87e769,mvmt_nylon_plr_stancepre
5437b496052eb293,mvmt_nylon_plr_walkpost
3f7289ffc1afb072,mvmt_nylon_plr_walkpre
e0b0769fc74f0111,mvmt_vestheavy_npc_creeppost
9ab74c3263e24008,mvmt_vestheavy_npc_creeppre
d772012fb2b5ad,mvmt_vestheavy_npc_landpost
e121570bc58abb54,mvmt_vestheavy_npc_landpre
14993429c9e09,mvmt_vestheavy_npc_mantle
e32e99c6e9bb4f6b,mvmt_vestheavy_npc_mantlepost
9fd5a941c7e9814a,mvmt_vestheavy_npc_mantlepre
6818f55293e27b2a,mvmt_vestheavy_npc_pronepost
b9e7b5d9ef899b39,mvmt_vestheavy_npc_pronepre
e7862198047c7835,mvmt_vestheavy_npc_runpost
2ea80715791e95c,mvmt_vestheavy_npc_runpre
151c373296e37134,mvmt_vestheavy_npc_sprintpost
b7ba3abe3441e25b,mvmt_vestheavy_npc_sprintpre
7b4a7160cc87ea0,mvmt_vestheavy_npc_stancepost
6c4286a1e3a2cca7,mvmt_vestheavy_npc_stancepre
4cb4e5683c9af59d,mvmt_vestheavy_npc_walkpost
1d818984a754be84,mvmt_vestheavy_npc_walkpre
6adfeda6aab889b4,mvmt_vestheavy_plr_creeppost
33218213cde727db,mvmt_vestheavy_plr_creeppre
8736f4c12d9c962e,mvmt_vestheavy_plr_landpost
a5b44720cfca6a3d,mvmt_vestheavy_plr_landpre
3589b195a9a9946e,mvmt_vestheavy_plr_mantle
963a922971030960,mvmt_vestheavy_plr_mantlepost
26543ea3b3053767,mvmt_vestheavy_plr_mantlepre
4916ae5e0cf1a56f,mvmt_vestheavy_plr_pronepost
553723bdb6d6a58e,mvmt_vestheavy_plr_pronepre
2842db907d4e8854,mvmt_vestheavy_plr_runpost
9e13568f56eb9efb,mvmt_vestheavy_plr_runpre
eb33053fe4bac6ef,mvmt_vestheavy_plr_sprintpost
67c0908525f93e0e,mvmt_vestheavy_plr_sprintpre
2999ac2b470e7d8f,mvmt_vestheavy_plr_stancepost
c5e68a80fb3d1d2e,mvmt_vestheavy_plr_stancepre
d603cdb71fe6a132,mvmt_vestheavy_plr_walkpost
8037425ba3888581,mvmt_vestheavy_plr_walkpre
96cd01169079a42e,mvmt_vestlight_npc_creeppost
921bc5af6d26243d,mvmt_vestlight_npc_creeppre
6b03319ef9856918,mvmt_vestlight_npc_landpost
29c78ceee01873f,mvmt_vestlight_npc_landpre
5b1d0aceb9e09bd8,mvmt_vestlight_npc_mantle
69261ba10951a092,mvmt_vestlight_npc_mantlepost
93cc119e16d26561,mvmt_vestlight_npc_mantlepre
59d1eefd02d14855,mvmt_vestlight_npc_pronepost
176712a4c63488fc,mvmt_vestlight_npc_pronepre
4ccadcb438e1dfb6,mvmt_vestlight_npc_runpost
b372dd872ebe7545,mvmt_vestlight_npc_runpre
8318f30714aefe01,mvmt_vestlight_npc_sprintpost
3c32ff928e351238,mvmt_vestlight_npc_sprintpre
72d621c37c2eaa11,mvmt_vestlight_npc_stancepost
ff337113deb57308,mvmt_vestlight_npc_stancepre
d17331e3fb6226a8,mvmt_vestlight_npc_walkpost
6938ffafe622734f,mvmt_vestlight_npc_walkpre
c65954a9cb7e9bf7,mvmt_vestlight_plr_creeppost
95ebe03e2eed83b6,mvmt_vestlight_plr_creeppre
951299e93d0d4aeb,mvmt_vestlight_plr_landpost
b0db4872b4aed7ca,mvmt_vestlight_plr_landpre
7b5748a1e73baae7,mvmt_vestlight_plr_mantle
7e8ea9e6c4ac3209,mvmt_vestlight_plr_mantlepost
10cf5113f34b22a0,mvmt_vestlight_plr_mantlepre
56d44476f7880b0c,mvmt_vestlight_plr_pronepost
25047296ee44bfb3,mvmt_vestlight_plr_pronepre
f2e9251ac8c3081b,mvmt_vestlight_plr_runpost
680e7d9389ab5fa,mvmt_vestlight_plr_runpre
d0579fa67e162e3a,mvmt_vestlight_plr_sprintpost
de35c3018f5448c9,mvmt_vestlight_plr_sprintpre
c0dd2175dd09e7ae,mvmt_vestlight_plr_stancepost
12bbec4e8ac012bd,mvmt_vestlight_plr_stancepre
8a16c6bf8ec27aff,mvmt_vestlight_plr_walkpost
17668fc04b36adde,mvmt_vestlight_plr_walkpre
27ca679c2d4a1b2b,neuro_tank_explode
47663dee89f0ae0e,neuro_tank_explode_tail
a25889c1dc59dd9c,neuro_tank_smoke_lp
79b168661c329412,neuro_tank_smoke_tail
a810dbca6906f43e,oracle_radar_pulse_npc
965e8aca5ee5c7c3,oracle_radar_pulse_plr
73b0c036afa8248f,phy_shell_bounce_test
d670e1003f8f99f,physics_glass_pieces_default
560d43f074d9d1b4,player_refill_all_ammo
1a5593b6038a36dc,plr_breath_land_parachute
2cb9426eb3ad0bd4,plr_breath_mouth_nose_inh
7f406a0015cbaf1e,plr_breath_nose_mouth_exh
21b7958d8afba38,plr_breath_null
5e0e3df8ba9724d6,plr_breath_pain_ong_inh
3bd2f8d7fdf58e94,plr_breath_pain_rec_exh
d2e5e8d7c2404646,plr_breath_pain_rec_inh
68f0a863320ced63,plr_breath_run_rec_exh
482008631ffbeec1,plr_breath_run_rec_inh
418aeefce61c372f,plr_breath_shield_melee
9c8e380a695acdce,plr_breath_sniper_exh
cbc8009f9710a3b8,plr_breath_sniper_gasp
7c0e980a578e2654,plr_breath_sniper_inh
ff9c6cb35395b7c,plr_breath_sprint_rec_exh
343146cb4a2effbe,plr_breath_sprint_rec_inh
f9e38baba5c23d00,plr_death_explosion
3978260a38628e70,plr_death_flop
156ad61b39abd3a,plr_death_generic
dba7d45116eca7d7,projectile_bounce
85edfb1179d2d4a8,prox_explo_bounce_default
17526e1cd7638726,proximity_mine_plant
946b2de142b063bc,proximity_mine_pull_out_plr
19c02775a1d74fc6,proximity_mine_throw_plr
6f8a110ac8649a73,recon_drone_explode
36cd247ca696a686,recon_drone_marked_owner
b8402c37c15ac4ad,recon_drone_marking_owner
dc83da7dea570216,recon_drone_overlay
d442364d1ef552c2,recon_drone_spotted_plr
6b7ef391c22a3802,recondrone_damaged
9ac9e200b81d5bda,recondrone_destroyed
8452483eb816222d,recondrone_destroyed_sparks
b31856230d280d3a,recondrone_eng_high
7ec111bd120aac78,recondrone_eng_low
59f08a6dfb88e6aa,recondrone_idle_high
c75e19407b7b2fa8,recondrone_idle_low
ce28c9fe6b1e7895,recondrone_lockon
331fd3804d940e41,recondrone_marker
7be90bbee0cc9d21,recondrone_tag
26fea56a1015f30c,recondrone_tag_plr
87a480c270a6dc04,rocket_explode_dist
32b4aa177083c065,rocket_explode_far
68719d178f73dcfd,rocket_explode_lfe
7037e517939b3fba,rocket_explode_med
d46ee3173b67a1c6,rocket_explode_swt
a3a61a15409fb8d2,scavenger_pack_pickup
37c5fa21f159701d,semtex_crossbow_warning
4b2ea6af683cded6,semtex_warning
12b549fe0ae52af4,semtex_warning_ai_extra
a60659f4f8823b58,shell_eject_20mm
977f61b82f74a43,shellshock_end
dc124485272364e,shellshock_end_abort
f24b8bbea3d880b6,shellshock_end_abort_null
4214cd4790ec2061,shellshock_end_null
3af23cfaeb4aed1c,shellshock_loop
ae265e4f42f28eb8,shellshock_loop_null
1c181fc8f5b7c518,shellshock_loop_silent
8648b05f5e5ca564,shellshock_loop_silent_null
c340c6791e818b7e,slide_ease_out_dirt_npc
b18f757914621203,slide_ease_out_dirt_plr
19a783b40a54d7ab,slide_ease_out_mud_npc
70541cb43b70ada6,slide_ease_out_mud_plr
a94d3d7250a59f5a,slide_ease_out_npc
683ca472bce5cd7f,slide_ease_out_plr
5b4264ef029de7af,slide_loop_dirt_npc
e0e025eebcfb5aca,slide_loop_dirt_plr
87339b52b43dfbc,slide_loop_mud_npc
1a258cb535650f9d,slide_loop_mud_plr
aeb0071df913869d,slide_loop_npc
ce96ec1d7a760f04,slide_loop_plr
389301f978caab4f,slide_start_dirt_npc
c196c2f9360b476a,slide_start_dirt_plr
a09c597bfab8bc5c,slide_start_mud_npc
b24eac7c04d9ec3d,slide_start_mud_plr
69ca7961da4c5bfd,slide_start_npc
864b5e6158cbbb64,slide_start_plr
76ec06748ab79bba,smoke_canister_tail_dissipate
e1a1933c97153fc2,smoke_carepackage_expl_atmo
f1e89c3657bc1603,smoke_carepackage_expl_body
4b2cdb65deb8d21b,smoke_carepackage_expl_dist
b5538afac9960624,smoke_carepackage_expl_lfe
8eb297e2e55ad2d7,smoke_carepackage_expl_tone
3e78d73e14591e7,smoke_carepackage_expl_trans
a54e07cce91c18a1,smoke_carepackage_smoke_lp
6811fc3055fd6370,smoke_carepackage_smoke_pop
779e09fe949c51c3,smoke_carepackage_smoke_tail
c8258bdbf4a6e9a7,smoke_grenade_expl_atmo
cfa7d2c3746d93a2,smoke_grenade_expl_body
1706dbb283d467d2,smoke_grenade_expl_dist
ed37e0f2220a2b5f,smoke_grenade_expl_lfe
8f29b73556c1e886,smoke_grenade_expl_tone
bfd31e848f75a7a0,smoke_grenade_expl_trans
4e8aef18274267f2,smoke_grenade_smoke_lp
94483e0aa0e4157d,smoke_grenade_smoke_pop
ef2b8f1d6f5abc0,smoke_grenade_smoke_tail
c6ea3d2eaf17576f,smoke_grenade_smoke_tail_os
8af05d5572ac523b,sniper_crack_far_far
5fa770555a2993e0,sniper_crack_far_med
e0a12f0752478a8,sniper_crack_far_near
dbea2e6763c8bc84,sniper_crack_med_far
9e671b6740b18127,sniper_crack_med_med
19120d68401872d1,sniper_crack_med_near
1d464a7ac7383e90,sniper_crack_near_far
dfdf3f7aa4398b83,sniper_crack_near_med
fd8c765ef8650bfd,sniper_crack_near_near
a2fa5662913736f9,stance_cloth_plr_prone_to_crouch
8479aeabbd5ec02f,stance_cloth_plr_stand_to_crouch
8e638251ad06b490,stance_cloth_plr_to_prone
5a67137876499ef6,stance_cloth_plr_to_stand
46138ebecccc8dff,stance_nylon_plr_prone_to_crouch
62eac7c28ccc8c21,stance_nylon_plr_stand_to_crouch
bb3ab6a4569a6ac6,stance_nylon_plr_to_prone
5c4de37425661238,stance_nylon_plr_to_stand
8d7b3fbe63c17770,stance_vestheavy_plr_prone_to_crouch
26e07819af767d8e,stance_vestheavy_plr_stand_to_crouch
a8a855cefefed4f7,stance_vestheavy_plr_to_prone
8168502af9a6d789,stance_vestheavy_plr_to_stand
ca5e1756add800bb,stance_vestlight_plr_prone_to_crouch
45c69731e8224d5d,stance_vestlight_plr_stand_to_crouch
20a5d7918860ff22,stance_vestlight_plr_to_prone
817e03c848242394,stance_vestlight_plr_to_stand
3868361161615e2,step_default_npc_jump
6b641bc04555a552,step_default_npc_jump_ceiling
eda2fd9180cafff3,step_default_npc_land
68d149c50a76d942,step_default_npc_landdamage
6ecf21c683cd52c7,step_default_npc_landdeath
a3f73b72813a21be,step_default_npc_landheavy
ac1ae6f9baca2448,step_default_npc_prone
3b46ecfa8eaebe10,step_default_npc_prone_ceiling
e01639e41168be6d,step_default_plr_jump
f95f9fb3a996c6fc,step_default_plr_land
490b4b6125eb913d,step_default_plr_landdamage
81d6183f900354fe,step_default_plr_landdeath
522bee3d5cfe9f83,step_default_plr_landheavy
7a7a4cd77d349985,step_default_plr_prone
d3cc08487c471de6,step_default_plr_run_left
22d672723dba623b,step_default_plr_run_right
c342c9556f14cf2b,step_default_plr_sprint_left
77dc23a4efb65134,step_default_plr_sprint_right
6b40bfc7116c38d8,step_default_plr_walk_left
a2130b8711e8c98d,step_default_plr_walk_right
beaac55215a45f41,step_heavy_npc_creep_ceiling
3bf2217ed44c1de4,step_heavy_npc_jump_ceiling
d362e2b86a103dce,step_heavy_npc_prone_ceiling
b74e254a952399b3,stepstairdown_default_npc_jump_ceiling
54b657112459bf2,stepstairdown_default_npc_land_ceiling
716c6efc5c18d1c7,stepstairdown_default_npc_prone_ceiling
c729d82207b1bff0,stepstairdown_default_npc_run_ceiling
5430cab61c709b2b,stepstairdown_default_npc_sprint_ceiling
f0a5a5b1e74e338a,stepstairdown_default_npc_walk_ceiling
ce988248ed623404,stepstairup_default_npc_jump_ceiling
e533ccc4d029464d,stepstairup_default_npc_land_ceiling
5ac755723a6ad5ee,stepstairup_default_npc_prone_ceiling
feb2df5202b7281d,stepstairup_default_npc_run_ceiling
e79b51413570f5ac,stepstairup_default_npc_sprint_ceiling
cd159377d42d6801,stepstairup_default_npc_walk_ceiling
4c072a2fc35aea2d,trigger_hurt_impact_plr
42b8eda9efbe7be7,trigger_hurt_impact_plr_lfe
cd40f848d1ba5b97,trophy_target_explode
ecf87c2abc72c37b,trophy_target_explode_boom
fb415951f3e34ba1,trophy_target_explode_distant
389ab4ea63585b2d,trophy_target_explode_layer
852d54a94a6b7dec,turret_overheat
b4c65b161cd72a28,uav_ping
891f0da4037409c6,ui_br_map_close
85a23926869b3522,ui_br_map_open
961ecb9f9059784c,ui_camera_whoosh_in
d2aef998edff62a2,ui_chyron_firstline
f0e9ce1cc59625f3,ui_chyron_line_static
ffcdaedc50cb35ab,ui_chyron_on
62623dd35d5ae482,ui_chyron_plusminus
73f3da282e25bf48,ui_master_challenge_complete_splash
b865be5f1167e127,ui_menu_ability_hover
46951b68b4ccd137,ui_menu_ability_select
d5854d869a5b0745,ui_mp_resurgence_timer
89ff7ad7493e8321,ui_mp_resurgence_timer_half_sec
8cdf148d5deece64,ui_mp_resurgence_timer_quarter_sec
821865371bfd6b3b,ui_mp_resurgence_timer_tick
e6bb513dd3b2e89d,ui_mp_suitcasebomb_timer
ce5c4c12645ed2f7,ui_mp_timer_countdown
bc4807afcd4a650b,ui_mp_timer_countdown_1
38ca4ab9d56a0341,ui_mp_timer_countdown_10
14390198ee8c062b,ui_mp_timer_countdown_half_sec
842edb2a59e0e246,ui_mp_timer_countdown_quarter_sec
b5d831c8e2d32cb9,ui_pulse_text_delete
84d32e363752caee,ui_pulse_text_type
37aa10284c7fdd85,ui_screen_trans_in
24c9c97a0510db6e,ui_screen_trans_out
1ea388e6f81bdc7,ui_splash_challenge_slam
4349f9861517a6a6,ui_splash_screen_default
3fe530c6df9119d4,ui_text_type
34396ef9b975e5d3,veh_apache_explode_mp
99df128865048d28,veh_apache_explode_mp_cls
a51c51886c1d7ccd,veh_apache_explode_mp_lfe
26b59788b56d45b6,veh_apache_explode_mp_swt
f666daca65bb2954,veh_chopper_support_crash
564b94befc7c9af6,veh_chopper_support_crash_distant
14a3d658bf74d27e,veh_chopper_support_hit
bc5cc6da46e1bf0d,veh_horn_lbravo_01
fd48630d0195dbf,veh_large_fallback_engine_high
85141f17b291903,veh_large_fallback_engine_low
e9cf857e18a56c9f,veh_large_fallback_idle_high
63756a2e4377c263,veh_large_fallback_idle_low
d13f0493573845c7,veh_lbravo_explode
53496b5cb36fb551,veh_lbravo_explode_distant
7fb37b91fee1a20e,veh_rcxd_tires
f4309ee4c474e5d7,veh_small_fallback_engine_high
cca23fc655e1d71b,veh_small_fallback_engine_low
910b0dbdacdf2487,veh_small_fallback_idle_high
a4c7e60666b3b48b,veh_small_fallback_idle_low
3460789ddb4fc87e,veh_spark
3e81917d023a16ac,veh_wheelson_engine_start
4e3605213e678448,veh_wheelson_engine_stop
3fcd32f1b9c963be,vehicle_body_hit
1f75e239b292c48c,vehicle_body_hit_gore
51e33397d91bdba3,vehicle_body_hit_limb
f9985bf46d11b95d,weap_airdrop_raise
44275c90b81915ed,weap_ak47_switch_back
b40b737951318d94,weap_ak47_switch_grenade
22ec28d042b88cfb,weap_alpha50_sup_npc_atmo
6559ecb4451c61ad,weap_alpha50_sup_npc_far_atmo
cfd3b999bfda61ec,weap_alpha50_sup_npc_med_atmo
7ba85e07635b5495,weap_ammo_full
13fae8dd1558c2cc,weap_ammo_pickup
8667fd3b499bc204,weap_ammo_pickup_npc
b61e5138a870418a,weap_augolf_sup_npc_far_atmo
197abb6a49d231a3,weap_augolf_sup_npc_med_atmo
4fdddd51fa4ad410,weap_axe_pullout_plr
beb317e28d2ff85c,weap_beta_sup_npc_atmo
b837857168848546,weap_beta_sup_npc_far_atmo
8f2fd7cdd14ba16f,weap_beta_sup_npc_med_atmo
d2473a3dc24d07ba,weap_bouncingbetty_fire_plr
241280f3721f06b,weap_bouncingbetty_pin_plr
cc771c7ad39092a9,weap_c4detpack_safety_npc
339247d4210e3a4e,weap_c4detpack_safetyoff_npc
fc149920cf1e61b4,weap_can_bomb_click_plr
7e5758a13c51f483,weap_can_bomb_lift_plr
527773c73d9a7735,weap_can_bomb_smack_plr
a4c112c46362c6a4,weap_can_bomb_throw_plr
d344ab20f9f09264,weap_charlie725_sup_npc_atmo
1072278c46b7b3ba,weap_charlie725_sup_npc_far
7f5deba572479fe,weap_charlie725_sup_npc_far_atmo
6859967cf75ba477,weap_charlie725_sup_npc_med_atmo
9645d7911d5da2a3,weap_chopper_m240_fire_npc
a020072af84e1a31,weap_chopper_m240_fire_npc_atmo
65d8f3013a33f684,weap_chopper_m240_fire_npc_dist
726c5a155809bb44,weap_chopper_m240_fire_npc_dist_atmo
4ebf3dc65ebbfbe5,weap_chopper_m240_fire_npc_far
ca6fe78b176c1487,weap_chopper_m240_fire_npc_far_atmo
847c30c67dac187d,weap_chopper_m240_fire_npc_lfe
285d8d4e9a4c1c89,weap_chopper_m240_fire_npc_mech
8c4278c681d37b3a,weap_chopper_m240_fire_npc_med
98716db4c3fda07e,weap_chopper_m240_fire_npc_med_atmo
b2984c9dad49d6c6,weap_claymore_pullback
aaba85b80f1843cf,weap_claymore_pullback_plr
891c97af57fbc093,weap_claymore_putdown
781c29321522c7e6,weap_claymore_putdown_plr
4aaaeb6d74893834,weap_cluster_target_beep
746eaf737a79b42,weap_concussion_fire
308f019c274ed84b,weap_concussion_fire_plr
96f6bbcb693fe515,weap_concussion_pin
647434f8b3200b26,weap_concussion_pin_cloth
f0f4cbaf8be67fef,weap_concussion_pin_cloth_plr
8e4309132d6e6f60,weap_concussion_pin_plr
679e86bf7e130931,weap_concussion_pin_quick
e3665b96c335973c,weap_concussion_pin_quick_plr
1fdfaa62a04c3f7f,weap_decho_sup_npc_atmo
c5401a515fcccbe1,weap_decho_sup_npc_far_atmo
33b8c538d743e0a0,weap_decho_sup_npc_med_atmo
6acdbc1e8dbf7543,weap_decoy_gren_fire
5029fa43118666b6,weap_decoy_gren_fire_plr
16fa961772471c2e,weap_decoy_gren_pin
38f60ed2ea6b1015,weap_decoy_gren_pin_cloth
8f0a2990f175ca60,weap_decoy_gren_pin_cloth_plr
14e71d04f0ed0517,weap_decoy_gren_pin_plr
4dd03e633e846acf,weap_decoy_gren_pin_plr_quick
bb03dcbc354cfe6,weap_decoy_gren_pin_quick
3cf54807c924e9cc,weap_drop
174321f39dd9e658,weap_drop_large
51075f4db1e95d5,weap_drop_launcher
6b8acad311abd71d,weap_drop_med
d570c178a0adcca8,weap_drop_med_poly
84ee46d31fe1d904,weap_drop_npc
eeeebc8e2a2d75a2,weap_drop_pistol
8fd9e6fe12bfd80d,weap_drop_pistol_poly
9f2d92493193d600,weap_drop_small
a4b6cf1b633bf27f,weap_drop_small_poly
46c0650e1040287e,weap_drop_xlarge
ef22e5f51dfc59b0,weap_dryfire_pistol_npc
45cf80f54f183311,weap_dryfire_pistol_plr
78b1cc1d2c847867,weap_dryfire_rifle_npc
745add1c98ec6222,weap_dryfire_rifle_plr
ccd8bcae52ff2904,weap_dryfire_smg_npc
687e9faeab13f8e5,weap_dryfire_smg_plr
6209fdae0e840a54,weap_falpha_sup_npc_atmo
ade8e7f2db3a186e,weap_falpha_sup_npc_far_atmo
a1239b6e81c3b507,weap_falpha_sup_npc_med_atmo
d241eac4c8c53676,weap_flash_fire
f7e1f13573f53f5f,weap_flash_fire_plr
b29e973e824471d9,weap_flash_pin
466fe3f4427cccaa,weap_flash_pin_cloth
711c885be5f4c93,weap_flash_pin_cloth_plr
a2f13290dfc8a924,weap_flash_pin_plr
78f87dba970e7015,weap_flash_pin_quick
4d6dbda4947f2a60,weap_flash_pin_quick_plr
17d2b6ceffe9a802,weap_frag_fire
944afe07ca251d0b,weap_frag_fire_plr
c5ae846ec21bb1e6,weap_frag_pin_cloth
44d5567f4f380faf,weap_frag_pin_cloth_plr
236268d89fb13520,weap_frag_pin_plr
79b7d955cbc1df0a,weap_golf25_fire_npc_dist_atmo
aff29967b70c2e5d,weap_golf25_fire_npc_far_atmo
345dde42f483b3c,weap_golf25_fire_npc_med_atmo
9e32cccd1681f3f,weap_grenade_rechamber
d75932e4b4d731f7,weap_grenade_rechamber_npc
1c2b7bced63b263b,weap_hatchet_inspect_01
1c2b7cced63b27ee,weap_hatchet_inspect_02
1c2b7dced63b29a1,weap_hatchet_inspect_03
1c2b7eced63b2b54,weap_hatchet_inspect_04
1c2b7fced63b2d07,weap_hatchet_inspect_05
3fd5e7f5bd52eb43,weap_hdromeo_dryfire_npc
dcb64f3c5f611e4d,weap_hybrid_scope_lift_plr
1de348aeab366c4b,weap_hybrid_scope_off_plr
5ebecef5ffe65741,weap_hybrid_scope_on_plr
2d50c5cf87aae828,weap_juliet_prefire_npc
12ad499d5b0fb5fe,weap_juliet_proj_ignition
2b08fa999b3218fa,weap_juliet_proj_ignition_atmo
33b7e2c3cdca4bc3,weap_juliet_proj_ignition_dist
5c2df64edf1b091c,weap_juliet_proj_ignition_lfe
554ebe4edbb7efab,weap_juliet_proj_ignition_med
1fc9a5f31ee84d0,weap_kalisticks_attack
7b979ec20633ca6a,weap_kalisticks_inspect_01
7b979dc20633c8b7,weap_kalisticks_inspect_02
7b979cc20633c704,weap_kalisticks_inspect_03
7b979bc20633c551,weap_kalisticks_inspect_04
19382e2210b726b1,weap_kalisticks_inspect_r_01
19382b2210b72198,weap_kalisticks_inspect_r_02
19382c2210b7234b,weap_kalisticks_inspect_r_03
9cb76c8329344808,weap_kalisticks_pullout_plr
a663ad7f70660de9,weap_kalisticks_raise_first_npc
aad56a80041496f0,weap_kalisticks_raise_first_plr
8460a91d7e578daf,weap_knife_fire_burn_end
ab3e982a70c6a24e,weap_knife_fire_burn_lp
69d07d7d0d1a3cf6,weap_large_npc_creep
8c34808f3cdd6e8,weap_large_npc_land
1dd536c0dbd58852,weap_large_npc_mantle
86215ff6a2fcd479,weap_large_npc_prone
bee5dec17914e436,weap_large_npc_run
29bfcc688bab5ab9,weap_large_npc_sprint
38f5928bb674d6e1,weap_large_npc_stance
b9cdffd96910d9d4,weap_large_npc_walk
d9dff6660967b257,weap_large_plr_land
a03f8079a0778d85,weap_large_plr_mantle
6e4914710a10bd44,weap_large_plr_prone
eb30f89f4bb2e5af,weap_large_plr_run
710c19c7673e09a6,weap_large_plr_sprint
280e3f5f28cf1c9a,weap_large_plr_stance
28683a9593c7d6bf,weap_large_plr_walk
8218497885cc9ec9,weap_m4m16_switch_back
ddf4f3d318174900,weap_m4m16_switch_grenade
d99d1df2768968b7,weap_mcharlie_sup_npc_atmo
b4d93af12e4d77a9,weap_mcharlie_sup_npc_far_atmo
27d1481a8d82e378,weap_mcharlie_sup_npc_med_atmo
173affb7220c37c0,weap_medium_npc_creep
739ee99b0de99032,weap_medium_npc_land
7022d5cfb7deee34,weap_medium_npc_mantle
c405df4c9674ad97,weap_medium_npc_prone
c3060f9941fa8cb8,weap_medium_npc_run
eea92369eadfe853,weap_medium_npc_sprint
d7694569abc3525b,weap_medium_npc_stance
fc703441d98f433a,weap_medium_npc_walk
94e5ba1dcbdeece5,weap_medium_plr_land
a028f212adcb63e3,weap_medium_plr_mantle
9c132bfc3837c74e,weap_medium_plr_prone
b3ed17f5026ca0d5,weap_medium_plr_run
ef8bdac1c2dcb944,weap_medium_plr_sprint
114ba40ce90fc3f0,weap_medium_plr_stance
e507fb7d268da7c1,weap_medium_plr_walk
23117fc6192cbbc4,weap_mike203_fire_npc_dist_atmo
b2a6945b3d87d207,weap_mike203_fire_npc_far_atmo
80a81a84ea195dfe,weap_mike203_fire_npc_med_atmo
5dbce0bb4158815a,weap_mike4_sup_npc
182a4c6f6f8fd75e,weap_mike4_sup_npc_atmo
6241fadd70628354,weap_mike4_sup_npc_far
f2b8f55c6de72b34,weap_mike4_sup_npc_far_atmo
2f3a0fdd53befea8,weap_mike4_sup_npc_lfe
64af9a0f3e843462,weap_mike4_sup_npc_mech
2824c7dd502e3a97,weap_mike4_sup_npc_med
1afdc38da90cbecd,weap_mike4_sup_npc_med_atmo
c14ce69c6a0c46d2,weap_molotov_bottle
402efb9378121e10,weap_molotov_burn_lp
9c873d1b6f0f2929,weap_molotov_burn_lp_plr
6ec674c02e7573a6,weap_molotov_fire
d8080b0920fa80e8,weap_molotov_fire_end
2ed6ade0d10503f3,weap_molotov_fire_enemy_burn
d7e03f7af29ef819,weap_molotov_fire_enemy_burn_end
9245b513bdcc29ff,weap_molotov_fire_explo
7dcc7431c3e433f,weap_molotov_fire_lp
31fde808c284b06f,weap_molotov_fire_plr
80b2c7f8fa740dd9,weap_molotov_fire_whoosh
855b31b5f22129e9,weap_molotov_pin
f514ff33b637c87a,weap_molotov_pin_cloth
6c36700b1e3d9f43,weap_molotov_pin_cloth_plr
fe26766ef68f08d4,weap_molotov_pin_plr
c966cad990b4fa6f,weap_motiontracker_close_plr
c74f2bb36fa908b,weap_motiontracker_open_plr
1183fe26a14aff64,weap_mpapa5_sup_npc_atmo
4f3f7a2b1a6836fe,weap_mpapa5_sup_npc_far_atmo
afa331edba9f6177,weap_mpapa5_sup_npc_med_atmo
8f24288edc399172,weap_mpapa7_sup_npc_atmo
f32424c1c7e74248,weap_mpapa7_sup_npc_far_atmo
cb5250aa046399b1,weap_mpapa7_sup_npc_med_atmo
67056b200150bad8,weap_offhand_select
801dd9ae4645ccb0,weap_offhand_select_npc
49a12f97a9e54ee1,weap_papa90_sup_npc_atmo
2700937f655476f7,weap_papa90_sup_npc_far_atmo
7b7fc7425a14950e,weap_papa90_sup_npc_med_atmo
91b7e80c06395685,weap_pickup
27a56d702ab30ff7,weap_pickup_knife
c4e2e176383e016a,weap_pickup_knife_plr
7c6df04e3799134,weap_pickup_large_plr
ff2cf0ad4ea05f0a,weap_pickup_large_plr_layer
d31900b95e3a7ff0,weap_pickup_medium_plr
ee9703ba8a217be,weap_pickup_medium_plr_layer
e3daa83bbef80ca9,weap_pickup_npc
f002dab25fecc7e,weap_pickup_plr_layer
3fe1d1a112a47072,weap_pickup_propanetank_plr
c6a92bc0923e010e,weap_pickup_scan_plr
5e716d6c868e15b8,weap_pickup_small_plr
ad7e9ad153b96736,weap_pickup_small_plr_layer
5b92c5c7e0234158,weap_pickup_xlarge_plr
c3a36b44ab014a16,weap_pickup_xlarge_plr_layer
ec5c60458c8e1a28,weap_proxy_body
71d38515f31d75ac,weap_proxy_dist
eed1a23fa3a8f96d,weap_proxy_far
9ad0053f74d15275,weap_proxy_lfe
a2960d3f78f84872,weap_proxy_med
8ebb849906fd9fae,weap_proxy_trans
d303f899f549f510,weap_proxy_trigger
6cec979ed05133dc,weap_putaway
ceaded88a557fcc1,weap_putaway_large_plr
59265df3ea90bf10,weap_putaway_launcher_plr
d6579b971e7dd0e6,weap_putaway_lmg_plr
7a71c96a3632846b,weap_putaway_medium_plr
19bc3127194f47d4,weap_putaway_npc
2718a9d586d67df7,weap_putaway_xlarge_plr
c17e182d19160243,weap_raise
d5d7f75d1170f8e,weap_raise_fists_plr
6be7b2d7913cf490,weap_raise_knife_plr
1a959412bef94216,weap_raise_large_plr
9542f683a66eeea4,weap_raise_large_plr_layer
ff6d1e6c8fdf0d4d,weap_raise_launcher_plr
a668fd15fd32e5c1,weap_raise_layer
d0e00e543909c7e1,weap_raise_lmg_plr
8514a56586dcedce,weap_raise_medium_plr
fac67c0eb5f9d9ac,weap_raise_medium_plr_layer
d2b3c81d2b10cf5b,weap_raise_npc
12eb211cbe1843b6,weap_raise_plr
237be4e3ae13b604,weap_raise_plr_layer
c5155791eaef9dba,weap_raise_riotshield_plr
8dd6f83ec48693a2,weap_raise_scissors_plr
8c53ecb4c658ec4f,weap_raise_screwdriver_plr
b514713bbb59440e,weap_raise_small_plr
5aa49b9d48a513ec,weap_raise_small_plr_layer
f75fc252036e7726,weap_raise_xlarge_plr
caa076d576a9f14,weap_raise_xlarge_plr_layer
b3205b3fd62b8f6b,weap_reload_pistol_chamber_npc
4bcad1f4c379ad86,weap_reload_pistol_clipin_npc
2219e70f13d4073,weap_reload_pistol_clipout_npc
b7b699e5fea5b828,weap_reload_shotgun_loop_npc
8dd460dd323ef66c,weap_reload_shotgun_pump_npc
d4f4f64fa08f6f93,weap_reload_smg_chamber_npc
df91a73e1032857e,weap_reload_smg_clipin_npc
a3a3b81bbb67d8ab,weap_reload_smg_clipout_npc
d3a8c52a3fe7830e,weap_semtex_fire
8f2a417088dfc437,weap_semtex_fire_plr
db52194f38070031,weap_semtex_pin
bd35122c01be1442,weap_semtex_pin_cloth
8f0f26382be5614b,weap_semtex_pin_cloth_plr
db8b180a62c87e3c,weap_semtex_pin_plr
660fa2aa9ddb4316,weap_semtexgrenade_fire
6098d1da096f103f,weap_semtexgrenade_fire_plr
bd99d7e33dd8cbf9,weap_semtexgrenade_pin
af81469eb4581704,weap_semtexgrenade_pin_plr
37a596c28f590f73,weap_shield_inspect_01
37a597c28f591126,weap_shield_inspect_02
37a598c28f5912d9,weap_shield_inspect_03
37a599c28f59148c,weap_shield_inspect_04
62b258cfa13d801e,weap_small_npc_creep
ec6e40d51315cdc0,weap_small_npc_land
9e71c948888409ba,weap_small_npc_mantle
88edab4d33cd6b81,weap_small_npc_prone
47406b55eef323ce,weap_small_npc_run
e998afa63d6240b1,weap_small_npc_sprint
4f8b55c4805dd0e9,weap_small_npc_stance
c7bfe8215e9fc54c,weap_small_npc_walk
b74fd492c839ef,weap_small_plr_land
7888c13c6f0ffcad,weap_small_plr_mantle
c5bd7b40449a208c,weap_small_plr_prone
abd5aacc9e16e127,weap_small_plr_run
2ffc829622d13a7e,weap_small_plr_sprint
f77db084b7aa2502,weap_small_plr_stance
505fa5944909ce57,weap_small_plr_walk
21abeb00fdf49ae9,weap_smoke_pin_cloth
2afc895c554e09d4,weap_smoke_pin_cloth_plr
cba2498b3627faaa,weap_smoke_pin_quick
515024651150cadd,weap_smokegrenade_fire
f29ccd0e8c536d68,weap_smokegrenade_pin
48279aa74daee08a,weap_snapshot_fire
3f928331fefc2cb3,weap_snapshot_fire_plr
5c0a109054277dd,weap_snapshot_pin
a63f5aefaae0eb28,weap_snapshot_pin_plr
4c7c9902d00e0f09,weap_snapshot_pin_quick
688d202327377a34,weap_snapshot_pin_quick_plr
9694cc4017b7c829,weap_sniper_heartbeat
7f224515f110a4bf,weap_spas12_close_plr
29cfebc920fcf926,weap_stungrenade_fire
3d06cf1d4ad14def,weap_stungrenade_fire_plr
6459a92822f1ce69,weap_stungrenade_pin
1d15506ae40a3554,weap_stungrenade_pin_plr
c408dcee67b29b65,weap_super_activate_plr
c504d1337b2f57e8,weap_super_unavailable_plr
41e830ce72ee2e9c,weap_switch_selectsemi
9b73fbc5f965f7b6,weap_switch_selectsemi_back
651eeac65a8ec93c,weap_swords_attack
293ab22da4790c4d,weap_swords_drop
b552a70827384afb,weap_swords_inspect_l_01
b552a80827384cae,weap_swords_inspect_l_02
e804222c400ecf55,weap_swords_inspect_r_01
e8041f2c400eca3c,weap_swords_inspect_r_02
e804202c400ecbef,weap_swords_inspect_r_03
e8041d2c400ec6d6,weap_swords_inspect_r_04
2744e580286e86e0,weap_swords_raise
b11d21386cca43cd,weap_swords_raise_first_npc
e4130638895d9814,weap_swords_raise_first_plr
ad5f507fd0dae346,weap_thermal_toggle_click
2dfc784b8bccc9c0,weap_throwing_knife_pullout_plr
9c883536915ab805,weap_trip_mine_fire
bfa6692bd0c5a630,weap_trip_mine_fire_plr
8811dffed7174028,weap_trip_mine_fire_short
db19cc7d148f0f50,weap_trip_mine_pin
1f806bcd53862a56,weap_trip_mine_pin_cloth_plr
66010514b7d39e69,weap_trip_mine_pin_plr
2db6f691ee0776bd,weap_trip_mine_pin_short
a45b202fd0902c8,weap_trip_mine_pin_short_plr
44cb33ed8d24739a,weap_uav_control_pullout_plr
a5446e8ba309b240,weap_uav_control_putaway_plr
94a2760960ccb98,weap_uav_radio_button_npc
e912526114660739,weap_uav_radio_button_plr
993e690275266701,weap_uav_radio_pullout_npc
13bb9602badf9d08,weap_uav_radio_pullout_plr
cadd642ed65a7acb,weap_uav_radio_putaway_npc
2189fd2f077650c6,weap_uav_radio_putaway_plr
c51c7096fac91f63,weap_under_switch_grenade
9d4dd4a9c93be57f,weap_under_switch_shotgun
f217be9fd2a892d1,weap_variable_scope_click
ceb3eb5e91f15a84,weap_xlarge_npc_creep
885680ffa7fad016,weap_xlarge_npc_land
c9ba6edeb20ed618,weap_xlarge_npc_mantle
835131ed39f79653,weap_xlarge_npc_prone
34ff00576cbf0f9c,weap_xlarge_npc_run
a921352ab132314f,weap_xlarge_npc_sprint
2621d668571fceff,weap_xlarge_npc_stance
e51643a5382fa306,weap_xlarge_npc_walk
382dfac4e0158fc9,weap_xlarge_plr_land
28ff4e6d72e4ed27,weap_xlarge_plr_mantle
551f4b9a1e3fee3a,weap_xlarge_plr_prone
1f8a8055bee35559,weap_xlarge_plr_run
4d63dfce04820cf0,weap_xlarge_plr_sprint
3cd34184215c7904,weap_xlarge_plr_stance
8b0039b28b1316d,weap_xlarge_plr_walk
17ab789ef61eab05,weapon_scanning
cbe4cda1f14045ca,wfoly_lm_reload_npc_in
ec400c2d0f897583,wfoly_lm_reload_npc_out
549a7b42cb2b8230,wfoly_npc_sm_mpapa5_reload_09
a0d7206f441100ce,wfoly_plr_ar_falpha_idle_active_01
a0d71f6f4410ff1b,wfoly_plr_ar_falpha_idle_active_02
a0d71e6f4410fd68,wfoly_plr_ar_falpha_idle_active_03
a0d7256f4411094d,wfoly_plr_ar_falpha_idle_active_04
a0d7246f4411079a,wfoly_plr_ar_falpha_idle_active_05
738b2a5caa919a5,wfoly_sm_reload_npc_in
c9c4b76804c20e,wfoly_sm_reload_npc_out
75b99102887cf434,wfoly_sn_reload_npc_in
50e5c74dccd8ab21,wfoly_sn_reload_npc_out
93463d63be4b5430,woman_cough_3_friendly_1
93464063be4b5949,woman_cough_3_friendly_2
93463f63be4b5796,woman_cough_3_friendly_3
93464263be4b5caf,woman_cough_3_friendly_4
93464163be4b5afc,woman_cough_3_friendly_5
93464463be4b6015,woman_cough_3_friendly_6
93464363be4b5e62,woman_cough_3_friendly_7
93464663be4b637b,woman_cough_3_friendly_8
5f84746781c5211a,woman_cough_fit_friendly_1
5f84736781c51f67,woman_cough_fit_friendly_2
5f84726781c51db4,woman_cough_fit_friendly_3
5f84716781c51c01,woman_cough_fit_friendly_4
5f84706781c51a4e,woman_cough_fit_friendly_5
5f846f6781c5189b,woman_cough_fit_friendly_6
5f846e6781c516e8,woman_cough_fit_friendly_7
5f846d6781c51535,woman_cough_fit_friendly_8
92d454c8a2c627b0,breath_nosprint_inhale_lvl2
9022e63e2f4ce609,doorpeek_civleverwood_kick_lfe
95c00cd7594acf5a,dst_flower_shop_planter
5de47ddfd2d54a3e,dst_flower_shop_planter_04_with_plant
44c46df4341a8484,dst_flower_shop_planter_plant
88e1887feaca8dd1,dst_foliage_plant_lobby
aa193b95b7d1c4cf,dst_food_fondue_bread_basket
e0aff36245565df,dx_cap_vm_stealth_kill_back_npc
df87676c2e9f632a,dx_vom_pri_tunnels_intro_11
1e2b389b2918d4c0,generic_cough_1_enemy_1
1e2b3b9b2918d9d9,generic_cough_1_enemy_2
1e2b3a9b2918d826,generic_cough_1_enemy_3
1e2b3d9b2918dd3f,generic_cough_1_enemy_4
1e2b3c9b2918db8c,generic_cough_1_enemy_5
1e2b3f9b2918e0a5,generic_cough_1_enemy_6
1e2b3e9b2918def2,generic_cough_1_enemy_7
1e2b419b2918e40b,generic_cough_1_enemy_8
5c16cf73cba434ab,generic_cough_1_friendly_1
5c16d073cba4365e,generic_cough_1_friendly_2
5c16d173cba43811,generic_cough_1_friendly_3
5c16d273cba439c4,generic_cough_1_friendly_4
5c16d373cba43b77,generic_cough_1_friendly_5
5c16d473cba43d2a,generic_cough_1_friendly_6
5c16d573cba43edd,generic_cough_1_friendly_7
5c16c673cba42560,generic_cough_1_friendly_8
cf03715f68f2de64,generic_cough_enemy_1
cf03745f68f2e37d,generic_cough_enemy_2
cf03735f68f2e1ca,generic_cough_enemy_3
cf036e5f68f2d94b,generic_cough_enemy_4
cf036d5f68f2d798,generic_cough_enemy_5
cf03705f68f2dcb1,generic_cough_enemy_6
cf036f5f68f2dafe,generic_cough_enemy_7
cf036a5f68f2d27f,generic_cough_enemy_8
a09207ba76e2c81f,generic_cough_friendly_1
a09208ba76e2c9d2,generic_cough_friendly_2
a09209ba76e2cb85,generic_cough_friendly_3
a09202ba76e2bfa0,generic_cough_friendly_4
a09203ba76e2c153,generic_cough_friendly_5
a09204ba76e2c306,generic_cough_friendly_6
a09205ba76e2c4b9,generic_cough_friendly_7
a0920eba76e2d404,generic_cough_friendly_8
693ebf33634188a3,generic_death
52bf579f9eaf80ac,generic_death_enemy_1
52bf5a9f9eaf85c5,generic_death_enemy_2
52bf599f9eaf8412,generic_death_enemy_3
52bf549f9eaf7b93,generic_death_enemy_4
52bf539f9eaf79e0,generic_death_enemy_5
52bf569f9eaf7ef9,generic_death_enemy_6
52bf559f9eaf7d46,generic_death_enemy_7
52bf609f9eaf8ff7,generic_death_enemy_8
cd782c3b8317d44b,generic_death_falling
9ec8a9d08beeaeed,generic_death_falling_scream
a114d124d6e432a7,generic_death_friendly_1
a114d224d6e4345a,generic_death_friendly_2
a114d324d6e4360d,generic_death_friendly_3
a114cc24d6e42a28,generic_death_friendly_4
a114cd24d6e42bdb,generic_death_friendly_5
a114ce24d6e42d8e,generic_death_friendly_6
a114cf24d6e42f41,generic_death_friendly_7
a114c824d6e4235c,generic_death_friendly_8
3e4bba059ccd58a2,generic_dogdeathlong_enemy_1
3e4bb9059ccd56ef,generic_dogdeathlong_enemy_2
3e4bb8059ccd553c,generic_dogdeathlong_enemy_3
3e4bb7059ccd5389,generic_dogdeathlong_enemy_4
3e4bb6059ccd51d6,generic_dogdeathlong_enemy_5
3e4bb5059ccd5023,generic_dogdeathlong_enemy_6
3e4bb4059ccd4e70,generic_dogdeathlong_enemy_7
3e4bc3059ccd67ed,generic_dogdeathlong_enemy_8
286bf1a7cb3ab8f4,generic_dogdeathshort_enemy_1
286bf4a7cb3abe0d,generic_dogdeathshort_enemy_2
286bf3a7cb3abc5a,generic_dogdeathshort_enemy_3
286beea7cb3ab3db,generic_dogdeathshort_enemy_4
286beda7cb3ab228,generic_dogdeathshort_enemy_5
286bf0a7cb3ab741,generic_dogdeathshort_enemy_6
286befa7cb3ab58e,generic_dogdeathshort_enemy_7
286beaa7cb3aad0f,generic_dogdeathshort_enemy_8
512b66b2896a9fb0,generic_explodeath_enemy_1
512b69b2896aa4c9,generic_explodeath_enemy_2
512b68b2896aa316,generic_explodeath_enemy_3
512b6bb2896aa82f,generic_explodeath_enemy_4
512b6ab2896aa67c,generic_explodeath_enemy_5
512b6db2896aab95,generic_explodeath_enemy_6
512b6cb2896aa9e2,generic_explodeath_enemy_7
512b6fb2896aaefb,generic_explodeath_enemy_8
4a639475e8897a1b,generic_explodeath_friendly_1
4a639575e8897bce,generic_explodeath_friendly_2
4a639675e8897d81,generic_explodeath_friendly_3
4a639775e8897f34,generic_explodeath_friendly_4
4a639875e88980e7,generic_explodeath_friendly_5
4a639975e889829a,generic_explodeath_friendly_6
4a639a75e889844d,generic_explodeath_friendly_7
4a638b75e8896ad0,generic_explodeath_friendly_8
9874dfc6dc5cdc3b,generic_falldeath_enemy_1
9874e0c6dc5cddee,generic_falldeath_enemy_2
9874e1c6dc5cdfa1,generic_falldeath_enemy_3
9874e2c6dc5ce154,generic_falldeath_enemy_4
9874e3c6dc5ce307,generic_falldeath_enemy_5
9874e4c6dc5ce4ba,generic_falldeath_enemy_6
9874e5c6dc5ce66d,generic_falldeath_enemy_7
9874d6c6dc5cccf0,generic_falldeath_enemy_8
805f9b291dd468aa,generic_falldeath_friendly_1
805f9a291dd466f7,generic_falldeath_friendly_2
805f99291dd46544,generic_falldeath_friendly_3
805f98291dd46391,generic_falldeath_friendly_4
805f97291dd461de,generic_falldeath_friendly_5
805f96291dd4602b,generic_falldeath_friendly_6
805f95291dd45e78,generic_falldeath_friendly_7
805f94291dd45cc5,generic_falldeath_friendly_8
a36cd37d5fa9a58f,generic_flamedeath_enemy_1
a36cd47d5fa9a742,generic_flamedeath_enemy_2
a36cd57d5fa9a8f5,generic_flamedeath_enemy_3
a36cce7d5fa99d10,generic_flamedeath_enemy_4
a36ccf7d5fa99ec3,generic_flamedeath_enemy_5
a36cd07d5fa9a076,generic_flamedeath_enemy_6
a36cd17d5fa9a229,generic_flamedeath_enemy_7
a36cda7d5fa9b174,generic_flamedeath_enemy_8
d80877f93078ba9e,generic_flamedeath_friendly_1
d80876f93078b8eb,generic_flamedeath_friendly_2
d80875f93078b738,generic_flamedeath_friendly_3
d8087cf93078c31d,generic_flamedeath_friendly_4
d8087bf93078c16a,generic_flamedeath_friendly_5
d8087af93078bfb7,generic_flamedeath_friendly_6
d80879f93078be04,generic_flamedeath_friendly_7
d80870f93078aeb9,generic_flamedeath_friendly_8
faa1299473abeda6,generic_flashbang_enemy_1
faa1289473abebf3,generic_flashbang_enemy_2
faa1279473abea40,generic_flashbang_enemy_3
faa12e9473abf625,generic_flashbang_enemy_4
faa12d9473abf472,generic_flashbang_enemy_5
faa12c9473abf2bf,generic_flashbang_enemy_6
faa12b9473abf10c,generic_flashbang_enemy_7
faa1329473abfcf1,generic_flashbang_enemy_8
e2a77e6cf1c74155,generic_flashbang_friendly_1
e2a77b6cf1c73c3c,generic_flashbang_friendly_2
e2a77c6cf1c73def,generic_flashbang_friendly_3
e2a7796cf1c738d6,generic_flashbang_friendly_4
e2a77a6cf1c73a89,generic_flashbang_friendly_5
e2a7776cf1c73570,generic_flashbang_friendly_6
e2a7786cf1c73723,generic_flashbang_friendly_7
e2a7856cf1c74d3a,generic_flashbang_friendly_8
8ea96a961d050e97,generic_incendeath_enemy_1
8ea96b961d05104a,generic_incendeath_enemy_2
8ea96c961d0511fd,generic_incendeath_enemy_3
8ea965961d050618,generic_incendeath_enemy_4
8ea966961d0507cb,generic_incendeath_enemy_5
8ea967961d05097e,generic_incendeath_enemy_6
8ea968961d050b31,generic_incendeath_enemy_7
8ea961961d04ff4c,generic_incendeath_enemy_8
741ab56f769cb766,generic_incendeath_friendly_1
741ab46f769cb5b3,generic_incendeath_friendly_2
741ab36f769cb400,generic_incendeath_friendly_3
741aba6f769cbfe5,generic_incendeath_friendly_4
741ab96f769cbe32,generic_incendeath_friendly_5
741ab86f769cbc7f,generic_incendeath_friendly_6
741ab76f769cbacc,generic_incendeath_friendly_7
741abe6f769cc6b1,generic_incendeath_friendly_8
a952dc4d75aab2d6,generic_meleeattack_enemy_1
a952db4d75aab123,generic_meleeattack_enemy_2
a952da4d75aaaf70,generic_meleeattack_enemy_3
a952e14d75aabb55,generic_meleeattack_enemy_4
a952e04d75aab9a2,generic_meleeattack_enemy_5
a952df4d75aab7ef,generic_meleeattack_enemy_6
a952de4d75aab63c,generic_meleeattack_enemy_7
a952e54d75aac221,generic_meleeattack_enemy_8
36e5042270377285,generic_meleeattack_friendly_1
36e5012270376d6c,generic_meleeattack_friendly_2
36e5022270376f1f,generic_meleeattack_friendly_3
36e4ff2270376a06,generic_meleeattack_friendly_4
36e5002270376bb9,generic_meleeattack_friendly_5
36e4fd22703766a0,generic_meleeattack_friendly_6
36e4fe2270376853,generic_meleeattack_friendly_7
36e50b2270377e6a,generic_meleeattack_friendly_8
4687b30bd396d3aa,generic_meleecharge_enemy_1
4687b20bd396d1f7,generic_meleecharge_enemy_2
4687b10bd396d044,generic_meleecharge_enemy_3
4687b00bd396ce91,generic_meleecharge_enemy_4
4687af0bd396ccde,generic_meleecharge_enemy_5
4687ae0bd396cb2b,generic_meleecharge_enemy_6
4687ad0bd396c978,generic_meleecharge_enemy_7
4687ac0bd396c7c5,generic_meleecharge_enemy_8
f49fa7613171e399,generic_meleecharge_friendly_1
f49fa4613171de80,generic_meleecharge_friendly_2
f49fa5613171e033,generic_meleecharge_friendly_3
f49faa613171e8b2,generic_meleecharge_friendly_4
f49fab613171ea65,generic_meleecharge_friendly_5
f49fa8613171e54c,generic_meleecharge_friendly_6
f49fa9613171e6ff,generic_meleecharge_friendly_7
f49fae613171ef7e,generic_meleecharge_friendly_8
92731ad47928c805,generic_pain_bodyslam_1
927317d47928c2ec,generic_pain_bodyslam_2
927318d47928c49f,generic_pain_bodyslam_3
927315d47928bf86,generic_pain_bodyslam_4
927316d47928c139,generic_pain_bodyslam_5
927313d47928bc20,generic_pain_bodyslam_6
927314d47928bdd3,generic_pain_bodyslam_7
927321d47928d3ea,generic_pain_bodyslam_8
63987e9d337e0944,generic_pain_enemy_1
6398819d337e0e5d,generic_pain_enemy_2
6398809d337e0caa,generic_pain_enemy_3
63987b9d337e042b,generic_pain_enemy_4
63987a9d337e0278,generic_pain_enemy_5
63987d9d337e0791,generic_pain_enemy_6
63987c9d337e05de,generic_pain_enemy_7
6398779d337dfd5f,generic_pain_enemy_8
8b2f77e1fb3bddff,generic_pain_friendly_1
8b2f78e1fb3bdfb2,generic_pain_friendly_2
8b2f79e1fb3be165,generic_pain_friendly_3
8b2f72e1fb3bd580,generic_pain_friendly_4
8b2f73e1fb3bd733,generic_pain_friendly_5
8b2f74e1fb3bd8e6,generic_pain_friendly_6
8b2f75e1fb3bda99,generic_pain_friendly_7
8b2f7ee1fb3be9e4,generic_pain_friendly_8
1782cb6a1c4d9e59,generic_shieldstun_enemy_1
1782c86a1c4d9940,generic_shieldstun_enemy_2
1782c96a1c4d9af3,generic_shieldstun_enemy_3
1782ce6a1c4da372,generic_shieldstun_enemy_4
1782cf6a1c4da525,generic_shieldstun_enemy_5
1782cc6a1c4da00c,generic_shieldstun_enemy_6
1782cd6a1c4da1bf,generic_shieldstun_enemy_7
1782d26a1c4daa3e,generic_shieldstun_enemy_8
3f9dd0075fbfaeec,generic_shieldstun_friendly_1
3f9dd3075fbfb405,generic_shieldstun_friendly_2
3f9dd2075fbfb252,generic_shieldstun_friendly_3
3f9dcd075fbfa9d3,generic_shieldstun_friendly_4
3f9dcc075fbfa820,generic_shieldstun_friendly_5
3f9dcf075fbfad39,generic_shieldstun_friendly_6
3f9dce075fbfab86,generic_shieldstun_friendly_7
3f9dd9075fbfbe37,generic_shieldstun_friendly_8
cd8fdf6bc4b6095e,generic_throw_enemy_1
cd8fde6bc4b607ab,generic_throw_enemy_2
cd8fdd6bc4b605f8,generic_throw_enemy_3
cd8fe46bc4b611dd,generic_throw_enemy_4
cd8fe36bc4b6102a,generic_throw_enemy_5
cd8fe26bc4b60e77,generic_throw_enemy_6
cd8fe16bc4b60cc4,generic_throw_enemy_7
cd8fd86bc4b5fd79,generic_throw_enemy_8
5ff73dd25fb9068d,generic_throw_friendly_1
5ff73ad25fb90174,generic_throw_friendly_2
5ff73bd25fb90327,generic_throw_friendly_3
5ff738d25fb8fe0e,generic_throw_friendly_4
5ff739d25fb8ffc1,generic_throw_friendly_5
5ff736d25fb8faa8,generic_throw_friendly_6
5ff737d25fb8fc5b,generic_throw_friendly_7
5ff734d25fb8f742,generic_throw_friendly_8
53d8855a71faacbc,hero_cough_1_alx_1
9cbafe9ea4d7c3c6,hero_cough_1_far_1
60633011ca597ea1,hero_cough_1_grg_1
80a7d9115345c7e6,hero_cough_1_kyle_1
83ab6aac9a0e6dca,hero_cough_1_pri_1
a9a2028e90bd94b2,hero_cough_3_alx_1
e39989e476ecad7c,hero_cough_3_far_1
95e9d26f8e7323bb,hero_cough_3_grg_1
e87ed0169510dedc,hero_cough_3_kyle_1
74a8bfecf7e7039c,hero_cough_3_pri_1
d97f6a9f9d5eebcc,hero_cough_fit_alx_1
7b1e5da59bedeb96,hero_cough_fit_far_1
26dbae0d5ad515f1,hero_cough_fit_grg_1
805aa3f3e2faf9d6,hero_cough_fit_kyle_1
2fdc985eafa4c87a,hero_cough_fit_pri_1
41bf2a3d7cb78514,hero_death_alx_1
9a5c8cbfa1db78fe,hero_death_far_1
5b789e32c5337839,hero_death_grg_1
91659777ad1afc1e,hero_death_kyle_1
de99af22cdf94a72,hero_death_pri_1
a6f237baf70344b2,hero_explodeath_alx_1
e0e9bf10dd325d7c,hero_explodeath_far_1
933a079bf4b8d3bb,hero_explodeath_grg_1
9d792a885d7aeedc,hero_explodeath_kyle_1
71f8f5195e2cb39c,hero_explodeath_pri_1
358e4f6a3364ee57,hero_falldeath_alx_1
7a98c9ead7dd7f15,hero_falldeath_far_1
4ecc643c3fcad7b,hero_falldeath_kyle_1
de2622f899572f41,hero_falldeath_pri_1
a569f7738793ccb1,hero_flamedeath_alx_1
d740959ee56a2117,hero_flamedeath_far_1
d91d439846d73785,hero_flamedeath_kyle_1
6cd701bd07d58eff,hero_flamedeath_pri_1
b00e1ed6603f2ef6,hero_flashbang_alx_1
4cd63d1d31add600,hero_flashbang_far_1
a4752da784c6bbb7,hero_flashbang_grg_1
185923f2fb79f0f0,hero_flashbang_kyle_1
9218b40506d3b158,hero_flashbang_pri_1
a7c5f584e838f525,hero_incendeath_alx_1
9205127f393f45cb,hero_incendeath_far_1
f5bde9f4bf71dbec,hero_incendeath_grg_1
cda8b71a9489fc09,hero_incendeath_kyle_1
cf7810102ed7b19b,hero_incendeath_pri_1
f0f4ec60014c933a,hero_meleeattack_alx_1
b4d0e2260a76a704,hero_meleeattack_far_1
52cb6ab085b64883,hero_meleeattack_grg_1
7f4390c8e68a65e4,hero_meleeattack_kyle_1
2acf2829f53127d4,hero_meleeattack_pri_1
7b7a10085b28a116,hero_meleecharge_alx_1
19f5ae4f2e09b620,hero_meleecharge_far_1
c6661ed497b182d7,hero_meleecharge_grg_1
d7219be192515390,hero_meleecharge_kyle_1
5d85253701bdfcf8,hero_meleecharge_pri_1
c432a6bf30b2fa82,hero_pain_alx_1
543c2c01fd716b0c,hero_pain_far_1
7610cd3d5a3b428b,hero_pain_grg_1
a8e24bc877d536cc,hero_pain_kyle_1
bf339babc5aac94c,hero_pain_pri_1
ba9a4e12670d67de,hero_throw_alx_1
64e65bd077133188,hero_throw_far_1
d1b44c5b672b497f,hero_throw_grg_1
a639f23493fc24b8,hero_throw_kyle_1
885f0a2357704db0,hero_throw_pri_1
34b31e4e4f9f7782,shield_death_enemy_1
34b31d4e4f9f75cf,shield_death_enemy_2
34b31c4e4f9f741c,shield_death_enemy_3
34b31b4e4f9f7269,shield_death_enemy_4
34b31a4e4f9f70b6,shield_death_enemy_5
34b3194e4f9f6f03,shield_death_enemy_6
34b3184e4f9f6d50,shield_death_enemy_7
34b3274e4f9f86cd,shield_death_enemy_8
854556fae2bfd351,shield_death_friendly_1
854553fae2bfce38,shield_death_friendly_2
854554fae2bfcfeb,shield_death_friendly_3
854559fae2bfd86a,shield_death_friendly_4
85455afae2bfda1d,shield_death_friendly_5
854557fae2bfd504,shield_death_friendly_6
854558fae2bfd6b7,shield_death_friendly_7
85454dfae2bfc406,shield_death_friendly_8
84f15b104de16b92,vo_missionline_kill
328ca1b0eca79547,vo_radio_kill
9c55e22411527aea,woman_cough_1_friendly_1
9c55e12411527937,woman_cough_1_friendly_2
9c55e02411527784,woman_cough_1_friendly_3
9c55df24115275d1,woman_cough_1_friendly_4
9c55de241152741e,woman_cough_1_friendly_5
9c55dd241152726b,woman_cough_1_friendly_6
9c55dc24115270b8,woman_cough_1_friendly_7
9c55db2411526f05,woman_cough_1_friendly_8
2689ccf180f98fd0,woman_death_falling_scream
20b86947bbae140a,woman_death_friendly_1
20b86847bbae1257,woman_death_friendly_2
20b86747bbae10a4,woman_death_friendly_3
20b86647bbae0ef1,woman_death_friendly_4
20b86547bbae0d3e,woman_death_friendly_5
20b86447bbae0b8b,woman_death_friendly_6
20b86347bbae09d8,woman_death_friendly_7
20b86247bbae0825,woman_death_friendly_8
fadfc224607d0fa8,woman_explodeath_friendly_1
fadfc524607d14c1,woman_explodeath_friendly_2
fadfc424607d130e,woman_explodeath_friendly_3
fadfc724607d1827,woman_explodeath_friendly_4
fadfc624607d1674,woman_explodeath_friendly_5
fadfc924607d1b8d,woman_explodeath_friendly_6
fadfc824607d19da,woman_explodeath_friendly_7
fadfbb24607d03c3,woman_explodeath_friendly_8
1c07c6184c0d8a63,woman_falldeath_friendly_1
1c07c7184c0d8c16,woman_falldeath_friendly_2
1c07c8184c0d8dc9,woman_falldeath_friendly_3
1c07c9184c0d8f7c,woman_falldeath_friendly_4
1c07ca184c0d912f,woman_falldeath_friendly_5
1c07cb184c0d92e2,woman_falldeath_friendly_6
1c07cc184c0d9495,woman_falldeath_friendly_7
1c07cd184c0d9648,woman_falldeath_friendly_8
f187d39a66147085,woman_flamedeath_friendly_1
f187d09a66146b6c,woman_flamedeath_friendly_2
f187d19a66146d1f,woman_flamedeath_friendly_3
f187ce9a66146806,woman_flamedeath_friendly_4
f187cf9a661469b9,woman_flamedeath_friendly_5
f187cc9a661464a0,woman_flamedeath_friendly_6
f187cd9a66146653,woman_flamedeath_friendly_7
f187da9a66147c6a,woman_flamedeath_friendly_8
da9fe54bc76ac7cc,woman_flashbang_friendly_1
da9fe84bc76acce5,woman_flashbang_friendly_2
da9fe74bc76acb32,woman_flashbang_friendly_3
da9fe24bc76ac2b3,woman_flashbang_friendly_4
da9fe14bc76ac100,woman_flashbang_friendly_5
da9fe44bc76ac619,woman_flashbang_friendly_6
da9fe34bc76ac466,woman_flashbang_friendly_7
da9fee4bc76ad717,woman_flashbang_friendly_8
a6e3465a6de52377,woman_incenddeath_friendly_5
a6e3475a6de5252a,woman_incenddeath_friendly_6
bcee21e4bf87d839,woman_incendeath_friendly_1
bcee1ee4bf87d320,woman_incendeath_friendly_2
bcee1fe4bf87d4d3,woman_incendeath_friendly_3
bcee24e4bf87dd52,woman_incendeath_friendly_4
bcee23e4bf87db9f,woman_incendeath_friendly_7
bcee28e4bf87e41e,woman_incendeath_friendly_8
fdc7ebd1c03c45f0,woman_meleeattack_friendly_1
fdc7eed1c03c4b09,woman_meleeattack_friendly_2
fdc7edd1c03c4956,woman_meleeattack_friendly_3
fdc7f0d1c03c4e6f,woman_meleeattack_friendly_4
fdc7efd1c03c4cbc,woman_meleeattack_friendly_5
fdc7f2d1c03c51d5,woman_meleeattack_friendly_6
fdc7f1d1c03c5022,woman_meleeattack_friendly_7
fdc7f4d1c03c553b,woman_meleeattack_friendly_8
188f878be993c1b4,woman_meleecharge_friendly_1
188f8a8be993c6cd,woman_meleecharge_friendly_2
188f898be993c51a,woman_meleecharge_friendly_3
188f848be993bc9b,woman_meleecharge_friendly_4
188f838be993bae8,woman_meleecharge_friendly_5
188f868be993c001,woman_meleecharge_friendly_6
188f858be993be4e,woman_meleecharge_friendly_7
188f808be993b5cf,woman_meleecharge_friendly_8
9de13ec365dbca30,woman_pain_friendly_1
9de141c365dbcf49,woman_pain_friendly_2
9de140c365dbcd96,woman_pain_friendly_3
9de143c365dbd2af,woman_pain_friendly_4
9de142c365dbd0fc,woman_pain_friendly_5
9de145c365dbd615,woman_pain_friendly_6
9de144c365dbd462,woman_pain_friendly_7
9de147c365dbd97b,woman_pain_friendly_8
9b1ea42e1de125c4,woman_shield_death_friendly_1
9b1ea72e1de12add,woman_shield_death_friendly_2
9b1ea62e1de1292a,woman_shield_death_friendly_3
9b1ea12e1de120ab,woman_shield_death_friendly_4
9b1ea02e1de11ef8,woman_shield_death_friendly_5
9b1ea32e1de12411,woman_shield_death_friendly_6
9b1ea22e1de1225e,woman_shield_death_friendly_7
9b1e9d2e1de119df,woman_shield_death_friendly_8
ccdbdc742ea13523,woman_shieldstun_friendly_1
ccdbdd742ea136d6,woman_shieldstun_friendly_2
ccdbde742ea13889,woman_shieldstun_friendly_3
ccdbdf742ea13a3c,woman_shieldstun_friendly_4
ccdbe0742ea13bef,woman_shieldstun_friendly_5
ccdbe1742ea13da2,woman_shieldstun_friendly_6
ccdbe2742ea13f55,woman_shieldstun_friendly_7
ccdbe3742ea14108,woman_shieldstun_friendly_8
4e1366c8893a4bfc,woman_throw_friendly_1
4e1369c8893a5115,woman_throw_friendly_2
4e1368c8893a4f62,woman_throw_friendly_3
4e1363c8893a46e3,woman_throw_friendly_4
4e1362c8893a4530,woman_throw_friendly_5
4e1365c8893a4a49,woman_throw_friendly_6
4e1364c8893a4896,woman_throw_friendly_7
4e136fc8893a5b47,woman_throw_friendly_8
b53a7c9fc0076844,st_radioburst_10
b53a7d9fc00769f7,st_radioburst_11
b53a7e9fc0076baa,st_radioburst_12
b53a7f9fc0076d5d,st_radioburst_13
b53a789fc0076178,st_radioburst_14
b53a799fc007632b,st_radioburst_15
b53a7a9fc00764de,st_radioburst_16
b53a7b9fc0076691,st_radioburst_17
b53a749fc0075aac,st_radioburst_18
b53a759fc0075c5f,st_radioburst_19
b5446e9fc00fa4ff,st_radioburst_20
b5446d9fc00fa34c,st_radioburst_21
b544709fc00fa865,st_radioburst_22
b5446f9fc00fa6b2,st_radioburst_23
b5446a9fc00f9e33,st_radioburst_24
b544699fc00f9c80,st_radioburst_25
b5446c9fc00fa199,st_radioburst_26
20354e6e7bbbdb70,amb_bunker_alt_lr
7ef71ae120f79170,amb_bunker_alt_lsrs
a06f0847080061e8,amb_bunker_lr
8d1a0b7968790e48,amb_bunker_lsrs
2fc94689506d1900,amb_bunker_room_lr
79a94b28d5b3a880,amb_bunker_room_lsrs
96499fde4ca2a2a4,amb_cargo_train_tunnels_lr
570205d3c5e2c244,amb_cargo_train_tunnels_lsrs
e85fda869acc4bad,amb_gul_mp_m_showers_int_lr
2a2dea6a82fbebd1,amb_gul_mp_m_showers_int_lsrs
8312bcb3fd6bcf71,amb_layover_int_garage_lr
6f3c1f61c9583055,amb_layover_int_garage_lsrs
bad651febba77134,amb_layover_roomtone_lr_int_lp
64fb6f4c0d0798c8,amb_layover_roomtone_lsrs_int_lp
b2e26c0b64b2c501,amb_maintenance_electricity_building_lr
c4c283832a36bf65,amb_maintenance_electricity_building_lsrs
ab1c85e18d0339ff,amb_mp_boneyard_lr
ac4ae52fe0dea8ab,amb_mp_boneyard_lsrs
790258585dd519d1,amb_mp_boneyard_narrow_lsrs
f563d3844366f04b,amb_mp_coast_lr
45a010c0ef2a47b7,amb_mp_coast_lsrs
8d6c8822cf1c6bb5,amb_mp_coast_narrow_lsrs
3ef7080b2ea3d4e9,amb_mp_dam_int_lr
eedef36d631ae54d,amb_mp_dam_int_lsrs
925858df90b48c8f,amb_mp_dam_lr
51bf487593ecfbb,amb_mp_dam_lsrs
fd0a126349b52d81,amb_mp_dam_narrow_lsrs
ad41ca47f307d514,amb_mp_donetsk_high_lr
5105cc158d0e9b34,amb_mp_donetsk_high_lsrs
bb805221d00b785f,amb_mp_donetsk_indu_hallway_lr
79d315a0f64d6f1b,amb_mp_donetsk_indu_hallway_lr_alt
67b81cfb69f8fd0b,amb_mp_donetsk_indu_hallway_lsrs
b36883812d7d71df,amb_mp_donetsk_indu_hallway_lsrs_alt
7719d166b120ecde,amb_mp_donetsk_indu_lg_room_lr
8958a6c46fdfa83e,amb_mp_donetsk_indu_lg_room_lsrs
d0ae282f8947eec2,amb_mp_donetsk_indu_md_room_lr
6c96b3b218cb02ea,amb_mp_donetsk_indu_md_room_lr_alt
a6804ce7a6691fe2,amb_mp_donetsk_indu_md_room_lsrs
86986cc01c1f5bca,amb_mp_donetsk_indu_md_room_lsrs_alt
a2b13995d3e868f,amb_mp_donetsk_indu_sm_room_alt_lr
6e7e35bb6805d9bb,amb_mp_donetsk_indu_sm_room_alt_lsrs
a243003fbe966063,amb_mp_donetsk_indu_sm_room_lr
69975f61999f82ef,amb_mp_donetsk_indu_sm_room_lsrs
7938c0d67748deea,amb_mp_donetsk_indu_stairwell_lr
ee11b0b07bfe7cea,amb_mp_donetsk_indu_stairwell_lsrs
4cf836e07f690ccf,amb_mp_donetsk_resi_attic_wood_lr
d41f33c0a3d0d4fb,amb_mp_donetsk_resi_attic_wood_lsrs
3d779a9959e2f0e0,amb_mp_donetsk_resi_hallway_lr
68cf72b46719ffa4,amb_mp_donetsk_resi_hallway_lr_alt
63bc0d0988781260,amb_mp_donetsk_resi_hallway_lsrs
98a970953dabf924,amb_mp_donetsk_resi_hallway_lsrs_alt
2eb868568bf88d85,amb_mp_donetsk_resi_lg_room_lr
a3a60fba96c69895,amb_mp_donetsk_resi_lg_room_lr_alt
7858d5eae5dcb9c9,amb_mp_donetsk_resi_lg_room_lsrs
46a9eb93494f4541,amb_mp_donetsk_resi_lg_room_lsrs_alt
c040ed2117690ef5,amb_mp_donetsk_resi_md_room_lr
f65fd4ebf7528e45,amb_mp_donetsk_resi_md_room_lr_alt
36dacae100e539b9,amb_mp_donetsk_resi_md_room_lsrs
b851fd318131c971,amb_mp_donetsk_resi_md_room_lsrs_alt
13a8f6204528ee8c,amb_mp_donetsk_resi_sm_room_lr
2b6c405f61a9a7d8,amb_mp_donetsk_resi_sm_room_lr_alt
81736d0413c6cac,amb_mp_donetsk_resi_sm_room_lsrs
9ed4ce8fa8adceb8,amb_mp_donetsk_resi_sm_room_lsrs_alt
d9bfda11208c12f1,amb_mp_donetsk_resi_stairwell_lr
b21eafb28c5d7fd5,amb_mp_donetsk_resi_stairwell_lsrs
addbe623328f7ec6,amb_mp_farms_barn_int_lr
51981297579b5fa6,amb_mp_farms_barn_int_lsrs
874a758cee3cb5fa,amb_mp_farms_lr
f8055b4b6e81a97a,amb_mp_farms_lsrs
b941369e85e19e22,amb_mp_farms_narrow_lsrs
af28c56afcbf24d3,amb_mp_hospital_lr
4e90c7be3d920adf,amb_mp_hospital_lsrs
96668ec54191083d,amb_mp_hospital_narrow_lsrs
785335d9ed754858,amb_mp_lumber_lr
17c264609dc4bb38,amb_mp_lumber_lsrs
facd10f7190ec6ec,amb_mp_lumber_narrow_lsrs
12ab6b2b670f0526,amb_mp_m_showers_bm_ext_lr
e75f1073e1a83c06,amb_mp_m_showers_bm_ext_lsrs
7e3c77d48ad68418,amb_mp_m_showers_bm_int_w_crowd_lr
d2ef69d380601ef8,amb_mp_m_showers_bm_int_w_crowd_lsrs
31ecb62d4b735d98,amb_mp_m_showers_ext_lr
694c9a0f215b7478,amb_mp_m_showers_ext_lsrs
d847836ac152a666,amb_mp_m_showers_int_lr
ff0fd42a92698a46,amb_mp_m_showers_int_lsrs
2af8b2e2a965d4a2,amb_mp_stadium_int_lr
e6e4994e1a81c7c2,amb_mp_stadium_int_lsrs
40a7b7198d24537c,amb_mp_stadium_lr
fd68b9877d3ddc1c,amb_mp_stadium_lsrs
4cec548058d2ff78,amb_mp_stadium_narrow_lsrs
3ade7936d76154e6,amb_mp_super_int_lr
75d055867c7efcc6,amb_mp_super_int_lsrs
c861cafd403fd7d8,amb_mp_super_lr
664a3f079c7436b8,amb_mp_super_lsrs
528a9e7536fc6d6c,amb_mp_super_narrow_lsrs
e2211fb5dc7e2336,amb_mp_transit_int_lr
8921aba073dec796,amb_mp_transit_int_lsrs
b76906eedb665ee8,amb_mp_transit_lr
7f104b99ad259348,amb_mp_transit_lsrs
f1bcdf24a2c1851c,amb_mp_transit_narrow_lsrs
b182892ee0a41e8f,amb_water_building_lr
f67ea4fbb91331bb,amb_water_building_lsrs
a9ff2673368b57da,dst_plastic_water_cooler
1432d5497fe2b9be,elm_boneyard_distant_metal_squeal
b1e44e624264b666,elm_dwntwn_bird_city
ff8b8ee16c58b43b,elm_dwntwn_city_dist_movement
693e224822895865,elm_gulag_metalmove
6cd52c92d3d4862e,elm_gulag_nature_ext
8d47bc92e596881c,elm_gulag_nature_int
3018cb3e1651a346,elm_gulag_ropes
5090e9bc53cf2726,elm_hospital_interior_lg_mvmnt
5bdcecc6c8391096,elm_hospital_interior_md_mvmnt
4ceb1ec08f17a522,elm_tvstation_interior_lg_mvmnt
d9d9178df6c7a212,elm_tvstation_interior_md_mvmnt
fc268bf5513bb062,emt_boneyard_canvas_flapping_01_lp
5002ddd9977488bd,emt_boneyard_canvas_flapping_02_lp
77e7e74f86c05711,emt_boneyard_electric_hum3_ext_lp
4e6ab815bc6c127e,emt_boneyard_light_fluorescent_hum2_int_lp
5737d7e3a41a4833,emt_boneyard_light_fluorescent_hum3_int_lp
6deffeea154ec14,emt_boneyard_plane_creaking_both
88f6cfbb592360d4,emt_boneyard_plane_mtl_stress_both
19d9db84bd696a83,emt_boneyard_sand_metal
90f202f3a334ded5,emt_boneyard_sm_vent_rattle_lp_01
680f04525680fe5f,emt_boneyard_small_metal_creak_both
7332fea4013f458f,emt_boneyard_tanker_fire_medium
242f83999bb8486e,emt_boneyard_wind_gust_med_dop
e5c5d4afd84e4046,emt_boneyard_wind_sand
41136b51ddbf3d37,emt_boneyard_wind_sand_leaves
279f615ea3add05a,emt_boneyard_wood_creak_low
867db65c73a9a9e6,emt_dam_elec_transformer_close_int_lp
b6cc9344f471e106,emt_dam_electricair
2fef624868332a09,emt_dam_fire_low_lp_01
2fef5f48683324f0,emt_dam_fire_low_lp_02
d547f33032d2dd33,emt_dam_fire_med_sizzle_lp_01
50b845b6584fc856,emt_dam_metalrattle_small
1871903766732154,emt_dam_metalstress
bc78227638e7b25e,emt_dam_metalstress_lrg_int
f11302e259fc6653,emt_dam_pipe_large_water_flow_lp
5ee26097f1614a6f,emt_dam_pipe_metal_groan_ext
6759c34d7ecb70a6,emt_dam_powergenerator_lp_01
6759c24d7ecb6ef3,emt_dam_powergenerator_lp_02
6759c14d7ecb6d40,emt_dam_powergenerator_lp_03
c4cabdc35ea63983,emt_dam_sand_metal
be1d110f878a927b,emt_dam_turbine_distant_lp
b4b8280f098b5d6e,emt_dam_wind_gust_med_dop
c6aad9fc574c9f1e,emt_dam_windhowl_lofreq_lp
445b0b2e9ae3b10f,emt_dam_windhowl_medfreq_lp
c38345b775f61e6d,emt_donetsk_car_crumple_lp
3cd7cfde06ab7283,emt_donetsk_mtl_creak_small
a406668f7b489d93,emt_donetsk_tarp_plastic_flap
706f6b07627163d0,emt_donetsk_wood_creak_ster_both_thin
cb92003f95c5ed2b,emt_fire_large_metal_lp_01
b113ac5022136213,emt_lay_med_rock_debris
6f05544429a6d47e,emt_lay_rock_debris_metal
12ecece5abbebdd6,emt_lay_rock_slide_small
26bb3b901446937,emt_lay_sand_metal
bac2dfd18b3a0245,emt_lay_sand_wood_debris
dc2fb4a6aa088431,emt_lay_sm_vent_rattle_lp_01
6261377cbff82431,emt_layover_metal_groan_dist
7dd8fb71538c1f5e,emt_layover_metal_groan_medium
2933c2220600c5e3,emt_layover_metal_groan_medium_dist
94d84b19a81fed31,emt_lumber_auto_cool_down_pings_01_lp
4462f93564cbf0d6,emt_lumber_auto_cool_down_pings_02_lp
234c7324ae7c58c1,emt_lumber_cable_creak_short
b3b93b7f4439daf3,emt_lumber_canvas_flapping_01_lp
e0724173fcb6638c,emt_lumber_canvas_flapping_02_lp
85b514b753cc51c2,emt_lumber_creak_small
ff25ec97c5d53d5f,emt_lumber_metal_groan_small
c3c5e9e0aa81c51b,emt_lumber_rock_debris
e69d9d5d83eb236e,emt_lumber_sand_wood_debris
3be9fc259c5d3e7e,emt_lumber_sm_vent_rattle_lp_01
20b1c2bd54b1c844,emt_lumber_wind_sand_leaves_ext
74b6c0d69c70f2af,emt_lumber_wood_creak_ster_int
8dcf293f95128c82,emt_lumber_wood_stress_debris
e385fc5e82fd48ef,emt_quarry_hash_bird_1
e385fd5e82fd4aa2,emt_quarry_hash_bird_2
e385fe5e82fd4c55,emt_quarry_hash_bird_3
a58d2ff5412e323a,emt_stadium_cloth_rustle
62a9e9db53ee13f1,emt_steam_vent_lp
62263b839e5139b3,emt_tvstation_computer_loop
c028b86e00eee234,emt_tvstation_door_server_room_int_lp
9382bb87ae7fdbb8,emt_tvstation_window_server_room_int_lp
2fd20b59bf969f5f,tripwire_pop
d9ca9a0888d48073,dst_food_trash_cup
6b21ec3e360bcf16,dst_food_trash_generic
227630a995170a01,dst_water_fountain
4ba44e892c6b8cc7,emt_fire_med_lp_02
5135b96b947ae6e9,emt_metal_detector_beep
188c5456b249f409,emt_auto_cool_down_pings_01_lp
f542c6e5ce81955f,emt_fire_small_lp_01
f542c7e5ce819712,emt_fire_small_lp_02
f542c8e5ce8198c5,emt_fire_small_lp_03
57e423ed6bb2b723,emt_fire_large_lp_01
57e424ed6bb2b8d6,emt_fire_large_lp_02
cb92013f95c5eede,emt_fire_large_metal_lp_02
4ba44f892c6b8e7a,emt_fire_med_lp_01
4177bb58a5a390f8,dst_wood_folding_chair
4b0f40e2371c88f8,dst_wooden_crates
43683ca20727762c,dst_wooden_crates_lyr
9c3983e53a437d60,emt_rock_med_debris
229cf76644c54cc0,elm_wind_gust
94addb08f393f5b2,emt_fire_metal_small
4ce775056cfc43ba,emt_fire_small
c6f7dfcaeb475a0e,emt_fire_wood_small
7181c111c57284b,emt_tunnel_water_drips_run_amb_lp_01
7181d111c5729fe,emt_tunnel_water_drips_run_amb_lp_02
d5b4aa36da136040,emt_tunnel_water_drips_splat_rock_lp_02
d968a96f85b5899a,emt_tunnel_wood_struct_bottom_stress_lp_01
c6fd5be3d2a09fc,emt_tunnel_wood_struct_top_stress_lp_01
bc8c5b1ec3dcecb4,emt_sand_blow_wind
30244bb7d1bf0114,impact_church_bell_gren
d94474792c495015,impact_church_bell_small
b7c2e01d57c4b4bf,elm_dist_car_horn_group
b3778063b3308fea,mount_enter_side_mike4_vestlight_plr
820fcbdec76d9d32,mount_enter_top_mike4_vestlight_plr
37102c3172ccee06,mount_exit_side_mike4_vestlight_plr
febf8a750b1c0176,mount_exit_top_mike4_vestlight_plr
fe8c339b7de3dcc7,weap_ar_mike4_ads_down
5e5145547283ac9e,weap_ar_mike4_ads_up
c3fbda7cfe20e617,weap_ar_mike4_selector_off
1e90c4af12d3e2d3,weap_ar_mike4_selector_on
a7cfb2c1901c0988,emt_fire_metal_car_lp
4f093d69bdcbeb8c,emt_metal_rattle_small
252c84a6ae8884a1,br_bunker_door_open_01
252c81a6ae887f88,br_bunker_door_open_02
666349ffc2052759,br_keypad_confirm
48d9804303f838cd,dx_bra_rubc_bunker_trench_phone_interact_10
48dce64303fb1bf6,dx_bra_rubc_bunker_trench_phone_interact_20
cc6b61e0d85e4f78,emt_fire_small_lp_02_int
d52632ff78274b8c,dst_plastic_trash_bin
1d0dc83c801737fd,ui_horn_1812_atango
c5a89f2cef712812,ui_horn_1812_decho
c6568b8c800b92bd,ui_horn_1812_lbravo
eb9e711ef0362f29,ui_horn_1812_mkilo
baaffa1ec8d17775,ui_horn_baldmountain_atango
70d67a51a00b35a,ui_horn_baldmountain_decho
8cd61293f1edf675,ui_horn_baldmountain_lbravo
c4afb99ec7ba8021,ui_horn_baldmountain_mkilo
d1ef86f9f5a4e8c7,ui_horn_basketballbuzzer
175cddca53154adf,ui_horn_bicycle
750efa284fd16e0e,ui_horn_bumblebee_atango
2d5e36cd935e6c7f,ui_horn_bumblebee_decho
85c1502db86f574e,ui_horn_bumblebee_lbravo
464afc6af2f3d274,ui_horn_bumblebee_mkilo
368c44fdc93d644d,ui_horn_carmen_atango
1868491575308d22,ui_horn_carmen_decho
237c192588e27bad,ui_horn_carmen_lbravo
bd8f1b03c6856c39,ui_horn_carmen_mkilo
9074eada402a7aa6,ui_horn_charge
8174bc3cb33bb65f,ui_horn_charge_atango
951f161421f668ac,ui_horn_charge_decho
369882efe9d634b3,ui_horn_charge_lbravo
380f8c24a4a2d6e3,ui_horn_charge_mkilo
ee2905956dfca0b9,ui_horn_charge_tromeo
e79828207bd2eaf6,ui_horn_charge_vindia
ca110e2b301bf713,ui_horn_clown
59fb4a9463be65b5,ui_horn_countdown
70e9feee76d1e80,ui_horn_default_atango
811ef3a9ff71c539,ui_horn_default_decho
675d303c09e5cf44,ui_horn_default_lbravo
d7964dbfed2c1966,ui_horn_default_mkilo
48ab40a634a6ce6,ui_horn_default_tromeo
21a0fdc708cad7a9,ui_horn_default_vindia
ac98b67d9209d67b,ui_horn_entertainer
436e71e623ef2f24,ui_horn_entertainer_lbravo
f0a260ade6449b43,ui_horn_firetruck_horn
43a2dfdf2e72dd0c,ui_horn_hockeygoal
bc929ea83022485e,ui_horn_lacucaracha
b749d577636f71b7,ui_horn_lacucaracha_atango
4d2f4894ff35fc54,ui_horn_lacucaracha_decho
10914180f27fc5eb,ui_horn_lacucaracha_lbravo
1ea41eb17bfff7db,ui_horn_lacucaracha_mkilo
8b083f58905f3e41,ui_horn_lacucaracha_tromeo
ab7898b5a148803e,ui_horn_lacucaracha_vindia
e3d5ee1dac3b5ff4,ui_horn_mars_atango
6ff53ec736ff30cd,ui_horn_mars_decho
233241d2208f4ed0,ui_horn_mars_lbravo
4913a9b3a7c968da,ui_horn_mars_mkilo
9da4e92f9fbba166,ui_horn_modela
5b513d41154c0b87,ui_horn_mountainking_atango
973d46c69d9c42e4,ui_horn_mountainking_decho
cb064fa8c4cdcb5b,ui_horn_mountainking_lbravo
93eb5ce45520666b,ui_horn_mountainking_mkilo
ac1d0eb6c90ba727,ui_horn_pitfall_atango
ad8f04d46c002904,ui_horn_pitfall_decho
699d296fc36823fb,ui_horn_pitfall_lbravo
a6d61af2209f708b,ui_horn_pitfall_mkilo
d43296e87d69c4c4,ui_horn_stars_atango
e4762134c98ec71d,ui_horn_stars_decho
a853d0f76205c040,ui_horn_stars_lbravo
45fb41b1c9e7ed6a,ui_horn_stars_mkilo
6daa74d2f0455a42,ui_horn_stars_tromeo
5d52deffaddba49c,ui_horn_steamboat
d7d79ffc30e8b0ca,ui_horn_submarine
87795a74c7fa71c,ui_horn_symphonyno5_atango
b744e3fbac36acc5,ui_horn_symphonyno5_decho
8b285133c7779f8,ui_horn_symphonyno5_lbravo
e8b2e78d06f56142,ui_horn_symphonyno5_mkilo
7b5da0e62c0c839c,ui_horn_toccata_atango
ca5aeee5743b1e45,ui_horn_toccata_decho
7b9890521c045678,ui_horn_toccata_lbravo
fbc8f276cef9d2c2,ui_horn_toccata_mkilo
da4d2d6f8f2fc836,ui_horn_trainwhistle
46d44296a7ef2a94,ui_horn_valkyries
cda197eb4e28b941,ui_horn_valkyries_atango
38edaf763fd9e0b6,ui_horn_valkyries_decho
73c7fbeefdbb9c9,ui_horn_valkyries_lbravo
1f4332393b9ddfdd,ui_horn_valkyries_mkilo
2dcc427aef299973,ui_horn_valkyries_tromeo
40f454f00b11af8c,ui_horn_valkyries_vindia
15dd04308a07aa68,ui_horn_vuvuzela
ec5136636a518e55,ui_horn_williamtell_atango
6fffd572703a3cba,ui_horn_williamtell_decho
be774ed8936e0d55,ui_horn_williamtell_lbravo
d71d277105f2b481,ui_horn_williamtell_mkilo
73e41991710c53cc,ui_horn_zarathustra_atango
811986d6259a1635,ui_horn_zarathustra_decho
9be2f57d20643c8,ui_horn_zarathustra_lbravo
7c04854662fc4f2,ui_horn_zarathustra_mkilo
306a76144a3e190,ui_lobby_alert_popup
79d92c2a18e6a78f,ui_mp_player_join_lobby
c67327d2c42fc834,ui_mp_player_leave_lobby
8ed9fbfcf01266ae,ui_mpmenu_tab_allegiance
31f7ca37882e9a8,ui_mpmenu_tab_barracks
5a22880d17bc1cc0,ui_mpmenu_tab_battlepass
5cbe4c485add0b11,ui_mpmenu_tab_career
b74991ad55546499,ui_mpmenu_tab_challenges
88c0af8d47f85919,ui_mpmenu_tab_coalition
7b11050c204a34af,ui_mpmenu_tab_depot
e7e477c9fc4af104,ui_mpmenu_tab_operators
44e5b05a074a72d,ui_mpmenu_tab_play
7ebca51e5b8f0513,ui_mpmenu_tab_prepurchase
e8587a7777fca784,ui_mpmenu_tab_weapons
f668b2ed1de89342,ui_preview_battle_tracks_jugg_pack
b6d1e713e9badd10,ui_preview_battle_tracks_loop_0
b6d1e813e9badec3,ui_preview_battle_tracks_loop_1
b6d1e913e9bae076,ui_preview_battle_tracks_loop_2
67a1596082086f7f,ui_select_prestige_cancel
818bec9984912a81,ui_select_prestige_enter
61ea54cae25ff626,ui_select_prestige_enter_unlock
9d3d4300b8f0b369,ui_select_prestige_enter_unlock_lsrs
24359cff08a30e01,ui_select_prestige_unlock
712f34df8500f970,ui_select_prestige_unlock_lsrs
5028c8349da92de9,rev_engine_rcxd_npc
85df867ace4a023c,lbravo_mainrotor_rpm_high
9c50bd66e9aded3b,lbravo_mainrotor_rpm_high_effort
903c001b6fbe1c22,lbravo_mainrotor_rpm_low
6c0fe306e1896722,lbravo_physics_shutdown
5ef8c75d165db579,lbravo_physics_startup
c2c4c511b09a6d3,lbravo_tailrotor_rpm_high
1e3469792d00fc7d,lbravo_tailrotor_rpm_left_effort
2b061ba124fdf9f,lbravo_tailrotor_rpm_low
ea8d7f3514ee5232,lbravo_tailrotor_rpm_right_effort
33e980ed57bee5fe,lbravo_turbine_high
7948cc16d43f8a44,lbravo_turbine_low
2b82d00c537246ec,veh_ks_wilson_engine_high
fcafefd2a781f12,veh_ks_wilson_engine_low
b85f5b5c097ae7d4,veh_ks_wilson_idle_high
fb0e345ddaade93a,veh_ks_wilson_idle_low
f5aaeb3ff314514c,veh_wheelson_engine_lp
d6288850c233c1ff,wheelson_warning
612636f655e799e0,weap_golf25_fire_plr_atmo
476e9b3928dcf0c6,weap_golf25_fire_plr_lfe
e16ff119613b55fc,weap_golf25_fire_plr_mech
d04b6eff2c6bd9fa,weap_mike203_fire_plr_atmo
35aba010b92fc41c,weap_mike203_fire_plr_lfe
52109564ead49926,weap_mike203_fire_plr_mech
1835019bb59f2e02,mount_enter_side_falpha_vestlight_plr
4dfaff5fac80fcca,mount_enter_top_falpha_vestlight_plr
42d5f7043a91f4be,mount_exit_side_falpha_vestlight_plr
aa9f96239379cece,mount_exit_top_falpha_vestlight_plr
6050fc6939a7328d,weap_ar_falpha_ads_down
3b50ddc3ff0b558,weap_ar_falpha_ads_up
c2a482157fc4cb0b,weap_falpha_selector_off
b587ca568f4d02c7,weap_falpha_selector_on
57d8cc83e7186a34,weap_falpha_sup_npc
be2e65914c792fca,weap_falpha_sup_npc_far
f3c95a916b4c6962,weap_falpha_sup_npc_lfe
b0be900e97495938,weap_falpha_sup_npc_mech
e977129164fb8165,weap_falpha_sup_npc_med
b5c1e9b66f780c37,weap_falpha_sup_plr_atmo
d926dcee817d3eef,weap_falpha_sup_plr_lfe
bcef3350fe2973d7,weap_falpha_sup_plr_mech
a4fef2a0b4f11297,mount_enter_side_mcharlie_vestlight_plr
1a0c1176342483df,mount_enter_top_mcharlie_vestlight_plr
c71ff948f0202a1b,mount_exit_side_mcharlie_vestlight_plr
47bc5eb3f7db086b,mount_exit_top_mcharlie_vestlight_plr
2a56e7289af524c6,weap_ar_mcharlie_ads_down
a150179eb756ff73,weap_ar_mcharlie_ads_up
a1c32d51ca34e93a,weap_ar_mcharlie_selector_off
5cd335f9b6e6c320,weap_ar_mcharlie_selector_on
4aee9d0de46671f5,weap_mcharlie_sup_npc
1ff5f34d83a16f1b,weap_mcharlie_sup_npc_far
ea31fe4d64ab306f,weap_mcharlie_sup_npc_lfe
e0ca678d053ad057,weap_mcharlie_sup_npc_mech
f4ad064d6b1eb0c0,weap_mcharlie_sup_npc_med
87b352ae280693dc,weap_mcharlie_sup_plr_atmo
4cdc7d227a5562ca,weap_mcharlie_sup_plr_lfe
1614e48b24416740,weap_mcharlie_sup_plr_mech
e8c6443e6a02bb75,weap_mike4_sup_plr_atmo
b733de38d87b8319,weap_mike4_sup_plr_lfe
cf7992a3d0d32e65,weap_mike4_sup_plr_mech
fa5950f11dd3deb5,mount_enter_side_scharlie_vestlight_plr
29f0990c8a125cd,mount_enter_top_scharlie_vestlight_plr
c1cf0b213ffa6211,mount_exit_side_scharlie_vestlight_plr
9b8032eead182a01,mount_exit_top_scharlie_vestlight_plr
fd0eab29edc24244,weap_ar_scharlie_ads_down
d62fb75deddbbec5,weap_ar_scharlie_ads_up
8c50af757435617c,wfoly_npc_ar_scharlie_reload_gl_01
8c50b27574356695,wfoly_npc_ar_scharlie_reload_gl_02
8c50b175743564e2,wfoly_npc_ar_scharlie_reload_gl_03
a282619476ba5955,wfoly_npc_ar_scharlie_reload_gl_035
8c50ac7574355c63,wfoly_npc_ar_scharlie_reload_gl_04
c756d06b0eeeb1cf,weap_scharlie_sup_npc
8c09a1a5d2fdcd25,weap_scharlie_sup_npc_atmo
bd63792c9d371a11,weap_scharlie_sup_npc_far
ebcefc26a33f997b,weap_scharlie_sup_npc_far_atmo
f078742cb9e54449,weap_scharlie_sup_npc_lfe
5f41100a9e40d8b5,weap_scharlie_sup_npc_mech
facb7c2cc0377286,weap_scharlie_sup_npc_med
e138e7b08594f042,weap_scharlie_sup_npc_med_atmo
21fa152b704730ce,weap_scharlie_sup_plr_atmo
515a19ffe4e18c18,weap_scharlie_sup_plr_lfe
5bdc02caa4653db2,weap_scharlie_sup_plr_mech
b7ae4d470c98f4fe,mount_enter_side_sierra552_vestlight_plr
42afd56e04bd9e06,mount_enter_top_sierra552_vestlight_plr
a04571ac3810a54a,mount_exit_side_sierra552_vestlight_plr
8c33be2e5bef1c1a,mount_exit_top_sierra552_vestlight_plr
9f3474afee0dbfbd,weap_sierra552_fire_plr_lfe
84fe6dd145358261,weap_golf25_fire_npc
4f72cedab84f92eb,weap_golf25_fire_npc_atmo
450e96f336158a2e,weap_golf25_fire_npc_dist
efd41fb5887707,weap_golf25_fire_npc_far
cdd3c71f98d40f8b,weap_golf25_fire_npc_lfe
cbf930b7aa466cd3,weap_golf25_fire_npc_mech
d58bff1f9cef19bc,weap_golf25_fire_npc_med
3498ca271fb790b0,weap_la_gromeo_ads_down
8b461b0165ab10a9,weap_la_gromeo_ads_up
fae2b0cf6b8adbe9,weap_juliet_prefire_plr
89f444fdcac6fe42,weap_la_kgolf_ads_down
833d0ea4710166e7,weap_la_kgolf_ads_up
f49fba317a209f23,weap_mike203_fire_npc
4e63d40dffc2bfb1,weap_mike203_fire_npc_atmo
141cbfe441a89c04,weap_mike203_fire_npc_dist
8930f7eb611b0065,weap_mike203_fire_npc_far
beedeaeb800b1cfd,weap_mike203_fire_npc_lfe
d6a15a31a1c0c209,weap_mike203_fire_npc_mech
c6b432eb84327fba,weap_mike203_fire_npc_med
3789d1a1967585e,weap_la_mike32_ads_down
ecaa64daea5dee2b,weap_la_mike32_ads_up
87d1c16477023f99,wfoly_plr_la_mike32_reload_fast_04
a225da8d52b113cf,weap_dblmg_spindown_plr
9c19ffd7aed8003d,weap_dblmg_spinloop_plr
3d230cd87d6b3f86,weap_dblmg_spinup_plr
c0e500c88399e8bf,weap_lm_dblmg_ads_down
30fcfd9272f24576,weap_lm_dblmg_ads_up
d8925a2fd4d613b,mount_enter_side_mkilo3_vestlight_plr
9ba26a3b1fed26b3,mount_enter_top_mkilo3_vestlight_plr
357f6a7f0934180f,mount_exit_side_mkilo3_vestlight_plr
d49904ccf759ba5f,mount_exit_top_mkilo3_vestlight_plr
bdeabbb8806f18de,weap_lm_mkilo3_ads_down
476da76efe143aab,weap_lm_mkilo3_ads_up
9f5660164818c048,weap_mkilo3_sup_plr_atmo
ddab975cd3ff644e,weap_mkilo3_sup_plr_lfe
cf41f9b17f80d184,weap_mkilo3_sup_plr_mech
9f4dbcce78f01b17,wfoly_plr_lm_mkilo3_drop_empty_01
79fe15774ecf9fe8,wfoly_plr_lm_mkilo3_drop_smag_01
254e7657d8e4eed,wfoly_plr_lm_mkilo3_idle_active_01
254e4657d8e49d4,wfoly_plr_lm_mkilo3_idle_active_02
254e5657d8e4b87,wfoly_plr_lm_mkilo3_idle_active_03
254e2657d8e466e,wfoly_plr_lm_mkilo3_idle_active_04
380dbade2e004d24,wfoly_plr_lm_mkilo3_idle_active_smag_01
380dbdde2e00523d,wfoly_plr_lm_mkilo3_idle_active_smag_02
380dbcde2e00508a,wfoly_plr_lm_mkilo3_idle_active_smag_03
380db7de2e00480b,wfoly_plr_lm_mkilo3_idle_active_smag_04
443ab4552e5612a8,wfoly_plr_lm_mkilo3_raise_empty_01
e10570a10ba97e85,wfoly_plr_lm_mkilo3_raise_smag_01
a30b37bc84789129,weap_mkilo3_sup_npc
48146c81b46e4653,weap_mkilo3_sup_npc_atmo
412b4e953448c19f,weap_mkilo3_sup_npc_far
7eaaf5e70f583555,weap_mkilo3_sup_npc_far_atmo
97ccd195655a6ab3,weap_mkilo3_sup_npc_lfe
2dfbeee71a91ab3b,weap_mkilo3_sup_npc_mech
a2eb09956c589de4,weap_mkilo3_sup_npc_med
5e544f9c0046fde4,weap_mkilo3_sup_npc_med_atmo
650561a40e2a6584,mount_enter_side_slima_vestlight_plr
9c03e7c1fdc8046c,mount_enter_top_slima_vestlight_plr
5473d8689ed39308,mount_exit_side_slima_vestlight_plr
abeade76215fc078,mount_exit_top_slima_vestlight_plr
3b34546573478be9,weap_lm_slima_ads_down
fb3b9e9a6ee54d1c,weap_lm_slima_ads_up
fc8eee483f87c15f,weap_slima_sup_plr_atmo
c331499d5a949977,weap_slima_sup_plr_lfe
84d9586be1901e7f,weap_slima_sup_plr_mech
9fa6b9ed27dc6720,wfoly_plr_lm_slima_hybrid_scope_side_off
2057694f67ab399e,wfoly_plr_lm_slima_hybrid_scope_side_on
5723c68a8dfcf5e2,wfoly_plr_lm_slima_hybrid_scope_snap_closed
bdc8bb0053056eb6,wfoly_plr_lm_slima_hybrid_scope_snap_open
324331b7f563602a,wfoly_plr_lm_slima_hybrid_scope_top_in
fe57bd96144ad763,wfoly_plr_lm_slima_hybrid_scope_top_out
133328397b9bc67c,weap_slima_sup_npc
c76f7ecfa2d14bfc,weap_slima_sup_npc_atmo
caf0ee3b76c63ca2,weap_slima_sup_npc_far
6de1fb7b15d147a6,weap_slima_sup_npc_far_atmo
7441533b45a82d6a,weap_slima_sup_npc_lfe
55d110ac9f0c1f60,weap_slima_sup_npc_mech
69ee4b3b3f55ff2d,weap_slima_sup_npc_med
42ec562db7381dcf,weap_slima_sup_npc_med_atmo
a6c0ca9d2e8fb205,mount_enter_side_decho_vestlight_plr
fab00b707f77a1d,mount_enter_top_decho_vestlight_plr
ad855a44b93a2b61,mount_exit_side_decho_vestlight_plr
c818d45dea8ca371,mount_exit_top_decho_vestlight_plr
f51e2ce7920adfa4,weap_decho_sup_plr_atmo
42ee5253c278dbf2,weap_decho_sup_plr_lfe
d744df4c651639e8,weap_decho_sup_plr_mech
ff2598e3db5a845b,weap_decho_sup1_plr_atmo
98465f885f9912bb,weap_decho_sup1_plr_lfe
682fdac031c38a23,weap_decho_sup1_plr_mech
1d147b08deff865c,weap_decho_sup2_plr_atmo
7aaa17b5d016664a,weap_decho_sup2_plr_lfe
ab760ce5db3a59c0,weap_decho_sup2_plr_mech
41576960e3882a52,weap_pi_decho_ads_down
cc23deb346097e97,weap_pi_decho_ads_up
1f5f8c97c065f43d,weap_decho_sup_npc
1b859585176f7233,weap_decho_sup_npc_far
72e6308549242017,weap_decho_sup_npc_lfe
fb4a148157747b9f,weap_decho_sup_npc_mech
79fb78854cb4e428,weap_decho_sup_npc_med
d3a83ee0fdf221ce,mount_enter_side_charlie725_vestlight_plr
15abb8d2165e6d46,mount_enter_top_charlie725_vestlight_plr
8eb1e9f15d052aaa,mount_exit_side_charlie725_vestlight_plr
65401191f92f729a,mount_exit_top_charlie725_vestlight_plr
63bdc3538e7ccea7,weap_charlie725_sup_plr_atmo
a3fb02079818325f,weap_charlie725_sup_plr_lfe
7e682ceeb8bdbd67,weap_charlie725_sup_plr_mech
db1e7bf7b1f6e1cd,weap_sh_charlie725_ads_down
3e132029b24f5598,weap_sh_charlie725_ads_up
ca99b1c2b0c69f64,weap_charlie725_sup_npc
437ffc8c635f7eb2,weap_charlie725_sup_npc_lfe
b8d15d85cfdf15a8,weap_charlie725_sup_npc_mech
3bbaf48c5f3a3bb5,weap_charlie725_sup_npc_med
37490c392193e186,mount_enter_side_augolf_vestlight_plr
25905f850b72b14e,mount_enter_top_augolf_vestlight_plr
8742d7417bc60cba,mount_exit_side_augolf_vestlight_plr
c6d64c1056ae168a,mount_exit_top_augolf_vestlight_plr
86f41ed61610ab70,weap_augolf_sup_npc_atmo
5cccbcc811b181c3,weap_augolf_sup_plr_atmo
240556e2460a8bda,mount_enter_side_beta_vestlight_plr
d2d2f6b092a482c2,mount_enter_top_beta_vestlight_plr
c470db854e7f95f6,mount_exit_side_beta_vestlight_plr
cb1b69daab627006,mount_exit_top_beta_vestlight_plr
5fcbf2e906b033f,weap_beta_sup_plr_atmo
bb86af85d74549fe,weap_sm_beta_ads_down
ecd1c3e1724a85cb,weap_sm_beta_ads_up
2e887d67a87d0372,weap_sm_mpapa5_selector_off
3eb6c718f49e0f38,weap_sm_mpapa5_selector_on
1a69aefdb41e1fbe,mount_enter_side_mpapa5_vestlight_plr
6e853c24a9ea8056,mount_enter_top_mpapa5_vestlight_plr
401c5dc6511d0aca,mount_exit_side_mpapa5_vestlight_plr
6d0d3a633a3c149a,mount_exit_top_mpapa5_vestlight_plr
a1fd165935d73ba7,weap_mpapa5_sup_plr_atmo
470d7f3dc263964e,weap_sm_mpapa5_ads_down
75e7f738f2b8027b,weap_sm_mpapa5_ads_up
faeae592a0d198e0,mount_enter_side_mpapa7_vestlight_plr
80568095b9605a78,mount_enter_top_mpapa7_vestlight_plr
ba7f678381ff1fbc,mount_exit_side_mpapa7_vestlight_plr
c82f0f70c194558c,mount_exit_top_mpapa7_vestlight_plr
97ba61feef7b1201,weap_mpapa7_selector_off
54f1ec8ad922d85,weap_mpapa7_selector_on
728730fba39d4769,weap_mpapa7_sup_plr_atmo
d3197e34746ada68,weap_sm_mpapa7_ads_down
7d75118c3b5390e1,weap_sm_mpapa7_ads_up
f034862d6cd921b9,mount_enter_side_papa90_vestlight_plr
1b9a43d0e857a7f1,mount_enter_top_papa90_vestlight_plr
988b4a07285e2d75,mount_exit_side_papa90_vestlight_plr
39a5c066a6d8c4a5,mount_exit_top_papa90_vestlight_plr
e1163d24ce6bad8a,weap_papa90_sup_plr_atmo
f5d53b9fb43f72f3,weap_sm_papa90_ads_down
6a5ce5ff47709bb2,weap_sm_papa90_ads_up
9e6366d0c19fb30b,weap_sm_papa90_selector_off
ed3b72968c827ac7,weap_sm_papa90_selector_on
50c2d7693d251b7b,mount_enter_side_victor_vestlight_plr
b05acd0deb28d583,mount_enter_top_victor_vestlight_plr
bf12801e08e6d34f,mount_exit_side_victor_vestlight_plr
f77b627516ae659f,mount_exit_top_victor_vestlight_plr
51ed609cbc30b289,weap_sm_victor_ads_down
b7cb8dadbfa55ebc,weap_sm_victor_ads_up
3833211bccbe90a0,weap_victor_sup_plr_atmo
f5e763ff4bdeaab,weap_victor_sup_npc_atmo
6b3a1049fc6d341d,weap_victor_sup_npc_far_atmo
151154c18ca8e2fc,weap_victor_sup_npc_med_atmo
df1810cf8c37a5dc,wfoly_npc_sm_victor_reload_empty_drum_07
199856bfdb6d5d06,snowball_impact
808ff4985bea2624,snowball_impact_lfe
e92654c0cfd36b59,mount_enter_side_alpha50_vestlight_plr
f74f8a21a1b696b1,mount_enter_top_alpha50_vestlight_plr
75c3d94288f99e3d,mount_exit_side_alpha50_vestlight_plr
ac4921673598b7ad,mount_exit_top_alpha50_vestlight_plr
69993e1eef02510,weap_sn_alpha50_ads_down
2607e7f4e9e78f09,weap_sn_alpha50_ads_up
d2137a9f8eade150,weap_alpha50_sup_plr_atmo
91243c010cf90df6,weap_alpha50_sup_plr_lfe
beeb14be4fbb920c,weap_alpha50_sup_plr_mech
fe8cbbc9ea9ef091,weap_alpha50_sup_npc
c95695e98d6bc137,weap_alpha50_sup_npc_far
93ada8e96e8c57db,weap_alpha50_sup_npc_lfe
35716ab181203dc3,weap_alpha50_sup_npc_mech
9df2a0e974d22d8c,weap_alpha50_sup_npc_med
4ac51e1514120e0f,mount_enter_side_mike14_vestlight_plr
487959113f6e4f67,mount_enter_top_mike14_vestlight_plr
3179f8a5116308d3,mount_exit_side_mike14_vestlight_plr
da7f325850570803,mount_exit_top_mike14_vestlight_plr
f3da5952d7cbc14c,weap_mike14_sup_plr_atmo
7beeb29e89cca7a,weap_mike14_sup_plr_lfe
6c330b2f364df510,weap_mike14_sup_plr_mech
73a43029eca3df25,weap_mike14_sup_npc
a7777ae37739c4c7,weap_mike14_sup_npc_atmo
59888256e5ae50cb,weap_mike14_sup_npc_far
b6767b07c1b01b39,weap_mike14_sup_npc_far_atmo
26516d56c8e313ff,weap_mike14_sup_npc_lfe
c587e47ea45ddc87,weap_mike14_sup_npc_mech
2e40b556cd2d7bd0,weap_mike14_sup_npc_med
a83ace32ece5dfa8,weap_mike14_sup_npc_med_atmo
333e025d56ffb7e7,t_sfx_bulletspray_plr_ballistic_flesh_far
5bd2c975c3395fe4,fly_npc_ar_condor_selectsemi_off_02
997a82b896afc6a,fly_npc_ar_condor_inspect_empty_17
85aadb1d54d9c6d8,fly_npc_ar_condor_selectsemi_on_02
9979b2b896ae653,fly_npc_ar_condor_inspect_empty_18
399081f131fab102,fly_npc_ar_condor_raise_quick_02
9979a2b896ae4a0,fly_npc_ar_condor_inspect_empty_19
cdaa2ad72961a9c2,fly_npc_ar_eagle_inspect_empty_flip_01
f749ffb7e21d5ed3,fly_npc_ar_eagle_selectsemi_off_02
cdaa29d72961a80f,fly_npc_ar_eagle_inspect_empty_flip_02
cdaa28d72961a65c,fly_npc_ar_eagle_inspect_empty_flip_03
f749feb7e21d5d20,fly_npc_ar_eagle_selectsemi_off_03
4a348880e6fb4743,fly_npc_ar_eagle_inspect_empty_17
cdaa27d72961a4a9,fly_npc_ar_eagle_inspect_empty_flip_04
cdaa26d72961a2f6,fly_npc_ar_eagle_inspect_empty_flip_05
cdaa25d72961a143,fly_npc_ar_eagle_inspect_empty_flip_06
7358a47243f4e3a5,fly_npc_ar_eagle_selectsemi_on_02
cdaa24d729619f90,fly_npc_ar_eagle_inspect_empty_flip_07
78df6683394d4efb,fly_npc_ar_eagle_inspect_empty_drum_01
a79e8a53f5165667,fly_npc_ar_eagle_raise_quick_02
7358a37243f4e1f2,fly_npc_ar_eagle_selectsemi_on_03
78df6b83394d577a,fly_npc_ar_eagle_inspect_empty_drum_06
78df6783394d50ae,fly_npc_ar_eagle_inspect_empty_drum_02
cdaa33d72961b90d,fly_npc_ar_eagle_inspect_empty_flip_08
78df6c83394d592d,fly_npc_ar_eagle_inspect_empty_drum_07
78df6883394d5261,fly_npc_ar_eagle_inspect_empty_drum_03
78df5d83394d3fb0,fly_npc_ar_eagle_inspect_empty_drum_08
78df6983394d5414,fly_npc_ar_eagle_inspect_empty_drum_04
cda6a8d7295e9705,fly_npc_ar_eagle_inspect_empty_flip_13
cdaa32d72961b75a,fly_npc_ar_eagle_inspect_empty_flip_09
78df5e83394d4163,fly_npc_ar_eagle_inspect_empty_drum_09
cda6a1d7295e8b20,fly_npc_ar_eagle_inspect_empty_flip_14
78df6a83394d55c7,fly_npc_ar_eagle_inspect_empty_drum_05
cda6a5d7295e91ec,fly_npc_ar_eagle_inspect_empty_flip_10
78e2eb83395066d1,fly_npc_ar_eagle_inspect_empty_drum_10
cda6a2d7295e8cd3,fly_npc_ar_eagle_inspect_empty_flip_15
cda6a6d7295e939f,fly_npc_ar_eagle_inspect_empty_flip_11
78e2ea833950651e,fly_npc_ar_eagle_inspect_empty_drum_11
78e2e883395061b8,fly_npc_ar_eagle_inspect_empty_drum_13
8a5827e303aa10e9,fly_npc_ar_eagle_inspect_drum_01
cda6a3d7295e8e86,fly_npc_ar_eagle_inspect_empty_flip_16
cda6a7d7295e9552,fly_npc_ar_eagle_inspect_empty_flip_12
78e2e9833950636b,fly_npc_ar_eagle_inspect_empty_drum_12
8a5824e303aa0bd0,fly_npc_ar_eagle_inspect_drum_02
78e2ef8339506d9d,fly_npc_ar_eagle_inspect_empty_drum_14
ad57a7bfacbfcd13,fly_npc_ar_eagle_ubgl_drop_02
8a5825e303aa0d83,fly_npc_ar_eagle_inspect_drum_03
78e2ee8339506bea,fly_npc_ar_eagle_inspect_empty_drum_15
8a582ae303aa1602,fly_npc_ar_eagle_inspect_drum_04
78e2ed8339506a37,fly_npc_ar_eagle_inspect_empty_drum_16
8a582be303aa17b5,fly_npc_ar_eagle_inspect_drum_05
d79da546dbf26c08,fly_npc_ar_eagle_inspect_flip_16
8a5b29e303ac4a26,fly_npc_ar_eagle_inspect_drum_17
78e2ec8339506884,fly_npc_ar_eagle_inspect_empty_drum_17
8a5828e303aa129c,fly_npc_ar_eagle_inspect_drum_06
d79da646dbf26dbb,fly_npc_ar_eagle_inspect_flip_17
d7a11046dbf557b0,fly_npc_ar_eagle_inspect_flip_01
8a5b34e303ac5cd7,fly_npc_ar_eagle_inspect_drum_18
8a5829e303aa144f,fly_npc_ar_eagle_inspect_drum_07
d79da346dbf268a2,fly_npc_ar_eagle_inspect_flip_18
d7a11346dbf55cc9,fly_npc_ar_eagle_inspect_flip_02
8a582ee303aa1cce,fly_npc_ar_eagle_inspect_drum_08
d79da446dbf26a55,fly_npc_ar_eagle_inspect_flip_19
d7a11246dbf55b16,fly_npc_ar_eagle_inspect_flip_03
8a582fe303aa1e81,fly_npc_ar_eagle_inspect_drum_09
d7a11546dbf5602f,fly_npc_ar_eagle_inspect_flip_04
8a5b2ce303ac4f3f,fly_npc_ar_eagle_inspect_drum_10
d7a11446dbf55e7c,fly_npc_ar_eagle_inspect_flip_05
8a5b2be303ac4d8c,fly_npc_ar_eagle_inspect_drum_11
d7a11746dbf56395,fly_npc_ar_eagle_inspect_flip_06
8a5b2ee303ac52a5,fly_npc_ar_eagle_inspect_drum_12
d7a11646dbf561e2,fly_npc_ar_eagle_inspect_flip_07
8a5b2de303ac50f2,fly_npc_ar_eagle_inspect_drum_13
a8f4f06831f67826,fly_npc_ar_eagle_ubgl_reload_12
d7a11946dbf566fb,fly_npc_ar_eagle_inspect_flip_08
8a5b28e303ac4873,fly_npc_ar_eagle_inspect_drum_14
a8f4f16831f679d9,fly_npc_ar_eagle_ubgl_reload_13
d7a11846dbf56548,fly_npc_ar_eagle_inspect_flip_09
8a5b27e303ac46c0,fly_npc_ar_eagle_inspect_drum_15
a8f4f26831f67b8c,fly_npc_ar_eagle_ubgl_reload_14
d79dab46dbf2763a,fly_npc_ar_eagle_inspect_flip_10
8a5b2ae303ac4bd9,fly_npc_ar_eagle_inspect_drum_16
d79dac46dbf277ed,fly_npc_ar_eagle_inspect_flip_11
d79da946dbf272d4,fly_npc_ar_eagle_inspect_flip_12
d79daa46dbf27487,fly_npc_ar_eagle_inspect_flip_13
d79da746dbf26f6e,fly_npc_ar_eagle_inspect_flip_14
d79da846dbf27121,fly_npc_ar_eagle_inspect_flip_15
241ed5cb9c40d5ab,fly_npc_ar_eagle_ubgl_inspect_09
26ba367a6a83138e,fly_npc_ar_falcon_raise_quick_02
d151901260fce3ec,fly_npc_ar_hawk_selectsemi_off_02
25bca09308b88b20,fly_npc_ar_hawk_selectsemi_on_02
80d8b9b4146f51c2,fly_plr_ar_kite_inspect_empty_flip_01
fbaef3e0fb82060f,fly_npc_ar_kite_inspect_empty_flip_01
80d8b8b4146f500f,fly_plr_ar_kite_inspect_empty_flip_02
fbaef4e0fb8207c2,fly_npc_ar_kite_inspect_empty_flip_02
44cd2544a052c0be,fly_npc_ar_kite_selectsemi_off_02
80d8b7b4146f4e5c,fly_plr_ar_kite_inspect_empty_flip_03
fbaef5e0fb820975,fly_npc_ar_kite_inspect_empty_flip_03
44cd2644a052c271,fly_npc_ar_kite_selectsemi_off_03
80d8b6b4146f4ca9,fly_plr_ar_kite_inspect_empty_flip_04
fbaeeee0fb81fd90,fly_npc_ar_kite_inspect_empty_flip_04
80d8b5b4146f4af6,fly_plr_ar_kite_inspect_empty_flip_05
fbaeefe0fb81ff43,fly_npc_ar_kite_inspect_empty_flip_05
80d8b4b4146f4943,fly_plr_ar_kite_inspect_empty_flip_06
22b5e3e00a64ac0a,fly_npc_ar_kite_selectsemi_on_02
fbaef0e0fb8200f6,fly_npc_ar_kite_inspect_empty_flip_06
b198579336747310,fly_npc_ar_kite_raise_quick_02
80d8b3b4146f4790,fly_plr_ar_kite_inspect_empty_flip_07
22b5e4e00a64adbd,fly_npc_ar_kite_selectsemi_on_03
fbaef1e0fb8202a9,fly_npc_ar_kite_inspect_empty_flip_07
80d8c2b4146f610d,fly_plr_ar_kite_inspect_empty_flip_08
2c0df560245af6fb,fly_plr_ar_kite_inspect_empty_drum_01
2c0dfa60245aff7a,fly_plr_ar_kite_inspect_empty_drum_06
fbaefae0fb8211f4,fly_npc_ar_kite_inspect_empty_flip_08
c4d7549c2c16483,fly_npc_ar_kite_inspect_empty_drum_06
c4d7a49c2c16d02,fly_npc_ar_kite_inspect_empty_drum_01
80d8c1b4146f5f5a,fly_plr_ar_kite_inspect_empty_flip_09
fbaefbe0fb8213a7,fly_npc_ar_kite_inspect_empty_flip_09
2c0df660245af8ae,fly_plr_ar_kite_inspect_empty_drum_02
2c0dfb60245b012d,fly_plr_ar_kite_inspect_empty_drum_07
c4d7949c2c16b4f,fly_npc_ar_kite_inspect_empty_drum_02
c4d7449c2c162d0,fly_npc_ar_kite_inspect_empty_drum_07
80d534b4146c39ec,fly_plr_ar_kite_inspect_empty_flip_10
2c0dec60245ae7b0,fly_plr_ar_kite_inspect_empty_drum_08
2c0df760245afa61,fly_plr_ar_kite_inspect_empty_drum_03
fbb1f8e0fb844465,fly_npc_ar_kite_inspect_empty_flip_10
c4d8349c2c17c4d,fly_npc_ar_kite_inspect_empty_drum_08
c4d7849c2c1699c,fly_npc_ar_kite_inspect_empty_drum_03
80d537b4146c3f05,fly_plr_ar_kite_inspect_empty_flip_13
fbb1f5e0fb843f4c,fly_npc_ar_kite_inspect_empty_flip_13
80d535b4146c3b9f,fly_plr_ar_kite_inspect_empty_flip_11
fbb1f7e0fb8442b2,fly_npc_ar_kite_inspect_empty_flip_11
2c0df860245afc14,fly_plr_ar_kite_inspect_empty_drum_04
80d530b4146c3320,fly_plr_ar_kite_inspect_empty_flip_14
fbb1f4e0fb843d99,fly_npc_ar_kite_inspect_empty_flip_14
2c0ded60245ae963,fly_plr_ar_kite_inspect_empty_drum_09
c4d7749c2c167e9,fly_npc_ar_kite_inspect_empty_drum_04
c4d8249c2c17a9a,fly_npc_ar_kite_inspect_empty_drum_09
80d536b4146c3d52,fly_plr_ar_kite_inspect_empty_flip_12
fbb1f6e0fb8440ff,fly_npc_ar_kite_inspect_empty_flip_12
80d531b4146c34d3,fly_plr_ar_kite_inspect_empty_flip_15
fbb1f3e0fb843be6,fly_npc_ar_kite_inspect_empty_flip_15
2c0df960245afdc7,fly_plr_ar_kite_inspect_empty_drum_05
fb4bd2c11e650681,fly_plr_ar_kite_inspect_drum_09
80d532b4146c3686,fly_plr_ar_kite_inspect_empty_flip_16
bd27e82395d7b030,fly_npc_ar_kite_inspect_drum_09
c4d7649c2c16636,fly_npc_ar_kite_inspect_empty_drum_05
fbb1f2e0fb843a33,fly_npc_ar_kite_inspect_empty_flip_16
2c117a60245e0ed1,fly_plr_ar_kite_inspect_empty_drum_10
c49f549c2be552c,fly_npc_ar_kite_inspect_empty_drum_10
48914c24f6ad5ad4,fly_plr_ar_kite_inspect_flip_12
c0dcd25e5e9ee2d1,fly_npc_ar_kite_inspect_flip_12
fb4ecfc11e67373f,fly_plr_ar_kite_inspect_drum_10
bd246b2395d4a5f2,fly_npc_ar_kite_inspect_drum_10
2c117760245e09b8,fly_plr_ar_kite_inspect_empty_drum_13
c49f849c2be5a45,fly_npc_ar_kite_inspect_empty_drum_13
2c117960245e0d1e,fly_plr_ar_kite_inspect_empty_drum_11
c49f649c2be56df,fly_npc_ar_kite_inspect_empty_drum_11
80d533b4146c3839,fly_plr_ar_kite_inspect_empty_flip_17
c0dcd15e5e9ee11e,fly_npc_ar_kite_inspect_flip_13
fbb1f1e0fb843880,fly_npc_ar_kite_inspect_empty_flip_17
48914d24f6ad5c87,fly_plr_ar_kite_inspect_flip_13
fb4ecec11e67358c,fly_plr_ar_kite_inspect_drum_11
bd246c2395d4a7a5,fly_npc_ar_kite_inspect_drum_11
48914a24f6ad576e,fly_plr_ar_kite_inspect_flip_14
c0dcd45e5e9ee637,fly_npc_ar_kite_inspect_flip_14
80d53cb4146c4784,fly_plr_ar_kite_inspect_empty_flip_18
fbb200e0fb8451fd,fly_npc_ar_kite_inspect_empty_flip_18
2c117860245e0b6b,fly_plr_ar_kite_inspect_empty_drum_12
2c117e60245e159d,fly_plr_ar_kite_inspect_empty_drum_14
c49f749c2be5892,fly_npc_ar_kite_inspect_empty_drum_12
fb4ed1c11e673aa5,fly_plr_ar_kite_inspect_drum_12
c49f149c2be4e60,fly_npc_ar_kite_inspect_empty_drum_14
bd24692395d4a28c,fly_npc_ar_kite_inspect_drum_12
48914b24f6ad5921,fly_plr_ar_kite_inspect_flip_15
c0dcd35e5e9ee484,fly_npc_ar_kite_inspect_flip_15
fb4ed0c11e6738f2,fly_plr_ar_kite_inspect_drum_13
bd246a2395d4a43f,fly_npc_ar_kite_inspect_drum_13
48914824f6ad5408,fly_plr_ar_kite_inspect_flip_16
c0dcd65e5e9ee99d,fly_npc_ar_kite_inspect_flip_16
fb4ecbc11e673073,fly_plr_ar_kite_inspect_drum_14
bd24672395d49f26,fly_npc_ar_kite_inspect_drum_14
80d53db4146c4937,fly_plr_ar_kite_inspect_empty_flip_19
fbb1ffe0fb84504a,fly_npc_ar_kite_inspect_empty_flip_19
48914924f6ad55bb,fly_plr_ar_kite_inspect_flip_17
c0dcd55e5e9ee7ea,fly_npc_ar_kite_inspect_flip_17
2c117d60245e13ea,fly_plr_ar_kite_inspect_empty_drum_15
c49f249c2be5013,fly_npc_ar_kite_inspect_empty_drum_15
fb4ecac11e672ec0,fly_plr_ar_kite_inspect_drum_15
bd24682395d4a0d9,fly_npc_ar_kite_inspect_drum_15
80df46b41474ad07,fly_plr_ar_kite_inspect_empty_flip_20
48914624f6ad50a2,fly_plr_ar_kite_inspect_flip_18
fbb57ee0fb875dee,fly_npc_ar_kite_inspect_empty_flip_20
c0dcc85e5e9ed1d3,fly_npc_ar_kite_inspect_flip_18
2c117c60245e1237,fly_plr_ar_kite_inspect_empty_drum_16
c49f349c2be51c6,fly_npc_ar_kite_inspect_empty_drum_16
fb4ecdc11e6733d9,fly_plr_ar_kite_inspect_drum_16
bd24652395d49bc0,fly_npc_ar_kite_inspect_drum_16
4894b324f6b03fb0,fly_plr_ar_kite_inspect_flip_01
48914724f6ad5255,fly_plr_ar_kite_inspect_flip_19
c0d94b5e5e9bc795,fly_npc_ar_kite_inspect_flip_01
c0dcc75e5e9ed020,fly_npc_ar_kite_inspect_flip_19
2c117b60245e1084,fly_plr_ar_kite_inspect_empty_drum_17
c49f449c2be5379,fly_npc_ar_kite_inspect_empty_drum_17
4894b624f6b044c9,fly_plr_ar_kite_inspect_flip_02
488dc824f6aa44b1,fly_plr_ar_kite_inspect_flip_20
c0d9485e5e9bc27c,fly_npc_ar_kite_inspect_flip_02
c0d2be5e5e966c50,fly_npc_ar_kite_inspect_flip_20
fb4eccc11e673226,fly_plr_ar_kite_inspect_drum_17
2c117260245e0139,fly_plr_ar_kite_inspect_empty_drum_18
bd24662395d49d73,fly_npc_ar_kite_inspect_drum_17
c49fd49c2be62c4,fly_npc_ar_kite_inspect_empty_drum_18
4894b524f6b04316,fly_plr_ar_kite_inspect_flip_03
c0d9495e5e9bc42f,fly_npc_ar_kite_inspect_flip_03
2c117160245dff86,fly_plr_ar_kite_inspect_empty_drum_19
fb4bcac11e64f8e9,fly_plr_ar_kite_inspect_drum_01
bd27f02395d7bdc8,fly_npc_ar_kite_inspect_drum_01
c49fe49c2be6477,fly_npc_ar_kite_inspect_empty_drum_19
fb4ed7c11e6744d7,fly_plr_ar_kite_inspect_drum_18
bd24732395d4b38a,fly_npc_ar_kite_inspect_drum_18
4894b824f6b0482f,fly_plr_ar_kite_inspect_flip_04
c0d9465e5e9bbf16,fly_npc_ar_kite_inspect_flip_04
2c1500602461285a,fly_plr_ar_kite_inspect_empty_drum_20
fb4ed6c11e674324,fly_plr_ar_kite_inspect_drum_19
c540749c2c6c847,fly_npc_ar_kite_inspect_empty_drum_20
bd24742395d4b53d,fly_npc_ar_kite_inspect_drum_19
4894b724f6b0467c,fly_plr_ar_kite_inspect_flip_05
c0d9475e5e9bc0c9,fly_npc_ar_kite_inspect_flip_05
fb4bc7c11e64f3d0,fly_plr_ar_kite_inspect_drum_02
bd27f32395d7c2e1,fly_npc_ar_kite_inspect_drum_02
4894ba24f6b04b95,fly_plr_ar_kite_inspect_flip_06
c0d9445e5e9bbbb0,fly_npc_ar_kite_inspect_flip_06
fb4bc8c11e64f583,fly_plr_ar_kite_inspect_drum_03
bd27f22395d7c12e,fly_npc_ar_kite_inspect_drum_03
4894b924f6b049e2,fly_plr_ar_kite_inspect_flip_07
c0d9455e5e9bbd63,fly_npc_ar_kite_inspect_flip_07
fb4bcdc11e64fe02,fly_plr_ar_kite_inspect_drum_04
bd27f52395d7c647,fly_npc_ar_kite_inspect_drum_04
4894bc24f6b04efb,fly_plr_ar_kite_inspect_flip_08
c0d9525e5e9bd37a,fly_npc_ar_kite_inspect_flip_08
fb4bcec11e64ffb5,fly_plr_ar_kite_inspect_drum_05
bd27f42395d7c494,fly_npc_ar_kite_inspect_drum_05
4894bb24f6b04d48,fly_plr_ar_kite_inspect_flip_09
c0d9535e5e9bd52d,fly_npc_ar_kite_inspect_flip_09
fb4bcbc11e64fa9c,fly_plr_ar_kite_inspect_drum_06
bd27f72395d7c9ad,fly_npc_ar_kite_inspect_drum_06
48914e24f6ad5e3a,fly_plr_ar_kite_inspect_flip_10
c0dcd05e5e9edf6b,fly_npc_ar_kite_inspect_flip_10
fb4bccc11e64fc4f,fly_plr_ar_kite_inspect_drum_07
54777dc405e94d35,fly_npc_ar_kite_ubgl_reload_12
bd27f62395d7c7fa,fly_npc_ar_kite_inspect_drum_07
48914f24f6ad5fed,fly_plr_ar_kite_inspect_flip_11
c0dccf5e5e9eddb8,fly_npc_ar_kite_inspect_flip_11
fb4bd1c11e6504ce,fly_plr_ar_kite_inspect_drum_08
54777cc405e94b82,fly_npc_ar_kite_ubgl_reload_13
bd27e92395d7b1e3,fly_npc_ar_kite_inspect_drum_08
547777c405e94303,fly_npc_ar_kite_ubgl_reload_14
31d9ab4394f95a06,fly_npc_ar_kite_ubgl_inspect_09
31d62e4394f64fc8,fly_npc_ar_kite_ubgl_inspect_10
d6f400606e1e9115,fly_npc_dm_kara_inspect_empty_flip_01
d6f3fc606e1e8a49,fly_npc_dm_kara_inspect_empty_flip_05
ba1f64755f396a5c,fly_npc_dm_kara_selectsemi_off_02
d6f3f9606e1e8530,fly_npc_dm_kara_inspect_empty_flip_06
d6f3fd606e1e8bfc,fly_npc_dm_kara_inspect_empty_flip_02
d6f3fe606e1e8daf,fly_npc_dm_kara_inspect_empty_flip_03
d6f3fa606e1e86e3,fly_npc_dm_kara_inspect_empty_flip_07
8409d8f71b1d50fa,fly_npc_dm_kara_raise_quick_02
d6f3fb606e1e8896,fly_npc_dm_kara_inspect_empty_flip_04
d6f407606e1e9cfa,fly_npc_dm_kara_inspect_empty_flip_08
3060c837dd3b7bf0,fly_npc_dm_kara_selectsemi_on_02
d6f787606e21ac51,fly_npc_dm_kara_inspect_empty_flip_12
d6f408606e1e9ead,fly_npc_dm_kara_inspect_empty_flip_09
3060c937dd3b7da3,fly_npc_dm_kara_selectsemi_on_03
d6f786606e21aa9e,fly_npc_dm_kara_inspect_empty_flip_13
d6f785606e21a8eb,fly_npc_dm_kara_inspect_empty_flip_10
d6f789606e21afb7,fly_npc_dm_kara_inspect_empty_flip_14
d6f784606e21a738,fly_npc_dm_kara_inspect_empty_flip_11
d6ed73606e1935d0,fly_npc_dm_kara_inspect_empty_flip_20
d6f788606e21ae04,fly_npc_dm_kara_inspect_empty_flip_15
f7d01066bfca4d4f,fly_npc_dm_kara_inspect_flip_01
d6f78b606e21b31d,fly_npc_dm_kara_inspect_empty_flip_16
f7d01166bfca4f02,fly_npc_dm_kara_inspect_flip_02
d6f78a606e21b16a,fly_npc_dm_kara_inspect_empty_flip_17
f7d01266bfca50b5,fly_npc_dm_kara_inspect_flip_03
d6f77d606e219b53,fly_npc_dm_kara_inspect_empty_flip_18
f7d00b66bfca44d0,fly_npc_dm_kara_inspect_flip_04
d6f77c606e2199a0,fly_npc_dm_kara_inspect_empty_flip_19
f7d00c66bfca4683,fly_npc_dm_kara_inspect_flip_05
f7d01766bfca5934,fly_npc_dm_kara_inspect_flip_08
f7d00d66bfca4836,fly_npc_dm_kara_inspect_flip_06
f7d01866bfca5ae7,fly_npc_dm_kara_inspect_flip_09
f7d31566bfcc8ba5,fly_npc_dm_kara_inspect_flip_10
67c487c6ad1311c7,fly_npc_dm_kara_ubgl_reload_12
f7d00e66bfca49e9,fly_npc_dm_kara_inspect_flip_07
f7d31466bfcc89f2,fly_npc_dm_kara_inspect_flip_11
f7d31366bfcc883f,fly_npc_dm_kara_inspect_flip_12
f7d31266bfcc868c,fly_npc_dm_kara_inspect_flip_13
f7d31166bfcc84d9,fly_npc_dm_kara_inspect_flip_14
f7d31066bfcc8326,fly_npc_dm_kara_inspect_flip_15
a0fcb029c32da0c4,fly_npc_dm_kara_ubgl_inspect_09
a0f92329c32a7b56,fly_npc_dm_kara_ubgl_inspect_10
f7d30f66bfcc8173,fly_npc_dm_kara_inspect_flip_16
f7d30e66bfcc7fc0,fly_npc_dm_kara_inspect_flip_17
f7d31d66bfcc993d,fly_npc_dm_kara_inspect_flip_18
f7d31c66bfcc978a,fly_npc_dm_kara_inspect_flip_19
f7d69b66bfcfa52e,fly_npc_dm_kara_inspect_flip_20
88a2929d7712eab2,fly_npc_dm_scotia_selectsemi_off_02
8b6eee5356b2e11e,fly_npc_dm_scotia_selectsemi_on_02
f30f8b77708394b2,fly_npc_dm_scotia_ubgl_inspect_09
22855f0f3d5226a0,fly_npc_lm_hades_raise_quick_02
6fe88cebf8c29e36,fly_npc_pi_atlas_inspect_empty_17
db48d6656f9f44db,fly_npc_sh_akita_inspect_empty_17
5681710486f42bd6,fly_plr_sh_akita_inspect_empty_17
56817c0486f43e87,fly_plr_sh_akita_inspect_empty_18
db48d3656f9f3fc2,fly_npc_sh_akita_inspect_empty_18
56817b0486f43cd4,fly_plr_sh_akita_inspect_empty_19
db48d4656f9f4175,fly_npc_sh_akita_inspect_empty_19
e67eee087b6ba0ef,fly_npc_sh_akita_raise_quick_02
4f4fead2229183eb,fly_npc_sh_husky_raise_quick_02
5070d386a0074541,fly_npc_sm_bengal_drop_quick_01
b0e7291286b1765b,fly_npc_sm_bengal_selectsemi_off_02
b0e72a1286b1780e,fly_npc_sm_bengal_selectsemi_off_01
37ca5d84fb00e90b,fly_npc_sm_bengal_raise_02
3326b3eee140d354,fly_npc_sm_bengal_selectsemi_on_01
37ca5e84fb00eabe,fly_npc_sm_bengal_raise_01
767029e9d3167573,fly_npc_sm_bengal_transition_reload_empty_01_01
3326b6eee140d86d,fly_npc_sm_bengal_selectsemi_on_02
7fce2573cbe75102,fly_npc_sm_bengal_raise_quick_01
3326b5eee140d6ba,fly_npc_sm_bengal_selectsemi_on_03
8e769c994252d0c,fly_plr_sm_bengal_transition_reload_empty_ext01_01_02
3933dd72ef790db1,fly_npc_sm_bengal_transition_reload_empty_ext01_01_02
4bf231f51c7f32bc,fly_npc_sm_bengal_transition_reload_empty_02_01
7fce2473cbe74f4f,fly_npc_sm_bengal_raise_quick_02
19d11bbfb010c76f,wpn_sm_bengal_fire_plr_atmo_int
ae6cacb04bbf4912,fly_plr_sm_bengal_transition_reload_empty_ext01_02_01
e188126b52fa88ef,fly_npc_sm_bengal_transition_reload_empty_ext01_02_01
578cd409772f2d70,fly_plr_sm_bengal_transition_reload_empty_ext02_01_01
55619630caf9fed,fly_npc_sm_bengal_transition_reload_empty_ext02_01_01
1272c01dbc5a6c7,fly_plr_sm_bengal_transition_reload_empty_ext02_02_01
ac215949c55e797a,fly_npc_sm_bengal_transition_reload_empty_ext02_02_01
213e55ec5224bb4a,wpn_sm_bengal_dryfire_plr
6f011bd34960454e,fly_plr_sm_bengal_transition_reload_empty_fast02_01_02
1a3798afc7eee539,fly_npc_sm_bengal_transition_reload_empty_fast02_01_02
8e76cc994253225,fly_plr_sm_bengal_transition_reload_empty_ext01_01_01
3933da72ef790898,fly_npc_sm_bengal_transition_reload_empty_ext01_01_01
578cd709772f3289,fly_plr_sm_bengal_transition_reload_empty_ext02_01_02
55616630caf9ad4,fly_npc_sm_bengal_transition_reload_empty_ext02_01_02
3f2d9fc63ea0e3a2,wpn_sm_bengal_fire_npc_mech
1a23e2dd58c87ca4,fly_plr_sm_bengal_transition_reload_empty_fast02_02_01
ee30ada966850437,fly_npc_sm_bengal_transition_reload_empty_fast02_02_01
bfde49f5673c41b5,wpn_sm_bengal_fire_plr_atmo
a691985ace0cb4a5,wpn_sm_bengal_fire_plr_mech
cecd21749b863cd3,wpn_sm_bengal_fire_plr_interrupt
7409bf95149827c,fly_npc_sm_bengal_drop_02
d56b6653c2a71f59,wpn_sm_bengal_fire_plr_lfe
a1b6d2e760e2acc4,wpn_sm_bengal_fire_plr_last_mech
64d46d37bd1cc812,fly_plr_sm_bengal_transition_reload_empty_fast01_01_01
705bfb27b1e5de55,fly_npc_sm_bengal_transition_reload_empty_fast01_01_01
decca7788d245bbf,wpn_sm_bengal_fire_plr
66647653d0845870,wpn_sm_bengal_fire_plr_last
48fb417b049e313,wpn_sm_bengal_fire_plr_last_fcg
64d46c37bd1cc65f,fly_plr_sm_bengal_transition_reload_empty_fast01_01_02
1fdd407820e42d9a,wpn_sm_bengal_fire_npc
705bf827b1e5d93c,fly_npc_sm_bengal_transition_reload_empty_fast01_01_02
5ef26212b0b3519f,wpn_sm_bengal_fire_npc_dist
9c23522b57ab319e,wpn_sm_bengal_fire_npc_atmo
7167e3e796e54509,wpn_sm_bengal_fire_plr_casing_eject
bf4f2d510582b125,fly_plr_sm_bengal_transition_reload_empty_fast01_02_01
41f2fb0fa4f13482,fly_npc_sm_bengal_transition_reload_empty_fast01_02_01
a5438dbe65f1a569,wpn_sm_bengal_fire_plr_first_fcg
4d7197f83dea9ae8,wpn_sm_bengal_fire_npc_lfe
6f011ad34960439b,fly_plr_sm_bengal_transition_reload_empty_fast02_01_01
1a3795afc7eee020,fly_npc_sm_bengal_transition_reload_empty_fast02_01_01
7409ef951498795,fly_npc_sm_bengal_drop_01
e18560c9d322f80d,wpn_sm_bengal_fire_npc_med_atmo
8176bfdb2d4cfcbf,fly_npc_sm_hyena_selectsemi_off_02
8176bedb2d4cfb0c,fly_npc_sm_hyena_selectsemi_off_03
7708b89cf193be81,fly_npc_sm_hyena_selectsemi_on_02
7708b79cf193bcce,fly_npc_sm_hyena_selectsemi_on_03
79a0a502475f3e33,fly_npc_sm_komodo_selectsemi_off_02
5a544acda0818c23,fly_npc_sm_komodo_inspect_empty_17
9ee6aff7a7fb0c93,fly_plr_sm_komodo_inspect_empty_drum_02
9ee6b5f7a7fb16c5,fly_plr_sm_komodo_inspect_empty_drum_04
9ee6b4f7a7fb1512,fly_plr_sm_komodo_inspect_empty_drum_05
9ee6b9f7a7fb1d91,fly_plr_sm_komodo_inspect_empty_drum_08
9ee6aef7a7fb0ae0,fly_plr_sm_komodo_inspect_empty_drum_03
f4c376fc04d78d61,fly_npc_sm_komodo_reload_empty_03
f4c378fc04d790c7,fly_npc_sm_komodo_reload_empty_05
9ee6b8f7a7fb1bde,fly_plr_sm_komodo_inspect_empty_drum_09
9ee6b3f7a7fb135f,fly_plr_sm_komodo_inspect_empty_drum_06
9ee6b0f7a7fb0e46,fly_plr_sm_komodo_inspect_empty_drum_01
7e8d5ac0c2976585,fly_npc_sm_komodo_selectsemi_on_02
9ee32bf7a7f7f670,fly_plr_sm_komodo_inspect_empty_drum_10
f4c379fc04d7927a,fly_npc_sm_komodo_reload_empty_06
9ee32cf7a7f7f823,fly_plr_sm_komodo_inspect_empty_drum_11
f4c377fc04d78f14,fly_npc_sm_komodo_reload_empty_04
9ee6b2f7a7fb11ac,fly_plr_sm_komodo_inspect_empty_drum_07
f4c374fc04d789fb,fly_npc_sm_komodo_reload_empty_01
f4c37afc04d7942d,fly_npc_sm_komodo_reload_empty_07
e389be93a983d152,fly_plr_sm_komodo_inspect_drum_03
9ee32df7a7f7f9d6,fly_plr_sm_komodo_inspect_empty_drum_12
f4c36bfc04d77ab0,fly_npc_sm_komodo_reload_empty_08
e389b993a983c8d3,fly_plr_sm_komodo_inspect_drum_04
f4c375fc04d78bae,fly_npc_sm_komodo_reload_empty_02
f4c36cfc04d77c63,fly_npc_sm_komodo_reload_empty_09
e389ba93a983ca86,fly_plr_sm_komodo_inspect_drum_07
f4c6f9fc04daa1d1,fly_npc_sm_komodo_reload_empty_10
e389b893a983c720,fly_plr_sm_komodo_inspect_drum_05
e389c593a983dd37,fly_plr_sm_komodo_inspect_drum_08
f4c6f8fc04daa01e,fly_npc_sm_komodo_reload_empty_11
e389bb93a983cc39,fly_plr_sm_komodo_inspect_drum_06
e389c493a983db84,fly_plr_sm_komodo_inspect_drum_09
e3863793a980b616,fly_plr_sm_komodo_inspect_drum_10
e389bc93a983cdec,fly_plr_sm_komodo_inspect_drum_01
e389bf93a983d305,fly_plr_sm_komodo_inspect_drum_02
e3863893a980b7c9,fly_plr_sm_komodo_inspect_drum_11
e3863593a980b2b0,fly_plr_sm_komodo_inspect_drum_12
2fa7e9b846f72091,fly_npc_sm_orca_selectsemi_off_02
2fa7e8b846f71ede,fly_npc_sm_orca_selectsemi_off_03
107e9e1de9f4b5c3,fly_npc_sm_orca_selectsemi_on_02
993dd43cc3e59ee9,fly_npc_sm_orca_raise_quick_02
107e9d1de9f4b410,fly_npc_sm_orca_selectsemi_on_03
ce8769f3b886c8c6,fly_plr_sm_orca_inspect_flip_02
231b9e1d22c2e99c,fly_npc_sm_orca_inspect_flip_10
ce8aedf3b889dee9,fly_plr_sm_orca_inspect_flip_10
231ea21d22c5263f,fly_npc_sm_orca_inspect_flip_02
ce8aecf3b889dd36,fly_plr_sm_orca_inspect_flip_11
231b9f1d22c2eb4f,fly_npc_sm_orca_inspect_flip_11
231ea11d22c5248c,fly_npc_sm_orca_inspect_flip_03
ce876af3b886ca79,fly_plr_sm_orca_inspect_flip_03
ce8aebf3b889db83,fly_plr_sm_orca_inspect_flip_12
231ba01d22c2ed02,fly_npc_sm_orca_inspect_flip_12
ce876bf3b886cc2c,fly_plr_sm_orca_inspect_flip_04
231ea01d22c522d9,fly_npc_sm_orca_inspect_flip_04
ce8af1f3b889e5b5,fly_plr_sm_orca_inspect_flip_14
231b9a1d22c2e2d0,fly_npc_sm_orca_inspect_flip_14
ce8768f3b886c713,fly_plr_sm_orca_inspect_flip_01
231ea31d22c527f2,fly_npc_sm_orca_inspect_flip_01
ce8aeaf3b889d9d0,fly_plr_sm_orca_inspect_flip_13
ce876cf3b886cddf,fly_plr_sm_orca_inspect_flip_05
231e9f1d22c52126,fly_npc_sm_orca_inspect_flip_05
231ba11d22c2eeb5,fly_npc_sm_orca_inspect_flip_13
ce8af0f3b889e402,fly_plr_sm_orca_inspect_flip_15
231b9b1d22c2e483,fly_npc_sm_orca_inspect_flip_15
231e9e1d22c51f73,fly_npc_sm_orca_inspect_flip_06
ce876df3b886cf92,fly_plr_sm_orca_inspect_flip_06
ce8aeff3b889e24f,fly_plr_sm_orca_inspect_flip_16
231b9c1d22c2e636,fly_npc_sm_orca_inspect_flip_16
ce8aeef3b889e09c,fly_plr_sm_orca_inspect_flip_17
ce876ef3b886d145,fly_plr_sm_orca_inspect_flip_07
231e9d1d22c51dc0,fly_npc_sm_orca_inspect_flip_07
231b9d1d22c2e7e9,fly_npc_sm_orca_inspect_flip_17
231ba61d22c2f734,fly_npc_sm_orca_inspect_flip_18
ce8af5f3b889ec81,fly_plr_sm_orca_inspect_flip_18
ce876ff3b886d2f8,fly_plr_sm_orca_inspect_flip_08
231eac1d22c5373d,fly_npc_sm_orca_inspect_flip_08
ce8af4f3b889eace,fly_plr_sm_orca_inspect_flip_19
231ba71d22c2f8e7,fly_npc_sm_orca_inspect_flip_19
231eab1d22c5358a,fly_npc_sm_orca_inspect_flip_09
ce8770f3b886d4ab,fly_plr_sm_orca_inspect_flip_09
9b1ba77ca9ace2cc,fly_npc_sm_otter_raise_quick_02
bd820e5ae5d4957d,fly_npc_sm_puma_raise_quick_02
6bdcc2bff83394c,fly_npc_sm_zebra_selectsemi_off_02
b45357355e7bcc80,fly_npc_sm_zebra_selectsemi_on_02
4d42e67eb9b3624f,fly_npc_sn_aden_inspect_empty_11
d2161e3ff13fa62,fly_npc_sn_aden_reload_ext01_09
d1de5e3ff10f1d7,fly_npc_sn_aden_reload_ext01_11
d1de4e3ff10f024,fly_npc_sn_aden_reload_ext01_10
ee5453e5a5efb4ab,fly_npc_sn_aden_drop_quick_01
5304069bcd9e8bf1,fly_npc_sn_aden_raise_02
5304039bcd9e86d8,fly_npc_sn_aden_raise_01
cda071ee4f1d0690,fly_npc_sn_aden_raise_quick_01
6be88d6d4ca0cd89,fly_npc_sn_aden_reload_empty_ext01_02
6be8916d4ca0d455,fly_npc_sn_aden_reload_empty_ext01_06
6be88c6d4ca0cbd6,fly_npc_sn_aden_reload_empty_ext01_03
1582dd65b1373948,fly_npc_sn_aden_reload_empty_ext02_04
6be88f6d4ca0d0ef,fly_npc_sn_aden_reload_empty_ext01_04
6be88a6d4ca0c870,fly_npc_sn_aden_reload_empty_ext01_01
6be8906d4ca0d2a2,fly_npc_sn_aden_reload_empty_ext01_07
d2167e3ff140494,fly_npc_sn_aden_reload_ext01_03
4d45e77eb9b599d9,fly_npc_sn_aden_inspect_empty_04
6be88e6d4ca0cf3c,fly_npc_sn_aden_reload_empty_ext01_05
1582e065b1373e61,fly_npc_sn_aden_reload_empty_ext02_07
1582de65b1373afb,fly_npc_sn_aden_reload_empty_ext02_05
1582e365b137437a,fly_npc_sn_aden_reload_empty_ext02_02
1582df65b1373cae,fly_npc_sn_aden_reload_empty_ext02_06
bb8124505cc411bc,wpn_sn_aden_fire_npc_mech
6be8936d4ca0d7bb,fly_npc_sn_aden_reload_empty_ext01_08
da944add0105a13,wpn_sn_aden_fire_plr_atmo
d2166e3ff1402e1,fly_npc_sn_aden_reload_ext01_04
1582d965b137327c,fly_npc_sn_aden_reload_empty_ext02_08
4d45e67eb9b59826,fly_npc_sn_aden_inspect_empty_05
d2165e3ff14012e,fly_npc_sn_aden_reload_ext01_05
e9559257de1fd4dd,wpn_sn_aden_fire_plr_atmo_int
1582da65b137342f,fly_npc_sn_aden_reload_empty_ext02_09
298f6a5b3f1bd173,wpn_sn_aden_fire_plr_lfe
1fbcc022601a2a65,wpn_sn_aden_fire_plr_interrupt
6be8926d4ca0d608,fly_npc_sn_aden_reload_empty_ext01_09
1582e465b137452d,fly_npc_sn_aden_reload_empty_ext02_03
d2164e3ff13ff7b,fly_npc_sn_aden_reload_ext01_06
3e584d002a92b8d6,fly_npc_sn_aden_drop_02
4d42e57eb9b3609c,fly_npc_sn_aden_inspect_empty_10
392c857933b579a1,wpn_sn_aden_fire_plr_last_fcg
4d45e57eb9b59673,fly_npc_sn_aden_inspect_empty_06
d2163e3ff13fdc8,fly_npc_sn_aden_reload_ext01_07
426ac614d0f34ef9,wpn_sn_aden_fire_npc_dist
15866765b13a599d,fly_npc_sn_aden_reload_empty_ext02_10
6be5256d4c9de6fa,fly_npc_sn_aden_reload_empty_ext01_10
d2162e3ff13fc15,fly_npc_sn_aden_reload_ext01_08
3ce9174c060cf5eb,wpn_sn_aden_fire_plr_last_shot
958645b76db96b7e,wpn_sn_aden_fire_plr_last_mech
4d45e47eb9b594c0,fly_npc_sn_aden_inspect_empty_07
15866665b13a57ea,fly_npc_sn_aden_reload_empty_ext02_11
a51d8624233df4ea,wpn_sn_aden_fire_plr_shot
1582e265b13741c7,fly_npc_sn_aden_reload_empty_ext02_01
4d45ea7eb9b59ef2,fly_npc_sn_aden_inspect_empty_01
2ad237bca3807f73,wpn_sn_aden_fire_npc_med_atmo
f390c7133633befb,wpn_sn_aden_fire_plr_mech
3e584c002a92b723,fly_npc_sn_aden_drop_01
15866565b13a5637,fly_npc_sn_aden_reload_empty_ext02_12
4d45f37eb9b5ae3d,fly_npc_sn_aden_inspect_empty_08
4d45e97eb9b59d3f,fly_npc_sn_aden_inspect_empty_02
4d45e87eb9b59b8c,fly_npc_sn_aden_inspect_empty_03
4d45f27eb9b5ac8a,fly_npc_sn_aden_inspect_empty_09
15866465b13a5484,fly_npc_sn_aden_reload_empty_ext02_13
15866365b13a52d1,fly_npc_sn_aden_reload_empty_ext02_14
1439d40bf4c22828,wpn_sn_aden_fire_npc
d2169e3ff1407fa,fly_npc_sn_aden_reload_ext01_01
d2168e3ff140647,fly_npc_sn_aden_reload_ext01_02
37d16a2d4e8d2ca0,wpn_sn_aden_fire_npc_atmo
95ed33074355e586,wpn_sn_aden_fire_npc_lfe
d2f4025b0e0ec1ee,wpn_sn_aden_fire_plr_fcg
10a3fb361bae05e4,fly_npc_sn_baltic_raise_quick_02
10a3fc361bae0797,fly_npc_sn_baltic_raise_quick_03
57a47959612f615c,fly_npc_sn_caspian_inspect_empty_19
57a47f59612f6b8e,fly_npc_sn_caspian_inspect_empty_17
57a47a59612f630f,fly_npc_sn_caspian_inspect_empty_18
ba7b4feb265f7dd6,fly_npc_sn_drake_raise_quick_02
2c3c3123df73b3b2,wpn_ar_condor_sup_plr_last_shot
e656ce3c296639dd,wpn_ar_condor_sup_plr_shot
7465dcdc0416528e,wpn_ar_condor_sup_plr_first_fcg
360de2cdcf915846,wpn_ar_condor_sup_plr_last_fcg
62ed7a8efc3d5474,wpn_ar_condor_sup_plr_casing_eject
c38d84d904fff246,wpn_ar_condor_fire_npc_dist_int
c0a23feec7f3f8de,wpn_ar_condor_sup_plr_atmo_int
e15c2d6425f91218,wpn_ar_condor_fire_npc_med_atmo_int
22eb6ea86451f399,wpn_ar_condor_sup_npc
af7e785e6a4f86a3,wpn_ar_condor_sup_npc_atmo
8a06d71760402003,wpn_ar_condor_sup_npc_lfe
80369ac33373162b,wpn_ar_condor_sup_npc_mech
6d1e944114d0c714,wpn_ar_condor_sup_plr_mech
533cdaa67b230878,wpn_ar_condor_sup_plr_atmo
4467c3e4818d3f3e,wpn_ar_condor_sup_plr_lfe
7b965a53059f6348,wpn_ar_condor_sup_plr_interrupt
4fab18ddd057903,wpn_ar_condor_sup_plr_last_mech
f00b8b1ec969ce94,wpn_ar_condor_sup_npc_med_atmo
fbdb861015c90ed2,wpn_ar_condor_sup_npc_med_atmo_int
22b71bc6b8ddc9c1,wpn_ar_eagle_sup_plr_last_shot
2c3905f920d13ea4,wpn_ar_eagle_sup_plr_shot
fdf40542ac75d9bd,wpn_ar_eagle_sup_plr_first_fcg
100f59b57f3c5f6f,wpn_ar_eagle_sup_plr_last_fcg
34c8960c51b0e4bd,wpn_ar_eagle_sup_plr_casing_eject
a717427f395848bd,wpn_ar_eagle_fire_npc_dist_int
7d5c8acd75eee7bb,wpn_ar_eagle_fire_npc_med_atmo_int
8fcba7f0c8de060e,wpn_ar_eagle_sup_npc
1be30b30648c80aa,wpn_ar_eagle_sup_npc_atmo
14d2f8842f60af8c,wpn_ar_eagle_sup_npc_lfe
ccead5e37b7680a9,wpn_ar_eagle_sup_npc_med_atmo
8b055195881fc936,wpn_ar_eagle_sup_npc_mech
fb8496114eb5e61b,wpn_ar_eagle_sup_npc_med_atmo_int
22dcc863c0545e61,wpn_ar_eagle_sup_plr_atmo
18600e3e1c406677,wpn_ar_eagle_sup_plr_interrupt
839f9290cef0f548,wpn_ar_eagle_sup_plr_last_mech
eabcee81dbe24bd9,wpn_ar_eagle_sup_plr_mech
2f86be6c91f8746d,wpn_ar_eagle_sup_plr_lfe
cc8ee7cd7cd406a3,wpn_ar_eagle_sup_plr_atmo_int
d91f3b15dde4a852,wpn_ar_falcon_sup_plr_last_shot
c5089e5602ae713d,wpn_ar_falcon_sup_plr_shot
ed86acc612c9ee2e,wpn_ar_falcon_sup_plr_first_fcg
41fc5d4f3ff80066,wpn_ar_falcon_sup_plr_last_fcg
f2857f09b2d67894,wpn_ar_falcon_sup_plr_casing_eject
4bd0645aee18fe74,wpn_ar_falcon_sup_plr_mech
816dc6a6c5baba1e,wpn_ar_falcon_sup_plr_lfe
148213b05eacf47e,wpn_ar_falcon_sup_plr_atmo_int
c7a82104352b0966,wpn_ar_falcon_fire_npc_dist_int
88d3aa9daae1d778,wpn_ar_falcon_fire_npc_med_atmo_int
988f369d797c94b9,wpn_ar_falcon_sup_npc
5479d8da4bafe34,wpn_ar_falcon_sup_npc_med_atmo
d218f114618b1c03,wpn_ar_falcon_sup_npc_atmo
a30c8ab9c495b732,wpn_ar_falcon_sup_npc_med_atmo_int
df8ad169021011e3,wpn_ar_falcon_sup_npc_lfe
a2d113792aaeab8b,wpn_ar_falcon_sup_npc_mech
31eeaac0546b3fd8,wpn_ar_falcon_sup_plr_atmo
3f2e94e2baf61328,wpn_ar_falcon_sup_plr_interrupt
b542bb7fde57e3a3,wpn_ar_falcon_sup_plr_last_mech
d489f1490774d9ae,wpn_ar_hawk_sup_plr_last_shot
6059f3f08c4835e9,wpn_ar_hawk_sup_plr_shot
5c871aa57767f27a,wpn_ar_hawk_sup_plr_first_fcg
2a677fa6ebb0fc8a,wpn_ar_hawk_sup_plr_last_fcg
9aa233486b4e1a30,wpn_ar_hawk_sup_plr_casing_eject
49582a3ce896d850,wpn_ar_hawk_sup_plr_mech
1cfb2fa61d67ecba,wpn_ar_hawk_sup_plr_lfe
c5e6088504ea51da,wpn_ar_hawk_fire_npc_dist_int
6e04f3f6509d85e8,wpn_ar_hawk_sup_npc_med_atmo
363dc47e40057f44,wpn_ar_hawk_fire_npc_med_atmo_int
cbf29bf5ccccf78e,wpn_ar_hawk_sup_npc_med_atmo_int
646d71fcebafff65,wpn_ar_hawk_sup_npc
ee38670337bc6f07,wpn_ar_hawk_sup_npc_atmo
8caa8755ae43d33f,wpn_ar_hawk_sup_npc_lfe
29a48f0237f5971a,wpn_ar_hawk_sup_plr_atmo_int
c47d09e64ded3c7,wpn_ar_hawk_sup_npc_mech
2784785ba215f98c,wpn_ar_hawk_sup_plr_atmo
8c5d0ee40c47ad54,wpn_ar_hawk_sup_plr_interrupt
f1a32300a49382af,wpn_ar_hawk_sup_plr_last_mech
6238ae17cc345002,wpn_ar_kite_sup_plr
b5ba4a4575a129f8,wpn_ar_kite_sup_plr_last_shot
8a41e0e6f5dfd8b8,wpn_ar_kite_sup_plr_first_fcg
bc4027ad8cbce834,wpn_ar_kite_sup_plr_last_fcg
69db59780bbeda8a,wpn_ar_kite_sup_plr_casing_eject
fa079f57504b2840,wpn_ar_kite_fire_npc_dist_int
b1e06f44237dcb06,wpn_ar_kite_fire_npc_med_atmo_int
c6aa73a77463225a,wpn_ar_kite_sup_npc_med_atmo
63289d185ce78a47,wpn_ar_kite_sup_npc
e96d426b6e0a9e30,wpn_ar_kite_sup_npc_med_atmo_int
7502a8b3af84409d,wpn_ar_kite_sup_npc_atmo
b6a519199f3dd7a1,wpn_ar_kite_sup_npc_lfe
f4e13690a45250ed,wpn_ar_kite_sup_npc_mech
8d73597cfe8039c6,wpn_ar_kite_sup_plr_atmo
84a5d622c11d6c62,wpn_ar_kite_sup_plr_interrupt
84fe83989404883d,wpn_ar_kite_sup_plr_last_mech
2d55245da18cfc14,wpn_ar_kite_sup_plr_atmo_int
afe8a7a0f75cc96a,wpn_ar_kite_sup_plr_mech
72c9392ee03a8db0,wpn_ar_kite_sup_plr_lfe
4175c6ab702c4f7a,wpn_ar_macaw_sup_plr_last_shot
237fbdbc91af3435,wpn_ar_macaw_sup_plr_shot
d5a9668f532403f6,wpn_ar_macaw_sup_plr_first_fcg
72d58707d07ff91e,wpn_ar_macaw_sup_plr_last_fcg
8d9b83b66c97c24c,wpn_ar_macaw_sup_plr_casing_eject
1f9044469222a74c,wpn_ar_macaw_sup_plr_mech
ae0c98f915ef172c,wpn_ar_macaw_sup_npc_med_atmo
af46e0741c7b5b36,wpn_ar_macaw_sup_plr_lfe
48e382277c89627a,wpn_ar_macaw_sup_npc_med_atmo_int
2af7b9c6885c185e,wpn_ar_macaw_fire_npc_dist_int
39ee91fae823a680,wpn_ar_macaw_fire_npc_med_atmo_int
64e9c922078c9c6,wpn_ar_macaw_sup_plr_atmo_int
ae46c140521bd6d1,wpn_ar_macaw_sup_npc
da032584fffa613b,wpn_ar_macaw_sup_npc_atmo
110f45016336921b,wpn_ar_macaw_sup_npc_lfe
3fa7676153803e03,wpn_ar_macaw_sup_npc_mech
85d7aa22e6332290,wpn_ar_macaw_sup_plr_atmo
8d820bca6c3cc030,wpn_ar_macaw_sup_plr_interrupt
8f3fa8a549db950b,wpn_ar_macaw_sup_plr_last_mech
2a7ff659cd53f2c8,fly_npc_ar_vulture_reload_xmag_03
2a7ffd59cd53fead,fly_npc_ar_vulture_reload_xmag_04
2a7ffc59cd53fcfa,fly_npc_ar_vulture_reload_xmag_05
2a7ffb59cd53fb47,fly_npc_ar_vulture_reload_xmag_06
2a7ffa59cd53f994,fly_npc_ar_vulture_reload_xmag_07
70f0c33227b83f74,wpn_ar_vulture_sup_plr_last_shot
4b1acb7483aaba03,wpn_ar_vulture_sup_plr_shot
c3cb0f2163af51,fly_npc_ar_vulture_reload_empty_xmaglrg_01
c3c80f2163aa38,fly_npc_ar_vulture_reload_empty_xmaglrg_02
c3c90f2163abeb,fly_npc_ar_vulture_reload_empty_xmaglrg_03
385d9410cd12f758,wpn_ar_vulture_sup_plr_last_fcg
c3ce0f2163b46a,fly_npc_ar_vulture_reload_empty_xmaglrg_04
c3cf0f2163b61d,fly_npc_ar_vulture_reload_empty_xmaglrg_05
c6a10c36ba603494,wpn_ar_vulture_sup_plr_first_fcg
c3cc0f2163b104,fly_npc_ar_vulture_reload_empty_xmaglrg_06
c3cd0f2163b2b7,fly_npc_ar_vulture_reload_empty_xmaglrg_07
6d6434c3deb6fd06,wpn_ar_vulture_sup_plr_casing_eject
c3c20f2163a006,fly_npc_ar_vulture_reload_empty_xmaglrg_08
c3c30f2163a1b9,fly_npc_ar_vulture_reload_empty_xmaglrg_09
2a7ff859cd53f62e,fly_npc_ar_vulture_reload_xmag_01
2a7ff759cd53f47b,fly_npc_ar_vulture_reload_xmag_02
6174463316067372,wpn_ar_vulture_fire_npc_med_atmo_int
8ef3fd1cb866dcd3,wpn_ar_vulture_sup_npc
1468b0c21bb8e041,wpn_ar_vulture_sup_npc_atmo
9621b8c31fada700,wpn_ar_vulture_sup_plr_atmo_int
4b87f970eafd63cd,wpn_ar_vulture_sup_npc_lfe
86140cc81faa5ca9,wpn_ar_vulture_sup_plr_last_mech
85c3d6e51f4578b9,wpn_ar_vulture_sup_npc_mech
c51d7a628d1ad076,wpn_ar_vulture_sup_plr_mech
596233fd6c6c63ea,wpn_ar_vulture_sup_plr_atmo
4cabc0d966b56bcc,wpn_ar_vulture_sup_plr_lfe
498a7641e436aade,wpn_ar_vulture_sup_plr_interrupt
224a0823425ca8ae,wpn_ar_vulture_sup_npc_med_atmo
cd888f2e8cb59bac,wpn_ar_vulture_sup_npc_med_atmo_int
3ea322a818d7c6e2,wpn_dm_kara_sup_plr_last_shot
a2f58af30d536c8d,wpn_dm_kara_sup_plr_shot
2c65175580643056,wpn_dm_kara_sup_plr_last_fcg
7f9f0797bcb7cde,wpn_dm_kara_sup_plr_first_fcg
f8c120b7673c3cc4,wpn_dm_kara_sup_plr_casing_eject
c6be2dc97983a464,wpn_dm_kara_sup_npc_med_atmo
d018b09ed69f03e2,wpn_dm_kara_sup_npc_med_atmo_int
6e00c41f534a2f73,wpn_dm_kara_sup_plr_last_mech
b5b8a71ff4d9f7ae,wpn_dm_kara_sup_plr_atmo_int
805d720535a05004,wpn_dm_kara_sup_plr_mech
a813a7d2b8c1abce,wpn_dm_kara_sup_plr_lfe
8648cb0091e6788,wpn_dm_kara_fire_npc_med_atmo_int
401ced86749820a9,wpn_dm_kara_sup_npc
f92fe4d56a8dc4d3,wpn_dm_kara_sup_npc_atmo
6234e20b4a1cb233,wpn_dm_kara_sup_npc_lfe
df17673ad0b129bb,wpn_dm_kara_sup_npc_mech
5071d869fe383ec8,wpn_dm_kara_sup_plr_atmo
1d651538c6413bd8,wpn_dm_kara_sup_plr_interrupt
b39f88513524d4e8,wpn_dm_oman_sup_plr_last_shot
d33d215166c07477,wpn_dm_oman_sup_plr_shot
3b77cfb9e864ac84,wpn_dm_oman_sup_plr_last_fcg
e08eb288deae4448,wpn_dm_oman_sup_plr_first_fcg
847435cf5830c0da,wpn_dm_oman_sup_plr_casing_eject
2509e21dedda0e70,wpn_dm_oman_fire_npc_dist_int
bc7f988f5e35dda4,wpn_dm_oman_sup_plr_atmo_int
846720998d885b6d,wpn_dm_oman_sup_plr_last_mech
e6e5a10a2092939a,wpn_dm_oman_sup_plr_mech
9f6a7133b156ee76,wpn_dm_oman_fire_npc_med_atmo_int
925018e915e1e900,wpn_dm_oman_sup_plr_lfe
4d0b28bf7acf37ea,wpn_dm_oman_sup_npc_med_atmo
6b1baaebbd57bb00,wpn_dm_oman_sup_npc_med_atmo_int
b91f262e69c54317,wpn_dm_oman_sup_npc
71b45b45377a084d,wpn_dm_oman_sup_npc_atmo
4538dfa7330a9e51,wpn_dm_oman_sup_npc_lfe
85048926768d4a7d,wpn_dm_oman_sup_npc_mech
d99f72e6c4b56c96,wpn_dm_oman_sup_plr_atmo
dafd8cc2a972de32,wpn_dm_oman_sup_plr_interrupt
ae2c1ddb8a43d948,wpn_dm_scotia_sup_plr_last_shot
3338c556fab9ad97,wpn_dm_scotia_sup_plr_shot
33405b0265819a8,wpn_dm_scotia_sup_plr_first_fcg
2252a927b015f464,wpn_dm_scotia_sup_plr_last_fcg
bf8030d7d0c765ba,wpn_dm_scotia_sup_plr_casing_eject
452599e81cce79d0,wpn_dm_scotia_fire_npc_dist_int
79b3b2a86fc12596,wpn_dm_scotia_fire_npc_med_atmo_int
6d6e5f5671764f77,wpn_dm_scotia_sup_npc
7b8eb623dfc5e9cd,wpn_dm_scotia_sup_plr_last_mech
8cdea4e62ccd3d84,wpn_dm_scotia_sup_plr_atmo_int
d20dec07c1d459ed,wpn_dm_scotia_sup_npc_atmo
4a47450fb76ef5ba,wpn_dm_scotia_sup_plr_mech
9afb159d0db1f671,wpn_dm_scotia_sup_npc_lfe
fbe620210484d7a0,wpn_dm_scotia_sup_plr_lfe
e55f19e900e94f1d,wpn_dm_scotia_sup_npc_mech
e67d16f143922cb6,wpn_dm_scotia_sup_plr_atmo
c106d5614be1a8d2,wpn_dm_scotia_sup_plr_interrupt
62f55a5eeb26b64a,wpn_dm_scotia_sup_npc_med_atmo
d11f764acedda0a0,wpn_dm_scotia_sup_npc_med_atmo_int
42c844e3496b8b9b,wpn_la_fang_fire_npc_med_atmo_int
c8d5e509acb594e2,wpn_la_polis_fire_npc_dist_int
995da081bbc1a15c,wpn_la_polis_fire_npc_med_atmo_int
b45bea9fb2612c6c,wpn_lm_hades_fcg_deadtrig_npc
cc5f2eec2406d600,wpn_lm_hades_fire_npc_dist_int
3568d94f332bdec6,wpn_lm_hades_fire_npc_med_atmo_int
2201e8af9c9ee707,wpn_lm_hades_sup_npc
81b0c759ef197e5d,wpn_lm_hades_sup_npc_atmo
2cdfb0db9f619061,wpn_lm_hades_sup_npc_lfe
38377cb3e17ef61a,wpn_lm_hades_sup_npc_med_atmo
a7a4553bc90310ad,wpn_lm_hades_sup_npc_mech
519914a8915e99f0,wpn_lm_hades_sup_npc_med_atmo_int
b2bf779ce98f457f,wpn_lm_typhon_fcg_deadtrig_npc
e4f96f03d05d4121,wpn_lm_typhon_sup_npc_med_atmo
64db7d2cf25e1586,wpn_lm_typhon_sup_npc
343f750b3703f942,wpn_lm_typhon_sup_npc_atmo
2c97370c5440a6a4,wpn_lm_typhon_sup_npc_lfe
cc987aec2ff6b1ae,wpn_lm_typhon_sup_npc_mech
c3736f6dde023ce2,wpn_lm_zeus_fire_npc_dist_int
a8cdccc4bb8cc95c,wpn_lm_zeus_fire_npc_med_atmo_int
34d8d014a3167f2d,wpn_lm_zeus_sup_npc
a7f80747fa99dcf,wpn_lm_zeus_sup_npc_atmo
dacff67e4369e0e7,wpn_lm_zeus_sup_npc_lfe
7be7ca978340fdcf,wpn_lm_zeus_sup_npc_mech
e60f4348f6265c10,wpn_lm_zeus_sup_npc_med_atmo
69bd1d83aef65b46,wpn_lm_zeus_sup_npc_med_atmo_int
f472591b3c8a8fcc,wpn_pi_atlas_fire_npc_med_atmo_int
5e9e0e2da998563d,wpn_pi_atlas_sup_npc
31fe7e50e95c257f,wpn_pi_atlas_sup_npc_atmo
3442f209a8a5a217,wpn_pi_atlas_sup_npc_lfe
bf42a220e09e0b52,wpn_pi_atlas_fire_npc_dist_int
d68e86fa084619f,wpn_pi_atlas_sup_npc_mech
9ab97466842d26a0,wpn_pi_atlas_sup_npc_med_atmo
e8ef888bfa196156,wpn_pi_atlas_sup_npc_med_atmo_int
67490f6da2e417fa,wpn_pi_orion_fire_npc_med_atmo_int
5f258c277f35bdcb,wpn_pi_orion_sup_npc
26770948d7314239,wpn_pi_orion_sup_npc_atmo
c7362af21c4855a6,wpn_pi_orion_sup_npc_med_atmo
e115108c41e30ab4,wpn_pi_orion_sup_npc_med_atmo_int
3cb189386adb97a5,wpn_pi_orion_sup_npc_lfe
2e704ee366900971,wpn_pi_orion_sup_npc_mech
1270b6f5c95d6e1c,wpn_pi_orion_fire_npc_dist_int
5613be1b8e9520a,wpn_pi_timir_fire_npc_med_atmo_int
d1495f0186df0b6c,wpn_pi_timir_fire_npc_dist_int
e2a5d51bee68d97b,wpn_pi_timir_sup_npc
ef28d4e04f3a2349,wpn_pi_timir_sup_npc_atmo
a4866aae7722ec35,wpn_pi_timir_sup_npc_lfe
c523a7b7b9a0621,wpn_pi_timir_sup_npc_mech
2b1025d9dc541b56,wpn_pi_timir_sup_npc_med_atmo
451a1df964dbcc64,wpn_pi_timir_sup_npc_med_atmo_int
6e3361d8f52b39e3,wpn_sh_akita_sup_plr
171b46cabfbe4434,wpn_sh_akita_sup_plr_last
19c1ed5df0878cff,wpn_sh_akita_sup_plr_last_fcg
fcee9b50a15d6cd,wpn_sh_akita_sup_plr_first_fcg
a230cc7ef57fc00d,wpn_sh_akita_sup_plr_casing_eject
3172dc794cda162b,wpn_sh_akita_fire_npc_med_atmo_int
7fe5b2d8ff4c665e,wpn_sh_akita_sup_npc
c0cb32b32d0e6171,wpn_sh_akita_sup_plr_atmo
55bd3d2dc52bbb1a,wpn_sh_akita_sup_npc_atmo
7f5169a3214dc133,wpn_sh_akita_sup_plr_atmo_int
f3f677fb5b8795c7,wpn_sh_akita_sup_plr_interrupt
f7e5eb1db8d5d5b9,wpn_sh_akita_sup_npc_med_atmo
13dc448300288dbc,wpn_sh_akita_sup_npc_lfe
52ace3e2d5c4dcab,wpn_sh_akita_sup_npc_med_atmo_int
493ec9c951b0a738,wpn_sh_akita_sup_plr_last_mech
d78163938392c746,wpn_sh_akita_sup_npc_mech
665f445b9367e36d,wpn_sh_akita_fire_npc_dist_int
9c26b8d1e428dcc9,wpn_sh_akita_sup_plr_mech
7b8ba24f4236abd,wpn_sh_akita_sup_plr_lfe
1cabe6e0c3f4d4b9,wpn_sh_corso_sup_plr
72167aa5d458ea66,wpn_sh_corso_sup_plr_last
b8feb1202cb3d06b,wpn_sh_corso_sup_plr_first_fcg
b9ce35bda3500b51,wpn_sh_corso_sup_plr_last_fcg
732ace5d0bc4991f,wpn_sh_corso_sup_plr_casing_eject
be52762754107bb5,wpn_sh_corso_fire_npc_med_atmo_int
3ce3bbe0459b9918,wpn_sh_corso_sup_npc
404bec13d1cf5cb0,wpn_sh_corso_sup_npc_atmo
7cf0e29bbf2c51e3,wpn_sh_corso_sup_plr_lfe
b117bd12f91fe8d6,wpn_sh_corso_sup_npc_lfe
6f9a674553a26f4d,wpn_sh_corso_sup_plr_atmo_int
339e7611889e24e3,wpn_sh_corso_sup_npc_med_atmo
39d3fe142bbe913,wpn_sh_corso_fire_npc_dist_int
283512359c4b0bed,wpn_sh_corso_sup_npc_med_atmo_int
308a863295c1e96c,wpn_sh_corso_sup_npc_mech
62c82a4bb88bdc03,wpn_sh_corso_sup_plr_atmo
b2926fcfda522b55,wpn_sh_corso_sup_plr_interrupt
c2d73a0111603fce,wpn_sh_corso_sup_plr_last_mech
33804cb081af6b8b,wpn_sh_corso_sup_plr_mech
3d61aef43a0d643,wpn_sh_husky_sup_plr
1adb088d592e0854,wpn_sh_husky_sup_plr_last
e502216757bc5f,wpn_sh_husky_sup_plr_last_fcg
21829e87e72022ad,wpn_sh_husky_sup_plr_first_fcg
e5d7f7736fd2e06d,wpn_sh_husky_sup_plr_casing_eject
427cce0492254e4b,wpn_sh_husky_fire_npc_med_atmo_int
15886bef4dc202be,wpn_sh_husky_sup_npc
c48af475c67e2591,wpn_sh_husky_sup_plr_atmo
6589954b10bd465d,wpn_sh_husky_sup_plr_lfe
81c49db9a80044b,wpn_sh_husky_sup_npc_med_atmo_int
f319597df49afb67,wpn_sh_husky_sup_plr_interrupt
b6428bd8d0941fba,wpn_sh_husky_sup_npc_atmo
da09b1ec356fe118,wpn_sh_husky_sup_plr_last_mech
612086bccdda8193,wpn_sh_husky_sup_plr_atmo_int
c8ee23cf52852fdc,wpn_sh_husky_sup_npc_lfe
5ae835a415ef70cd,wpn_sh_husky_fire_npc_dist_int
4cc87a99687c27e9,wpn_sh_husky_sup_plr_mech
3b6cb23e91de54e6,wpn_sh_husky_sup_npc_mech
5789a96e7bc37919,wpn_sh_husky_sup_npc_med_atmo
b2f24c66f6019ecd,wpn_sm_bengal_sup_plr_last_shot
ac6379d37458ce00,wpn_sm_bengal_sup_plr_shot
5c29386f1f5b4393,wpn_sm_bengal_sup_plr_last_fcg
907fee5020789ee9,wpn_sm_bengal_sup_plr_first_fcg
7456e8023d1aed89,wpn_sm_bengal_sup_plr_casing_eject
4643a496ca456ed7,wpn_sm_bengal_fire_npc_med_atmo_int
60abd912c9db5b1a,wpn_sm_bengal_sup_npc
1894da786791e4d9,wpn_sm_bengal_sup_plr_lfe
a6592c6f9298ca1e,wpn_sm_bengal_sup_npc_atmo
391ee5214234588d,wpn_sm_bengal_sup_npc_med_atmo
716aa0171f2227ef,wpn_sm_bengal_sup_plr_atmo_int
909b0c1ce2d56068,wpn_sm_bengal_sup_npc_lfe
4932a8b1707b1757,wpn_sm_bengal_sup_npc_med_atmo_int
49637a0a798e7c22,wpn_sm_bengal_sup_npc_mech
abb001efc1cd92f1,wpn_sm_bengal_fire_npc_dist_int
ca142439a229da35,wpn_sm_bengal_sup_plr_atmo
ba098206560d3653,wpn_sm_bengal_sup_plr_interrupt
8cf333791b69a644,wpn_sm_bengal_sup_plr_last_mech
b0c7729f08fa4d25,wpn_sm_bengal_sup_plr_mech
d83a572718ed6be3,wpn_sm_cobra_sup_plr_last_shot
3f2d4f69b66fe132,wpn_sm_cobra_sup_plr_shot
7ca5d155cb76acc9,wpn_sm_cobra_sup_plr_last_fcg
9205ca6aa779b2d3,wpn_sm_cobra_sup_plr_first_fcg
c26ea2eb995f9f17,wpn_sm_cobra_sup_plr_casing_eject
bf2ce422efaf78cb,wpn_sm_cobra_fire_npc_dist_int
87933a2b902ee59d,wpn_sm_cobra_fire_npc_med_atmo_int
e8b1404364f51af0,wpn_sm_cobra_sup_npc
d03bbc6afe36479b,wpn_sm_cobra_sup_plr_lfe
d167cb28e2050408,wpn_sm_cobra_sup_npc_atmo
586a4e8fd383e87b,wpn_sm_cobra_sup_npc_med_atmo
dec70d374e811c55,wpn_sm_cobra_sup_npc_med_atmo_int
16a4e7ca670fe0e,wpn_sm_cobra_sup_npc_lfe
a76764c8fe86e444,wpn_sm_cobra_sup_npc_mech
7bee8589f7ff3695,wpn_sm_cobra_sup_plr_atmo_int
b2478df7607bc9bb,wpn_sm_cobra_sup_plr_atmo
81d311d1e06960fd,wpn_sm_cobra_sup_plr_interrupt
55a4061525425e56,wpn_sm_cobra_sup_plr_last_mech
17ebcfd3b401a683,wpn_sm_cobra_sup_plr_mech
3f710082b662603d,wpn_sm_hyena_sup_plr_last_shot
78e0572089f3ee30,wpn_sm_hyena_sup_plr_shot
f9f4107fc4242f39,wpn_sm_hyena_sup_plr_first_fcg
a5f68701b2555863,wpn_sm_hyena_sup_plr_last_fcg
d51fdde8d5899959,wpn_sm_hyena_sup_plr_casing_eject
7f627765909670aa,wpn_sm_hyena_sup_npc
5569c2970432c745,wpn_sm_hyena_sup_plr_atmo
e7715baccffe191d,wpn_sm_hyena_sup_npc_med_atmo
fd5256d994141a8e,wpn_sm_hyena_sup_npc_atmo
e6c86da55d0b37a3,wpn_sm_hyena_sup_plr_interrupt
b7be69271e4bf761,wpn_sm_hyena_fire_npc_dist_int
e194ee7437ff72d8,wpn_sm_hyena_sup_npc_lfe
c638c687a1cced74,wpn_sm_hyena_sup_plr_last_mech
a3fb4ec8998ada67,wpn_sm_hyena_sup_npc_med_atmo_int
8a544473dd520672,wpn_sm_hyena_sup_npc_mech
be4877d51a70bcff,wpn_sm_hyena_sup_plr_atmo_int
28a130fbcf75d2d5,wpn_sm_hyena_sup_plr_mech
c3292a776eafc4e9,wpn_sm_hyena_sup_plr_lfe
2fa03967d3a31407,wpn_sm_hyena_fire_npc_med_atmo_int
eae49926bff15e59,wpn_sm_komodo_sup_plr_last_shot
c42009f8a5eaceac,wpn_sm_komodo_sup_plr_shot
d466da049b17f357,wpn_sm_komodo_sup_plr_last_fcg
b5785e4ec90b33d5,wpn_sm_komodo_sup_plr_first_fcg
d5fd2a8a9a8c1c05,wpn_sm_komodo_sup_plr_casing_eject
6b2da4fe2c48ad56,wpn_sm_komodo_sup_npc
a4d47566f54954d5,wpn_sm_komodo_sup_plr_lfe
6a4b9cf8b4c9aee5,wpn_sm_komodo_fire_npc_dist_int
ba3163f1e5fea472,wpn_sm_komodo_sup_npc_atmo
db26a54ed08858db,wpn_sm_komodo_sup_plr_atmo_int
558cf0f09c170494,wpn_sm_komodo_sup_npc_lfe
689389d37caa693e,wpn_sm_komodo_sup_npc_mech
bec6fcaba5331493,wpn_sm_komodo_fire_npc_med_atmo_int
9d946c5ead625a69,wpn_sm_komodo_sup_plr_atmo
a8df411c2ef80fcf,wpn_sm_komodo_sup_plr_interrupt
55ceb07a36698400,wpn_sm_komodo_sup_plr_last_mech
6437d1fec1bf3541,wpn_sm_komodo_sup_plr_mech
bb23811e35f75cb1,wpn_sm_komodo_sup_npc_med_atmo
ecf6699a72587173,wpn_sm_komodo_sup_npc_med_atmo_int
5ed5611028baf8cf,wpn_sm_orca_sup_plr_last_shot
5d98fd9d7ac1aade,wpn_sm_orca_sup_plr_shot
10f13991a0a9178d,wpn_sm_orca_sup_plr_last_fcg
641af260cc56bd0f,wpn_sm_orca_sup_plr_first_fcg
664836b18f4c6113,wpn_sm_orca_sup_plr_casing_eject
4b37554f5404f7dc,wpn_sm_orca_sup_npc
218917672534b97,wpn_sm_orca_sup_plr_lfe
c5f37e053571682f,wpn_sm_orca_sup_npc_med_atmo
6b9adf6f6f0a8b1c,wpn_sm_orca_sup_npc_atmo
69da1c425bd98581,wpn_sm_orca_sup_npc_med_atmo_int
957cc9ad51a67711,wpn_sm_orca_sup_plr_atmo_int
b26c96e93fa56e0a,wpn_sm_orca_sup_npc_lfe
d20101a3d2fd51df,wpn_sm_orca_fire_npc_dist_int
a376715153425680,wpn_sm_orca_sup_npc_mech
a1a5e42b9b7329ff,wpn_sm_orca_sup_plr_atmo
45a40e659a104769,wpn_sm_orca_fire_npc_med_atmo_int
36896da1adce36a9,wpn_sm_orca_sup_plr_interrupt
e7d51f3869113d72,wpn_sm_orca_sup_plr_last_mech
7d104e4a529b661f,wpn_sm_orca_sup_plr_mech
e612230a0e7018d4,wpn_sm_otter_sup_plr_last_shot
20f2ed32419a9c23,wpn_sm_otter_sup_plr_shot
17078bf92b2d4838,wpn_sm_otter_sup_plr_last_fcg
61302dd6ae7f7474,wpn_sm_otter_sup_plr_first_fcg
7c74d8069b2d0666,wpn_sm_otter_sup_plr_casing_eject
52482c6433ec7292,wpn_sm_otter_fire_npc_med_atmo_int
5b7507700d9419b3,wpn_sm_otter_sup_npc
41404832edd49261,wpn_sm_otter_sup_npc_atmo
22bac53104d5706d,wpn_sm_otter_sup_npc_lfe
1f7a4a4d83abd08e,wpn_sm_otter_sup_npc_med_atmo
d8b555c0125af10a,wpn_sm_otter_sup_plr_atmo
9206e5109627fd9,wpn_sm_otter_sup_npc_mech
c8a6b4d1b0a79560,wpn_sm_otter_sup_plr_atmo_int
e8bb3a206bead37e,wpn_sm_otter_sup_plr_interrupt
a9f06cdaf27acfcc,wpn_sm_otter_sup_npc_med_atmo_int
1b68899ee11863a4,wpn_sm_otter_fire_npc_dist_int
fb356ca006623609,wpn_sm_otter_sup_plr_last_mech
9af59c204b0ab296,wpn_sm_otter_sup_plr_mech
bda9bf8775388d6c,wpn_sm_otter_sup_plr_lfe
7622836997108d66,wpn_sm_zebra_sup_plr_last_shot
2c2b009697543751,wpn_sm_zebra_sup_plr_shot
b1c7be26ba083d2,wpn_sm_zebra_sup_plr_last_fcg
ec57e81dcecc972,wpn_sm_zebra_sup_plr_first_fcg
a7dfbe162799a138,wpn_sm_zebra_sup_plr_casing_eject
fb0c6292da07d17c,wpn_sm_zebra_fire_npc_med_atmo_int
7d2bb46d08c2d50d,wpn_sm_zebra_sup_npc
31074b3c58626c2,wpn_sm_zebra_sup_plr_lfe
5952b82c82b371f0,wpn_sm_zebra_sup_npc_med_atmo
6469970058b914e6,wpn_sm_zebra_sup_npc_med_atmo_int
28cf238344d58d6f,wpn_sm_zebra_sup_npc_atmo
1085ec733462cf32,wpn_sm_zebra_sup_plr_atmo_int
75ebd7c038a14c07,wpn_sm_zebra_sup_npc_lfe
9a376da6486ced6f,wpn_sm_zebra_sup_npc_mech
89f81bb1823248c2,wpn_sm_zebra_fire_npc_dist_int
e81e060876a29634,wpn_sm_zebra_sup_plr_atmo
867d91c6ce509c0c,wpn_sm_zebra_sup_plr_interrupt
6124939331f495a7,wpn_sm_zebra_sup_plr_last_mech
e04c986de764dd18,wpn_sm_zebra_sup_plr_mech
440a5b78c18f58b1,wpn_sl_crossbow_fire_npc_med_atmo_int
f6c407ef7f4d4710,wpn_sn_aden_sup_npc
2d9828f63f3d62e8,wpn_sn_aden_sup_npc_atmo
1c6042908b00a66e,wpn_sn_aden_sup_npc_lfe
22c86a8246e7ee35,wpn_sn_aden_sup_npc_med_atmo_int
7ffa0a3a185504eb,wpn_sn_aden_fire_npc_dist_int
5d82c29176a3c124,wpn_sn_aden_sup_npc_mech
a4a4ba8944bb661b,wpn_sn_aden_sup_npc_med_atmo
b8eeba9da36055fd,wpn_sn_aden_fire_npc_med_atmo_int
38a7646a5d2dd82,wpn_sn_baltic_fire_npc_med_atmo_int
a4a4fde43c653843,wpn_sn_baltic_sup_npc
d4b4e4a789040b91,wpn_sn_baltic_sup_npc_atmo
1da8925079f0c85d,wpn_sn_baltic_sup_npc_lfe
5cf26acb2b020de9,wpn_sn_baltic_sup_npc_mech
b9c20b86669e3854,wpn_sn_baltic_fire_npc_dist_int
30382e937810151e,wpn_sn_baltic_sup_npc_med_atmo
6d77a33158b920dc,wpn_sn_baltic_sup_npc_med_atmo_int
cc05c47dfa1c8f44,wpn_sn_caspian_fire_npc_med_atmo_int
1a768a12b7ad8f65,wpn_sn_caspian_sup_npc
59542077886b1f07,wpn_sn_caspian_sup_npc_atmo
756bfbc0dd5861da,wpn_sn_caspian_fire_npc_dist_int
138175b3ea2633f,wpn_sn_caspian_sup_npc_lfe
77638a12b58d83c7,wpn_sn_caspian_sup_npc_mech
b0cf4d62bccf35e8,wpn_sn_caspian_sup_npc_med_atmo
cdd3793d0231a78e,wpn_sn_caspian_sup_npc_med_atmo_int
b461078da04b5696,wpn_sn_drake_fire_npc_dist_int
25252ef47c7ec609,wpn_sn_drake_sup_npc
6f20903e19b172f3,wpn_sn_drake_sup_npc_atmo
b23d20048a31c8a8,wpn_sn_drake_fire_npc_med_atmo_int
dc9e08786a3ed7d3,wpn_sn_drake_sup_npc_lfe
586e12a382b800db,wpn_sn_drake_sup_npc_mech
9a3f697762b6cdc4,wpn_sn_drake_sup_npc_med_atmo
d4cbf7de1807ed82,wpn_sn_drake_sup_npc_med_atmo_int
eb4ee4212dbc6776,vox_ai_mimic_death
5cd190b8c22cb9f3,vox_ai_mimic_attack_melee
11aacc095f1367fc,vox_ai_mimic_pain
5cf1df59405e77dd,vox_ai_zombie_toxic_death
e4d3bac70ad86d25,vox_ai_zombie_toxic_pain
fe34cac28120b24d,vox_ai_zombie_toxic_attack
f19e4c1294ecba88,vox_ai_zombie_toxic_spawn
6687f207e89bbbdb,vox_ai_zombie_toxic_ambient
5c8c55a109a7091f,fly_ai_zombie_toxic_mvmt_runimpact
678e15e8d6e4235b,fly_ai_zombie_toxic_mvmt_walkimpact
f2c782fcf2db92ae,fly_ai_zombie_toxic_mvmt_sprintimpact
776430f9a1ca2991,fly_plr_ar_eagle_reload_ext03_01
77642df9a1ca2478,fly_plr_ar_eagle_reload_ext03_02
776433f9a1ca2eaa,fly_plr_ar_eagle_reload_ext03_04
3cc1996fd74427c6,fly_plr_ar_eagle_inspect_empty_ext03_01
77642ef9a1ca262b,fly_plr_ar_eagle_reload_ext03_03
776434f9a1ca305d,fly_plr_ar_eagle_reload_ext03_05
3cc1986fd7442613,fly_plr_ar_eagle_inspect_empty_ext03_02
776427f9a1ca1a46,fly_plr_ar_eagle_reload_ext03_08
776431f9a1ca2b44,fly_plr_ar_eagle_reload_ext03_06
3cc19d6fd7442e92,fly_plr_ar_eagle_inspect_empty_ext03_05
3cc1976fd7442460,fly_plr_ar_eagle_inspect_empty_ext03_03
776428f9a1ca1bf9,fly_plr_ar_eagle_reload_ext03_09
776432f9a1ca2cf7,fly_plr_ar_eagle_reload_ext03_07
3cc19c6fd7442cdf,fly_plr_ar_eagle_inspect_empty_ext03_06
3cc19e6fd7443045,fly_plr_ar_eagle_inspect_empty_ext03_04
3cc19b6fd7442b2c,fly_plr_ar_eagle_inspect_empty_ext03_07
3cc1a16fd744355e,fly_plr_ar_eagle_inspect_empty_ext03_09
3cbe146fd7410ff0,fly_plr_ar_eagle_inspect_empty_ext03_10
3cc1a26fd7443711,fly_plr_ar_eagle_inspect_empty_ext03_08
ee08e70711eed350,fly_plr_ar_eagle_inspect_ext03_05
ee08ea0711eed869,fly_plr_ar_eagle_inspect_ext03_06
ee08e90711eed6b6,fly_plr_ar_eagle_inspect_ext03_07
ee08eb0711eeda1c,fly_plr_ar_eagle_inspect_ext03_01
ee08f40711eee967,fly_plr_ar_eagle_inspect_ext03_08
36103ba2ca471ce,fly_plr_ar_eagle_reload_empty_ext03_06
ee08ee0711eedf35,fly_plr_ar_eagle_inspect_ext03_02
ee08f30711eee7b4,fly_plr_ar_eagle_inspect_ext03_09
36104ba2ca47381,fly_plr_ar_eagle_reload_empty_ext03_07
ee08ed0711eedd82,fly_plr_ar_eagle_inspect_ext03_03
ee05660711ebc246,fly_plr_ar_eagle_inspect_ext03_10
ee08e80711eed503,fly_plr_ar_eagle_inspect_ext03_04
ee05670711ebc3f9,fly_plr_ar_eagle_inspect_ext03_11
36106ba2ca476e7,fly_plr_ar_eagle_reload_empty_ext03_01
36107ba2ca4789a,fly_plr_ar_eagle_reload_empty_ext03_02
36108ba2ca47a4d,fly_plr_ar_eagle_reload_empty_ext03_03
36101ba2ca46e68,fly_plr_ar_eagle_reload_empty_ext03_04
36102ba2ca4701b,fly_plr_ar_eagle_reload_empty_ext03_05
cb9bf7ae1b361d3,fly_npc_ar_egret_inspect_01
ee5164635dac84e0,fly_npc_ar_egret_reload_ext02_09
7d5f217360c09bcc,fly_npc_ar_egret_selectsemi_off_02
cb9c07ae1b36386,fly_npc_ar_egret_inspect_02
cb9c17ae1b36539,fly_npc_ar_egret_inspect_03
ee4de7635da97aa2,fly_npc_ar_egret_reload_ext02_10
cb9c27ae1b366ec,fly_npc_ar_egret_inspect_04
ee4de8635da97c55,fly_npc_ar_egret_reload_ext02_11
cb9c37ae1b3689f,fly_npc_ar_egret_inspect_05
cb9c47ae1b36a52,fly_npc_ar_egret_inspect_06
4a2ebcebf84ea000,fly_npc_ar_egret_selectsemi_on_02
4a2ebfebf84ea519,fly_npc_ar_egret_selectsemi_on_01
cb9c57ae1b36c05,fly_npc_ar_egret_inspect_07
f3ea5c2f18e2f586,fly_npc_ar_egret_drop_01
cb9c67ae1b36db8,fly_npc_ar_egret_inspect_08
248c2edc487de0e4,wpn_ar_egret_fire_plr_atmo_int
cbd437ae1b677f6,fly_npc_ar_egret_inspect_11
3a35d9978b549f56,fly_npc_ar_egret_reload_01
cb9c77ae1b36f6b,fly_npc_ar_egret_inspect_09
3a35d8978b549da3,fly_npc_ar_egret_reload_02
3a35de978b54a7d5,fly_npc_ar_egret_reload_04
fcfabd75e14b457a,fly_npc_ar_egret_drop_quick_01
cbd447ae1b679a9,fly_npc_ar_egret_inspect_10
3a35dd978b54a622,fly_npc_ar_egret_reload_05
3a35dc978b54a46f,fly_npc_ar_egret_reload_06
3a35d7978b549bf0,fly_npc_ar_egret_reload_03
33f8e73b6937063a,wpn_ar_egret_sup_plr_last_shot
b0abf3727fcdf0da,wpn_ar_egret_fire_plr_mech
f1ae70bead0bfcf4,fly_npc_ar_egret_reload_empty_01
cbd427ae1b67643,fly_npc_ar_egret_inspect_12
f1ae6cbead0bf628,fly_npc_ar_egret_reload_empty_05
f1aaebbead08e51e,fly_npc_ar_egret_reload_empty_10
4ce1c5540bf127d6,wpn_ar_egret_fire_plr_atmo
126defebb425c2f5,wpn_ar_egret_sup_plr_shot
8d2c3906c3112040,wpn_ar_egret_fire_plr_lfe
3a35db978b54a2bc,fly_npc_ar_egret_reload_07
f1ae73bead0c020d,fly_npc_ar_egret_reload_empty_02
f1aaecbead08e6d1,fly_npc_ar_egret_reload_empty_11
f1ae6fbead0bfb41,fly_npc_ar_egret_reload_empty_06
8e3a9041f756772,wpn_ar_egret_fire_plr_interrupt
3a35e2978b54aea1,fly_npc_ar_egret_reload_08
f1ae72bead0c005a,fly_npc_ar_egret_reload_empty_03
8b6873f21acc8649,fly_npc_ar_egret_reload_empty_ext01_09
8b687bf21acc93e1,fly_npc_ar_egret_reload_empty_ext01_01
f1ae6ebead0bf98e,fly_npc_ar_egret_reload_empty_07
9a5bedd23f37cbad,wpn_ar_egret_fire_plr_last_mech
f1ae68bead0bef5c,fly_npc_ar_egret_reload_empty_09
f1ae6dbead0bf7db,fly_npc_ar_egret_reload_empty_04
f1ae69bead0bf10f,fly_npc_ar_egret_reload_empty_08
8b6c00f21acfabb7,fly_npc_ar_egret_reload_empty_ext01_10
8b6878f21acc8ec8,fly_npc_ar_egret_reload_empty_ext01_02
58c4ffdca8d60d57,wpn_ar_egret_fire_npc
691da8ac18ee41b6,wpn_ar_egret_sup_plr_first_fcg
3233bbd8d37b6d6e,fly_npc_ar_egret_reload_empty_ext02_01
8b6879f21acc907b,fly_npc_ar_egret_reload_empty_ext01_03
cc76b623210fe68d,wpn_ar_egret_fire_npc_atmo
f44b21ebf9e5f491,wpn_ar_egret_fire_npc_lfe
3847ca3b510505b8,wpn_ar_egret_fire_npc_dist
3233bad8d37b6bbb,fly_npc_ar_egret_reload_empty_ext02_02
8b687ef21acc98fa,fly_npc_ar_egret_reload_empty_ext01_04
3233b9d8d37b6a08,fly_npc_ar_egret_reload_empty_ext02_03
9307b6a09466afde,wpn_ar_egret_sup_plr_last_fcg
323037d8d378574b,fly_npc_ar_egret_reload_empty_ext02_11
8b687ff21acc9aad,fly_npc_ar_egret_reload_empty_ext01_05
3233c0d8d37b75ed,fly_npc_ar_egret_reload_empty_ext02_04
323038d8d37858fe,fly_npc_ar_egret_reload_empty_ext02_12
1f2b5ff57cf7f137,fly_npc_ar_egret_raise_quick_01
8b687cf21acc9594,fly_npc_ar_egret_reload_empty_ext01_06
ed16245e369efccf,fly_npc_ar_egret_reload_ext01_01
3233bfd8d37b743a,fly_npc_ar_egret_reload_empty_ext02_05
ed16255e369efe82,fly_npc_ar_egret_reload_ext01_02
323039d8d3785ab1,fly_npc_ar_egret_reload_empty_ext02_13
8b687df21acc9747,fly_npc_ar_egret_reload_empty_ext01_07
3233bed8d37b7287,fly_npc_ar_egret_reload_empty_ext02_06
c9945589e6d44528,wpn_ar_egret_fire_plr_last_shot
9d82df9617ab0888,wpn_ar_egret_fire_plr_first_fcg
814b43ca7796620c,wpn_ar_egret_sup_plr_casing_eject
8b6872f21acc8496,fly_npc_ar_egret_reload_empty_ext01_08
431973beab1906b7,wpn_ar_egret_fire_plr_shot
32303ad8d3785c64,fly_npc_ar_egret_reload_empty_ext02_14
3233bdd8d37b70d4,fly_npc_ar_egret_reload_empty_ext02_07
85b381e5ca185aff,fly_npc_ar_egret_raise_01
d76f1962186d003f,fly_npc_ar_egret_reload_empty_fast02_01
3233b4d8d37b6189,fly_npc_ar_egret_reload_empty_ext02_08
ed16265e369f0035,fly_npc_ar_egret_reload_ext01_03
d76f1a62186d01f2,fly_npc_ar_egret_reload_empty_fast02_02
b1473b73fea1b2c4,wpn_ar_egret_fire_plr_last_fcg
3233b3d8d37b5fd6,fly_npc_ar_egret_reload_empty_ext02_09
ed161f5e369ef450,fly_npc_ar_egret_reload_ext01_04
ed19285e36a13972,fly_npc_ar_egret_reload_ext01_11
d76f1b62186d03a5,fly_npc_ar_egret_reload_empty_fast02_03
1f95bd4b78810e76,fly_npc_ar_egret_reload_fast02_04
ed16205e369ef603,fly_npc_ar_egret_reload_ext01_05
323036d8d3785598,fly_npc_ar_egret_reload_empty_ext02_10
ee516c635dac9278,fly_npc_ar_egret_reload_ext02_01
d76f1462186cf7c0,fly_npc_ar_egret_reload_empty_fast02_04
1f95be4b78811029,fly_npc_ar_egret_reload_fast02_05
ed16215e369ef7b6,fly_npc_ar_egret_reload_ext01_06
ee516f635dac9791,fly_npc_ar_egret_reload_ext02_02
1f95bb4b78810b10,fly_npc_ar_egret_reload_fast02_06
d76f1562186cf973,fly_npc_ar_egret_reload_empty_fast02_05
ed16225e369ef969,fly_npc_ar_egret_reload_ext01_07
ee516e635dac95de,fly_npc_ar_egret_reload_ext02_03
6ed6158617f761e,wpn_ar_egret_fire_npc_dist_int
1f95bc4b78810cc3,fly_npc_ar_egret_reload_fast02_07
ed162b5e369f08b4,fly_npc_ar_egret_reload_ext01_08
d76f1662186cfb26,fly_npc_ar_egret_reload_empty_fast02_06
ee5171635dac9af7,fly_npc_ar_egret_reload_ext02_04
e005587f51cb7c1a,wpn_ar_egret_fire_plr_casing_eject
1f95c94b788122da,fly_npc_ar_egret_reload_fast02_08
ed162c5e369f0a67,fly_npc_ar_egret_reload_ext01_09
d76f1762186cfcd9,fly_npc_ar_egret_reload_empty_fast02_07
ee5170635dac9944,fly_npc_ar_egret_reload_ext02_05
ed19295e36a13b25,fly_npc_ar_egret_reload_ext01_10
d76f2062186d0c24,fly_npc_ar_egret_reload_empty_fast02_08
ee5173635dac9e5d,fly_npc_ar_egret_reload_ext02_06
dceb6204e93ea8ec,wpn_ar_egret_sup_npc_med_atmo
475f05f6b3813140,wpn_ar_egret_fire_npc_med_atmo_int
81c1c93542e498cb,wpn_ar_egret_sup_plr_last_mech
d76f2162186d0dd7,fly_npc_ar_egret_reload_empty_fast02_09
ee5172635dac9caa,fly_npc_ar_egret_reload_ext02_07
7d5f247360c0a0e5,fly_npc_ar_egret_selectsemi_off_01
4c6154fa014423a,wpn_ar_egret_sup_npc_med_atmo_int
32e6e3ff754307bd,wpn_ar_egret_fire_npc_mech
e7f7675b49ae90c,wpn_ar_egret_sup_plr_mech
d7729e6218701815,fly_npc_ar_egret_reload_empty_fast02_10
ee5165635dac8693,fly_npc_ar_egret_reload_ext02_08
4d3cfe418a0e6d91,wpn_ar_egret_sup_npc
ab2ab0167265992a,wpn_ar_egret_fire_npc_med_atmo
7b9518eb1beadaf6,wpn_ar_egret_sup_plr_lfe
72808a87a797e3fb,wpn_ar_egret_sup_npc_atmo
1f95c24b788116f5,fly_npc_ar_egret_reload_fast02_01
7e1e85d37d7e24db,wpn_ar_egret_sup_npc_lfe
1f95bf4b788111dc,fly_npc_ar_egret_reload_fast02_02
2883f6a348e9c286,wpn_ar_egret_sup_plr_atmo_int
8505cc68e5ff94c3,wpn_ar_egret_sup_npc_mech
1f95c04b7881138f,fly_npc_ar_egret_reload_fast02_03
21a7dc56f38d3850,wpn_ar_egret_sup_plr_atmo
dfa399028d0c4ef0,wpn_ar_egret_sup_plr_interrupt
abdcdb956170396d,wpn_lm_zeus_fire1_plr_atmo
bf2e0976a0852e9d,wpn_lm_zeus_fire1_plr_mech
97781f2b9352cbf7,wpn_lm_zeus_fire1_plr_atmo_int
9dd97e9fbbabd8f1,wpn_lm_zeus_fire1_plr_lfe
d1301600218278bb,wpn_lm_zeus_fire1_plr_interrupt
a8352724a7ca7380,wpn_lm_zeus_fire2_plr_atmo_int
5cac98a073b4d186,wpn_lm_zeus_fire2_plr_casing_eject
cb7ae4d655d5530c,wpn_lm_zeus_fire1_plr_last_mech
d23a07175514a86a,wpn_lm_zeus_fire2_plr_atmo
1d5b85fc2d26285e,wpn_lm_zeus_fire2_plr_interrupt
65a52bd50d7c75a1,wpn_lm_zeus_fire1_plr_casing_eject
59e51c826899da29,wpn_lm_zeus_fire2_plr_last_mech
3df54d7c75c314f6,wpn_lm_zeus_fire2_plr_mech
54c422bb726cd54c,wpn_lm_zeus_fire2_plr_lfe
147c9301f0261986,wpn_sh_shepherd_sup_plr
65d4f59f39d4fcb8,fly_npc_sh_shepherd_drop_01
1e89da135fdd5e2b,wpn_sh_shepherd_sup_plr_last
b1f0478f410eef06,wpn_sh_shepherd_fire_plr_atmo_int
b8c92aa71467a0b0,fly_npc_sh_shepherd_drop_quick_01
87dd99f93436ec70,wpn_sh_shepherd_fire_plr_interrupt
4ef638e8efca8479,wpn_sh_shepherd_fire_plr_last
d41beb081808fa1e,wpn_sh_shepherd_fire_npc_dist
a0b5b4bf8167dcd0,wpn_sh_shepherd_fire_plr_atmo
61e5769130933b30,wpn_sh_shepherd_sup_plr_last_fcg
8e55482fcbfbc2a7,fly_npc_sh_shepherd_inspect_empty_fast01_03
29fbca2bea0f364b,wpn_sh_shepherd_fire_plr_last_mech
7208b721ce2ce35d,fly_npc_sh_shepherd_raise_01
8e55462fcbfbbf41,fly_npc_sh_shepherd_inspect_empty_fast01_05
8e55422fcbfbb875,fly_npc_sh_shepherd_inspect_empty_fast01_09
a8ba066aca1b993c,wpn_sh_shepherd_sup_plr_first_fcg
f1e108ad7a49ae5b,wpn_sh_shepherd_fire_npc_lfe
c2a3e640964c1f11,wpn_sh_shepherd_fire_npc
8e55452fcbfbbd8e,fly_npc_sh_shepherd_inspect_empty_fast01_04
8d8d4ede42758d8c,wpn_sh_shepherd_fire_plr_mech
a1fbeb1686a6e59e,wpn_sh_shepherd_sup_plr_casing_eject
413a4d173da3943,wpn_sh_shepherd_fire_npc_mech
8e58b02fcbfea936,fly_npc_sh_shepherd_inspect_empty_fast01_13
1157a9a2c018df36,wpn_sh_shepherd_fire_plr_first_fcg
7208b421ce2cde44,fly_npc_sh_shepherd_raise_02
278513403ea950f8,wpn_sh_shepherd_fire_plr
8e58af2fcbfea783,fly_npc_sh_shepherd_inspect_empty_fast01_10
f18e62f03572887b,wpn_sh_shepherd_fire_npc_atmo
8e55432fcbfbba28,fly_npc_sh_shepherd_inspect_empty_fast01_06
8e554a2fcbfbc60d,fly_npc_sh_shepherd_inspect_empty_fast01_01
8e58b32fcbfeae4f,fly_npc_sh_shepherd_inspect_empty_fast01_14
ef579bc518b66476,wpn_sh_shepherd_fire_plr_lfe
6657b2f0e163d56c,wpn_sh_shepherd_fire_npc_med_atmo
1c74078c8c8bdc5e,wpn_sh_shepherd_fire_plr_last_fcg
8e58b22fcbfeac9c,fly_npc_sh_shepherd_inspect_empty_fast01_15
8e58ae2fcbfea5d0,fly_npc_sh_shepherd_inspect_empty_fast01_11
8d60ea3025ded5dc,wpn_sh_shepherd_fire_npc_dist_int
8e55472fcbfbc0f4,fly_npc_sh_shepherd_inspect_empty_fast01_02
4f226b885081a431,wpn_sh_shepherd_sup_npc_mech
8e55442fcbfbbbdb,fly_npc_sh_shepherd_inspect_empty_fast01_07
e0d87761cd361201,fly_npc_sh_shepherd_inspect_fast01_07
3cb002e4e04e3579,fly_npc_sh_shepherd_raise_quick_01
8e58b52fcbfeb1b5,fly_npc_sh_shepherd_inspect_empty_fast01_16
1b2df3523dd5aa66,wpn_sh_shepherd_sup_npc_med_atmo
4596ba2b69058542,wpn_sh_shepherd_sup_plr_atmo
8e58b12fcbfeaae9,fly_npc_sh_shepherd_inspect_empty_fast01_12
e0d87061cd36061c,fly_npc_sh_shepherd_inspect_fast01_08
8e55412fcbfbb6c2,fly_npc_sh_shepherd_inspect_empty_fast01_08
e0d87961cd361567,fly_npc_sh_shepherd_inspect_fast01_01
dfd53630889cff74,wpn_sh_shepherd_sup_npc_med_atmo_int
cc9807b2a2b3e6,wpn_sh_shepherd_sup_plr_interrupt
e0d87161cd3607cf,fly_npc_sh_shepherd_inspect_fast01_09
9958a45287d2968c,wpn_sh_shepherd_fire_plr_casing_eject
1cd375d7b05076ba,wpn_sh_shepherd_fire_npc_med_atmo_int
e0d87a61cd36171a,fly_npc_sh_shepherd_inspect_fast01_02
c4a4d46d0ab33611,wpn_sh_shepherd_sup_plr_last_mech
e0db7e61cd3853bd,fly_npc_sh_shepherd_inspect_fast01_10
e0d87b61cd3618cd,fly_npc_sh_shepherd_inspect_fast01_03
ddefc00c61f83dae,wpn_sh_shepherd_sup_plr_mech
e0db7d61cd38520a,fly_npc_sh_shepherd_inspect_fast01_11
bdcffa01bf0a438b,wpn_sh_shepherd_sup_npc
e0db7c61cd385057,fly_npc_sh_shepherd_inspect_fast01_12
3e26dacfc97aeaa4,wpn_sh_shepherd_sup_plr_lfe
e0d87461cd360ce8,fly_npc_sh_shepherd_inspect_fast01_04
472925edc122dcf9,wpn_sh_shepherd_sup_npc_atmo
e0db7b61cd384ea4,fly_npc_sh_shepherd_inspect_fast01_13
6215567a5c869c68,wpn_sh_shepherd_sup_plr_atmo_int
e0d87561cd360e9b,fly_npc_sh_shepherd_inspect_fast01_05
9e7d6d2629f8965,wpn_sh_shepherd_sup_npc_lfe
e0d87661cd36104e,fly_npc_sh_shepherd_inspect_fast01_06
8a04c4b5b5e2c8ef,fly_npc_sm_gecko_reload_ext02_09
272071df1eacc7d5,fly_npc_sm_gecko_drop_01
d22dcf231700931d,fly_npc_sm_gecko_reload_empty_fast01_01
f62de12c95e851df,wpn_sm_gecko_fire_plr_atmo_int
c027fede3ad7693d,wpn_sm_gecko_sup_plr_last_shot
d22dcd2317008fb7,fly_npc_sm_gecko_reload_empty_fast01_03
e0c4db7521567581,fly_npc_sm_gecko_drop_quick_01
a5c41f943cab0b1d,fly_npc_sm_gecko_reload_01
d22dc923170088eb,fly_npc_sm_gecko_reload_empty_fast01_07
a5c41b943cab0451,fly_npc_sm_gecko_reload_05
d22dcc2317008e04,fly_npc_sm_gecko_reload_empty_fast01_02
d22dcb2317008c51,fly_npc_sm_gecko_reload_empty_fast01_05
de2faea1f8dc9130,wpn_sm_gecko_sup_plr_shot
a5c41c943cab0604,fly_npc_sm_gecko_reload_02
a5c419943cab00eb,fly_npc_sm_gecko_reload_07
d22dc623170083d2,fly_npc_sm_gecko_reload_empty_fast01_08
d22dca2317008a9e,fly_npc_sm_gecko_reload_empty_fast01_04
a5c41d943cab07b7,fly_npc_sm_gecko_reload_03
a5c416943caafbd2,fly_npc_sm_gecko_reload_08
30c36700f6671143,wpn_sm_gecko_fire_plr_interrupt
b1f99a3981303843,fly_npc_sm_gecko_reload_empty_01
d0f2ef565f665fb7,fly_npc_sm_gecko_reload_fast01_01
7aab0edb48993839,wpn_sm_gecko_sup_plr_first_fcg
a5c41a943cab029e,fly_npc_sm_gecko_reload_04
1106197ceb5c5865,wpn_sm_gecko_fire_plr_atmo
d0f2f1565f66631d,fly_npc_sm_gecko_reload_fast01_03
d22dc82317008738,fly_npc_sm_gecko_reload_empty_fast01_06
a5c418943caaff38,fly_npc_sm_gecko_reload_06
d0f2ed565f665c51,fly_npc_sm_gecko_reload_fast01_07
a6df5b73c348f494,fly_npc_sm_gecko_reload_empty_ext01_03
b1f99e3981303f0f,fly_npc_sm_gecko_reload_empty_05
d22dc72317008585,fly_npc_sm_gecko_reload_empty_fast01_09
915abda771a382cf,wpn_sm_gecko_fire_npc_dist
3db0f1cffb6f3954,wpn_sm_gecko_fire_plr_last_mech
b1f9a03981304275,fly_npc_sm_gecko_reload_empty_07
b1fc9f3981327699,fly_npc_sm_gecko_reload_empty_10
141d8d0a9a1e6d,fly_npc_sm_gecko_reload_empty_ext02_01
a6df5773c348edc8,fly_npc_sm_gecko_reload_empty_ext01_07
b1f9a239813045db,fly_npc_sm_gecko_reload_empty_09
d0f2f0565f66616a,fly_npc_sm_gecko_reload_fast01_02
d0f2ea565f665738,fly_npc_sm_gecko_reload_fast01_04
14198d0a9a17a1,fly_npc_sm_gecko_reload_empty_ext02_05
b1f99b39813039f6,fly_npc_sm_gecko_reload_empty_02
b1f99f39813040c2,fly_npc_sm_gecko_reload_empty_06
b1f9a13981304428,fly_npc_sm_gecko_reload_empty_08
a6df5a73c348f2e1,fly_npc_sm_gecko_reload_empty_ext01_04
d0f2e6565f66506c,fly_npc_sm_gecko_reload_fast01_08
e0d787e1b3bc3af5,wpn_sm_gecko_fire_plr_mech
eebed4f4bd76d819,wpn_sm_gecko_fire_plr_first_fcg
6d75c7bd2114378,wpn_sm_gecko_fire_npc_lfe
cc10ad0a467f940a,wpn_sm_gecko_fire_npc
141a8d0a9a1954,fly_npc_sm_gecko_reload_empty_ext02_02
a6df5673c348ec15,fly_npc_sm_gecko_reload_empty_ext01_08
14168d0a9a1288,fly_npc_sm_gecko_reload_empty_ext02_06
d0f2eb565f6658eb,fly_npc_sm_gecko_reload_fast01_05
45f09b59c47b9792,wpn_sm_gecko_fire_npc_mech
b1f99c3981303ba9,fly_npc_sm_gecko_reload_empty_03
e06a77bd514c6249,fly_npc_sm_gecko_reload_ext01_02
7564140a1563be0f,wpn_sm_gecko_fire_plr
7eb3ec358da49c59,wpn_sm_gecko_sup_plr_casing_eject
a6df5973c348f12e,fly_npc_sm_gecko_reload_empty_ext01_05
a6df5d73c348f7fa,fly_npc_sm_gecko_reload_empty_ext01_01
e86b987f08c19589,wpn_sm_gecko_fire_plr_lfe
78f90e09cfaf6af7,fly_npc_sm_gecko_reload_empty_fast02_02
b588adbf785a82ae,wpn_sm_gecko_fire_npc_atmo
141b8d0a9a1b07,fly_npc_sm_gecko_reload_empty_ext02_03
edce4be342b92cc3,wpn_sm_gecko_fire_plr_last_fcg
49b991b92cbdb7fd,wpn_sm_gecko_fire_npc_med_atmo
a6df5573c348ea62,fly_npc_sm_gecko_reload_empty_ext01_09
c9c285dbef1db700,wpn_sm_gecko_fire_plr_last
d80159b01acdab63,wpn_sm_gecko_sup_plr_last_fcg
b1f99d3981303d5c,fly_npc_sm_gecko_reload_empty_04
14178d0a9a143b,fly_npc_sm_gecko_reload_empty_ext02_07
a6df5873c348ef7b,fly_npc_sm_gecko_reload_empty_ext01_06
d0f2ec565f665a9e,fly_npc_sm_gecko_reload_fast01_06
e06a76bd514c6096,fly_npc_sm_gecko_reload_ext01_03
78f90f09cfaf6caa,fly_npc_sm_gecko_reload_empty_fast02_01
78f90d09cfaf6944,fly_npc_sm_gecko_reload_empty_fast02_03
a6df5c73c348f647,fly_npc_sm_gecko_reload_empty_ext01_02
f3bebcafdaa7a342,fly_npc_sm_gecko_raise_quick_01
e06a79bd514c65af,fly_npc_sm_gecko_reload_ext01_04
14188d0a9a15ee,fly_npc_sm_gecko_reload_empty_ext02_04
e06a78bd514c63fc,fly_npc_sm_gecko_reload_ext01_05
a6dbd873c345e024,fly_npc_sm_gecko_reload_empty_ext01_10
14148d0a9a0f22,fly_npc_sm_gecko_reload_empty_ext02_08
713785c4a9892d07,wpn_sm_gecko_fire_npc_med_atmo_int
8a04c9b5b5e2d16e,fly_npc_sm_gecko_reload_ext02_06
6a3850861f3c09fe,fly_npc_sm_gecko_raise_01
46efc4e32641f674,wpn_sm_gecko_sup_plr_last_mech
78f90a09cfaf642b,fly_npc_sm_gecko_reload_empty_fast02_06
78f90c09cfaf6791,fly_npc_sm_gecko_reload_empty_fast02_04
e06a7bbd514c6915,fly_npc_sm_gecko_reload_ext01_06
6b708c5793b156b9,wpn_sm_gecko_fire_plr_casing_eject
e06a74bd514c5d30,fly_npc_sm_gecko_reload_ext01_01
8df0887d3e5e75d5,wpn_sm_gecko_sup_plr_mech
8a04cab5b5e2d321,fly_npc_sm_gecko_reload_ext02_07
78f90909cfaf6278,fly_npc_sm_gecko_reload_empty_fast02_07
78f90b09cfaf65de,fly_npc_sm_gecko_reload_empty_fast02_05
fcf9d75cc0d03ba0,fly_npc_sm_gecko_reload_fast02_01
e06a7abd514c6762,fly_npc_sm_gecko_reload_ext01_07
38756782a2c10061,wpn_sm_gecko_fire_npc_dist_int
15678b2ec15515e9,wpn_sm_gecko_sup_plr_lfe
3ebfd181165331aa,wpn_sm_gecko_sup_npc
78f90809cfaf60c5,fly_npc_sm_gecko_reload_empty_fast02_08
8a04c3b5b5e2c73c,fly_npc_sm_gecko_reload_ext02_08
fcf9da5cc0d040b9,fly_npc_sm_gecko_reload_fast02_02
8a04ccb5b5e2d687,fly_npc_sm_gecko_reload_ext02_01
62a1ae5b02fcbd8e,wpn_sm_gecko_sup_npc_atmo
fcf9d95cc0d03f06,fly_npc_sm_gecko_reload_fast02_03
8a04cdb5b5e2d83a,fly_npc_sm_gecko_reload_ext02_02
33d34f2b8aa4c3d8,wpn_sm_gecko_sup_npc_lfe
fcf9dc5cc0d0441f,fly_npc_sm_gecko_reload_fast02_04
8a04ceb5b5e2d9ed,fly_npc_sm_gecko_reload_ext02_03
f0534a8382e90fff,wpn_sm_gecko_sup_plr_atmo_int
efa39bf54c3aa972,wpn_sm_gecko_sup_npc_mech
197c2e5b38766c1d,wpn_sm_gecko_sup_npc_med_atmo
fcf9db5cc0d0426c,fly_npc_sm_gecko_reload_fast02_05
8a04c7b5b5e2ce08,fly_npc_sm_gecko_reload_ext02_04
fcf9de5cc0d04785,fly_npc_sm_gecko_reload_fast02_06
bab91a18731b6a45,wpn_sm_gecko_sup_plr_atmo
4d8f5d1551a5dd67,wpn_sm_gecko_sup_npc_med_atmo_int
677f6c00e18040a3,wpn_sm_gecko_sup_plr_interrupt
8a04c8b5b5e2cfbb,fly_npc_sm_gecko_reload_ext02_05
4248312ad403f1ae,fly_npc_sl_nembus_inspect_01
4248302ad403effb,fly_npc_sl_nembus_inspect_02
42482f2ad403ee48,fly_npc_sl_nembus_inspect_03
99c2252b5d2d8621,fly_npc_sl_nembus_drop_01
4248352ad403f87a,fly_npc_sl_nembus_inspect_05
4248362ad403fa2d,fly_npc_sl_nembus_inspect_04
4248342ad403f6c7,fly_npc_sl_nembus_inspect_06
7ea34fff7ee9084d,fly_npc_sl_nembus_drop_quick_01
4248292ad403e416,fly_npc_sl_nembus_inspect_09
4248332ad403f514,fly_npc_sl_nembus_inspect_07
b1cd3e5227d82089,wpn_sl_nembus_fire_plr_atmo
42482a2ad403e5c9,fly_npc_sl_nembus_inspect_08
e1b290259af02675,wpn_sl_nembus_fire_plr_lfe
d3515bc20f21845e,wpn_sl_nembus_fire_npc_mech
a4774d7bf8e6676f,wpn_sl_nembus_fire_plr_interrupt
2edddbe73861e9cc,wpn_sl_nembus_fire_plr_shot
27c8030b7546a711,wpn_sl_nembus_fire_npc_med_atmo
bb70d10f907b4136,wpn_sl_nembus_fire_npc
bb8baef8155f9d6f,wpn_sl_nembus_fcg_deadtrig_npc
cef5a3ed54365061,wpn_sl_nembus_fire_plr_mech
31e90bc357dc5d47,fly_npc_sl_nembus_raise_02
24ef35e07875bf92,wpn_sl_nembus_fire_npc_atmo
d146d6f1e196cb6e,fly_npc_sl_nembus_raise_quick_01
1719aec88ca6e237,wpn_sl_nembus_fire_plr_last_fcg
a415be0a5d740fcb,wpn_sl_nembus_fire_npc_dist
d146d5f1e196c9bb,fly_npc_sl_nembus_raise_quick_02
8f060baf3edc6034,wpn_sl_nembus_fire_npc_lfe
1a185c630e0149d5,fly_npc_sl_nembus_inspect_empty_02
df664ce3dc05db13,wpn_sl_nembus_fire_npc_med_atmo_int
e9bc95e931ad7cd4,wpn_sl_nembus_fcg_dryfire_npc
1a1856630e013fa3,fly_npc_sl_nembus_inspect_empty_04
4e125c0d3f5f9b5,wpn_sl_nembus_fire_plr_first_fcg
31e90cc357dc5efa,fly_npc_sl_nembus_raise_01
1a185b630e014822,fly_npc_sl_nembus_inspect_empty_03
1a1855630e013df0,fly_npc_sl_nembus_inspect_empty_05
1a1858630e014309,fly_npc_sl_nembus_inspect_empty_06
1a1859630e0144bc,fly_npc_sl_nembus_inspect_empty_01
8246c569a53a1d33,weap_mike203_fire_plr_shot
b78117ee9fbee12e,weap_mike203_fire_plr_interrupt
df08e810881c0df9,weap_mike203_fire_plr_fcg
9049cec010ad0190,weap_mike203_fire_plr_atmo_int
ea0a0c6cedd104dd,mount_enter_side_kilo53_vestlight_plr
31ddb5dccf008205,mount_enter_top_kilo53_vestlight_plr
60ab56765dcd0d1,mount_exit_side_kilo53_vestlight_plr
49be03341906db81,mount_exit_top_kilo53_vestlight_plr
2107c7fbf6de4478,weap_kilo53_fcg_deadtrig_npc
114eb2ebb39c2fad,vox_ai_amalgam_death
893fe5e7f03d88d5,vox_ai_amalgam_pain
33b79e98b7fab99d,vox_ai_amalgam_attack
692cfdaa7ba142d8,vox_ai_amalgam_spawn
87f780a5b8eba8d6,vox_ai_ghoul_death
b07cd39e3c1fde3,vox_ai_parasite_spawn
c998967c3e6119b4,vox_ai_parasite_ambient
d3f82fa9d1376da9,vox_ai_hermes_pain
f019ce0432614bba,vox_ai_shade_death
7a8a55ac4392d1a7,vox_ai_shade_spawn
2eebb0bfa0063888,vox_ai_shade_ambient
3d585f1b5bb9674a,vox_ai_ghoul_attack_needle
c29df43067b019be,evt_ai_ghoul_evolve_fail
63688d782fb5b099,evt_ai_ghoul_evolve_success
8c94320ea7cb500b,vox_ai_ghoul_attack_needle_roar
18a42923d4ae5a1d,fly_plr_ar_eagle_ubgl_reload_14
18a0a523d4ab43fa,fly_plr_ar_eagle_ubgl_reload_06
18a0a623d4ab45ad,fly_plr_ar_eagle_ubgl_reload_07
18a09723d4ab2c30,fly_plr_ar_eagle_ubgl_reload_08
18a09823d4ab2de3,fly_plr_ar_eagle_ubgl_reload_09
18a42523d4ae5351,fly_plr_ar_eagle_ubgl_reload_10
18a42423d4ae519e,fly_plr_ar_eagle_ubgl_reload_11
18a42323d4ae4feb,fly_plr_ar_eagle_ubgl_reload_12
18a0a023d4ab3b7b,fly_plr_ar_eagle_ubgl_reload_01
18a42223d4ae4e38,fly_plr_ar_eagle_ubgl_reload_13
18a0a123d4ab3d2e,fly_plr_ar_eagle_ubgl_reload_02
18a0a223d4ab3ee1,fly_plr_ar_eagle_ubgl_reload_03
18a0a323d4ab4094,fly_plr_ar_eagle_ubgl_reload_04
18a0a423d4ab4247,fly_plr_ar_eagle_ubgl_reload_05
7d87aea4779ece2f,fly_npc_ar_egret_ubgl_reload_09
7d8b38a477a1ee84,fly_npc_ar_egret_ubgl_reload_13
7d8b3ba477a1f39d,fly_npc_ar_egret_ubgl_reload_10
7d8b3aa477a1f1ea,fly_npc_ar_egret_ubgl_reload_11
7d8b39a477a1f037,fly_npc_ar_egret_ubgl_reload_12
7d87b6a4779edbc7,fly_npc_ar_egret_ubgl_reload_01
ecf1c609aa5b9b4a,fly_plr_ar_egret_ubgl_drop_01
91e0784f3f857df7,fly_npc_ar_egret_ubgl_drop_01
6d9237b723b66e9e,fly_plr_ar_egret_ubgl_drop_quick_01
b5471628c51fd3bf,fly_npc_ar_egret_ubgl_drop_quick_01
7d87b7a4779edd7a,fly_npc_ar_egret_ubgl_reload_02
75fa27bb4aefba83,fly_plr_ar_egret_ubgl_raise_01
110873ab1e41f44c,fly_npc_ar_egret_ubgl_raise_01
9f4354a24c8e68fa,fly_plr_ar_egret_ubgl_from_grenade_01
7d87b8a4779edf2d,fly_npc_ar_egret_ubgl_reload_03
75fa28bb4aefbc36,fly_plr_ar_egret_ubgl_raise_02
a091397d0c0945c3,fly_npc_ar_egret_ubgl_from_grenade_01
110876ab1e41f965,fly_npc_ar_egret_ubgl_raise_02
7d87b1a4779ed348,fly_npc_ar_egret_ubgl_reload_04
9f4353a24c8e6747,fly_plr_ar_egret_ubgl_from_grenade_02
a0913a7d0c094776,fly_npc_ar_egret_ubgl_from_grenade_02
7d87b2a4779ed4fb,fly_npc_ar_egret_ubgl_reload_05
4eabe7314883204b,fly_plr_ar_egret_ubgl_raise_quick_01
7c0882e6d4472784,fly_npc_ar_egret_ubgl_raise_quick_01
9f4352a24c8e6594,fly_plr_ar_egret_ubgl_from_grenade_03
a0913b7d0c094929,fly_npc_ar_egret_ubgl_from_grenade_03
7d87b3a4779ed6ae,fly_npc_ar_egret_ubgl_reload_06
cb28e9f0e038b807,fly_plr_ar_egret_ubgl_inspect_01
30cba914a0353c3c,fly_npc_ar_egret_ubgl_inspect_01
7d87b4a4779ed861,fly_npc_ar_egret_ubgl_reload_07
cb28eaf0e038b9ba,fly_plr_ar_egret_ubgl_inspect_02
30cbac14a0354155,fly_npc_ar_egret_ubgl_inspect_02
7d87ada4779ecc7c,fly_npc_ar_egret_ubgl_reload_08
cb28ebf0e038bb6d,fly_plr_ar_egret_ubgl_inspect_03
30cbab14a0353fa2,fly_npc_ar_egret_ubgl_inspect_03
cb28e4f0e038af88,fly_plr_ar_egret_ubgl_inspect_04
30cba614a0353723,fly_npc_ar_egret_ubgl_inspect_04
cb28e5f0e038b13b,fly_plr_ar_egret_ubgl_inspect_05
30cba514a0353570,fly_npc_ar_egret_ubgl_inspect_05
cb28e6f0e038b2ee,fly_plr_ar_egret_ubgl_inspect_06
30cba814a0353a89,fly_npc_ar_egret_ubgl_inspect_06
77ddbffc0fdb152b,wpn_ar_heron_sup_plr_lfe
bea9e5ad744f6c5,fly_npc_ar_heron_inspect_empty_13
36dbde07c2f3a0a1,fly_npc_ar_heron_selectsemi_off_02
cfe3d4104e6a2e09,fly_npc_ar_heron_inspect_empty_ext02_11
7945b0b6e59d466,fly_npc_ar_heron_inspect_fast02_02
cfe3d1104e6a28f0,fly_npc_ar_heron_inspect_empty_ext02_12
bea975ad744eae0,fly_npc_ar_heron_inspect_empty_14
44714ddbda6dc573,fly_npc_ar_heron_drop_01
36dbdd07c2f39eee,fly_npc_ar_heron_selectsemi_off_03
bea985ad744ec93,fly_npc_ar_heron_inspect_empty_15
7945c0b6e59d619,fly_npc_ar_heron_inspect_fast02_03
7945d0b6e59d7cc,fly_npc_ar_heron_inspect_fast02_04
cfe3d2104e6a2aa3,fly_npc_ar_heron_inspect_empty_ext02_13
90bcaa1499bd3466,fly_npc_ar_heron_selectsemi_on_01
bea995ad744ee46,fly_npc_ar_heron_inspect_empty_16
7945f0b6e59db32,fly_npc_ar_heron_inspect_fast02_06
7945e0b6e59d97f,fly_npc_ar_heron_inspect_fast02_05
cfe3d7104e6a3322,fly_npc_ar_heron_inspect_empty_ext02_14
bea9a5ad744eff9,fly_npc_ar_heron_inspect_empty_17
90bca91499bd32b3,fly_npc_ar_heron_selectsemi_on_02
794600b6e59dce5,fly_npc_ar_heron_inspect_fast02_07
794610b6e59de98,fly_npc_ar_heron_inspect_fast02_08
beaa35ad744ff44,fly_npc_ar_heron_inspect_empty_18
cfe3d8104e6a34d5,fly_npc_ar_heron_inspect_empty_ext02_15
7a68342348bc5a4b,wpn_ar_heron_sup_npc_med_atmo
797dd0b6e5ce723,fly_npc_ar_heron_inspect_fast02_12
794620b6e59e04b,fly_npc_ar_heron_inspect_fast02_09
ce92d36a05c198db,fly_npc_ar_heron_drop_quick_01
cfe3d5104e6a2fbc,fly_npc_ar_heron_inspect_empty_ext02_16
3b094a45e9d57fe5,wpn_ar_heron_sup_npc_med_atmo_int
797dc0b6e5ce570,fly_npc_ar_heron_inspect_fast02_13
797df0b6e5cea89,fly_npc_ar_heron_inspect_fast02_10
8c95537475d64ef8,wpn_ar_heron_fire_npc
797e30b6e5cf155,fly_npc_ar_heron_inspect_fast02_14
a9c56ce14f46b9ad,wpn_ar_heron_fire_plr_atmo_int
797de0b6e5ce8d6,fly_npc_ar_heron_inspect_fast02_11
796abd36a8b4d47a,fly_npc_ar_heron_inspect_ext02_01
563dd2b1dafa16d0,wpn_ar_heron_fire_npc_atmo
796abc36a8b4d2c7,fly_npc_ar_heron_inspect_ext02_02
88dbfd8c48938da3,wpn_ar_heron_fire_plr_atmo
7cb23975c9c58813,wpn_ar_heron_sup_plr_last_shot
62cb21b5bba8e8e3,wpn_ar_heron_sup_plr_first_fcg
79673836a8b1bca4,fly_npc_ar_heron_inspect_ext02_10
73e72e99f892b809,wpn_ar_heron_fire_npc_dist
79673436a8b1b5d8,fly_npc_ar_heron_inspect_ext02_14
2547a4f555f468c3,wpn_ar_heron_fire_npc_med_atmo
ac89d165c6f20e75,wpn_ar_heron_fire_plr_interrupt
796abb36a8b4d114,fly_npc_ar_heron_inspect_ext02_03
bcb3df738098a9a,wpn_ar_heron_fire_plr_shot
3c0dcde398c0d162,wpn_ar_heron_sup_plr_shot
79673936a8b1be57,fly_npc_ar_heron_inspect_ext02_11
796aba36a8b4cf61,fly_npc_ar_heron_inspect_ext02_04
2f772a3a45e7ee2e,wpn_ar_heron_fire_plr_last_mech
9a8190bde002cf27,wpn_ar_heron_sup_plr_casing_eject
67e279530f8cc759,wpn_ar_heron_sup_plr_last_fcg
80338a8a7be3cc48,fly_npc_ar_heron_raise_01
796ab936a8b4cdae,fly_npc_ar_heron_inspect_ext02_05
59941ff111b71d2b,wpn_ar_heron_fire_plr_mech
80338d8a7be3d161,fly_npc_ar_heron_raise_02
796ab836a8b4cbfb,fly_npc_ar_heron_inspect_ext02_06
a2cbfda67d027d03,wpn_ar_heron_fire_plr_lfe
f21acb81f9ba4276,wpn_ar_heron_fire_npc_lfe
796ab736a8b4ca48,fly_npc_ar_heron_inspect_ext02_07
39a95ba3d2fb2ea0,fly_npc_ar_heron_raise_quick_01
43156cd09c07c78c,wpn_ar_heron_fire_npc_mech
7a9a9d7c075492a8,fly_npc_ar_heron_inspect_empty_fast01_03
7a971b7c07517feb,fly_npc_ar_heron_inspect_empty_fast01_11
79673a36a8b1c00a,fly_npc_ar_heron_inspect_ext02_12
796ab636a8b4c895,fly_npc_ar_heron_inspect_ext02_08
3cd580a383fc7430,fly_npc_ar_heron_ubgl_reload_05
3cd583a383fc7949,fly_npc_ar_heron_ubgl_reload_06
3cd58da383fc8a47,fly_npc_ar_heron_ubgl_reload_08
7a9aa47c07549e8d,fly_npc_ar_heron_inspect_empty_fast01_04
79673b36a8b1c1bd,fly_npc_ar_heron_inspect_ext02_13
796ab536a8b4c6e2,fly_npc_ar_heron_inspect_ext02_09
7a971c7c0751819e,fly_npc_ar_heron_inspect_empty_fast01_12
bee1d5ad7480469,fly_npc_ar_heron_inspect_empty_04
3cd582a383fc7796,fly_npc_ar_heron_ubgl_reload_07
d5d11ac41611aedb,wpn_ar_heron_fire_plr_last_shot
52ac69e327a6f34b,wpn_ar_heron_fire_plr_first_fcg
7a9aa37c07549cda,fly_npc_ar_heron_inspect_empty_fast01_05
7a9a9f7c0754960e,fly_npc_ar_heron_inspect_empty_fast01_01
bee1c5ad74802b6,fly_npc_ar_heron_inspect_empty_05
7a971d7c07518351,fly_npc_ar_heron_inspect_empty_fast01_13
f405f5bf6082e1bb,wpn_ar_heron_fire_npc_dist_int
bee1b5ad7480103,fly_npc_ar_heron_inspect_empty_06
7a9aa27c07549b27,fly_npc_ar_heron_inspect_empty_fast01_06
7a9a9e7c0754945b,fly_npc_ar_heron_inspect_empty_fast01_02
5c84cb2e0b71cbac,fly_plr_ar_heron_inspect_empty_fast02_03
5c81452e0b6eb223,fly_plr_ar_heron_inspect_empty_fast02_15
5c81492e0b6eb8ef,fly_plr_ar_heron_inspect_empty_fast02_11
7a971e7c07518504,fly_npc_ar_heron_inspect_empty_fast01_14
288cdd97c2a50e9b,fly_npc_ar_heron_inspect_empty_fast02_03
288fdf97c2a747d8,fly_npc_ar_heron_inspect_empty_fast02_15
288fe397c2a74ea4,fly_npc_ar_heron_inspect_empty_fast02_11
bee1a5ad747ff50,fly_npc_ar_heron_inspect_empty_07
bee205ad7480982,fly_npc_ar_heron_inspect_empty_01
3cd584a383fc7afc,fly_npc_ar_heron_ubgl_reload_01
6b6b6f5ad33339f3,wpn_ar_heron_sup_plr_mech
339b6111cfc3e349,fly_npc_ar_heron_inspect_fast01_06
7a9aa17c07549974,fly_npc_ar_heron_inspect_empty_fast01_07
5c81462e0b6eb3d6,fly_plr_ar_heron_inspect_empty_fast02_16
ede3e7f5031375eb,fly_npc_ar_heron_ubgl_inspect_03
5c84ca2e0b71c9f9,fly_plr_ar_heron_inspect_empty_fast02_04
288fe297c2a74cf1,fly_npc_ar_heron_inspect_empty_fast02_16
288ce297c2a5171a,fly_npc_ar_heron_inspect_empty_fast02_04
7a971f7c075186b7,fly_npc_ar_heron_inspect_empty_fast01_15
a0326a02093d0131,wpn_ar_heron_fire_plr_last_fcg
bee1f5ad74807cf,fly_npc_ar_heron_inspect_empty_02
5c814a2e0b6ebaa2,fly_plr_ar_heron_inspect_empty_fast02_12
bee295ad74818cd,fly_npc_ar_heron_inspect_empty_08
3cd587a383fc8015,fly_npc_ar_heron_ubgl_reload_02
288fe697c2a753bd,fly_npc_ar_heron_inspect_empty_fast02_12
ede3ecf503137e6a,fly_npc_ar_heron_ubgl_inspect_04
339b6011cfc3e196,fly_npc_ar_heron_inspect_fast01_07
caeb88b53ea5c70d,wpn_ar_heron_fire_npc_med_atmo_int
7a9a987c07548a29,fly_npc_ar_heron_inspect_empty_fast01_08
bee285ad748171a,fly_npc_ar_heron_inspect_empty_09
7a97207c0751886a,fly_npc_ar_heron_inspect_empty_fast01_16
5c814b2e0b6ebc55,fly_plr_ar_heron_inspect_empty_fast02_13
288fe597c2a7520a,fly_npc_ar_heron_inspect_empty_fast02_13
5c84c92e0b71c846,fly_plr_ar_heron_inspect_empty_fast02_05
288ce397c2a518cd,fly_npc_ar_heron_inspect_empty_fast02_05
bea9b5ad744f1ac,fly_npc_ar_heron_inspect_empty_10
bee1e5ad748061c,fly_npc_ar_heron_inspect_empty_03
3cd586a383fc7e62,fly_npc_ar_heron_ubgl_reload_03
7a9a977c07548876,fly_npc_ar_heron_inspect_empty_fast01_09
5c84cd2e0b71cf12,fly_plr_ar_heron_inspect_empty_fast02_01
5c81442e0b6eb070,fly_plr_ar_heron_inspect_empty_fast02_14
ede3edf50313801d,fly_npc_ar_heron_ubgl_inspect_05
288cdf97c2a51201,fly_npc_ar_heron_inspect_empty_fast02_01
bea9c5ad744f35f,fly_npc_ar_heron_inspect_empty_11
ac0f4841a987467f,wpn_ar_heron_fire_plr_casing_eject
288fe097c2a7498b,fly_npc_ar_heron_inspect_empty_fast02_14
5c84c82e0b71c693,fly_plr_ar_heron_inspect_empty_fast02_06
339b6b11cfc3f447,fly_npc_ar_heron_inspect_fast01_08
288ce097c2a513b4,fly_npc_ar_heron_inspect_empty_fast02_06
339b6211cfc3e4fc,fly_npc_ar_heron_inspect_fast01_01
ede3e9f503137951,fly_npc_ar_heron_ubgl_inspect_01
5061848a19d497c,fly_npc_ar_heron_ubgl_drop_01
d791cb8a2c584e80,wpn_ar_heron_sup_npc
cfe758104e6d442c,fly_npc_ar_heron_inspect_empty_ext02_01
5c84cc2e0b71cd5f,fly_plr_ar_heron_inspect_empty_fast02_02
7a971a7c07517e38,fly_npc_ar_heron_inspect_empty_fast01_10
bea9d5ad744f512,fly_npc_ar_heron_inspect_empty_12
3cd581a383fc75e3,fly_npc_ar_heron_ubgl_reload_04
288cdc97c2a50ce8,fly_npc_ar_heron_inspect_empty_fast02_02
ede3eaf503137b04,fly_npc_ar_heron_ubgl_inspect_06
5c84c72e0b71c4e0,fly_plr_ar_heron_inspect_empty_fast02_07
288ce197c2a51567,fly_npc_ar_heron_inspect_empty_fast02_07
7b3166a29b5bfcd4,fly_npc_ar_heron_ubgl_drop_quick_01
339b6511cfc3ea15,fly_npc_ar_heron_inspect_fast01_02
31f42bfaaaa66638,wpn_ar_heron_sup_npc_atmo
339b6a11cfc3f294,fly_npc_ar_heron_inspect_fast01_09
ede3e6f503137438,fly_npc_ar_heron_ubgl_inspect_02
cfe75b104e6d4945,fly_npc_ar_heron_inspect_empty_ext02_02
3397dd11cfc0cd26,fly_npc_ar_heron_inspect_fast01_10
ede3ebf503137cb7,fly_npc_ar_heron_ubgl_inspect_07
5c84d62e0b71de5d,fly_plr_ar_heron_inspect_empty_fast02_08
2438db33304de150,fly_npc_ar_heron_ubgl_from_grenade_01
51082891249d7ffe,wpn_ar_heron_sup_npc_lfe
288cd697c2a502b6,fly_npc_ar_heron_inspect_empty_fast02_08
339b6411cfc3e862,fly_npc_ar_heron_inspect_fast01_03
cfe75a104e6d4792,fly_npc_ar_heron_inspect_empty_ext02_03
5c84d52e0b71dcaa,fly_plr_ar_heron_inspect_empty_fast02_09
3397de11cfc0ced9,fly_npc_ar_heron_inspect_fast01_11
288cd797c2a50469,fly_npc_ar_heron_inspect_empty_fast02_09
f550e59a2c52cfd4,wpn_ar_heron_sup_npc_mech
339b5f11cfc3dfe3,fly_npc_ar_heron_inspect_fast01_04
cfe755104e6d3f13,fly_npc_ar_heron_inspect_empty_ext02_04
5c81482e0b6eb73c,fly_plr_ar_heron_inspect_empty_fast02_10
288fe497c2a75057,fly_npc_ar_heron_inspect_empty_fast02_10
3397db11cfc0c9c0,fly_npc_ar_heron_inspect_fast01_12
456a0d78f93db50b,wpn_ar_heron_sup_plr_atmo
339b5e11cfc3de30,fly_npc_ar_heron_inspect_fast01_05
cfe754104e6d3d60,fly_npc_ar_heron_inspect_empty_ext02_05
3397dc11cfc0cb73,fly_npc_ar_heron_inspect_fast01_13
ce688e8e6922688d,wpn_ar_heron_sup_plr_interrupt
cfe757104e6d4279,fly_npc_ar_heron_inspect_empty_ext02_06
7945a0b6e59d2b3,fly_npc_ar_heron_inspect_fast02_01
a301096c27615906,wpn_ar_heron_sup_plr_last_mech
cfe756104e6d40c6,fly_npc_ar_heron_inspect_empty_ext02_07
36dbdb07c2f39b88,fly_npc_ar_heron_selectsemi_off_01
6a0d985903000ef1,fly_npc_ar_heron_ubgl_raise_01
cfe761104e6d5377,fly_npc_ar_heron_inspect_empty_ext02_08
cfe760104e6d51c4,fly_npc_ar_heron_inspect_empty_ext02_09
f79e2adfb8ebc9a5,wpn_ar_heron_sup_plr_atmo_int
cfe3d3104e6a2c56,fly_npc_ar_heron_inspect_empty_ext02_10
b22becda0d1c81fd,fly_npc_ar_heron_ubgl_raise_quick_01
3cb588e0e236b3af,fly_npc_ar_heron_ubgl_to_grenade_01
f948fc0a4d6cc2d6,wpn_dm_solomon_sup_plr_lfe
3778d742a066ca48,fly_npc_dm_solomon_reload_ext02_09
37756a42a063db3a,fly_npc_dm_solomon_reload_ext02_10
44dcd97afcb9344e,fly_npc_dm_solomon_drop_01
6468a751d0f5f8d0,fly_npc_dm_solomon_reload_empty_fast01_01
26bfcb2bdc3497f2,fly_npc_dm_solomon_drop_quick_01
e71f2048706ae28c,wpn_dm_solomon_sup_npc_med_atmo
6468aa51d0f5fde9,fly_npc_dm_solomon_reload_empty_fast01_02
6468ac51d0f6014f,fly_npc_dm_solomon_reload_empty_fast01_04
6468a951d0f5fc36,fly_npc_dm_solomon_reload_empty_fast01_03
9e1a1983ae29901a,wpn_dm_solomon_sup_npc_med_atmo_int
69bf20871a987b9a,fly_npc_dm_solomon_reload_fast01_01
2d00fdecd3e33155,wpn_dm_solomon_sup_plr_shot
6468ae51d0f604b5,fly_npc_dm_solomon_reload_empty_fast01_06
7d2cf3c8f4653671,wpn_dm_solomon_fire_npc_lfe
69bf1c871a9874ce,fly_npc_dm_solomon_reload_fast01_05
64654251d0f3175a,fly_npc_dm_solomon_reload_empty_fast01_10
6468ab51d0f5ff9c,fly_npc_dm_solomon_reload_empty_fast01_05
69bf1f871a9879e7,fly_npc_dm_solomon_reload_fast01_02
6468ad51d0f60302,fly_npc_dm_solomon_reload_empty_fast01_07
da57d6b50e5875d0,fly_npc_dm_solomon_reload_empty_ext01_02
69bf1b871a98731b,fly_npc_dm_solomon_reload_fast01_06
f35b9e82037f0f1d,wpn_dm_solomon_fire_npc_mech
69bf1e871a987834,fly_npc_dm_solomon_reload_fast01_03
69bf1a871a987168,fly_npc_dm_solomon_reload_fast01_07
da57d7b50e587783,fly_npc_dm_solomon_reload_empty_ext01_03
6468b051d0f6081b,fly_npc_dm_solomon_reload_empty_fast01_08
f67ff4f75c9efd84,wpn_dm_solomon_fire_plr_atmo_int
c6cbccd246a46f5a,wpn_dm_solomon_sup_plr_last_shot
69bf1d871a987681,fly_npc_dm_solomon_reload_fast01_04
69bf19871a986fb5,fly_npc_dm_solomon_reload_fast01_08
cc96aa701af8764a,wpn_dm_solomon_fire_npc_med_atmo
da57e0b50e5886ce,fly_npc_dm_solomon_reload_empty_ext01_08
681c20dd8ae7d27e,wpn_dm_solomon_sup_plr_last_fcg
6468af51d0f60668,fly_npc_dm_solomon_reload_empty_fast01_09
ab81d89d0106fd83,fly_npc_dm_solomon_reload_empty_ext02_02
29ba5af7da8890d6,wpn_dm_solomon_sup_plr_first_fcg
9b10a181f3958f77,wpn_dm_solomon_fire_npc
da57dcb50e588002,fly_npc_dm_solomon_reload_empty_ext01_04
f4799b8a4627ecb6,wpn_dm_solomon_fire_plr_atmo
da57e1b50e588881,fly_npc_dm_solomon_reload_empty_ext01_09
e00a70a0c46a19ed,wpn_dm_solomon_fire_npc_atmo
ab81dc9d0107044f,fly_npc_dm_solomon_reload_empty_ext02_06
ab81d79d0106fbd0,fly_npc_dm_solomon_reload_empty_ext02_03
f55584bddc5c3118,wpn_dm_solomon_fire_npc_dist
fe1e2958d4ae8d2,wpn_dm_solomon_fire_plr_interrupt
b7927b47c01b815b,fly_npc_dm_solomon_reload_empty_fast02_05
da57ddb50e5881b5,fly_npc_dm_solomon_reload_empty_ext01_05
da5adeb50e5ab93f,fly_npc_dm_solomon_reload_empty_ext01_10
e113283b04fd37ba,fly_npc_dm_solomon_reload_ext01_02
ab81db9d0107029c,fly_npc_dm_solomon_reload_empty_ext02_07
671d04ca2541d69f,fly_npc_dm_solomon_raise_quick_01
ab81de9d010707b5,fly_npc_dm_solomon_reload_empty_ext02_04
ca69c358212f29cd,wpn_dm_solomon_fire_plr_last_mech
da57dab50e587c9c,fly_npc_dm_solomon_reload_empty_ext01_06
e113293b04fd396d,fly_npc_dm_solomon_reload_ext01_03
2174b193a5ab2a5,fly_npc_dm_solomon_inspect_empty_01
ab81d99d0106ff36,fly_npc_dm_solomon_reload_empty_ext02_01
ab81e29d01070e81,fly_npc_dm_solomon_reload_empty_ext02_08
e116ac3b05004ddd,fly_npc_dm_solomon_reload_ext01_10
ab81dd9d01070602,fly_npc_dm_solomon_reload_empty_ext02_05
5843c9a8ba04b5ba,wpn_dm_solomon_fire_plr_mech
e113223b04fd2d88,fly_npc_dm_solomon_reload_ext01_04
3778d542a066c6e2,fly_npc_dm_solomon_reload_ext02_07
21748193a5aad8c,fly_npc_dm_solomon_inspect_empty_02
da57dbb50e587e4f,fly_npc_dm_solomon_reload_empty_ext01_07
21749193a5aaf3f,fly_npc_dm_solomon_inspect_empty_03
e116ab3b05004c2a,fly_npc_dm_solomon_reload_ext01_11
ab81e19d01070cce,fly_npc_dm_solomon_reload_empty_ext02_09
de17fe4ceb3817a0,wpn_dm_solomon_fire_plr_lfe
3778d842a066cbfb,fly_npc_dm_solomon_reload_ext02_08
17b15ba2d5e8ef0e,fly_npc_dm_solomon_reload_fast02_04
e113233b04fd2f3b,fly_npc_dm_solomon_reload_ext01_05
b7927c47c01b830e,fly_npc_dm_solomon_reload_empty_fast02_06
b7927f47c01b8827,fly_npc_dm_solomon_reload_empty_fast02_01
3778cf42a066bcb0,fly_npc_dm_solomon_reload_ext02_01
da57d9b50e587ae9,fly_npc_dm_solomon_reload_empty_ext01_01
17b159a2d5e8eba8,fly_npc_dm_solomon_reload_fast02_06
21746193a5aaa26,fly_npc_dm_solomon_inspect_empty_04
ab7e549d0103e760,fly_npc_dm_solomon_reload_empty_ext02_10
fe844ea609ef1aac,wpn_dm_solomon_sup_plr_casing_eject
e113243b04fd30ee,fly_npc_dm_solomon_reload_ext01_06
17b15aa2d5e8ed5b,fly_npc_dm_solomon_reload_fast02_07
92276b9d6875ca31,wpn_dm_solomon_sup_npc
b7928047c01b89da,fly_npc_dm_solomon_reload_empty_fast02_02
3778d242a066c1c9,fly_npc_dm_solomon_reload_ext02_02
17b15ca2d5e8f0c1,fly_npc_dm_solomon_reload_fast02_05
b7927d47c01b84c1,fly_npc_dm_solomon_reload_empty_fast02_07
21747193a5aabd9,fly_npc_dm_solomon_inspect_empty_05
ab7e559d0103e913,fly_npc_dm_solomon_reload_empty_ext02_11
fd072b0fcbad1948,wpn_dm_solomon_fire_plr_last_shot
b9ab4fa4c30d8697,fly_npc_dm_solomon_raise_01
17b157a2d5e8e842,fly_npc_dm_solomon_reload_fast02_08
e113253b04fd32a1,fly_npc_dm_solomon_reload_ext01_07
8d718545bdb66adb,wpn_dm_solomon_sup_npc_atmo
3778d142a066c016,fly_npc_dm_solomon_reload_ext02_03
b7927647c01b78dc,fly_npc_dm_solomon_reload_empty_fast02_08
520f12e467c159a8,wpn_dm_solomon_fire_plr_first_fcg
b7928147c01b8b8d,fly_npc_dm_solomon_reload_empty_fast02_03
21744193a5aa6c0,fly_npc_dm_solomon_inspect_empty_06
413549effd4f6d97,wpn_dm_solomon_fire_plr_shot
17b158a2d5e8e9f5,fly_npc_dm_solomon_reload_fast02_09
eb6597b09de9523b,wpn_dm_solomon_sup_npc_lfe
e1131e3b04fd26bc,fly_npc_dm_solomon_reload_ext01_08
b7927747c01b7a8f,fly_npc_dm_solomon_reload_empty_fast02_09
4fd8869eaf9525ba,wpn_dm_solomon_fire_plr_casing_eject
3778d442a066c52f,fly_npc_dm_solomon_reload_ext02_04
b7927a47c01b7fa8,fly_npc_dm_solomon_reload_empty_fast02_04
e113273b04fd3607,fly_npc_dm_solomon_reload_ext01_01
f67bc722141f70a3,wpn_dm_solomon_sup_npc_mech
64e7603a51e0a5be,wpn_dm_solomon_fire_npc_dist_int
3778d342a066c37c,fly_npc_dm_solomon_reload_ext02_05
e1131f3b04fd286f,fly_npc_dm_solomon_reload_ext01_09
b7958447c01dc67d,fly_npc_dm_solomon_reload_empty_fast02_10
628807a503fa65a6,wpn_dm_solomon_sup_plr_atmo_int
38d3ea581065cab0,wpn_dm_solomon_sup_plr_atmo
3778d642a066c895,fly_npc_dm_solomon_reload_ext02_06
17b160a2d5e8f78d,fly_npc_dm_solomon_reload_fast02_01
8bf3f938dfe7b464,wpn_dm_solomon_fire_plr_last_fcg
f1f64d664ea45cd0,wpn_dm_solomon_sup_plr_interrupt
17b15da2d5e8f274,fly_npc_dm_solomon_reload_fast02_02
17fbaecc2336ddeb,wpn_dm_solomon_sup_plr_last_mech
6177cc11adab60a0,wpn_dm_solomon_fire_npc_med_atmo_int
17b15ea2d5e8f427,fly_npc_dm_solomon_reload_fast02_03
29128476d458576c,wpn_dm_solomon_sup_plr_mech
d57bd78e26bf5b43,wpn_sm_bengal_fcg_deadtrig_npc
d7b1004af1c6e41f,wpn_ww_mantis_fire_npc_atmo
8202e4ee31d26884,wpn_ww_mantis_fire_plr
acee82cfe383d144,wpn_ww_mantis_fire_plr_atmo
621bffeeb06fe01d,wpn_ww_mantis_fire_npc
253e522dbf71412,wpn_ww_mantis_fire_plr_lfe
aaeff7345438e902,wpn_ww_mantis_fire_plr_atmo_int
324cc35462a40b37,wpn_ww_mantis_fire_npc_lfe
f9b09fbc623deb16,wfoly_ww_mantis_ads_in_plr
f8dec4e8921af3ff,wpn_ww_mantis_fire_plr_beef
3e63e439c618b3bb,wpn_ww_mantis_upg_fire_plr
da0ac53a1e2f3336,wpn_ww_mantis_upg_fire_npc
5c314e3e00090c08,fly_plr_ar_egret_ubgl_reload_14
a426458c5ffac80f,wpn_ar_finch_sup_plr_lfe
b899f3bfb7fcc79d,fly_npc_ar_finch_selectsemi_off_02
940dc98f514c734f,fly_npc_ar_finch_drop_01
551611a910884eef,fly_npc_ar_finch_selectsemi_on_02
db9488d1417adce7,wpn_ar_finch_sup_npc_med_atmo
56282ff24c759129,wpn_ar_finch_sup_npc_med_atmo_int
551612a9108850a2,fly_npc_ar_finch_selectsemi_on_01
bbd5bd9ec10a42b0,wpn_ar_finch_fire_npc_mech
2d473b1842caf867,fly_npc_ar_finch_drop_quick_01
c543cc2911d7a2df,wpn_ar_finch_fire_npc_med_atmo
514a9f89f5d97601,wpn_ar_finch_fire_plr_atmo_int
67f45fb9054fb54,fly_npc_ar_finch_inspect_empty_flip_01
1eb9c8797a3dcfb7,wpn_ar_finch_sup_plr_last_shot
52fad9efb5ec90af,wpn_ar_finch_fire_plr_atmo
67f44fb9054f9a1,fly_npc_ar_finch_inspect_empty_flip_06
18642af16dd34d8c,wpn_ar_finch_fire_npc
67f41fb9054f488,fly_npc_ar_finch_inspect_empty_flip_05
437e0bc26289c1ec,wpn_ar_finch_fire_npc_atmo
67f48fb9055006d,fly_npc_ar_finch_inspect_empty_flip_02
40f9265dac96db76,wpn_ar_finch_sup_plr_shot
67f43fb9054f7ee,fly_npc_ar_finch_inspect_empty_flip_07
67f47fb9054feba,fly_npc_ar_finch_inspect_empty_flip_03
ce04f96bcb03d237,wpn_ar_finch_sup_plr_first_fcg
f132fde424e9129a,wpn_ar_finch_fire_npc_lfe
36fa037b9449a59,wpn_ar_finch_fire_plr_interrupt
67f42fb9054f63b,fly_npc_ar_finch_inspect_empty_flip_04
67bc0fb9051e37e,fly_npc_ar_finch_inspect_empty_flip_10
67f3efb9054ef6f,fly_npc_ar_finch_inspect_empty_flip_08
8d2e6d2262bc8a4b,wpn_ar_finch_sup_plr_casing_eject
c7cbfc739192002,wpn_ar_finch_fire_plr_last_mech
d7359318a7906bc5,wpn_ar_finch_sup_plr_last_fcg
7acdfec6e8effcd,wpn_ar_finch_fire_npc_dist
67f3dfb9054edbc,fly_npc_ar_finch_inspect_empty_flip_09
67bbefb9051e018,fly_npc_ar_finch_inspect_empty_flip_12
c4632412b983f0af,wpn_ar_finch_fire_plr_mech
1956de6d8dc3e3d4,fly_npc_ar_finch_ubgl_reload_12
195a4a6d8dc6d12f,fly_npc_ar_finch_ubgl_reload_04
15a1592ae4fc18d5,fly_npc_ar_finch_ubgl_inspect_01
67bc1fb9051e531,fly_npc_ar_finch_inspect_empty_flip_11
4ebb23f0ad067b8d,fly_npc_ar_finch_raise_02
2994c697892f5d7f,wpn_ar_finch_fire_plr_first_fcg
761c65c405b7e082,wpn_ar_finch_sup_npc_lfe
d657a096a3dec35f,wpn_ar_finch_fire_plr_last_shot
67bbffb9051e1cb,fly_npc_ar_finch_inspect_empty_flip_13
9b8d1dc2d030f347,wpn_ar_finch_fire_plr_lfe
15a1562ae4fc13bc,fly_npc_ar_finch_ubgl_inspect_02
a6bc73b22d554e09,fly_npc_ar_finch_inspect_flip_08
15a1572ae4fc156f,fly_npc_ar_finch_ubgl_inspect_03
a6b8fbb22d524c4a,fly_npc_ar_finch_inspect_flip_16
38cc770fe3e302d8,wpn_ar_finch_sup_npc_mech
67bc4fb9051ea4a,fly_npc_ar_finch_inspect_empty_flip_14
15a1542ae4fc1056,fly_npc_ar_finch_ubgl_inspect_04
a6b8fcb22d524dfd,fly_npc_ar_finch_inspect_flip_17
a6bc72b22d554c56,fly_npc_ar_finch_inspect_flip_09
e82fb80b95ed9ddc,fly_npc_ar_finch_raise_quick_01
195a496d8dc6cf7c,fly_npc_ar_finch_ubgl_reload_05
4ebb20f0ad067674,fly_npc_ar_finch_raise_01
a6bc7ab22d5559ee,fly_npc_ar_finch_inspect_flip_01
15a1522ae4fc0cf0,fly_npc_ar_finch_ubgl_inspect_06
15a1552ae4fc1209,fly_npc_ar_finch_ubgl_inspect_05
a749f25b1c6547ae,wpn_ar_finch_fire_plr_shot
15a1602ae4fc24ba,fly_npc_ar_finch_ubgl_inspect_08
6e29c3239a957197,wpn_ar_finch_fire_npc_dist_int
12a272b31748ac61,fly_npc_ar_finch_ubgl_raise_quick_01
8c4c482d4ef2b9da,wpn_ar_finch_sup_plr_last_mech
79ce8df296c8f5d7,wpn_ar_finch_sup_plr_atmo
15a4de2ae4ff30ab,fly_npc_ar_finch_ubgl_inspect_10
67bc5fb9051ebfd,fly_npc_ar_finch_inspect_empty_flip_15
a6b8f5b22d524218,fly_npc_ar_finch_inspect_flip_10
a6b8edb22d523480,fly_npc_ar_finch_inspect_flip_18
195a4c6d8dc6d495,fly_npc_ar_finch_ubgl_reload_06
f139c7a851af0f7d,wpn_ar_finch_fire_plr_last_fcg
a6bc79b22d55583b,fly_npc_ar_finch_inspect_flip_02
77c4e61de2a15fb1,wpn_ar_finch_sup_plr_interrupt
ad6df126823cb3d3,fly_npc_ar_finch_ubgl_to_grenade_01
15a1532ae4fc0ea3,fly_npc_ar_finch_ubgl_inspect_07
b899f0bfb7fcc284,fly_npc_ar_finch_selectsemi_off_01
a6b8f6b22d5243cb,fly_npc_ar_finch_inspect_flip_11
9903cf89d20beb75,fly_npc_ar_finch_ubgl_raise_01
15a1612ae4fc266d,fly_npc_ar_finch_ubgl_inspect_09
80fbd78d257a5d77,wpn_ar_finch_sup_plr_mech
67bc2fb9051e6e4,fly_npc_ar_finch_inspect_empty_flip_16
195a4b6d8dc6d2e2,fly_npc_ar_finch_ubgl_reload_07
a6bc78b22d555688,fly_npc_ar_finch_inspect_flip_03
195a456d8dc6c8b0,fly_npc_ar_finch_ubgl_reload_01
47371f14a659fd03,wpn_ar_finch_fire_plr_casing_eject
a6b8f7b22d52457e,fly_npc_ar_finch_inspect_flip_12
9903cc89d20be65c,fly_npc_ar_finch_ubgl_raise_02
195a486d8dc6cdc9,fly_npc_ar_finch_ubgl_reload_02
5e7060c368f7f9c0,fly_npc_ar_finch_ubgl_drop_01
195a4e6d8dc6d7fb,fly_npc_ar_finch_ubgl_reload_08
8e805e7b37249ed9,wpn_ar_finch_sup_plr_atmo_int
a6bc7fb22d55626d,fly_npc_ar_finch_inspect_flip_04
a6b8f8b22d524731,fly_npc_ar_finch_inspect_flip_13
195a476d8dc6cc16,fly_npc_ar_finch_ubgl_reload_03
c2e75d9b1cf93731,wpn_ar_finch_fire_npc_med_atmo_int
195a4d6d8dc6d648,fly_npc_ar_finch_ubgl_reload_09
50b81f58680416e8,fly_npc_ar_finch_ubgl_drop_quick_01
a6bc7eb22d5560ba,fly_npc_ar_finch_inspect_flip_05
a6b8f9b22d5248e4,fly_npc_ar_finch_inspect_flip_14
1956e06d8dc3e73a,fly_npc_ar_finch_ubgl_reload_10
a6bc7db22d555f07,fly_npc_ar_finch_inspect_flip_06
8b02b3efd7691bfc,fly_npc_ar_finch_ubgl_from_grenade_01
12b0acee8f4b2214,wpn_ar_finch_sup_npc
a6b8fab22d524a97,fly_npc_ar_finch_inspect_flip_15
1956e16d8dc3e8ed,fly_npc_ar_finch_ubgl_reload_11
a6bc7cb22d555d54,fly_npc_ar_finch_inspect_flip_07
8b02b6efd7692115,fly_npc_ar_finch_ubgl_from_grenade_02
409ce4aa731f08f4,wpn_ar_finch_sup_npc_atmo
18e229c4e77f03fb,wpn_dm_oman_fire1_plr_atmo
62cb10210c54f696,wpn_dm_oman_fire1_plr_last_mech
d5caf56b772a84db,wpn_dm_oman_fire1_plr_lfe
cfab8b2db96dafd5,wpn_dm_oman_fire1_plr_atmo_int
4f43eb3c25737972,wpn_dm_oman_fire1_plr_shot
2b676ba625e6b4c3,wpn_dm_oman_fire1_plr_mech
b7abd6b960fce06,wpn_dm_oman_fire1_plr_fcg
b0ac6bc5e1125057,wpn_dm_oman_fire1_plr_casing_eject
b62c9393f921d6e0,wpn_dm_oman_fire2_plr_casing_eject
9bf65ad4ef13e76a,wpn_dm_oman_fire2_plr_lfe
abc568ea84de59fc,wpn_dm_oman_fire2_plr_atmo
cf3ce3740aa107b9,wpn_dm_oman_fire2_plr_shot
d664c52ea1e1c33d,wpn_dm_oman_fire1_plr_interrupt
898020a3d9e0f88a,wpn_dm_oman_fire2_plr_atmo_int
f2acf2d520381037,wpn_dm_oman_fire2_plr_fcg
95dc699361b09fc4,wpn_dm_oman_fire2_plr_interrupt
1a1a9fb6860ea23f,wpn_dm_oman_fire2_plr_last_mech
3a26fac781192d60,wpn_dm_oman_fire2_plr_mech
37be21cd863b3758,wpn_sm_bear_sup_plr_lfe
cfc1cf164b3d918c,fly_npc_sm_bear_inspect_empty_13
12495cfdfaedd43d,fly_npc_sm_bear_inspect_ext01_02
d42b2a9b62768b44,fly_npc_sm_bear_inspect_empty_ext02_11
10a43228881a89a,fly_npc_sm_bear_selectsemi_off_02
12495bfdfaedd28a,fly_npc_sm_bear_inspect_ext01_03
cfc1ce164b3d8fd9,fly_npc_sm_bear_inspect_empty_14
d42b2d9b6276905d,fly_npc_sm_bear_inspect_empty_ext02_12
39ddfdd56bc6e854,fly_npc_sm_bear_drop_01
d42b2c9b62768eaa,fly_npc_sm_bear_inspect_empty_ext02_13
124956fdfaedca0b,fly_npc_sm_bear_inspect_ext01_04
cfc1cd164b3d8e26,fly_npc_sm_bear_inspect_empty_15
cfc1cc164b3d8c73,fly_npc_sm_bear_inspect_empty_16
72bf7df7c79dc2d3,fly_npc_sm_bear_selectsemi_on_01
b7b1a89b0d619c82,wpn_sm_bear_sup_npc_med_atmo
124955fdfaedc858,fly_npc_sm_bear_inspect_ext01_05
cfc1cb164b3d8ac0,fly_npc_sm_bear_inspect_empty_17
d42b279b6276862b,fly_npc_sm_bear_inspect_empty_ext02_14
72bf7ef7c79dc486,fly_npc_sm_bear_selectsemi_on_02
278a3f2ec0fddd7c,fly_npc_sm_bear_drop_quick_01
d42b269b62768478,fly_npc_sm_bear_inspect_empty_ext02_15
124952fdfaedc33f,fly_npc_sm_bear_inspect_ext01_08
124958fdfaedcd71,fly_npc_sm_bear_inspect_ext01_06
124654fdfaeb90ce,fly_npc_sm_bear_inspect_ext01_10
cfc1d9164b3da28a,fly_npc_sm_bear_inspect_empty_19
cfc558164b40b02e,fly_npc_sm_bear_inspect_empty_20
a51b470b8c8aa74f,wpn_sm_bear_sup_plr_shot
ab3a4e02bc600ba2,fly_npc_sm_bear_transition_reload_empty_01_01
124655fdfaeb9281,fly_npc_sm_bear_inspect_ext01_11
cfc1da164b3da43d,fly_npc_sm_bear_inspect_empty_18
124653fdfaeb8f1b,fly_npc_sm_bear_inspect_ext01_13
95127fe19d93b4ca,wpn_sm_bear_fire_plr_atmo_int
32e32a517558c197,wpn_sm_bear_fire_npc_atmo
70241577f36df7a8,wpn_sm_bear_sup_npc_med_atmo_int
5d2052ee54229441,fly_npc_sm_bear_transition_reload_empty_ext01_01_01
124951fdfaedc18c,fly_npc_sm_bear_inspect_ext01_09
226a07610b2a20cf,wpn_sm_bear_fire_npc_lfe
d42b299b62768991,fly_npc_sm_bear_inspect_empty_ext02_16
78262bfd2144650,wpn_sm_bear_sup_plr_last_shot
124957fdfaedcbbe,fly_npc_sm_bear_inspect_ext01_07
672692f3eb8597ce,fly_npc_sm_bear_inspect_ext02_02
164621999254760c,fly_npc_sm_bear_transition_reload_empty_ext02_01_01
e6f273f0eeedb037,wpn_sm_bear_fire_npc_mech
672694f3eb859b34,fly_npc_sm_bear_inspect_ext02_04
c4cb5bb0663f15a0,wpn_sm_bear_fire_plr_mech
124652fdfaeb8d68,fly_npc_sm_bear_inspect_ext01_12
618adfc9e04b747a,fly_npc_sm_bear_reload_empty_ext01_02
65c3ff6227d6615,wpn_sm_bear_fire_npc
672691f3eb85961b,fly_npc_sm_bear_inspect_ext02_01
6cada0b1ed0361fa,wpn_sm_bear_fire1_plr_shot
6eb47a276953c0e2,wpn_sm_bear_fire_npc_dist
5317d2b3a0d6fa72,wpn_sm_bear_sup_plr_casing_eject
927f12da656a5f55,wpn_sm_bear_fire1_plr_interrupt
672695f3eb859ce7,fly_npc_sm_bear_inspect_ext02_05
618ae0c9e04b762d,fly_npc_sm_bear_reload_empty_ext01_03
672689f3eb858883,fly_npc_sm_bear_inspect_ext02_09
20bea5b651bfc85d,wpn_sm_bear_fire_plr_last
776a38c838622062,wpn_sm_bear_fire2_plr_atmo_int
618adcc9e04b6f61,fly_npc_sm_bear_reload_empty_ext01_07
67299af3eb87db3d,fly_npc_sm_bear_inspect_ext02_14
672693f3eb859981,fly_npc_sm_bear_inspect_ext02_03
672993f3eb87cf58,fly_npc_sm_bear_inspect_ext02_13
3e02b72e05174568,wpn_sm_bear_fire2_plr_casing_eject
618adec9e04b72c7,fly_npc_sm_bear_reload_empty_ext01_01
3669c9d36a04423c,wpn_sm_bear_fire_plr_atmo
b7bef2e22c0e8359,fly_npc_sm_bear_raise_01
8458820b0312e1aa,wpn_sm_bear_fire_plr_lfe
e9bf6046fd8f1803,wpn_sm_bear_fire1_plr_atmo
afe2659a51824ccf,wpn_sm_bear_fire2_plr_fcg
a2c3dd0b9c7873ce,wpn_sm_bear_fire1_plr_last_mech
779db5fd45d538e4,wpn_sm_bear_fire2_plr_atmo
a2004740459a60ba,wpn_sm_bear_fire_plr_last_fcg
618ad9c9e04b6a48,fly_npc_sm_bear_reload_empty_ext01_04
7af2eb821b22572d,fly_npc_sm_bear_inspect_empty_ext01_04
73eadb2c58ab9bbc,wpn_sm_bear_sup_plr_last_fcg
c567b4f68ed626bc,wpn_sm_bear_fire_plr
672696f3eb859e9a,fly_npc_sm_bear_inspect_ext02_06
7aef63821b1f3a3e,fly_npc_sm_bear_inspect_empty_ext01_12
70c7ed177031ed18,wpn_sm_bear_fire_npc_med_atmo
4c98fb4d49928b06,fly_npc_sm_bear_reload_ext01_08
618ad5c9e04b637c,fly_npc_sm_bear_reload_empty_ext01_08
672996f3eb87d471,fly_npc_sm_bear_inspect_ext02_10
54b3235a53e55ad0,wpn_sm_bear_sup_plr_first_fcg
4c99074d49929f6a,fly_npc_sm_bear_reload_ext01_04
7af2df821b2242c9,fly_npc_sm_bear_inspect_empty_ext01_08
4c99024d499296eb,fly_npc_sm_bear_reload_ext01_03
b7beefe22c0e7e40,fly_npc_sm_bear_raise_02
651b0668b05d3104,wpn_sm_bear_fire_plr_interrupt
e2e93d9a6e23fe32,wpn_sm_bear_fire2_plr_lfe
7af2e6821b224eae,fly_npc_sm_bear_inspect_empty_ext01_01
efe2c11936876b4d,wpn_sm_bear_fire1_plr_atmo_int
d3e63754abdf4bea,wpn_sm_bear_fire_plr_first_fcg
a89d40ad8df67e7c,wpn_sm_bear_fire2_plr_interrupt
cfbec8164b3b4fd0,fly_npc_sm_bear_inspect_empty_04
ba7782abc6b2a78b,wpn_sm_bear_fire1_plr_mech
cfbec9164b3b5183,fly_npc_sm_bear_inspect_empty_05
7aef65821b1f3da4,fly_npc_sm_bear_inspect_empty_ext01_14
442b59ab4f7710c8,wpn_sm_bear_fire_npc_dist_int
618adac9e04b6bfb,fly_npc_sm_bear_reload_empty_ext01_05
672697f3eb85a04d,fly_npc_sm_bear_inspect_ext02_07
7aef64821b1f3bf1,fly_npc_sm_bear_inspect_empty_ext01_13
7af2ea821b22557a,fly_npc_sm_bear_inspect_empty_ext01_05
672995f3eb87d2be,fly_npc_sm_bear_inspect_ext02_11
7aef66821b1f3f57,fly_npc_sm_bear_inspect_empty_ext01_15
618ad6c9e04b652f,fly_npc_sm_bear_reload_empty_ext01_09
4c98fc4d49928cb9,fly_npc_sm_bear_reload_ext01_09
7af2de821b224116,fly_npc_sm_bear_inspect_empty_ext01_09
d427a89b62737887,fly_npc_sm_bear_inspect_empty_ext02_07
cfbed5164b3b65e7,fly_npc_sm_bear_inspect_empty_09
4c99084d4992a11d,fly_npc_sm_bear_reload_ext01_05
96393c90bf9b547f,wpn_sm_bear_fire_plr_last_mech
cfbecd164b3b584f,fly_npc_sm_bear_inspect_empty_01
d427a49b627371bb,fly_npc_sm_bear_inspect_empty_ext02_03
831d1f01e9b0cf20,wpn_sm_bear_fire_plr_casing_eject
d427aa9b62737bed,fly_npc_sm_bear_inspect_empty_ext02_05
7a9dfca071a625e3,wpn_sm_bear_fire1_plr_lfe
dac1010e487551f,wpn_sm_bear_fire1_plr_casing_eject
4f60f1931acebca1,wpn_sm_bear_fire2_plr_shot
d64ad69447334537,wpn_sm_bear_fire2_plr_last_mech
7af2e5821b224cfb,fly_npc_sm_bear_inspect_empty_ext01_02
70a6aee84fe85189,wpn_sm_bear_sup_npc_lfe
731836b3426cba0f,wpn_sm_bear_sup_npc
672994f3eb87d10b,fly_npc_sm_bear_inspect_ext02_12
cfbeca164b3b5336,fly_npc_sm_bear_inspect_empty_06
240354a0409a5c9e,wpn_sm_bear_fire1_plr_fcg
672688f3eb8586d0,fly_npc_sm_bear_inspect_ext02_08
618adbc9e04b6dae,fly_npc_sm_bear_reload_empty_ext01_06
a119179983a3000e,wpn_sm_bear_sup_plr_atmo
996b24420e0ea7f5,fly_npc_sm_bear_raise_quick_01
4c9c894d4995b227,fly_npc_sm_bear_reload_ext01_10
e5cc93465e3628da,wpn_sm_bear_sup_plr_interrupt
cfc1d2164b3d96a5,fly_npc_sm_bear_inspect_empty_10
4c99044d49929a51,fly_npc_sm_bear_reload_ext01_01
7af2e9821b2253c7,fly_npc_sm_bear_inspect_empty_ext01_06
7aef67821b1f410a,fly_npc_sm_bear_inspect_empty_ext01_16
cfbece164b3b5a02,fly_npc_sm_bear_inspect_empty_02
7aef61821b1f36d8,fly_npc_sm_bear_inspect_empty_ext01_10
4c99054d49929c04,fly_npc_sm_bear_reload_ext01_06
618e63c9e04e8a9d,fly_npc_sm_bear_reload_empty_ext01_10
b4292e60d22dcc65,wpn_sm_bear_sup_npc_atmo
d4279d9b627365d6,fly_npc_sm_bear_inspect_empty_ext02_08
d427a99b62737a3a,fly_npc_sm_bear_inspect_empty_ext02_04
7af2e4821b224b48,fly_npc_sm_bear_inspect_empty_ext01_03
83fa9cc59a8daef5,wpn_sm_bear_sup_npc_mech
5d2a68621bc3bc28,wpn_sm_bear_fire2_plr_mech
d427a79b627376d4,fly_npc_sm_bear_inspect_empty_ext02_06
124959fdfaedcf24,fly_npc_sm_bear_inspect_ext01_01
a613c962cb2a3f5,wpn_sm_bear_sup_plr_last_mech
7af2e8821b225214,fly_npc_sm_bear_inspect_empty_ext01_07
cfbecb164b3b54e9,fly_npc_sm_bear_inspect_empty_07
d427a69b62737521,fly_npc_sm_bear_inspect_empty_ext02_01
4c9c884d4995b074,fly_npc_sm_bear_reload_ext01_11
cfbecf164b3b5bb5,fly_npc_sm_bear_inspect_empty_03
4c99014d49929538,fly_npc_sm_bear_reload_ext01_02
cfc1d1164b3d94f2,fly_npc_sm_bear_inspect_empty_11
7aef62821b1f388b,fly_npc_sm_bear_inspect_empty_ext01_11
4c99064d49929db7,fly_npc_sm_bear_reload_ext01_07
d4279e9b62736789,fly_npc_sm_bear_inspect_empty_ext02_09
b303090249deb74c,wpn_sm_bear_sup_plr_atmo_int
cfbed4164b3b6434,fly_npc_sm_bear_inspect_empty_08
2e1b0533cce0ebf2,wpn_sm_bear_sup_plr_mech
d427a39b62737008,fly_npc_sm_bear_inspect_empty_ext02_02
cfc1d0164b3d933f,fly_npc_sm_bear_inspect_empty_12
d8898beff00021be,wpn_sm_bear_fire_npc_med_atmo_int
d42b2b9b62768cf7,fly_npc_sm_bear_inspect_empty_ext02_10
10a42228881a6e7,fly_npc_sm_bear_selectsemi_off_01
3a9dc0735d2f67fa,fly_npc_sn_coral_drop_01
f2f3e2afd8df4e3e,wpn_sn_coral_sup_npc_med_atmo_int
61dba1c1c309cc6e,fly_npc_sn_coral_drop_quick_01
7880f57f28269198,wpn_sn_coral_sup_npc_med_atmo
8d0f0f2d6e574f88,wpn_sn_coral_fire_plr_atmo_int
50def65699498945,wpn_sn_coral_fire_npc_lfe
19c91f67b04df55c,wpn_sn_coral_fire_npc_dist
836ba3a18c66f8b7,fly_npc_sn_coral_transition_reload_empty_02_01
40f3a2890c89e473,fly_npc_sn_coral_transition_reload_empty_ext01_01_01
1675aa9455f2a1bc,fly_npc_sn_coral_transition_reload_empty_ext01_02_01
1dda6db544d6740e,wpn_sn_coral_fire_plr_mech
af728ba7edd0d4a0,fly_npc_sn_coral_transition_reload_empty_01_01
851dfa540024ea84,wpn_sn_coral_fire_plr_lfe
c0ce5e3f121d0bbb,wpn_sn_coral_fire_plr_shot
858167d44be3bba2,wpn_sn_coral_fire_plr_atmo
8f0d1931335fda91,wpn_sn_coral_fire_npc_mech
c7e9db2a3b7eb606,wpn_sn_coral_fire_npc_med_atmo
e3a4b245f1b44053,fly_npc_sn_coral_raise_01
cf0c1eb7ba7672f3,fly_npc_sn_coral_transition_reload_empty_fast01_02_01
a48e26c303df303c,fly_npc_sn_coral_transition_reload_empty_fast01_01_01
ffe289dd34b819c6,wpn_sn_coral_fire_plr_interrupt
f92f14c745a10fab,wpn_sn_coral_fire_npc
870a5d437253703d,fly_npc_sn_coral_transition_reload_empty_ext02_02_01
d9181d27b702f44a,fly_npc_sn_coral_transition_reload_empty_ext02_01_01
443af775a89df731,wpn_sn_coral_fire_plr_last_mech
51189b66dd234c0a,fly_npc_sn_coral_inspect_empty_04
51189666dd23438b,fly_npc_sn_coral_inspect_empty_03
dd98d391bc026859,wpn_sn_coral_fire_npc_atmo
51188f66dd2337a6,fly_npc_sn_coral_inspect_empty_08
a75ad4e2d79d3f54,wpn_sn_coral_fire_npc_med_atmo_int
9a03c0c08258432a,wpn_sn_coral_fire_npc_dist_int
a4ce8e64c6137b1c,wpn_sn_coral_fire_plr_last_shot
a9226bf5e305d24f,wpn_sn_coral_sup_npc_lfe
b75ff2541c1f8a91,wpn_sn_coral_fire_plr_fcg
a3f3ff5522cfdd7b,fly_npc_sn_coral_raise_quick_01
51189c66dd234dbd,fly_npc_sn_coral_inspect_empty_05
adf6dcdbb93c4cb7,wpn_sn_coral_sup_npc_mech
8f8a2b19278758d0,wpn_sn_coral_fire_plr_last_fcg
51189966dd2348a4,fly_npc_sn_coral_inspect_empty_06
51189866dd2346f1,fly_npc_sn_coral_inspect_empty_01
587f3941bd7cbf95,wpn_sn_coral_sup_npc
51189a66dd234a57,fly_npc_sn_coral_inspect_empty_07
f9e7933c3fa75e17,wpn_sn_coral_sup_npc_atmo
51189566dd2341d8,fly_npc_sn_coral_inspect_empty_02
6ec15e1b19347c76,wpn_raygun_mk2_fire_plr
5d88cf2676644381,wpn_raygun_mk2_fire_plr_tail
9bec5b7d61bb774,wpn_raygun_mk2_fire_plr_lfe
8b809fe14c56b35f,wpn_drillgun_fire_plr_loop
d30ca59e75ef47e3,wpn_drillgun_fire_plr_start
de5e438104fecabd,fly_npc_sh_corso_inspect_mag_15
5c8b5a2e0b772a57,fly_plr_ar_heron_inspect_empty_fast02_20
529ea634a715c961,fly_ai_viper_step_walk_default
5bc372747f9fdf33,chr_zm_laststand_looping_oneshot_pulse
de61c1810501d6ae,fly_npc_sh_corso_inspect_mag_07
4aa1cb3094405d55,uin_zm_player_downed_3d
5c81502e0b6ec4d4,fly_plr_ar_heron_inspect_empty_fast02_18
b1a35d0795ca6772,ks_care_package_high_impact
ec0d686c12f909f7,kls_sat_sniper_drone_static_plr
de61c5810501dd7a,fly_npc_sh_corso_inspect_mag_03
9e6b07fe9f7e385,br_reward_mission_weaponxp
eb78ca8c63d6cc6b,evt_wts_rarity_epic
b801488ab107d667,timetravel_bad_place_ambient
30a006b80d67caa5,ks_care_package_non_owner_cap
687fc676852f6018,fup_laststand_coward
de5e3d8104fec08b,fly_npc_sh_corso_inspect_mag_13
8ad8b0381b2a3d41,eqp_smoke_grenade_lp_end
971c7b8635459c9,chr_zm_death
80d46ee1aa48acdb,chr_zm_laststand_enter_plr
5c81472e0b6eb589,fly_plr_ar_heron_inspect_empty_fast02_17
de5e3c8104febed8,fly_npc_sh_corso_inspect_mag_12
8c85529791eec570,uin_saw_ingame_ob_hacking_3d_loop
1d7f1bcacd0f325f,uin_wz2_occupation_pre_scan_timer
f0f6e81a3c58392f,fly_ai_triton_step_walk_default
f4c63b3b91eb0c87,ks_gunship_bomb_drop_parachute_detach
fdc4ef0428bfb55b,eqp_ob_frostblast_zombie_freeze
de61bf810501d348,fly_npc_sh_corso_inspect_mag_05
60f920d0e3f9efef,eqp_ob_frostblast_storm_lp
32f1dd84e84c9d21,anim_bodyfall_limb_small
a5e6d1e317c515cb,ks_care_package_drop_lp
eef3f04c67a6bd96,fly_exec_303_b02_mercs_attacker_laststand_01
df8aa76a5bad7faa,deaths_door_sat_in
6930c4c5ccf9811a,fup_laststand_lost
3a2d5f1cecd56373,ks_gunship_bomb_drop_parachute_deploy
59d71dd6ea786155,br_reward_mission_misc
ae22feb5fb134c5f,evt_wts_rarity_legendary
de5e3e8104fec23e,fly_npc_sh_corso_inspect_mag_10
b8e43bb9e43e5de3,deaths_door_sat_out
26a6dd4b4ba4de7b,sat_leo_trapped
6622987a4e957571,ks_sat_art_strike_launch
cacfac23d67b3e23,chr_laststand_revived
b360cb0b8aa852e6,br_reward_mission_cash
806df9fa07fb54df,ks_valkyrie_rocket_lp_boost_npc
fcad7134d3223937,evt_zm_cyst_loot_soul_wisp
1ba7fafa5fb538da,ks_valkyrie_rocket_lp_boost_plr
de5e3f8104fec3f1,fly_npc_sh_corso_inspect_mag_11
b7912c59774d638a,evt_zm_cyst_loot_soul_impact
6dee385c4f1729c3,ks_valkyrie_rocket_lp_npc
dcef64a9ede60f9b,eqp_ob_frostblast_storm_end_lr
54fd511b67466eb2,timetravel_bad_place_teleport
de61bc810501ce2f,fly_npc_sh_corso_inspect_mag_08
46bb9d4f58dcdc39,br_reward_mission_xp
de61c0810501d4fb,fly_npc_sh_corso_inspect_mag_04
8f992b6c96cb1363,evt_wts_rarity_common
de61bb810501cc7c,fly_npc_sh_corso_inspect_mag_09
57cf62252528adc0,uin_stealth_sighted
580a211358f107ca,veh_br_c17_distant_lp
de5e428104fec90a,fly_npc_sh_corso_inspect_mag_14
c64e71b654aeb521,evt_zm_safe_dial_turn
7be1af446abd0545,fup_laststand_bleed_out_tones
88fd10b825c44a36,eqp_semtex_pin_npc
de61c6810501df2d,fly_npc_sh_corso_inspect_mag_02
9db46deb4325d25a,evt_zm_safe_dial_switch
c2ac019bc45e827a,eqp_semtex_sat_warning
de61c3810501da14,fly_npc_sh_corso_inspect_mag_01
94776a0876f95774,anim_bodyfall_torso
de61c2810501d861,fly_npc_sh_corso_inspect_mag_06
81a95e94c6ac8410,evt_wts_rarity_uncommon
2a8a1c7d6e55d4fd,fly_step_run_default_hellhound
42c787b78f896636,chr_death_imp_wz2
e64fe6f9156aeb0,mp_killstreak_transition_out
88cd7689f14ca63b,eqp_smoke_grenade_lp
6cb342dd3b34c02b,iw9_tactical_insert_flare_pu
6e11ec29e6671ddd,fup_laststand_revive
21ac0d28e7385b3,fup_laststand_bleed_out
58c6bd5c1c8e346c,chr_death_imp
a45337beff19e3f1,deaths_door_in_zm
522400fa1c16153c,deaths_door_out_zm
eb68126538d50ed2,chr_zm_laststand_self_revive
46fbb6d4d2eff86,ks_care_package_low_impact
6375d0af3358088a,ks_care_package_impact_water_body
297d2d31e125d974,ks_care_package_cap_tail
47ffb4c9946e084e,ks_care_package_med_impact
b6390e2b1e94da1,ks_care_package_owner_cap
9f4c88f2f3bfd8e5,ks_sat_hellstorm_plr_start
6f20393b67beaace,ks_sat_hellstorm_plr_lp_f
b5503e7323f9ecde,kls_juggerbot_timeout_lp
8abb1479de30922e,ks_valkyrie_rocket_fire_plr
a720cb795c98dbb3,ks_valkyrie_rocket_fire_npc
37ad415c2fb7559e,ks_valkyrie_rocket_lp_plr
ba15960d8eb6a943,evt_ob_fall_explo
b8a4427cbbb62105,uin_stealth_broken
c7778ad5bc2ac192,ks_veh_lbravo_explode
5d7a077866b3ec64,veh9_dmg_mil_lnd_atv_husk_explode
5ad6a28cdc711e28,fly_ai_mangler_mvmt_post
4f907c068e871c93,anim_bodyfall_head
a3337ed47ff0061d,anim_bodyfall_limb_large
5c8b5c2e0b772dbd,fly_plr_ar_heron_inspect_empty_fast02_22
5c81512e0b6ec687,fly_plr_ar_heron_inspect_empty_fast02_19
5c8b592e0b7728a4,fly_plr_ar_heron_inspect_empty_fast02_21
4317c716f342163c,fly_plr_common_hybrid01_on_02
d2c7c08f4576da02,fly_ai_zombie_step_sprint_default
22c50d00fbcee39c,fly_exec_303_b02_mercs_attacker_prone_01
67bc577f3c627cc1,fly_monkeybomb_cymbal
16c633947b33388b,mus_monkeybomb_diagetic_music
ffa228fed27be5a9,mp_equip_box_destroyed
542db0dd01b23a93,fly_ai_zombie_step_run_default
7c6af6afa603f78b,uin_wz2_loot_container_open_epic
8dd2ac0653ccb504,veh_cer_dmg_heli_engine_explode
7d35e7dbd4bb4fdc,veh_br_c17_flyby
fff6a7a0aa4341dd,evt_wts_rarity_firesale
340eeecd952271ea,evt_wts_rarity_rare
d80bdb196633e4c8,veh_cer_dmg_lnd_engine_explode
5d8776c7b2ca181f,evt_mimic_prop_rattle
773fd9eaf3787e80,fly_ai_mimic_step_walk_default
46fd5057e7fba83d,fly_step_walk_abom_dirt
bb70caeb3d7ff5b6,fly_ai_ghoul_step_run_default
7a7b5e1edcacf59e,fly_ai_phobos_step_walk_default
600e33fd4e65f030,fly_ai_zombie_toxic_step_run_bark
ba99db24067f7a0d,fly_ai_zombie_toxic_step_run_carpet
e890e9dbb9d530a7,fly_ai_zombie_toxic_step_run_default
b2de9b2df4a021cf,fly_ai_zombie_toxic_step_run_dirt
a7b3a7adfca34458,fly_ai_zombie_toxic_step_run_grass
21f65fa3db7fe094,fly_ai_zombie_toxic_step_run_metal_car
75fa571dcd972fed,fly_ai_zombie_toxic_step_run_metal_grate
a425acebb2e34b03,fly_ai_zombie_toxic_step_run_metal_thick
5a42c5cb974d2dcc,fly_ai_zombie_toxic_step_run_mud
fa26e1756d1569cb,fly_ai_zombie_toxic_step_run_rock
c5e5f68020bf0045,fly_ai_zombie_toxic_step_run_snow
34aadc5e65da5575,fly_ai_zombie_toxic_step_run_water
86d2bf335808c945,fly_ai_zombie_toxic_step_run_water_knee
7d3d8b989336fa52,fly_ai_zombie_toxic_step_run_water_waist
4c09e0bf48a02c2,fly_ai_zombie_toxic_step_run_wood_floor
e44acf7c4475103b,fly_ai_zombie_toxic_step_run_wood_solid
1daac3b61107b4e4,fly_ai_zombie_toxic_step_walk_bark
61d32438e93ea461,fly_ai_zombie_toxic_step_walk_carpet
c0d9bc9e476bf3a3,fly_ai_zombie_toxic_step_walk_default
6b8c92a4013ee553,fly_ai_zombie_toxic_step_walk_dirt
ea369a5657ef490c,fly_ai_zombie_toxic_step_walk_grass
4d24ee7016027f98,fly_ai_zombie_toxic_step_walk_metal_car
340f2a707d0d4839,fly_ai_zombie_toxic_step_walk_metal_grate
92aa3134acd79f2f,fly_ai_zombie_toxic_step_walk_metal_thick
8745e2ef2f91abf0,fly_ai_zombie_toxic_step_walk_mud
799fb93202ccf067,fly_ai_zombie_toxic_step_walk_rock
c4a9f639071bb791,fly_ai_zombie_toxic_step_walk_snow
1934ae516cea7de9,fly_ai_zombie_toxic_step_walk_water
24984e60f483b9b1,fly_ai_zombie_toxic_step_walk_water_knee
59d71fa1c423e9e,fly_ai_zombie_toxic_step_walk_water_waist
62cc8f1f6614bc5e,fly_ai_zombie_toxic_step_walk_wood_floor
7ab98fc219055bdf,fly_ai_zombie_toxic_step_walk_wood_solid
7c93eaa61cc91043,fly_ai_zombie_toxic_step_sprint_bark
ff7b9041c52a4e92,fly_ai_zombie_toxic_step_sprint_carpet
d84ba2ae64d42b3e,fly_ai_zombie_toxic_step_sprint_default
55d69776b2025fa0,fly_ai_zombie_toxic_step_sprint_dirt
db584be9f7173f5d,fly_ai_zombie_toxic_step_sprint_grass
d63a50c37a0ea5bd,fly_ai_zombie_toxic_step_sprint_metal_car
70f11288cdb63f68,fly_ai_zombie_toxic_step_sprint_metal_grate
28c765cd3f958f22,fly_ai_zombie_toxic_step_sprint_metal_thick
15b127a94f699489,fly_ai_zombie_toxic_step_sprint_mud
2f13092f4b5ca094,fly_ai_zombie_toxic_step_sprint_rock
3a8da4235f0eea72,fly_ai_zombie_toxic_step_sprint_snow
206790681fc247b0,fly_ai_zombie_toxic_step_sprint_water
9b25079ca1761d42,fly_ai_zombie_toxic_step_sprint_water_knee
565fa8dae38e39fb,fly_ai_zombie_toxic_step_sprint_water_waist
d6f59bc80d41260d,fly_ai_zombie_toxic_step_sprint_wood_floor
87f2cc351a7cd324,fly_ai_zombie_toxic_step_sprint_wood_solid
ee235fff0bf53505,vox_ai_zombie_toxic_sprint
de3fb80ead7083d9,vox_ai_zombie_toxic_behind
c4339f94e706e9e8,vox_ai_zombie_frost_death
3bbeacbd937ce226,vox_ai_zombie_frost_pain
3fa08d553d4bcbb6,vox_ai_zombie_frost_attack
7518bb32731619a1,vox_ai_zombie_frost_spawn
ea34fff7243e1756,vox_ai_zombie_frost_ambient
d048d6b56508f8e4,fly_ai_zombie_frost_mvmt_runimpact
6a77eabc82e9a26e,fly_ai_zombie_frost_mvmt_walkimpact
706a4eeed39e0c83,fly_ai_zombie_frost_mvmt_sprintimpact
39612e8b778ad025,fly_ai_zombie_frost_step_run_bark
ad582e2e410a3be0,fly_ai_zombie_frost_step_run_carpet
1511f79a0ccf2854,fly_ai_zombie_frost_step_run_default
e96fffbb2fbc53e2,fly_ai_zombie_frost_step_run_dirt
b5f39c04ce19aa7f,fly_ai_zombie_frost_step_run_grass
dadf1b33564fafcb,fly_ai_zombie_frost_step_run_metal_car
873c9eafad78d2b6,fly_ai_zombie_frost_step_run_metal_grate
36e8242b98ff95a8,fly_ai_zombie_frost_step_run_metal_thick
5f78aad6c8b525eb,fly_ai_zombie_frost_step_run_mud
3a5aa90e977a4cca,fly_ai_zombie_frost_step_run_rock
1c04b408cf265a48,fly_ai_zombie_frost_step_run_snow
4284380992990b22,fly_ai_zombie_frost_step_run_water
f21f1fc744bc2ccc,fly_ai_zombie_frost_step_run_water_knee
e4072247d31626f9,fly_ai_zombie_frost_step_run_water_waist
da062077d953dfb,fly_ai_zombie_frost_step_run_wood_floor
9731f0a744fbd4b2,fly_ai_zombie_frost_step_run_wood_solid
f714acec3226caf7,fly_ai_zombie_frost_step_walk_bark
479383b377217256,fly_ai_zombie_frost_step_walk_carpet
d489482bc1a44aba,fly_ai_zombie_frost_step_walk_default
fc52f1f9570f9b84,fly_ai_zombie_frost_step_walk_dirt
5be51442ec7fbd41,fly_ai_zombie_frost_step_walk_grass
de72fa77962293e1,fly_ai_zombie_frost_step_walk_metal_car
935ca52514224804,fly_ai_zombie_frost_step_walk_metal_grate
18a07e72f66a726e,fly_ai_zombie_frost_step_walk_metal_thick
fcdf77a36c377e6d,fly_ai_zombie_frost_step_walk_mud
1c4cc36f67123a20,fly_ai_zombie_frost_step_walk_rock
e765b6690091af3e,fly_ai_zombie_frost_step_walk_snow
5a93d866be7c3d84,fly_ai_zombie_frost_step_walk_water
256f106a4722233e,fly_ai_zombie_frost_step_walk_water_knee
67974712c1d27bd7,fly_ai_zombie_frost_step_walk_water_waist
16bc1b4b2e04b179,fly_ai_zombie_frost_step_walk_wood_floor
1d0288eb2c72f158,fly_ai_zombie_frost_step_walk_wood_solid
9470397171d35200,fly_ai_zombie_frost_step_sprint_bark
66b04e362f5fc6dd,fly_ai_zombie_frost_step_sprint_carpet
b5256811046a8277,fly_ai_zombie_frost_step_sprint_default
b7c880a0d9b8783f,fly_ai_zombie_frost_step_sprint_dirt
38c3afacc24d348,fly_ai_zombie_frost_step_sprint_grass
981643b831164344,fly_ai_zombie_frost_step_sprint_metal_car
c32e927d3fa1abfd,fly_ai_zombie_frost_step_sprint_metal_grate
33adc86277785673,fly_ai_zombie_frost_step_sprint_metal_thick
1c8a2be0744ca13c,fly_ai_zombie_frost_step_sprint_mud
2c98e7f45626749b,fly_ai_zombie_frost_step_sprint_rock
77881cfb5a5e6675,fly_ai_zombie_frost_step_sprint_snow
1019360508a48865,fly_ai_zombie_frost_step_sprint_water
8fe3f62bb39f0575,fly_ai_zombie_frost_step_sprint_water_knee
9191aafdbd387242,fly_ai_zombie_frost_step_sprint_water_waist
735bf70e0b1587d2,fly_ai_zombie_frost_step_sprint_wood_floor
64c867575738ce8b,fly_ai_zombie_frost_step_sprint_wood_solid
8335c054e230d0da,vox_ai_zombie_frost_sprint
a219c26abc5277a6,vox_ai_zombie_frost_behind
f0feff2975a1b315,evt_ai_zombie_frost_spawn
a7cf93e919d3ad06,evt_ai_zombie_frost_aoe_lp
997f80266632c872,evt_ai_zombie_frost_aoe_start
23e388b2fdff9eac,evt_ai_zombie_frost_storm_lp
ca6a09af65a3138c,evt_ai_zombie_frost_storm_start
f35a1f48e40f5c87,evt_ai_zombie_frost_storm_lp_close
7a1acce2066ecf89,vox_ai_methone_pain
365ddaef18ecb3f9,vox_ai_methone_death
a4d3c2367ec7b2f9,vox_ai_methone_attack
87fab92a4e1c3480,vox_ai_methone_death_howl
2a7f5a62100754be,evt_ai_methone_explode
a42f8b603e00a1dc,evt_ai_methone_explode_lfe
9572855fa4074dd3,evt_ai_methone_explode_swt
be5a4dbc35d1e68a,fly_step_branches_npc
67adb4bc04b6108f,fly_step_branches_plr
84049cea29ca612c,fly_step_cardboard_npc
801aefe9968f8ced,fly_step_cardboard_plr
e33ce1c4d50c2315,fly_step_gravel_npc
a24856c54164e3bc,fly_step_gravel_plr
c87be9ed2cd7cdc8,fly_step_paper_npc
960dd4ed10b7c189,fly_step_paper_plr
98ced42f79f0d264,fly_step_wood_creak_npc
3475b72fd2075545,fly_step_wood_creak_plr
a7a45e18ddb01cfa,evt_melee_macchiato_punch_mech
f08dff41417aa850,evt_ai_methone_spawn
6f20405bde428a09,evt_ai_methone_spawn_swt
67ac365bda619ace,evt_ai_methone_spawn_pre
e74638eb9ad19bec,fly_step_walk_default_methone
da1c3b5a694d6c1c,fly_step_run_default_methone
