c056ef18c1888ce,iw8_ar_akilo47_animpackage_carry_hostage
56a242d976892570,iw8_ar_kilo433_animpackage_carry_hostage
50ed0db801a32977,iw8_eq_c4_mp_animpackage
689be01b8afe7f62,iw8_eq_semtex_mp_animpackage
17ded65a581b2a15,iw8_me_soscar_knife_off_animpackage
24ce050178c04af9,iw8_mg_mobile_turret_animpackage
5b6c7ff4c13bec4f,iw8_pi_mike1911_animpackage_carry
3482a4ef0b49b304,iw8_sm_beta_animpackage_carry_hostage
66063246d51bdd98,iw8_sm_mpapa5_animpackage_carry_hostage
73810fa19dde3b6,iw8_sm_mpapa7_animpackage_carry_hostage
626fe8515039de1b,iw9_default_animpackage
4334863948f331a8,iw9_default_animpackage_l_hand
59ad6c9aa17db0f3,iw9_default_animpackage_la
7eb49a54489fb16,iw9_default_animpackage_r_hand
4770debc4e3aa9d6,iw9_default_eq_animpackage
616d011087bb1b4a,iw9_eg_stim_friendly_revive_default_animpackage
23789ebb631d1ea6,iw9_eq_stim_friendly_revive_animpackage
626600380f2160ab,iw9_fists_default_animpackage
341d68ae5747d8ab,iw9_gunless_default_animpackage
2da36837799784f9,iw9_gunless_sp_animpackage
29d6f053ee0cb2b7,iw9_p02_lm_kilo21_animpackage
28b248e30fac9e1,iw9_p33_me_tactical_knife_default_animpackage
31784fe8401ba0d1,iw9_p33_me_tactical_knife_off_animpackage
904edf0e3798bda,iw9_p34_me_riotshield_animpackage
31b3edf25bfbf2fc,iw9_p34_me_riotshield_default_animpackage
1033eb772c491f0f,iw9_p37_lm_dblmg_animpackage
26a18cc445ec7db1,iw9_p37_lm_dblmg_default_animpackage
40a5ce5de8cd91a6,iw9_p45_mg_auto_sentry_animpackage
2e17e21c898aa36f,iw9_p46_mg_bravo50_animpackage
53ceddd6661288d1,iw9_p46_mg_bravo50_default_animpackage
45ee3635048ad0cf,iw9_vm_killstreak_tablet_animpackage
16fb8baa409de571,iw9_vm_killstreak_tablet_default_animpackage
1398895cd22dcade,iw9_vm_killstreak_tablet_map_animpackage
7f3d7ed19d1a0f88,iw9_vm_killstreak_tablet_tac_nuke_animpackage
757e2879867e2131,iw9_vm_tablet_remote_hack_animpackage
61e239e32c9758e1,jup_eq_monkey_bomb_animpackage
8a2434a1ba4e2b6,ks_generic_mp_animpackage
71dcd1f524b51867,misc_vm_armor_plate_default_animpackage
77ac3d57eb836db6,misc_vm_laser_pointer_default_animpackage
2d9f9c6beb757f9a,misc_vm_oxygen_tank_default_animpackage
734a9fb8b06ed29,misc_vm_recon_drone_default_animpackage
7922b808596c0187,misc_vm_spotter_scope_default_animpackage
706c58ea4b92c573,offhand_2h_armor_box_animpackage
51a990f6e84b9d3f,offhand_2h_briefcase_bomb_animpackage
72f6816a59fe1641,offhand_2h_briefcase_bomb_default_animpackage
44ae0a9b4cbfba5e,offhand_2h_briefcase_bomb_defuse_animpackage
1609bc5e2f5f2181,offhand_2h_bunker_buster_animpackage
61e9242901bd6d85,offhand_2h_c4_animpackage
38074d6c1211ec09,offhand_2h_cluster_spike_animpackage
2284b2f7a81195a,offhand_2h_cyber_emp_animpackage
64cecfc01d5c307c,offhand_2h_cyber_emp_default_animpackage
46d95322c9479d48,offhand_2h_cyber_emp_plant_animpackage
17901bb0e272a6da,offhand_2h_cyber_emp_plant_default_animpackage
95eb501a56f00ec,offhand_2h_decoy_mine_animpackage
20e2321a8430d6c6,offhand_2h_frag_animpackage
7804188f863515b5,offhand_2h_frag_grenade_default_animpackage
2af80936537f6b18,offhand_2h_molotov_animpackage
414ebdb757aaa847,offhand_2h_proximity_mine_animpackage
3b03203b326ce869,offhand_2h_proximity_mine_default_animpackage
13e861fc98500942,offhand_2h_semtex_animpackage
5652653752ca33be,offhand_2h_smoke_grenade_animpackage
66bc191413cbe168,offhand_2h_smoke_grenade_default_animpackage
4620c086d2b7335b,offhand_2h_support_box_animpackage
5492577a78e304a4,offhand_2h_thermite_animpackage
7eae0f13d606dfbe,offhand_2h_thermite_default_animpackage
7beaa3c505a0272c,offhand_2h_throw_knife_animpackage
66054ac9f633b3a6,offhand_2h_throw_knife_default_animpackage
761f4adbf7604ae7,offhand_2h_throw_star_animpackage
25a10b42267575d8,offhand_2h_trophy_system_animpackage
23bb1f59d443bad0,t10_la_p17_pable3_animpackage
40da94a1763051e2,t10_la_p17_pable3_default_animpackage
7c2d3669bbde7f1d,t10_lm_p01_aroger10_default_animpackage
52e56a74fa360a4d,t10_me_p15_knife_animpackage
5fbc302166750d27,t10_me_p15_knife_default_animpackage
45fee38c73cca254,t10_me_p16_bat_default_animpackage
1ea1b64e35b4be11,t10_p19_zmb_rable_animpackage
e2d1c7fb174a7b8,sat_ar_condor_animpackage
4b663176cee58a1f,sat_ar_falcon_animpackage_gripang
4d18a647045d7bf8,sat_dm_oman_default_animpackage
3dd5ff665a5ddc39,sat_sm_orca_animpackage
793d05b629c09ae2,sat_sh_corso_animpackage_gripang
34c772098c2cfda1,sat_sm_zebra_animpackage_smag
64574d02b6a0c03,sat_ar_kite_animpackage_ubgl
62df5dd7ec345958,sat_ar_falcon_animpackage_gripvertshort
7f4d21a184f16d06,sat_pi_orion_animpackage
6c7e49eacb4c7d2f,sat_dm_oman_animpackage_smag
3bd4cb169a878e60,sat_sm_zebra_animpackage_hybrid01
1157b5100ce8aeab,sat_sm_orca_default_animpackage
5dab32689ddedf34,sat_ar_kite_animpackage_ubgl_launcher
380a822862f427eb,sat_pi_orion_animpackage_akimbo_r
1d508aef63a5cd99,sat_ar_falcon_animpackage_ubgl
620af15e08c324fd,sat_sm_zebra_animpackage_selectsemi_on
6c099eaa13223236,sat_lm_hades_animpackage_hybrid01
380a902862f43fb5,sat_pi_orion_animpackage_akimbo_l
3825de09cab22116,sat_ar_falcon_animpackage_ubgl_launcher
5daf0469ede77182,sat_dm_scotia_animpackage
5ba18dc8e3801a19,sat_sm_zebra_animpackage_selectsemi_off
4714620d2e722b2b,sat_sh_husky_animpackage
66e66d1168d49d4a,sat_sm_orca_animpackage_gripang
3d6a7d52e259a28f,sat_ar_kite_animpackage_drum
51dee286de5aa2f4,sat_lm_zeus_animpackage
38381e7763ae7b64,sat_dm_scotia_default_animpackage
124adf3fdd7e7c05,sat_sh_husky_default_animpackage
612b7f90f8b30650,sat_pi_orion_default_animpackage
3919e0265a0ebde9,sat_ar_falcon_animpackage_selectsemi_on
278c93d17cf21326,sat_ar_kite_animpackage_hybrid01
52a636b1df9e89ae,sat_lm_zeus_default_animpackage
7a8558f1791a95a5,sat_lm_zeus_animpackage_akimbo_r
2024a084d33ad3ac,sat_sh_husky_animpackage_smag
6b108987bb84f312,sat_sn_baltic_animpackage
cd6819306e11329,sat_dm_scotia_animpackage_gripang
6e042e84d9700fc5,sat_sm_cobra_animpackage
7a856af1791ab43b,sat_lm_zeus_animpackage_akimbo_l
188f230882b3d854,sat_sn_baltic_default_animpackage
5368a0257b6fb043,sat_sh_husky_animpackage_xmag
968b2dcef2fcdc,sat_dm_scotia_animpackage_gripvert
a04ff08473ba8e7,sat_ar_kite_animpackage_selectsemi_on
15d1602b07247985,sat_ar_falcon_animpackage_selectsemi_off
1e8f9942e3839ada,sat_dm_scotia_animpackage_barshort
139a1959d524fa03,sat_lm_zeus_default_animpackage_akimbo_r
20344c83fa2c30df,sat_sm_cobra_default_animpackage
27e5ea38fd0d5efd,sat_ar_condor_animpackage_ubgl
10f9b690f7596173,sat_sm_orca_animpackage_hybrid01
420aec110a48a6ab,sat_ar_kite_animpackage_selectsemi_off
32f40796a462e02a,sat_ar_condor_default_animpackage
139a1759d524f69d,sat_lm_zeus_default_animpackage_akimbo_l
131c3906d3f7b694,sat_ar_falcon_animpackage_hybrid01
192a064bcaea8d4a,sat_ar_condor_animpackage_ubgl_launcher
37377d1f732e067c,sat_sm_orca_animpackage_selectsemi_on
5801fdc386bad808,sat_ar_condor_animpackage_hybrid01
72d2b7b3051dcbd2,sat_ar_vulture_animpackage
45f14bc5791029b,sat_ar_condor_animpackage_gripang
307120a76ddbe3c4,sat_ar_eagle_animpackage_gripang
16ba670b74cbdb6,sat_sm_orca_animpackage_selectsemi_off
463741f033a7c62c,sat_ar_vulture_animpackage_xmag
4e65e2c1c54c2923,sat_dm_scotia_animpackage_selectsemi_on
5695c6169009d643,sat_ar_hawk_animpackage_gripang
cd6b0a19ecd6146,sat_lm_zeus_animpackage_gripvert
22c52c8366f6d414,sat_ar_vulture_default_animpackage
71ba57e1b315a2ce,sat_ar_eagle_animpackage_selectsemi_on
772fb22a490ca8e4,sat_pi_timir_default_animpackage
223e04fde612ea71,sat_sm_otter_animpackage_gripang
3364727c77f2db70,sat_ar_hawk_animpackage
be8501bb7ebfb0f,sat_ar_eagle_animpackage
7733612fdb5bd4e3,sat_ar_vulture_animpackage_xmaglrg
586a2830e46c463a,sat_sm_otter_animpackage
47bb565dc98eef02,sat_pi_timir_animpackage
4207b885c7ecd04a,sat_ar_condor_animpackage_gripvert
642528d4386d5199,sat_ar_vulture_animpackage_gripang
364c44240813987,sat_dm_scotia_animpackage_selectsemi_off
552b0c834dacb6f0,sat_ar_eagle_animpackage_selectsemi_off
1c8a72b9547c3027,sat_lm_zeus_animpackage_gripang
331ce9a58c41e43b,sat_me_knife_animpackage
2c8e7b3c7dd8ffd7,sat_dm_scotia_animpackage_ubgl
799a61bee22c3e05,sat_ar_hawk_animpackage_ubgl
4f910963a3f44d5,sat_pi_timir_default_animpackage_akimbo_r
6bae153d8fb2a8be,sat_sm_otter_animpackage_gripvertshort
2732bd3a2e552342,sat_ar_hawk_default_animpackage
4ab8c909e236a3a,sat_ar_vulture_animpackage_hybrid01
4154b47e85dbde5,sat_ar_condor_animpackage_selectsemi_on
33d74549d4e3dcf,sat_pi_timir_animpackage_akimbo_r
7aca8bfabd82d9b1,sat_ar_eagle_default_animpackage
4e4cd8408271307,sat_ar_vulture_animpackage_ubgl
2ffd8b5ed6fd0e9c,sat_sm_otter_default_animpackage
49e1377e727b4cf7,sat_ar_condor_animpackage_optics
1d7916805a0f52b5,sat_me_knife_default_animpackage
1505e3bbded11b7b,sat_streak_sniper_suitcase_animpackage
660b87f0d338267a,sat_sn_baltic_animpackage_hybrid01
4f902963a3f2d0b,sat_pi_timir_default_animpackage_akimbo_l
3f672c158df88958,sat_dm_scotia_animpackage_ubgl_launcher
50a7d77447273482,sat_ar_hawk_animpackage_ubgl_launcher
4940bb8a77c210c8,sat_ar_vulture_animpackage_ubgl_launcher
5f0316adff4d1c40,sat_dm_kara_animpackage
4e079e2fd7601ee1,sat_ar_condor_animpackage_selectsemi_off
4ff4ebc80c1b2d72,sat_ar_hawk_animpackage_gripvert
33d6a549d4e2cd1,sat_pi_timir_animpackage_akimbo_l
43bc71c896f9a604,sat_sm_otter_animpackage_gripvert
56630fe19788906e,sat_me_shockbaton_animpackage
4e715d161c431f5,sat_streak_sniper_suitcase_default_animpackage
529a7a77872e4f8c,sat_sn_caspian_animpackage
a4d47cc69e8edfc,sat_lm_zeus_animpackage_hybrid01
9e61eabd1ed8fc6,sat_sn_caspian_default_animpackage
693229c811b3e74c,sat_ar_hawk_animpackage_barlong
32921e641e8bd927,sat_la_fang_animpackage
1ec53a7d7bd618f,sat_sm_puma_default_animpackage
753c48193836ddf3,sat_dm_kara_animpackage_gripang
686dd2d0b20622de,sat_sh_akita_animpackage_akimbo_l
6e24d1ec55dcc2f2,sat_dm_kara_default_animpackage
2edb9df1a83d64e1,sat_ar_eagle_animpackage_hybrid01
1d6d75a00482fa5e,sat_ar_falcon_animpackage_gripvert
5b21c00a8a4ad7e4,sat_ar_eagle_animpackage_ubgl
3e79b54662a696b6,sat_sm_puma_animpackage_gripang
62b4f6e15f6884b0,sat_ar_hawk_animpackage_hybrid01
4645322348517019,sat_sh_akita_default_animpackage
58f64a95a118ca09,sat_la_fang_default_animpackage
3ce62757d26be022,sat_dm_kara_animpackage_gripvert
7afb906814c8c3fd,sat_ar_eagle_animpackage_ubgl_launcher
1a5ec06b1f0ebc87,sat_sm_cobra_animpackage_hybrid01
edaa8288e1ebd6d,sat_sm_puma_animpackage_gripvert
69b29ad3d3bf6d57,sat_sh_akita_animpackage
1e7a09713d98fbd2,sat_sm_otter_animpackage_hybrid01
1019e9b24abbeb2d,sat_ar_hawk_animpackage_selectsemi_on
4ac3f22454a102e4,sat_ar_hawk_animpackage_barshort
5258ee73958aaba8,sat_la_polis_animpackage
7fc9f404d5e53bb5,sat_dm_kara_animpackage_ubgl
5cd04d325a9c42fc,sat_ar_falcon_animpackage
686ddcd0b20633dc,sat_sh_akita_animpackage_akimbo_r
2f1d58b43ddb7324,sat_sn_caspian_animpackage_hybrid01
48e82af7ef31566a,sat_dm_scotia_animpackage_hybrid01
e4af63fa43818d5,sat_sm_puma_animpackage
17d874f4fd3a23e9,sat_ar_hawk_animpackage_selectsemi_off
32334eed3fdaeaef,sat_sm_komodo_animpackage
35175b2e36a2f07a,sat_la_polis_default_animpackage
300e83038f2cccb2,sat_dm_kara_animpackage_ubgl_launcher
7c91b7e46716dc96,sat_ar_falcon_default_animpackage
2a2c94aedb96c051,sat_sm_komodo_default_animpackage
66187d7b1545776,sat_ar_kite_animpackage
28c6ba7a253fe99c,sat_sh_akita_animpackage_gripang
7d7c77eca3441dc6,sat_lm_hades_animpackage
32a7d7dfabad37c4,sat_sn_drake_animpackage
7ebfbd2a53516652,sat_sm_zebra_default_animpackage
5896d9d33452a367,sat_sm_komodo_animpackage_gripvert
e442ca789a80457,sat_sm_puma_animpackage_hybrid01
1d4d9eeed0fa1be0,sat_ar_kite_default_animpackage
2c7664d864427e10,sat_lm_hades_default_animpackage
2d0f85f615eee49e,sat_sn_drake_default_animpackage
d5711ba206c63e1,sat_sh_corso_animpackage
6ff9210c08c79f64,sat_sm_komodo_animpackage_gripang
2a857a3ad2cd6de0,sat_sm_zebra_animpackage
230633c49832ab20,sat_ar_kite_animpackage_gripvert
ec3da77ea45e7ad,sat_lm_hades_animpackage_gripang
708a238afcfe2cd4,sat_pi_atlas_animpackage
68c821bbde86a046,sat_sm_zebra_animpackage_xmag
5702cd305e200133,sat_sh_corso_default_animpackage
2979b65b8182c90f,sat_sm_komodo_animpackage_gripvertshort
165d59962dd6003d,sat_ar_kite_animpackage_gripang
56a1c463ce4fefd0,sat_lm_hades_animpackage_gripvert
5d02e49b36165380,sat_dm_kara_animpackage_hybrid01
145abe5bdbf21785,sat_pi_atlas_animpackage_akimbo_r
653528dffecef781,sat_sm_komodo_animpackage_hybrid01
2aad69af7f61481,sat_sh_corso_animpackage_gripvertshort
278036571d98c445,sat_sm_zebra_animpackage_drum
2d27a2428ca400dd,sat_dm_kara_animpackage_selectsemi_on
469c557dfa02412e,sat_sm_komodo_animpackage_selectsemi_on
145ad05bdbf2361b,sat_pi_atlas_animpackage_akimbo_l
5e3e4214fa962479,sat_dm_kara_animpackage_selectsemi_off
7dcb9d0fd1be40d0,sat_sm_komodo_animpackage_selectsemi_off
ad41104bde0b5ce,sat_pi_atlas_default_animpackage
78f703746d9a65ae,sat_dm_oman_animpackage
221a0f3ccd4b5c3,sat_pi_atlas_animpackage_optics
54d51b94ace46c4c,sat_sn_drake_animpackage_hybrid01
132429b2f28dcb48,sat_ar_eagle_animpackage_fast02
1077f306001ca279,sat_lm_hades_animpackage_ext01
404b19dcb6261f50,sat_sm_otter_animpackage_fastmag
5d9ad243cc088c86,sat_sn_drake_animpackage_xlrg
3df88d0f0c739ed8,sat_ar_eagle_animpackage_ext01
7000fd011c8d42c1,sat_ar_vulture_animpackage_fast
1077f006001c9d60,sat_lm_hades_animpackage_ext02
1508284396662480,sat_pi_orion_animpackage_xlrg
4d3916e108251752,sat_sm_puma_animpackage_ext01
432535246bcb9068,sat_sn_drake_animpackage_lrg
3df8900f0c73a3f1,sat_ar_eagle_animpackage_ext02
7f5b47726bff907b,sat_ar_vulture_animpackage_flipmag
411bf31ed8c8c405,sat_pi_orion_animpackage_fast
4d3915e10825159f,sat_sm_puma_animpackage_ext02
36b45fadc9e7139b,sat_sn_drake_animpackage_fast
36076194f6ec616e,sat_dm_kara_animpackage_flip
2cbbfc37bf725c34,sat_sm_puma_animpackage_fast
46014e94b7a2e177,sat_dm_kara_animpackage_fast
77815c08adb1f433,sat_dm_kara_animpackage_extmag
633f7e182737953b,sat_lm_zeus_animpackage_ext01
12171f1aa88e9582,sat_sn_baltic_animpackage_gripmix1
1d503a6f3ed233ed,sat_sn_baltic_animpackage_griprecoil
1a5a6f347a1ed2cd,sat_ar_condor_animpackage_fast02
28811214df32efb7,sat_sm_komodo_animpackage_xlrg
633f7f18273796ee,sat_lm_zeus_animpackage_ext02
3de0e48ae8a76cbe,sat_sm_komodo_animpackage_fast
37e2f6902f18b793,sat_ar_falcon_animpackage_fast
12171e1aa88e93cf,sat_sn_baltic_animpackage_gripmix2
24775fff47de3e67,sat_ar_condor_animpackage_ext01
7f4c10e2560f8cad,sat_ar_hawk_animpackage_flipmag
66b0d94ef4922063,sat_ar_hawk_animpackage_extmag2
186114400b9797b8,sat_dm_scotia_animpackage_fastmag
6c9e5a1249084180,sat_sh_akita_animpackage_ext01
1270bc675bc184bb,sat_sn_baltic_animpackage_gripsway
d800b81e8740ca2,sat_sm_komodo_animpackage_short
247760ff47de401a,sat_ar_condor_animpackage_ext02
2bf769354472f52b,sat_dm_scotia_animpackage_flipmag
7c4c377c5b312ea3,sat_ar_hawk_animpackage_extmag
30a94f8e86ece37e,sat_ar_hawk_animpackage_fastmag
6c9e5d1249084699,sat_sh_akita_animpackage_ext02
7c182e9223a0faf0,sat_sh_akita_animpackage_fast02
63b9faf1b7daf8af,sat_sm_komodo_animpackage_lrg
3c659f5ad0d8c901,sat_sn_baltic_animpackage_fast
52c99d24d883764e,sat_sm_orca_animpackage_ext01
52c99c24d883749b,sat_sm_orca_animpackage_ext02
216d2a564b637021,sat_sn_caspian_animpackage_short
48e83408c63528a,sat_sn_baltic_animpackage_lrg
591957780bb3c1f9,sat_dm_scotia_animpackage_extmag2
601c651f8eb6147e,sat_sm_orca_animpackage_fast02
33ab53fac0ca10f0,sat_sn_caspian_animpackage_lrg
1d240d49ee718f2c,sat_sn_baltic_animpackage_xlrg
435293413b65bbf5,sat_ar_kite_animpackage_fast
38445155b00c4cd1,sat_sm_orca_animpackage_flip
69284e6948cb06a3,sat_sn_caspian_animpackage_fast
14555f8f02eae883,sat_sm_otter_animpackage_flipmag
1a8f307a35b4a8ce,sat_sn_caspian_animpackage_xlrg
2a50947f47851681,sat_sm_otter_animpackage_extmag2
523117e4a200e4c9,sat_sm_otter_animpackage_extmag
5aa2a6582eb8c42a,t10_offhand_2h_impact_animpackage
55bc1e2e29e91d81,offhand_2h_deployable_cover_animpackage
2f49b0151d187f48,offhand_2h_briefcase_bomb_defuse_default_animpackage
52d21083fa93b7e5,misc_vm_spotter_scope
355eaa08e222cad3,misc_vm_recon_drone
5bd271c172f21790,misc_vm_oxygen_tank
d6e5b87f8cbd48a,offhand_2h_pill_bottle_animpackage
2a7ea23ef935b2d7,offhand_2h_grenade_tracker_animpackage
19ff3ba8f05c699c,misc_vm_laser_pointer
13f972d905e862c5,misc_vm_armor_plate
12569c0b5fc0f52a,t10_me_fists_animpackage
5cdbecffd551ed2c,t10_me_fists_default_animpackage
7ef232629cccaa2b,t10_eq_monkey_bomb_animpackage
1d56e510926547fc,sat_ar_condor_bp_vault
29971bf3c156a94,sat_sm_zebra_bp_vault
65ea70fafb0ab19f,sat_sh_corso_bp_vault
197b965bbf92c7d8,sat_sn_drake_bp_vault
744f689d1a8b62aa,sat_me_shockbaton_bp_vault
6bdcc8cc85d6a212,sat_ar_condor_animpackage_barjump
1c061c504d0d48b,sat_lm_zeus_animpackage_ubcrossbar
6626a97bb8facc7,sat_ar_condor_animpackage_barhical
1430734b3bb3723d,sat_lm_hades_animpackage_beltfed
5974686eb0c4474d,sat_ar_falcon_animpackage_xlong
56d59b5269051b24,sat_ar_condor_animpackage_barmix
7de95d3c8b88c657,sat_ar_falcon_animpackage_long
468a5bb4d74efa2e,sat_dm_scotia_animpackage_barmed
514a1e9c2d380be1,sat_ar_condor_animpackage_barvelocity
6c3f059059ef0507,sat_lm_zeus_animpackage_beltfed
1ede96ae759f0fc7,sat_ar_condor_animpackage_barrange
383093a7e88ac75e,sat_dm_scotia_animpackage_barxlong
11157d2f5b452150,sat_lm_zeus_animpackage_fast01
1a5a6c347a1ecdb4,sat_ar_condor_animpackage_fast01
417a07c963e513cc,sat_ar_eagle_animpackage_gripvert01
736bc0bd95081ac2,sat_dm_scotia_animpackage_gripvert02
1defeb3f7529d9e4,sat_ar_hawk_animpackage_barmed
591954780bb3bce0,sat_dm_scotia_animpackage_extmag1
65e1dd8af28f404d,sat_ar_eagle_animpackage_barjump
6a6278d0b5271c08,sat_ar_hawk_animpackage_barxlong
24d44c99176acb86,sat_ar_eagle_animpackage_barhical
7c18319223a10009,sat_sh_akita_animpackage_fast01
61650fb735568ec1,sat_ar_eagle_animpackage_barmix
7636d798c2fa1995,sat_lm_hades_animpackage_ubcrossbar
54f6afff1de99732,sat_ar_eagle_animpackage_barrange
54892df27f94886,sat_sm_orca_animpackage_gripvert01
56166b7e24a7f3a0,sat_lm_hades_animpackage_barjump
b88029604d2c552,sat_ar_eagle_animpackage_barvelocity
609979bd96e4a71a,sat_lm_hades_animpackage_fast01
13242cb2f28dd061,sat_ar_eagle_animpackage_fast01
5c949ddf87763ba7,default
19b45ec362f60be5,offhand_2h_tac_insert_flare_animpackage
4a3b63ec42b3dc93,offhand_2h_tactical_cam_animpackage
586d8e13fbc7d1ea,offhand_2h_sound_veil_animpackage
2d5bff51e09c70e7,offhand_2h_extraction_balloon_animpackage
3a88d219c9ec8c90,offhand_2h_decon_station_animpackage
73064b9ae92281d0,offhand_2h_claymore_default_animpackage
7a0bbd62402c7886,offhand_2h_claymore_animpackage
7f544b40ba7e9d4b,t10_me_p15_knife_animpackage_bp_steampunk
2c24baf962a3627,sat_ar_falcon_bp_kingdeath
f60980007000693,sat_ar_falcon_animpackage_fast2
6f1132a163a2c921,sat_ar_hawk_animpackage_barheavy
4d03f56bdf28a8a6,sat_ar_kite_animpackage_ext
5ba8ca526d1209d3,sat_ar_kite_animpackage_fast02_flip
163fcf3ce62d68c8,sat_ar_macaw_animpackage
356c43650564e25a,sat_ar_macaw_default_animpackage
272feb6f8ab9dba,sat_ar_macaw_animpackage_gripvert
420e8697682709cb,sat_ar_macaw_animpackage_gripang
6dccc828bb52702d,sat_ar_macaw_animpackage_ubgl
5bb6c166a3523d3a,sat_ar_macaw_animpackage_ubgl_launcher
59d37754c83c90f7,sat_ar_macaw_bp_mecheagle
20050b2223837a44,sat_ar_macaw_animpackage_fast01
20050e2223837f5d,sat_ar_macaw_animpackage_fast02
6167ce72a0ef7b97,sat_ar_macaw_animpackage_ext01
6167cf72a0ef7d4a,sat_ar_macaw_animpackage_ext02
76d1cba8d5db1a18,sat_ar_macaw_animpackage_hybrid01
b69c0585d151f55,sat_ar_macaw_animpackage_selectsemi_on
79ebf9262afab031,sat_ar_macaw_animpackage_selectsemi_off
41a1d725993cb913,sat_ar_vulture_bp_btrap
6abdcd92daf91648,sat_dm_scotia_bp_diytech
72d991fc629e73a3,sat_lm_typhon_animpackage
52c61f0f95bbddd,sat_lm_typhon_default_animpackage
75830b67b85338b8,sat_lm_typhon_animpackage_gripang
29d57fe3f044f68b,sat_lm_typhon_animpackage_gripvert
5b10957534f40a9e,sat_lm_typhon_animpackage_ubcrossbar
4e053de00bea7354,sat_lm_typhon_animpackage_ext01
4e0540e00bea786d,sat_lm_typhon_animpackage_ext02
655302286365ba95,sat_lm_typhon_animpackage_fast01
6552ff286365b57c,sat_lm_typhon_animpackage_fast02
3941d7f01e7ce8,sat_lm_typhon_animpackage_beltfed
5cbf2b3ea36eb94d,sat_lm_typhon_animpackage_hybrid01
66e2d96c8480fe50,sat_lm_hades_animpackage_barhcal
4618ac638970a930,sat_sm_puma_bp_s1blk
524eae5a4ae6441d,sat_sm_zebra_bp_puzzlebox
23d4c48a1dbc2c59,sat_pi_atlas_animpackage_stock
749ecae9ce1ffbc3,sat_sm_hyena_animpackage
2fc34b02482bbad0,sat_sm_hyena_animpackage_akimbo_r
2fc34902482bb76a,sat_sm_hyena_animpackage_akimbo_l
7af201d852b779bd,sat_sm_hyena_default_animpackage
78e364d19dca2d75,sat_sm_hyena_animpackage_fast01
4e443a72ae85c826,sat_sm_hyena_default_animpackage_akimbo_r
4e445472ae85f454,sat_sm_hyena_default_animpackage_akimbo_l
5305738aafd08918,sat_sm_hyena_animpackage_gripang
f23134e7d181f6b,sat_sm_hyena_animpackage_gripvert
78e361d19dca285c,sat_sm_hyena_animpackage_fast02
124a046437f18b7f,sat_sm_hyena_animpackage_barlong
7ebf1c5750c84b05,sat_sm_hyena_animpackage_barmed
2102aef5d1dbe599,sat_sm_hyena_animpackage_barshort
3aaa326584a4f192,sat_sm_hyena_animpackage_selectsemi_on
54408680645dce24,sat_sm_hyena_animpackage_selectsemi_off
2e8cf392beabf72d,sat_sm_hyena_animpackage_hybrid01
7aa12a14c542f2fe,sat_sm_hyena_animpackage_barrange
3f4f92dbbd375ef9,sat_sn_aden_animpackage
6a2f559144a04b4,sat_sm_hyena_animpackage_ext01
14b1fbfb7692e233,sat_sn_aden_animpackage_hybrid01
caf82aa8bd8bf56,sat_sn_aden_animpackage_extmag2
6a2f859144a09cd,sat_sm_hyena_animpackage_ext02
77b47ea3ff24fc60,sat_sn_aden_animpackage_extmag
1747f4f2d0fb8a57,sat_sn_aden_animpackage_fastmag
cbe5ed9247d0374,t10_p42_pi_pyork_animpackage
7e268bf79756b3e9,t10_p42_pi_pyork_animpackage_fast02
382abbeff171fa2e,t10_p42_pi_pyork_default_animpackage
2d54145ac0b9bda3,t10_p42_pi_pyork_animpackage_optics
7e2688f79756aed0,t10_p42_pi_pyork_animpackage_fast01
49f296fc0dcd734c,t10_p12_pi_paris30_animpackage_fast01
49f299fc0dcd7865,t10_p12_pi_paris30_animpackage_fast02
115e6568416b854f,t10_p12_pi_paris30_animpackage_optics
4eeeca03f54d3150,t10_p12_pi_paris30_animpackage
10328cc71faddf29,t10_p12_pi_paris30_animpackage_akimbo_r
103286c71fadd4f7,t10_p12_pi_paris30_animpackage_akimbo_l
796aa31316299862,t10_p12_pi_paris30_default_animpackage
252a2c157ad35a1f,t10_p12_pi_paris30_animpackage_ext01
252a2d157ad35bd2,t10_p12_pi_paris30_animpackage_ext02
edf69b29e20fff7,jup_p08_ar_qbravo97_animpackage_ubch_chain
6ed8708f857f9331,jup_p02_sm_scharlie3_animpackage_selectsemi_off
5ceebf9640c2a83a,jup_p01_sm_pcharlie9_animpackage_hybrid03
1f209304d120b3a0,jup_p08_lm_qbravo95lsw_animpackage
6abe6985550d3055,jup_p02_sm_scharlie3_animpackage_selectsemi_on
30e672e932f37907,jup_p44_ar_stango44_animpackage_gripvertshort
5d1f8141df824512,jup_p08_lm_qbravo95lsw_default_animpackage
1c3ce3613905932c,jup_p44_ar_stango44_animpackage_gripang
f7b201ee005539c,jup_p03_br_aromeo200_animpackage
a5e21ef268a2594,jup_p25_ar_talpha95_animpackage_xmag
2044bb4e8dc53bf8,jup_p25_ar_talpha95_animpackage_xxlmag
3d432218e0d36f3b,jup_p25_ar_talpha95_animpackage_smag
1e7cb30b66cda961,jup_p08_ar_qbravo95_animpackage_bar_short
37eba3ccc97b6ff6,jup_p03_br_aromeo200_default_animpackage
385847419c3b51c8,jup_p44_ar_stango44_animpackage_drum
408cddf9370ecfbe,jup_p03_br_aromeo200_animpackage_gripvert
8df475e57059e92,jup_p25_ar_talpha95_animpackage_ubsh_shotgun
606ff61133443c38,jup_p03_br_aromeo200_animpackage_gripvertshort
c28374259d5548,jup_p08_ar_qbravo95_animpackage_gripvert
3ecf3208107b0197,jup_p25_ar_talpha95_animpackage_ubsh
5599e8d02e15c8ec,jup_p44_ar_stango44_animpackage_ubgl
608d4c654f9229ef,jup_p44_ar_stango44_animpackage_xmag
3ef55008109c03ce,jup_p25_ar_talpha95_animpackage_ubfl
5589eb9922a112ff,jup_p03_br_aromeo200_animpackage_gripang
57ea4a8f343f4bea,jup_p08_ar_qbravo95_animpackage_gripvertshort
22ce696b193a1252,jup_p03_br_aromeo200_animpackage_xmag
5fa351c42d2d15c1,jup_p03_br_aromeo200_animpackage_ubsh
4d48644a6ad5b300,jup_p08_ar_qbravo95_animpackage_gripside
6e485888338a44ee,jup_p08_ar_qbravo95_animpackage_hybrid01
2d2f4803f125d4be,jup_p25_ar_talpha95_animpackage_ubfl_flame
160d9ca151e35135,jup_p44_ar_stango44_animpackage_ubgl_launcher
24759bf492115742,jup_p44_ar_stango44_animpackage_ubch_chain
77b47da7659171ac,jup_p25_ar_talpha95_animpackage_hybrid03
19a1f2a71242f0a5,jup_p08_ar_qbravo95_animpackage_gripang
3988de40e544be2d,jup_p03_br_aromeo200_animpackage_xmaglrg
762302e8491c920f,jup_p25_ar_talpha95_animpackage_selectsemi_off
2e34ece9120639b0,jup_p03_br_aromeo200_animpackage_ubsh_shotgun
6e485688338a4188,jup_p08_ar_qbravo95_animpackage_hybrid03
43242f967d7d5e2e,jup_p08_ar_qbravo95_animpackage
3ef82e08109dffdf,jup_p25_ar_talpha95_animpackage_ubgl
559d0ed02e183f55,jup_p44_ar_stango44_animpackage_ubfl
5fe735c42d66b2f9,jup_p03_br_aromeo200_animpackage_ubgl
25d8bc8e5d26f5eb,jup_p25_ar_talpha95_animpackage_selectsemi_on
5570ecd02df2caa4,jup_p44_ar_stango44_animpackage_ubsh
3f06520810aa7a67,jup_p25_ar_talpha95_animpackage_ubch
1dff50489c11e0fb,jup_p08_ar_qbravo95_animpackage_20rnd
2ba63a2ea56ba30,jup_p25_ar_talpha95_animpackage_ubgl_launcher
79f85fee89c63cb6,jup_p03_br_aromeo200_animpackage_ubgl_launcher
47d5550b32f393d1,jup_p44_ar_stango44_animpackage_ubfl_flame
31bbd34ae51878f1,jup_p44_ar_stango44_animpackage_ubsh_shotgun
289530321af830f1,jup_p25_ar_talpha95_animpackage_ubch_chain
5ef82412c7015a0e,jup_p08_ar_qbravo95_animpackage_grip_20rnd
1ef55c6efcd4a705,jup_p08_br_xmike5_animpackage
5fe44fc42d64a950,jup_p03_br_aromeo200_animpackage_ubfl
54a5cb44eb1b4e13,jup_p08_lm_qbravo95lsw_animpackage_gripang
302b3c8e92c936bd,jup_p08_br_xmike5_animpackage_gripvertshort
77b47fa765917512,jup_p25_ar_talpha95_animpackage_hybrid01
786e8cbba74bd06f,jup_p08_ar_qbravo95_animpackage_selectsemi_on
7b8300cb47b42b5a,jup_p03_br_aromeo200_animpackage_hybrid03
2097b08bcd509629,jup_p44_ar_stango44_animpackage_hybrid01
55a70cd02e209074,jup_p44_ar_stango44_animpackage_ubch
2bd3a3b0b337437e,jup_p08_lm_qbravo95lsw_animpackage_gripside
39f5eea1dbf1551f,jup_p08_br_xmike5_default_animpackage
7b82fecb47b427f4,jup_p03_br_aromeo200_animpackage_hybrid01
27a5db6b016797a4,jup_p08_br_xmike5_animpackage_leveraction
6fc51bdd45eaded3,jup_p08_ar_qbravo95_animpackage_selectsemi_off
26dd4fff91947968,jup_p03_br_aromeo200_animpackage_ubfl_flame
19fec8fc76b92ad0,jup_p08_lm_qbravo95lsw_animpackage_100rnd
30d1441da819d67d,jup_p08_br_xmike5_animpackage_gripvert
2537d941227af89,jup_p03_br_aromeo200_animpackage_selectsemi_on
49fc3d299afdf0b3,jup_p08_br_xmike5_animpackage_30rd
419fea98cc95f9c2,jup_p08_lm_qbravo95lsw_animpackage_gripvert
5fda31c42d5c21d1,jup_p03_br_aromeo200_animpackage_ubch
1c4acfbccb5c9935,jup_p28_lm_rpapa20_animpackage
3332140a66d48c8f,jup_p08_lm_qbravo95lsw_animpackage_grip_100rnd
27d1900f517461b7,jup_p08_br_xmike5_animpackage_45rd
74996e05a6fac806,jup_p08_br_xmike5_animpackage_gripang
1ba9419ad9869fa5,jup_p03_br_aromeo200_animpackage_selectsemi_off
5a0aab44b4a0f324,jup_p08_lm_qbravo95lsw_animpackage_gripvertshort
5b7e7198b4520c47,jup_p03_br_aromeo200_animpackage_ubch_chain
79d45aca23791420,jup_p08_lm_qbravo95lsw_animpackage_hybrid01
6456cdaae0a84681,jup_p09_sh_oromeo12_animpackage_mag_12_12g
40277b00aad69182,jup_p08_br_xmike5_animpackage_ubgl
253ee53b4fe6cbaf,jup_p28_lm_rpapa20_default_animpackage
844878cf5a6f0c7,jup_p08_br_xmike5_animpackage_hybrid01
2097ae8bcd5092c3,jup_p44_ar_stango44_animpackage_hybrid03
6fa741c1b6939eb9,jup_p24_pi_glima21_animpackage_akimbo_r
413660c1ee9fc0e4,jup_p31_dm_compound_animpackage
685a0cefc7cf4cd6,jup_p28_lm_rpapa20_animpackage_gripang
79d45cca23791786,jup_p08_lm_qbravo95lsw_animpackage_hybrid03
844898cf5a6f42d,jup_p08_br_xmike5_animpackage_hybrid03
704f8da446275516,jup_p44_ar_stango44_animpackage_selectsemi_on
1fa6f328546280ef,jup_p08_br_xmike5_animpackage_ubgl_launcher
6462481561750b,jup_p09_sh_oromeo12_animpackage_drum_20_12g
6fa75bc1b693cae7,jup_p24_pi_glima21_animpackage_akimbo_l
4fd3e0187c21f4fe,jup_p31_dm_compound_default_animpackage
364a7cfa8a4d1e0d,jup_p28_lm_rpapa20_animpackage_gripvert
53cdbdee0fe746bd,jup_p08_lm_qbravo95lsw_animpackage_selectsemi_on
63f1887d598a7c28,jup_p08_br_xmike5_animpackage_selectsemi_on
7e9e0e2334ecd9d8,jup_p44_ar_stango44_animpackage_selectsemi_off
3fe37f00aa9ccb82,jup_p08_br_xmike5_animpackage_ubsh
47fdf8e0c83fbcfe,jup_p32_pi_mpapa9_animpackage
2b3313abad336f4,jup_p09_sh_oromeo12_animpackage_laser
1f421e61a7aecb4d,jup_p28_lm_rpapa20_animpackage_gripvertshort
1c806a37dbac5f6d,jup_p24_pi_glima21_bar_convert_animpackage_gripang
4dc5668505e64cd9,jup_p08_lm_qbravo95lsw_animpackage_selectsemi_off
5dcc4aff263a8c02,jup_p08_br_xmike5_animpackage_selectsemi_off
2d2903e1b8e48cf1,jup_p28_lm_rpapa20_animpackage_gripside
4b258de2269d0673,jup_p08_br_xmike5_animpackage_ubsh_shotgun
1a6d45690e3b2ed3,jup_p32_pi_mpapa9_animpackage_akimbo_r
67a04786148abd90,jup_p24_pi_glima21_bar_convert_animpackage_gripvert
4fe080a71b140472,jup_p09_sh_oromeo12_default_animpackage
54d13efb830eb8dc,jup_p28_lm_rpapa20_animpackage_150rnd
402a5900aad88d93,jup_p08_br_xmike5_animpackage_ubfl
1a6d63690e3b61cd,jup_p32_pi_mpapa9_animpackage_akimbo_l
77bda6eab3169a22,jup_p24_pi_glima21_bar_convert_animpackage_gripvertshort
6118eb4ef502ca2,jup_p09_sh_oromeo12_animpackage_gripvert
4dcbb467790f0bf7,jup_p28_lm_rpapa20_animpackage_hybrid01
262e4bf852faa000,jup_p09_sh_oromeo12_animpackage_hybrid01
656caa6c507a1d9f,jup_p08_br_xmike5_animpackage_ubfl_flame
5c997fd73323dba8,jup_p32_pi_mpapa9_default_animpackage
52f7c097d33a5e86,jup_p24_pi_glima21_bar_convert_animpackage
4c38b0457ff42a84,jup_p09_sh_oromeo12_animpackage_gripvertshort
4dcbb667790f0f5d,jup_p28_lm_rpapa20_animpackage_hybrid03
7b1edb4ce37966e0,jup_p24_pi_glima21_animpackage
40195f00aaca2492,jup_p08_br_xmike5_animpackage_ubch
262e4df852faa366,jup_p09_sh_oromeo12_animpackage_hybrid03
8a55a5c109c4640,jup_p24_pi_glima21_bar_convert_animpackage_xmag
1b760599043015b3,jup_p09_sh_oromeo12_animpackage_mag_5_12g
39c2ea899b8e1aec,jup_p08_br_xmike5_animpackage_ubch_chain
25e73844b62b3a1f,jup_p24_pi_glima21_bar_convert_animpackage_drum
5b4a9b2d9b62445a,jup_p10_sn_cdelta50_animpackage
18039516278de9df,jup_p24_pi_glima21_bar_convert_animpackage_xmaglrg
173b95e895d0bb7c,jup_p10_sn_cdelta50_default_animpackage
23b885e4c232ab7b,jup_p12_pi_mike93_animpackage_akimbo_l
3e0f9902c3befa89,jup_p34_ar_balpha27_animpackage_hybrid01
2eeadbf775cb4078,jup_p32_pi_mpapa9_animpackage_gripvert
36667dc07bb4a052,jup_p32_pi_mpapa9_animpackage_gripvert_dmag
59e5ee0e5c04fd74,jup_p24_pi_glima21_animpackage_stockskel_xmag
28e74dc7cd3fccee,jup_p12_pi_mike93_default_animpackage
473397088cb2600f,jup_p10_sn_cdelta50_animpackage_bolt_light
3e0f9702c3bef723,jup_p34_ar_balpha27_animpackage_hybrid03
32c449e82738555,jup_p32_pi_mpapa9_animpackage_gripang
53149ae2ba1e25e8,jup_p32_pi_mpapa9_animpackage_fullstock
55031e465d21eb46,jup_p24_pi_glima21_animpackage_xmag
4570c57fecd8e79c,jup_p12_pi_romeo93_animpackage
3b46292f9ad396fe,jup_p35_sn_moscar_animpackage
32bb28a530804dc0,jup_p10_sn_cdelta50_animpackage_bolt_heavy
525670aafca25b4e,jup_p32_pi_mpapa9_animpackage_skelstock
a5ae692cbc5659a,jup_p32_pi_mpapa9_animpackage_gripvertshort
7170ae592af30d6b,jup_p24_pi_glima21_animpackage_stockskel_xmaglrg
7e578b6b9b36f5a8,jup_p35_sn_moscar_default_animpackage
26a9b41ce320712f,jup_p12_pi_mike93_animpackage_semi
8dda6f817b3ba9d,jup_p32_pi_mpapa9_animpackage_tacstock
5c9ccc1b201217e6,jup_p32_pi_mpapa9_animpackage_nostock
65f8e22994a4f260,jup_p36_ar_anovember94_animpackage
2e517054b3fdb152,jup_p01_ar_golf36_animpackage_selectsemi_on
261ebbafb7512af9,jup_p24_pi_glima21_animpackage_xmaglrg
2bdafe2493fed9d8,jup_p01_ar_golf36_animpackage_gripang
63edcc064af6b2e6,jup_p05_ar_foxtrot2000_animpackage_gripvert
6e7a4fbe10b43c01,jup_p12_pi_mike93_animpackage_drum
1780335782facbbe,jup_p12_pi_romeo93_animpackage_gripvert
3729db9c5d2145b4,jup_p35_sn_moscar_animpackage_bolt_heavy
534f0c8a72019e5f,jup_p32_pi_mpapa9_animpackage_smag
501a1f6b05562f34,jup_p10_sn_cdelta50_animpackage_xmag
6f1145836e4e987e,jup_p32_pi_mpapa9_animpackage_hybrid01
4e442c07cb0df4f0,jup_p05_ar_foxtrot2000_animpackage_gripvertshort
5d5a03b56375a5bb,jup_p24_pi_glima21_animpackage_stockskel_drum
322e03edd82ac7e4,jup_p01_ar_golf36_animpackage_selectsemi_off
2ce7d6cd34e7532b,jup_p01_ar_golf36_animpackage_gripvert
223a04d709deb038,jup_p12_pi_romeo93_animpackage_gripvertshort
10d17e6d227514c9,jup_p32_pi_mpapa9_animpackage_gripvert_smag
2b0ff7b74477b671,jup_p12_pi_mike93_animpackage_selectsemi_on
5da0e44a2d3bd92b,jup_p10_sn_cdelta50_animpackage_xmaglrg
2314d3940a1781eb,jup_p35_sn_moscar_animpackage_bolt_light
6f1143836e4e9518,jup_p32_pi_mpapa9_animpackage_hybrid03
5716e4dcef271191,jup_p05_ar_foxtrot2000_animpackage_gripstop
13bb32e19c340f45,jup_p24_pi_glima21_animpackage_drum
76903ce4e1ce6858,jup_p32_pi_mpapa9_animpackage_xmag
4ecca4aa65d72826,jup_p01_dm_slima8_animpackage
f1f4a677644b8b,jup_p01_ar_golf36_animpackage_gripvertshort
50097842dc3373e7,jup_p34_ar_balpha27_animpackage
3f0c2c3896cdec09,jup_p12_pi_romeo93_animpackage_24rd
23bd13695753bc8d,jup_p12_pi_mike93_animpackage_selectsemi_off
24ea5032ea869f55,jup_p35_sn_moscar_animpackage_gripang
2588512a415d609a,jup_p24_pi_glima21_animpackage_stockskel
3b2b38a0a475e834,jup_p12_pi_mike93_animpackage
5def3d4a013c8764,jup_p32_pi_mpapa9_animpackage_dmag
7f8949794e0ea5e8,jup_p01_ar_golf36_animpackage_20rd
c85a626f7d40330,jup_p01_dm_slima8_default_animpackage
3245d32a268c6dd5,jup_p05_ar_foxtrot2000_animpackage_smag
2ca09d3da1c4dcc9,jup_p34_ar_balpha27_default_animpackage
7bff1c302c9c4a04,jup_p12_pi_romeo93_animpackage_30rd
17f289244e406e78,jup_p35_sn_moscar_animpackage_gripvert
7a7cda9614aeda4f,jup_p24_pi_glima21_animpackage_akimbo_l_xmag
5aa96d288ec7156d,jup_p13_sn_svictor_default_animpackage
23b873e4c2328ce5,jup_p12_pi_mike93_animpackage_akimbo_r
2940f946aac255a6,jup_p01_ar_golf36_animpackage_40rd
183fdc52bc7bb370,jup_p01_dm_slima8_animpackage_gripvert
66c0c3658bb2db0a,jup_p05_ar_foxtrot2000_animpackage_xmag
7f0eca14c6d7c90d,jup_p24_pi_glima21_animpackage_akimbo_r_xmag
5f0dc7b996df3859,jup_p12_pi_romeo93_animpackage_drum
1bc7a2de801819c8,jup_p13_sn_svictor_animpackage_gripang
5b93002a38222f9a,jup_p35_sn_moscar_animpackage_gripvertshort
2ec083fc77ccab82,jup_p01_dm_slima8_animpackage_gripvertshort
59e9ab1b1693fe02,jup_p01_sm_coscar635_animpackage
c1a30c6458c9e61,jup_p05_ar_foxtrot2000_animpackage_drum
627a71f4ad9212a2,jup_p24_pi_glima21_animpackage_akimbo_l_xmaglrg
4b770fc6a054e91b,jup_p13_sn_svictor_animpackage_gripvert
5276542993a023f4,jup_p12_pi_romeo93_animpackage_hybrid01
5818f2b046c3c67e,jup_p35_sn_moscar_animpackage_hybrid01
29d2b3bfe3f0f79,jup_p05_ar_foxtrot2000_animpackage_ubch
46f6f3b901b8e00,jup_p01_ar_golf36_animpackage_ubgl
5d5d750725e9089c,jup_p24_pi_glima21_animpackage_akimbo_r_xmaglrg
5276562993a0275a,jup_p12_pi_romeo93_animpackage_hybrid03
6bd2af0c2deab8cd,jup_p01_dm_slima8_animpackage_gripang
3647993580c53bfb,jup_p13_sn_svictor_animpackage_gripvertshort
5818f0b046c3c318,jup_p35_sn_moscar_animpackage_hybrid03
7512f216393dc16f,jup_p34_ar_balpha27_animpackage_gripvert
6d4518fc53cc1669,jup_p01_ar_golf36_animpackage_ubgl_launcher
4b1213f6b81cc9cf,jup_p05_ar_foxtrot2000_animpackage_ubch_chain
7bc2d5774956ad28,jup_p24_pi_glima21_animpackage_akimbo_l_drum
441d8c59e8c22389,jup_p12_pi_romeo93_animpackage_selectsemi_on
706c77ba162902a1,jup_p01_dm_slima8_animpackage_40rd
5b8999f35cf20db9,jup_p36_ar_anovember94_animpackage_gripvertpro
2d34b3bfe6cd549,jup_p05_ar_foxtrot2000_animpackage_ubsh
5813cd794ca120b6,jup_p24_pi_glima21_animpackage_akimbo_r_drum
4988b3b903ec2a8,jup_p01_ar_golf36_animpackage_ubsh
265a9ca3ee32f008,jup_p13_dm_svictork_animpackage_xmag
745bc681f9bba5,jup_p12_pi_romeo93_animpackage_selectsemi_off
4f40a3906606c544,jup_p01_dm_slima8_animpackage_10rd
3cfa39cfca234a8c,jup_p08_ar_qbravo97_animpackage
50230990682ef082,jup_p36_ar_anovember94_animpackage_gripvert
28671eb2fbed1c83,jup_p01_ar_golf36_animpackage
130fb349f4bc870c,jup_p34_ar_balpha27_animpackage_gripang
e1a55d60707e058,jup_p05_ar_foxtrot2000_animpackage_ubsh_shotgun
40152d4cf34b5976,jup_p13_sn_svictor_animpackage_xmaglrg
127d6a93129260c5,jup_p01_ar_golf36_animpackage_ubsh_shotgun
351726a0be38cfe7,jup_p34_ar_balpha27_animpackage_gripvertshort
186ae54a698c0163,jup_p12_pi_mike93_animpackage_optics
475aa772d0332dc0,jup_p09_sh_oromeo12_animpackage
5415b503370fdc7d,jup_p01_ar_golf36_default_animpackage
6690bab711b79bd3,jup_p36_ar_anovember94_animpackage_gripang
6566db7e8003858e,jup_p01_dm_slima8_animpackage_30rd
2a7293bfe476098,jup_p05_ar_foxtrot2000_animpackage_ubfl
1fb0b51ac1d5f9ed,jup_p01_ar_golf36_animpackage_hybrid01
5881a5e5e467354f,jup_p34_ar_balpha27_animpackage_xmag
73d4c09d5c81227d,jup_p13_sn_svictor_animpackage_hybrid01
4b959e6799b8253,jup_p13_sn_svictor_animpackage
79bb243a9ca37f01,jup_p12_pi_mike93_animpackage_24rd
2da7b699014df5d6,jup_p01_dm_slima8_animpackage_hybrid01
3429e97f89ce6680,jup_p05_ar_foxtrot2000_animpackage_ubfl_flame
1fb0b31ac1d5f687,jup_p01_ar_golf36_animpackage_hybrid03
5cc615efe1fc8954,jup_p36_ar_anovember94_animpackage_laser
1e06c36b38f922d4,jup_p05_ar_foxtrot2000_animpackage
d3501903b568438,jup_p16_sh_recho870_animpackage
473953b901fb769,jup_p01_ar_golf36_animpackage_ubfl
73d4be9d5c811f17,jup_p13_sn_svictor_animpackage_hybrid03
ca716049caba19c,jup_p05_ar_foxtrot2000_animpackage_hybrid01
2da7b499014df270,jup_p01_dm_slima8_animpackage_hybrid03
5a7173bc960394b8,jup_p19_ar_acharlie_animpackage
1651df2edab8448f,jup_p36_ar_anovember94_animpackage_bipod
7562743408b8261c,jup_p12_pi_mike93_animpackage_30rd
5fd7f12aae566bce,jup_p05_ar_foxtrot2000_default_animpackage
480c2a6b8c9b99cd,jup_p01_ar_golf36_animpackage_ubfl_flame
14037b9a1a2cc0ab,jup_p13_sn_svictor_animpackage_xmag
ca718049caba502,jup_p05_ar_foxtrot2000_animpackage_hybrid03
5b5834414fc839b7,jup_p01_dm_slima8_animpackage_selectsemi_on
982e1b76d8c6b69,jup_p36_ar_anovember94_animpackage_griprec
b50a02ce8988847,jup_p05_ar_foxtrot2000_animpackage_gripang
4626b3b9010fcd8,jup_p01_ar_golf36_animpackage_ubch
19a30455716138ee,jup_p16_sh_recho870_animpackage_hybrid03
2ab4f3bfe4b8a01,jup_p05_ar_foxtrot2000_animpackage_ubgl
703fc6d3cbd963e0,jup_p36_ar_anovember94_animpackage_hybrid01
5b8ad897ab7ab7f3,jup_p01_lm_mgolf36_animpackage_gripang
63a7e8e0e3a86fce,jup_p05_ar_foxtrot2000_animpackage_ubgl_launcher
689c5d37af017ffc,jup_p14_pi_rsierra12_animpackage_gripang
d48a82fdc6c27f7,jup_p14_pi_rsierra12_animpackage
7effabfa9123919b,jup_p01_dm_slima8_animpackage_selectsemi_off
357095c11d53e96,jup_p01_ar_golf36_animpackage_ubch_chain
6ec1121350be6e85,jup_p36_ar_anovember94_animpackage_semiselect_on
583fae35aeb74e22,jup_p01_lm_mgolf36_animpackage_gripvert
19a3025571613588,jup_p16_sh_recho870_animpackage_hybrid01
34e8b62f7aaa6391,jup_p05_ar_foxtrot2000_animpackage_selectsemi_on
707bbffdbd86dadf,jup_p14_pi_rsierra12_animpackage_gripvert
6328b5d41bd299fc,jup_p14_pi_rsierra12_animpackage_akimbo_r
4571aded6279b640,jup_p01_lm_mgolf36_animpackage
199ec9d622e23b21,jup_p36_ar_anovember94_animpackage_smag
709bc9d233ad8501,jup_p36_ar_anovember94_animpackage_semiselect_off
61ea997f0f351f04,jup_p01_lm_mgolf36_animpackage_gripvertshort
47895a2f2eeb476b,jup_p37_dm_kappa98_animpackage
34b570e34461e6db,jup_p17_sn_hsierra_animpackage
11b599ad6f6f7d2d,jup_p05_ar_foxtrot2000_animpackage_selectsemi_off
682aa56d0a012157,jup_p14_pi_rsierra12_animpackage_gripvertshort
5473626ac9209cf2,jup_p01_lm_mgolf36_default_animpackage
6328abd41bd288fe,jup_p14_pi_rsierra12_animpackage_akimbo_l
1e9fdc21f0168c15,jup_p17_sn_hsierra_default_animpackage
10f4f1bb8262d45,jup_p37_dm_kappa98_default_animpackage
4d9f7988753bddc6,jup_p36_ar_anovember94_animpackage_xmag
4273674d955897de,jup_p01_lm_mgolf36_animpackage_gripside
708c896b55248a40,jup_p06_lm_pkilop_animpackage
47dd90989762ce79,jup_p14_pi_rsierra12_default_animpackage
1010d727b443427c,jup_p14_pi_rsierra12_animpackage_gripstop
fdf5f98bcceae70,jup_p37_dm_kappa98_animpackage_gripang
4822ebf360c12679,jup_p36_ar_anovember94_animpackage_xmaglrg
4c0d4c4436ad5130,jup_p01_lm_mgolf36_animpackage_100rnd
5739c3905e6df0f2,jup_p06_lm_pkilop_default_animpackage
14b89a877bc1f521,jup_p16_sh_recho870_animpackage_gripvertpro
423572d7a9a9d193,jup_p17_sn_hsierra_animpackage_xmag
65a0772a90d5a5e3,jup_p37_dm_kappa98_animpackage_gripvert
3ef1dd02650e9dc7,jup_p36_ar_anovember94_animpackage_ubdrill
5050195e273d0723,jup_p01_lm_mgolf36_animpackage_40rnd
356f9da3bcb7c322,jup_p06_lm_pkilob_animpackage
4e1aaae57e48b2f1,jup_p17_sn_hsierra_animpackage_barshort
3d264b85da1af82f,jup_p19_dm_sbeta_animpackage_akimbo_r
303196542e506206,jup_p02_ar_bromeo2m_animpackage_gripvertshort
3a8bd17b2932dca,jup_p16_sh_recho870_animpackage_gripvert
46de7a2a47be53de,jup_p06_lm_pkilop_animpackage_gripside
7f0e40d76912d02a,jup_p02_ar_bromeo805_animpackage_50rnd
785c6b791261c180,jup_p01_lm_mgolf36_animpackage_hybrid01
18f91232c62db73,jup_p37_dm_kappa98_animpackage_gripvertshort
59cb156847a88988,jup_p36_ar_anovember94_animpackage_ubdrill_launcher
3d13cd5c25af46d8,jup_p17_sn_hsierra_animpackage_bolthvy
16da5aaf4d58d95c,jup_p06_lm_pkilob_animpackage_gripside
6d20cb5ed53c8269,jup_p02_ar_bromeo2m_animpackage_gripang
6cc630b342eb6f1b,jup_p16_sh_recho870_animpackage_gripang
785c6d791261c4e6,jup_p01_lm_mgolf36_animpackage_hybrid03
316c6302cc4190ca,jup_p02_ar_bromeo805_animpackage_hybrid01
5caac112611d0a22,jup_p06_lm_pkilop_animpackage_gripvert
3d264185da1ae731,jup_p19_dm_sbeta_animpackage_akimbo_l
430cda086aac915,jup_p36_ar_anovember94_animpackage_ubgl
1c6f285c13c37aa2,jup_p17_sn_hsierra_animpackage_boltlgt
13c9463d450d3b84,jup_p16_sh_recho870_animpackage_pstl
d59e1967b9fb3bc,jup_p06_lm_pkilob_animpackage_gripvert
10908342eb5b8add,jup_p01_lm_mgolf36_animpackage_selectsemi_on
2056b082596d621c,jup_p02_ar_bromeo2m_animpackage_gripvert
316c6102cc418d64,jup_p02_ar_bromeo805_animpackage_hybrid03
44bdd8e73064d304,jup_p06_lm_pkilop_animpackage_gripvertshort
174cb1b8d66dc1f5,jup_p17_sn_hsierra_animpackage_hybrid01
fe95b5ec75a279,jup_p01_lm_mgolf36_animpackage_selectsemi_off
5f51b7e16bacddf8,jup_p37_dm_kappa98_animpackage_scope
7d4fe3274d2bd26,jup_p06_lm_pkilob_animpackage_gripvertshort
5c7a3a1695a134d2,jup_p36_ar_anovember94_animpackage_ubgl_launcher
67d36877c05ea8bc,jup_p16_sh_recho870_animpackage_gripergo
6bbb54e12a90a087,jup_p02_ar_bromeo2m_animpackage_20rnd
695d363a2072d737,jup_p02_ar_bromeo805_animpackage_ubgl
205e34bc031d613,jup_p06_lm_pkilop_animpackage_75rnd
2e5cb5806bd48bc5,jup_p37_dm_kappa98_animpackage_hybrid01
482de4976efa188d,jup_p06_lm_pkilob_animpackage_75rnd
174cafb8d66dbe8f,jup_p17_sn_hsierra_animpackage_hybrid03
6081e2d90ed2e3a2,jup_p02_ar_bromeo805_animpackage
69d88eb06c2ca057,jup_p16_sh_recho870_animpackage_bolthvy
1335e4cba88e3f7c,jup_p02_ar_bromeo2m_animpackage_xmag
408d1a086897dcd,jup_p36_ar_anovember94_animpackage_ubsh
2e5cb3806bd4885f,jup_p37_dm_kappa98_animpackage_hybrid03
31032c32ae516d2a,jup_p19_ar_acharlie_default_animpackage
31e1b455ada020c4,jup_p02_ar_bromeo805_default_animpackage
34de91dd2fdc2cf8,jup_p02_ar_bromeo805_animpackage_ubgl_launcher
179cb35120bd782f,jup_p06_lm_pkilop_animpackage_200rnd
734dcce31a1c102d,jup_p06_lm_pkilob_animpackage_150rnd
51ed705bce555517,jup_p02_ar_bromeo2m_animpackage_ubgl
460af3b057916a3d,jup_p16_sh_recho870_animpackage_boltlgt
644fedaaa846674a,jup_p19_ar_acharlie_animpackage_gripvert
69345a3a20500f4f,jup_p02_ar_bromeo805_animpackage_ubsh
e66a30d31de1d3c,jup_p02_ar_bromeo805_animpackage_gripvert
1a6333c26fc39a7c,jup_p06_lm_pkilop_animpackage_200rnd_grip
5e746694696a9a1c,jup_p36_ar_anovember94_animpackage_ubsh_shotgun
f85e6912c255898,jup_p02_ar_bromeo2m_animpackage_ubgl_launcher
428837d40470acb5,jup_p06_lm_pkilob_animpackage_200rnd
26e3958617f8f9b,jup_p19_ar_acharlie_animpackage_gripang
1c7947b72d93e35d,jup_p16_sh_recho870_animpackage_pstl_gripvertpro
4344c82d23f18109,jup_p02_ar_bromeo805_animpackage_gripang
2e2b2892deb00f2a,jup_p02_ar_bromeo805_animpackage_ubsh_shotgun
51c4945bce328d2f,jup_p02_ar_bromeo2m_animpackage_ubsh
43eb1a086b6d6dd,jup_p36_ar_anovember94_animpackage_ubch
1cbbea5dc37047c8,jup_p06_lm_pkilop_animpackage_75rnd_grip
677d70d9fe28849c,jup_p19_ar_acharlie_animpackage_gripvertshort
305fa18c1603274a,jup_p06_lm_pkilob_animpackage_hybrid01
6959383a206ef1c6,jup_p02_ar_bromeo805_animpackage_ubfl
76eb67eb6fa135ca,jup_p02_ar_bromeo2m_animpackage_ubsh_shotgun
64b2ff1db42d476,jup_p16_sh_recho870_animpackage_pstl_gripvert
55477c56d52489a6,jup_p02_ar_bromeo805_animpackage_gripvertshort
53d36f8f052c9113,jup_p36_ar_anovember94_animpackage_ubch_chain
5375f780a198ceb0,jup_p06_lm_pkilop_animpackage_150rnd_grip
51015a5aa8944522,jup_p19_ar_acharlie_animpackage_3013
305f9f8c160323e4,jup_p06_lm_pkilob_animpackage_hybrid03
51fb745bce61993f,jup_p02_ar_bromeo2m_animpackage_ubch
40989960a1876d97,jup_p16_sh_recho870_animpackage_pstl_gripang
7bcc9f837e704426,jup_p02_ar_bromeo805_animpackage_ubfl_flame
349d654b9215eb27,jup_p02_ar_bromeo805_animpackage_20rnd
56f7f6d3fd6e1f73,jup_p09_sh_oromeo12_animpackage_gripang
7ed95bd01727b4c3,jup_p06_lm_pkilob_animpackage_selectsemi_on
42da7a086a852ac,jup_p36_ar_anovember94_animpackage_ubfl
7cc77e55c4c77d80,jup_p06_lm_pkilop_animpackage_hybrid01
314a0230bb06f729,jup_p02_ar_bromeo2m_animpackage_ubch_chain
30449c96929f2664,jup_p38_sh_spapa12_animpackage
1966f351724fd158,jup_p16_sh_recho870_animpackage_pstl_gripergo
3326d797588f0da7,jup_p06_lm_pkilob_animpackage_selectsemi_off
696a3a3a207d685f,jup_p02_ar_bromeo805_animpackage_ubch
51ea725bce5322a6,jup_p02_ar_bromeo2m_animpackage_ubfl
67990924efe0733c,jup_p36_ar_anovember94_animpackage_ubfl_flame
7cc78055c4c780e6,jup_p06_lm_pkilop_animpackage_hybrid03
602b9591433746c6,jup_p02_ar_bromeo2m_animpackage_ubfl_flame
7bce36a045aa5789,jup_p02_ar_bromeo805_animpackage_ubch_chain
703fc8d3cbd96746,jup_p36_ar_anovember94_animpackage_hybrid03
7363c2ab0c8b3edd,jup_p06_lm_pkilop_animpackage_selectsemi_on
31b66b09133efa63,jup_p02_ar_bromeo2m_animpackage_selectsemi_on
4f5a8f7ff3b79555,jup_p38_sh_spapa12_animpackage_akimbo_r
4c4bd9f477798143,jup_p02_ar_bromeo805_animpackage_selectsemi_on
1e91f07394ca4544,jup_p02_ar_bromeo2m_animpackage_hybrid03
78f696bf4c6442d6,jup_p19_br_acharlie450_animpackage
61f16d7162e56709,jup_p19_ar_acharlie_animpackage_smag
1da753a650847e79,jup_p06_lm_pkilop_animpackage_selectsemi_off
380d156bb419efc7,jup_p02_ar_bromeo2m_animpackage_selectsemi_off
110bb31f80147aa8,jup_p40_br_hcharlie36_animpackage_selectsemi_off
1e7faf67038d8b27,jup_p02_ar_bromeo805_animpackage_selectsemi_off
4f5a817ff3b77d8b,jup_p38_sh_spapa12_animpackage_akimbo_l
7faf15e5a43e0d07,jup_p19_br_acharlie450_animpackage_smag
6cbd3f37688a707b,jup_p19_ar_acharlie_animpackage_40rnd
1e91f27394ca48aa,jup_p02_ar_bromeo2m_animpackage_hybrid01
676756189184d7f9,jup_p40_br_hcharlie36_animpackage_hybrid01
467f0cb15cfc3cb3,jup_p19_br_acharlie450_animpackage_15rnd
52c334d035e50a7e,jup_p38_sh_spapa12_default_animpackage
676754189184d493,jup_p40_br_hcharlie36_animpackage_hybrid03
6b71113cb17505fd,jup_p19_ar_acharlie_animpackage_ubgl
ff9d6273b63b94c,jup_p19_br_acharlie450_animpackage_xxlmag
36dcf949a8f8ef53,jup_p38_sh_spapa12_default_animpackage_akimbo_r
1e9eee5e9a2288dc,jup_p40_br_hcharlie36_animpackage_ubgl
a9c98d43f15f24a,jup_p19_ar_acharlie_animpackage_ubgl_launcher
7eb8368b7bb22432,jup_p19_ar_acharlie_animpackage_xxlmag
55cda38a2d68afc2,jup_p02_ar_bromeo2m_animpackage
2c09eff223a8dc25,jup_p40_br_hcharlie36_animpackage_ubgl_launcher
7f3af823ae0997e4,jup_p01_sm_coscar635_default_animpackage
70bec0523a29a366,jup_p19_br_acharlie450_animpackage_xmagr
36dd1749a8f9224d,jup_p38_sh_spapa12_default_animpackage_akimbo_l
53d95b3f513c2fa9,jup_p01_sm_coscar635_animpackage_gripang
1ee2f25e9a5c5c74,jup_p40_br_hcharlie36_animpackage_ubsh
573358d1054f6717,jup_p40_br_hcharlie36_animpackage
1d0703cce5e8124,jup_p19_ar_acharlie_animpackage_xmagr
2383f9053c55085a,jup_p01_sm_coscar635_animpackage_barshort
215bfc121661cd41,jup_p40_br_hcharlie36_animpackage_ubsh_shotgun
7516321fe1cddc96,jup_p38_sh_spapa12_animpackage_gripvert
6b48353cb1523e15,jup_p19_ar_acharlie_animpackage_ubsh
bb38e76974fedd9,jup_p40_br_hcharlie36_default_animpackage
672e8262a86d08c7,jup_p19_br_acharlie450_animpackage_selectsemi_on
58aeaf027c46a5c,jup_p01_sm_coscar635_animpackage_gripvert
61a5865460d0a837,jup_p38_sh_spapa12_animpackage_gripang
1ea2d45e9a264585,jup_p40_br_hcharlie36_animpackage_ubfl
70f82edaa88575a4,jup_p19_ar_acharlie_animpackage_ubsh_shotgun
41809d1a5879d75c,jup_p40_br_hcharlie36_animpackage_gripang
40f53ea4312efd0b,jup_p19_br_acharlie450_animpackage_selectsemi_off
3cf9533681ffa946,jup_p01_sm_coscar635_animpackage_gripvertshort
502847a3694bdae1,jup_p40_br_hcharlie36_animpackage_ubfl_flame
354d9fa6e2d29d20,jup_p38_sh_spapa12_animpackage_gripvertshort
698b5da7dd2a003e,jup_p19_ar_acharlie_animpackage_xmag
4ddc8aba4802c3ea,jup_p01_sm_coscar635_animpackage_hybrid01
51a1ed8c6f70b99d,jup_p02_sm_scharlie3_animpackage_drum
7e85b862cecd5050,jup_p01_sm_coscar635_animpackage_20rd_grip
5a91271b35b236fc,jup_p19_dm_acharlied_animpackage
6f58384dfad75aa2,jup_p20_lm_evictor_animpackage_bipod
51382afec4ae7c68,jup_p07_sm_uzulup_animpackage_50rd
7145ee23b22096bf,jup_p40_br_hcharlie36_animpackage_gripvert
1eacd25e9a2e96a4,jup_p40_br_hcharlie36_animpackage_ubch
1219aa4a45f1518,jup_p02_sm_scharlie3_animpackage_hybrid01
543d272d0a928e5e,jup_p38_sh_spapa12_animpackage_stockno
7a4a32e867146f08,jup_p19_ar_acharlie_animpackage_hybrid01
1a72fa8c93338b2d,jup_p19_dm_acharlied_animpackage_smag
4671734c40ee8e59,jup_p01_sm_coscar635_animpackage_50rd_grip
2ae28105bc7efeb7,jup_p40_br_hcharlie36_animpackage_gripvertshort
1219ca4a45f187e,jup_p02_sm_scharlie3_animpackage_hybrid03
105844532b93a1b5,jup_p20_lm_evictor_animpackage_50rnd
4ddc88ba4802c084,jup_p01_sm_coscar635_animpackage_hybrid03
2fdc0c738db663d2,jup_p40_br_hcharlie36_animpackage_ubch_chain
74b2824d3192deb1,jup_p20_lm_evictor_animpackage
17fb013c3517debe,jup_p07_sm_uzulup_animpackage
7e6ce2e95835b0cf,jup_p40_br_hcharlie36_animpackage_barsil
6f920a74fb204d19,jup_p01_sm_coscar635_animpackage_100rd_grip
54cb87740c733e0c,jup_p20_lm_evictor_animpackage_200rnd
531ea6c0c656eacb,jup_p41_sm_kpappa50_animpackage
7a4a34e86714726e,jup_p19_ar_acharlie_animpackage_hybrid03
6eeb7fe353db0ce3,jup_p20_lm_evictor_default_animpackage
3f1c288dad322d2,jup_p38_sh_spapa12_animpackage_stockhvy
7f114224b412993,jup_p07_sm_uzulup_animpackage_akimbo_r
718dcda8bec737dd,jup_p01_sm_coscar635_animpackage_30rd_hmr9
7d857b4ea735be15,jup_p20_lm_evictor_animpackage_gripside
521938dd1d5be8e5,jup_p41_sm_kpappa50_default_animpackage
77564f5f7d9f3d4,jup_p20_lm_evictor_animpackage_100rnd_556
7587ddd05c8922e5,jup_p19_ar_acharlie_animpackage_selectsemi_on
e5985c9202081a3,jup_p01_sm_coscar635_animpackage_selectsemi_on
5ae77c776ab91901,jup_p38_sh_spapa12_animpackage_selectsemi_on
1c0d1f283cae41f,jup_p40_br_hcharlie36_animpackage_xmag
1bf8117454b16d2b,jup_p01_sm_coscar635_animpackage_20rd
5ccb085b981f9a10,jup_p41_sm_kpappa50_animpackage_gripang
2b61bc2401e0d799,jup_p20_lm_evictor_animpackage_gripvert
2bb49c197539b07,jup_p01_sm_coscar635_animpackage_selectsemi_off
7f132224b415c8d,jup_p07_sm_uzulup_animpackage_akimbo_l
3168ebdcd418259a,jup_p20_lm_evictor_animpackage_50rnd_scope
3f1b9c0d3d1cbde1,jup_p19_ar_acharlie_animpackage_selectsemi_off
79739d59787f4dec,jup_p01_sm_coscar635_animpackage_50rd
55e8f772ab0acc5f,jup_p07_sm_uzulup_animpackage_selectsemi_on
6e629a453e3a7603,jup_p41_sm_kpappa50_animpackage_gripvert
3055f5ea586dca7d,jup_p38_sh_spapa12_animpackage_selectsemi_off
7720a7cd61e4f43c,jup_p01_sm_pcharlie9_animpackage
469ff150583cec68,jup_p07_sm_uzulup_default_animpackage
246da04d2aaaa946,jup_p40_br_hcharlie36_animpackage_selectsemi_on
4e1f248acbdb4457,jup_p20_lm_evictor_animpackage_200rnd_scope
5c3a0d8a36fb163,jup_p07_sm_uzulup_animpackage_selectsemi_off
4a0bb0d34c8cf0ac,jup_p01_sm_coscar635_animpackage_100rd
4a73aca9000340d6,jup_p01_sm_pcharlie9_default_animpackage
492f4f0305d45c13,jup_p41_sm_kpappa50_animpackage_gripvertshort
6b7f153cb1814a25,jup_p19_ar_acharlie_animpackage_ubch
553c10fb2030b9ac,jup_p38_sh_spapa12_animpackage_hybrid01
27b0bb8712c5c361,jup_p20_lm_evictor_animpackage_hybrid03
6b4b33eb990feac6,jup_p08_ar_qbravo97_default_animpackage
511b438efd80edf1,jup_p07_sm_uzulup_default_animpackage_akimbo_r
7c5f5df463166ddb,jup_p19_ar_acharlie_animpackage_ubch_chain
5ae41855c7abeb5f,jup_p01_sm_pcharlie9_animpackage_gripang
553c12fb2030bd12,jup_p38_sh_spapa12_animpackage_hybrid03
8fb682ea9101606,jup_p08_ar_qbravo97_animpackage_bar
27b0b98712c5bffb,jup_p20_lm_evictor_animpackage_hybrid01
3a248280c07e3c9e,jup_p01_sm_pcharlie9_animpackage_gripvert
511b4d8efd80feef,jup_p07_sm_uzulup_default_animpackage_akimbo_l
729f7c0e762ebe3,jup_p01_sm_pcharlie9_animpackage_40rd
6b6e2b3cb172fc54,jup_p19_ar_acharlie_animpackage_ubfl
514cd65cf9a39360,jup_p23_me_pdango_animpackage
7940f2117d146976,jup_p08_ar_qbravo97_animpackage_gripang_60rnd
503b76139d3c178a,jup_p08_ar_qbravo97_animpackage_hybrid03
22f71c1f237c744,jup_p23_me_shotel_animpackage
6d254ae5df241c0f,jup_p08_ar_qbravo97_animpackage_gripang
3016e0f14d82a565,jup_p41_sm_kpappa50_animpackage_hybrid01
26f05060a6af2e98,jup_p01_sm_pcharlie9_animpackage_gripvertshort
747294fc33c6641e,jup_p23_me_shotel_default_animpackage
6c28edaf3e433bd2,jup_p23_me_pdango_default_animpackage
42f1b88b6d9290a4,jup_p20_lm_evictor_animpackage_selectsemi_on
20e438d8c0523d59,jup_p08_ar_qbravo97_animpackage_selectsemi_on
5a15435d89581e29,jup_p01_sm_pcharlie9_animpackage_selectsemi_on
3f0b321552ec438,jup_p07_sm_uzulup_animpackage_gripvert
91a5e271dc9f54,jup_p19_ar_acharlie_animpackage_ubfl_flame
4fc9ee47ef5d879d,jup_p08_ar_qbravo97_animpackage_gripvertshort_20rnd
12d417d899189d48,jup_p08_ar_qbravo97_animpackage_gripvertshort
3016def14d82a1ff,jup_p41_sm_kpappa50_animpackage_hybrid03
4de0eb4fef29ab8b,jup_p01_sm_pcharlie9_animpackage_bar_short
3624c74ecbd4be95,jup_p08_ar_qbravo97_animpackage_selectsemi_off
528d617ad0cda152,jup_p23_me_spear_animpackage
3834fc4ddb5d278e,jup_p08_ar_qbravo97_animpackage_gripvert
18cc57e12fc4e1c8,jup_p02_sm_scharlie3_animpackage
748926801a994711,jup_p08_ar_qbravo97_animpackage_gripvertshort_60rnd
533266eb2ff54d1e,jup_p20_lm_evictor_animpackage_selectsemi_off
12f0d7fc36fc3c27,jup_p01_sm_pcharlie9_animpackage_barsil_short
6a5ab6f060d22cc5,jup_p01_sm_pcharlie9_animpackage_selectsemi_off
369b00d8480ac1e1,jup_p08_ar_qbravo97_animpackage_ubch
7afa80c605d6dffb,jup_p07_sm_uzulup_animpackage_gripcust1
1589d924ced85994,jup_p23_me_spear_default_animpackage
384a88b743027c7,jup_p44_ar_stango44_animpackage
24ac3dfc41e57b5a,jup_p02_sm_scharlie3_default_animpackage
326de86db999938f,jup_p08_ar_qbravo97_animpackage_40rnd
3d7ecce0dae6df9b,jup_p08_ar_qbravo97_animpackage_gripvert_20rnd
55e7899f415cef0f,jup_p44_ar_stango44_animpackage_gripvert
5ceebd9640c2a4d4,jup_p01_sm_pcharlie9_animpackage_hybrid01
63fa95fe372fb59e,jup_p20_lm_evictor_animpackage_scope
7afa81c605d6e1ae,jup_p07_sm_uzulup_animpackage_gripcust2
51d88ee45bdb7860,jup_p02_sm_scharlie3_animpackage_104
3422ffe7035063c,jup_p23_me_swhiskey_animpackage
69ba7b0e4fc931f8,jup_p01_sm_pcharlie9_animpackage_laser
a52682ed5d5a989,jup_p08_ar_qbravo97_animpackage_20rnd
42fd918993b54167,jup_p08_ar_qbravo97_animpackage_gripvert_60rnd
314e812ea4a7a2cb,jup_p02_sm_scharlie3_animpackage_gripang
6f4e8893cb8992d6,jup_p23_me_swhiskey_default_animpackage
47cbc725b3ab663e,jup_p07_sm_uzulup_animpackage_hybrid01
fd12cd78ea40b55,jup_p08_ar_qbravo97_animpackage_60rnd
59b7dab5a7065484,jup_p08_ar_qbravo97_animpackage_ubgl_20rnd
cc2cdb2c72f98ba,jup_p02_sm_scharlie3_animpackage_gripvert
47cbc525b3ab62d8,jup_p07_sm_uzulup_animpackage_hybrid03
7ed08dbf38f714cc,jup_p02_sm_scharlie3_animpackage_gripvertshort
5ac398c1bb167786,jup_p08_ar_qbravo97_animpackage_ubgl_launcher
716f3e6fdad4c2ba,jup_p08_ar_qbravo97_animpackage_gripang_20rnd
492ec7d5228a974c,jup_p07_sm_uzulup_animpackage_25rd
622f8f5e625af240,jup_p08_ar_qbravo97_animpackage_ubgl_60rnd
3fd1b9976d357f2c,jup_p02_sm_scharlie3_animpackage_nostock
30196ed51496f22f,jup_p07_sm_uzulup_animpackage_20rd
21ffdc675cc3712c,jup_p08_ar_qbravo97_animpackage_ubsh_20rnd
6894970b2ae8c47a,jup_p25_ar_talpha95_animpackage
7ae6d7dcd19d7846,jup_p23_me_karambit_animpackage
2c312a74846e2d87,jup_p07_sm_uzulup_animpackage_drum
2f953b0dc500bd20,jup_p08_ar_qbravo97_animpackage_ubsh_shotgun
2dea05c6dc0de5dc,jup_p25_ar_talpha95_default_animpackage
2a3ed008ff605688,jup_p08_ar_qbravo97_animpackage_ubsh_60rnd
36a5ded848148fa0,jup_p08_ar_qbravo97_animpackage_ubfl
7ce76412a1143280,jup_p25_ar_talpha95_animpackage_bar
2035dc3e74bb7998,jup_p08_ar_qbravo97_animpackage_ubfl_flame
3187794aa08ee5b1,jup_p25_ar_talpha95_animpackage_gripang
36a904d848170609,jup_p08_ar_qbravo97_animpackage_ubgl
3cedd0297a87e344,jup_p25_ar_talpha95_animpackage_gripvert
36d1e0d84839cdf1,jup_p08_ar_qbravo97_animpackage_ubsh
15c992cf63cb9afe,jup_p25_ar_talpha95_animpackage_gripvertshort
503b74139d3c1424,jup_p08_ar_qbravo97_animpackage_hybrid01
775540b5f1176920,iw9_p01_lm_foxtrot_animpackage_gripvert
bad65f99a534a3d,iw9_p01_lm_foxtrot_animpackage_gripang
753078637b76f87a,iw9_p04_sm_aviktor_animpackage_gripvertshort_barlight
10d65c73705c8904,iw9_p04_sm_aviktor_animpackage_gripvert_barlight
3b1342f2b9d8b9a,iw9_p05_ar_schotel_animpackage
41c2675225aa8ff2,iw9_p01_lm_foxtrot_animpackage_gripvertshort
1fe7fa7c233a7fbc,iw9_p05_ar_schotel_default_animpackage
52fdaea419a88443,iw9_p04_sm_aviktor_animpackage_gripang_barlight
3a5695b4bfa194dc,iw9_p27_pi_papa220_animpackage_xmag
68c6b11f50b846e,iw9_p06_ar_fecho_animpackage_gripvertshort
219c44e81516d550,iw9_p01_lm_foxtrot_animpackage_xmag
7bdb9ec2d5d6cdc0,iw9_p01_lm_foxtrot_animpackage_hybrid03
3f62741adfa0b60a,iw9_p04_sm_aviktor_animpackage_gripvert
1f0bd1577637725b,iw9_p04_sm_aviktor_animpackage_gripang
152e5dfe3e324f53,iw9_p27_pi_papa220_animpackage_xmaglrg
7a0151ea1bd6cc3c,iw9_p27_pi_papa220_animpackage_hammer_dak_xmag
550d07cb9e2af4ab,iw9_p01_lm_foxtrot_animpackage_selectsemi_off
7bdba0c2d5d6d126,iw9_p01_lm_foxtrot_animpackage_hybrid01
4e4110e035909b2e,iw9_p04_sm_aviktor_animpackage_hybrid03
44d63a89005d22e7,iw9_p01_lm_foxtrot_animpackage_selectsemi_on
43dbd76427f5585c,iw9_p04_sm_aviktor_animpackage_gripvertshort
164a0fc32713d5e4,iw9_p02_ar_golf3_animpackage
4e410ee0359097c8,iw9_p04_sm_aviktor_animpackage_hybrid01
7643c28c67f8c382,iw9_p27_pi_papa220_animpackage_hammer_dak
ae89d2dbedfe739,iw9_p02_lm_kilo21_default_animpackage
745ab00352239233,iw9_p27_pi_papa220_animpackage_hammer_dak_xmaglrg
64f9ae59b373135f,iw9_p02_lm_kilo21_animpackage_gripside
20b3c3c3ec2aa9fe,iw9_p02_ar_golf3_default_animpackage
153dbddb92863bfe,iw9_p04_sm_aviktor_animpackage_barlight
471c3939f4cf10cc,iw9_p04_sm_aviktor_animpackage_laser
1b1f985d77312927,iw9_p02_lm_kilo21_animpackage_xmag_gripside
4207a50ca2b1e85,iw9_p02_ar_golf3_animpackage_smag
14ad7ce30410a427,iw9_p27_pi_papa220_animpackage_akimbo_r_carry
71832ed487fa6ef1,iw9_p02_lm_kilo21_animpackage_gripside_hybrid01
5c2a56dd5d7899c0,iw9_p13_sh_mbravo_animpackage
4f6e1dbdbd871c2c,iw9_p04_sm_beta_default_animpackage
751c09db984121c3,iw9_p01_dm_msecho_animpackage
a9e7b19d87ec392,iw9_p02_ar_golf3_animpackage_hybrid03
2a789a3e9a1be316,iw9_p02_ar_golf3_animpackage_gripvert
593fb424495e4bde,iw9_p26_pi_swhiskey_default_animpackage
7724a89f21f28cff,iw9_p02_lm_kilo21_animpackage_xmag
76a8d0ce9a46a02d,iw9_p04_sm_aviktor_animpackage_semiselect_on
3365cc188b339604,iw9_p26_pi_swhiskey_animpackage
676cbba703dc58bc,iw9_p02_lm_kilo21_animpackage_gripang
61f39d433c20d9bc,iw9_p02_ar_golf3_animpackage_bar_ar
389aaa8c2f50457a,iw9_p02_ar_golf3_animpackage_xmag
71832cd487fa6b8b,iw9_p02_lm_kilo21_animpackage_gripside_hybrid03
2f961548171647b7,iw9_p02_ar_golf3_animpackage_gripang
709e59df6ff95fbd,iw9_p01_dm_msecho_default_animpackage
3ff3f05a762ec334,iw9_p04_sm_beta_animpackage_optic
6d2e7c373fa3e775,iw9_p26_pi_swhiskey_animpackage_akimbo_r
6d7a772fd281849f,iw9_p02_lm_kilo21_animpackage_gripvert
555ef662a2a22b71,iw9_p02_ar_golf3_animpackage_ubgl
3a0c22ba1ca97baf,iw9_p26_pi_swhiskey_animpackage_scope
67602a1025ebb2e9,iw9_p04_sm_aviktor_animpackage_semiselect_off
12822618f93020a0,iw9_p02_ar_golf3_animpackage_gripvertshort
61e85d24b0735473,iw9_p02_lm_kilo21_animpackage_hybrid03
4745b6e5325d4bb1,iw9_p02_ar_golf3_animpackage_drum
148224061b3fca32,iw9_p01_dm_msecho_animpackage_optics
6d2e6e373fa3cfab,iw9_p26_pi_swhiskey_animpackage_akimbo_l
712fcba4489aa817,iw9_p02_lm_kilo21_animpackage_gripvertshort
2281493e7588ee9a,iw9_p04_sm_beta_animpackage_maggrip
1dd637f9265aa0be,iw9_p02_ar_golf3_animpackage_ubgl_launcher
4091123d9177eb6d,iw9_p02_lm_kilo21_animpackage_barbr
425d18bb2776442a,iw9_p04_sm_beta_animpackage
61e85f24b07357d9,iw9_p02_lm_kilo21_animpackage_hybrid01
44e2a7653411f16b,iw9_p01_dm_msecho_animpackage_gripvert
a9e7919d87ec02c,iw9_p02_ar_golf3_animpackage_hybrid01
18a82ac9ccf1c7c2,iw9_p04_sm_beta_animpackage_hybrid01
48b1cb91cd126f18,iw9_p01_dm_msecho_animpackage_gripang
3b0ddf25aca6f14,iw9_p02_ar_golf3_animpackage_smaglrg
4087003d916f7852,iw9_p02_lm_kilo21_animpackage_barar
5180572d4c04dbd8,iw9_p02_lm_kilo21_animpackage_selectsemi_on_gripside
19dba34ea3de419c,iw9_p52_ar_helima_animpackage
1ce10018d1e28e26,iw9_p02_sm_mpapa5_default_animpackage
18a828c9ccf1c45c,iw9_p04_sm_beta_animpackage_hybrid03
7a72eb0842d66121,iw9_p49_pi_tango9_animpackage_akimbo_l
234a030f4b3fe411,iw9_p02_ar_golf3_animpackage_bar_ar_short
36e3ebefae3172d3,iw9_p04_sm_beta_animpackage_semiselect_on
43673995a820c0cb,iw9_p01_dm_msecho_animpackage_gripvertshort
1cd4e4612bf16f66,iw9_p02_lm_kilo21_animpackage_selectsemi_off_gripside
14b1f344ba44dee,iw9_p02_sm_mpapa5_animpackage_gripvert
3b290a63ef3e1df6,iw9_p52_ar_helima_default_animpackage
621fb0433c4634f0,iw9_p02_ar_golf3_animpackage_bar_lm
76d78d44fe1c9617,iw9_p04_sm_beta_animpackage_semiselect_off
5caf8981dbcfb2f4,iw9_p49_pi_tango9_default_animpackage
56c2430c88d5b799,iw9_p01_dm_msecho_animpackage_barshort
7a021956448fe2e6,iw9_p02_lm_kilo21_animpackage_selectsemi_on
4efeb19f3134b1ac,iw9_p02_sm_mpapa5_animpackage
50823806615e88cd,iw9_p02_ar_golf3_animpackage_bar_light
1a4fc131b807f5ef,iw9_p02_sm_mpapa5_animpackage_gripang
5078092ab3f1c40,iw9_p01_dm_msecho_animpackage_ubgl
6b981b8d0c6920d0,iw9_p02_sm_mpapa5_animpackage_barlong
7f344c0d6f7f9ad4,iw9_p01_dm_msecho_animpackage_barlong_gripang
6024af1d78977a12,iw9_p15_lm_mkilo3_animpackage_xmag
7616d3e0291d2b72,iw9_p49_pi_tango9_animpackage
7f65c6b5533717f,iw9_p01_dm_msecho_animpackage_barlong
3a84232614a5de2c,iw9_p49_pi_tango9_animpackage_gripvert
a48db4783cecbb5,iw9_p15_lm_mkilo3_animpackage_barlight_bipod
415beb92ee07dd76,iw9_p09_sm_mpapa7_animpackage_gripvertpro
48531517affaec4f,iw9_p02_ar_golf3_animpackage_scope
618ebd968094f8c8,iw9_p02_lm_kilo21_animpackage_selectsemi_off
60cf31dfbd54728,iw9_p02_sm_mpapa5_animpackage_gripvertshort
61914e49a11d47ae,iw9_p01_dm_msecho_animpackage_barlbull
21cca082652a00a9,iw9_p01_dm_msecho_animpackage_ubgl_launcher
178608214a6da3df,iw9_p09_sm_mpapa7_animpackage_gripvert
dc626d69d9664f0,iw9_p02_sm_mpapa5_animpackage_barshort
7886da886df2edf9,iw9_p49_pi_tango9_animpackage_gripang
6ea1f088f77a6f3,iw9_p15_lm_mkilo3_animpackage_barlong_gripang
73f2af6babc336f8,iw9_p15_lm_mkilo3_animpackage_gripvertshort
7a72d50842d63bbf,iw9_p49_pi_tango9_animpackage_akimbo_r
175273cda706fc59,iw9_p02_ar_golf3_animpackage_semiselect_on
7e7316236201c3d,iw9_p02_sm_mpapa5_animpackage_smag
5cc9ecdb8453025c,iw9_p15_lm_mkilo3_animpackage
5309c92ab6250e8,iw9_p01_dm_msecho_animpackage_ubsh
d432f7adae112fc,iw9_p09_sm_mpapa7_animpackage_gripang
480c9dad0c699024,iw9_p01_dm_msecho_animpackage_selectsemi_off
4d072b173f898bae,iw9_p49_pi_tango9_animpackage_gripreload
2831f572d0f54b95,iw9_p02_ar_golf3_animpackage_semiselect_off
42a989a59daf7b1,iw9_p15_lm_mkilo3_animpackage_barlight_gripang
4b9ac1775fd0c684,iw9_p02_sm_mpapa5_animpackage_hybrid01
34a6af6dba0252a3,iw9_p49_pi_tango9_animpackage_smag
51f1411526333802,iw9_p02_sm_mpapa5_animpackage_xmag
40589f2088578f7e,iw9_p15_lm_mkilo3_animpackage_gripvert
11018396294faeb6,iw9_p15_lm_mkilo3_default_animpackage
2d46f798ff573138,iw9_p09_sm_mpapa7_animpackage_smag
2ed5d329ba842f2f,iw9_p49_pi_tango9_animpackage_gripreload_smag
55b68d5da6f5b005,iw9_p01_dm_msecho_animpackage_ubsh_shotgun
679ec59386352792,iw9_p01_dm_msecho_animpackage_selectsemi_on
702233d9dfba9e6a,iw9_p17_lm_ngolf7_animpackage
4b9ac3775fd0c9ea,iw9_p02_sm_mpapa5_animpackage_hybrid03
57580df6ee456069,iw9_p02_sm_mpapa5_animpackage_drum
6689da360b80d3b4,iw9_p15_lm_mkilo3_animpackage_hybrid01
1541df6a87ccda4d,iw9_p15_lm_mkilo3_animpackage_smag
a05c73e8f8a673f,iw9_p09_sm_mpapa7_animpackage_xmag
69e04618b2c64012,iw9_p49_pi_tango9_animpackage_gripang_smag
e1a64eb5437ec43,iw9_p49_pi_tango9_animpackage_drum
737144bc28146f9,iw9_p02_sm_mpapa5_animpackage_selectsemi_on
318ab5bd263252,iw9_p09_sm_mpapa7_animpackage_xmaglrg
564a61da159cef46,iw9_p42_ar_ngsierra_animpackage
a5237e1898ee58a,iw9_p02_sm_mpapa5_animpackage_barlight
53b20f22d3961c6c,iw9_p17_lm_ngolf7_default_animpackage
45cdfcc73dc1b6d4,iw9_p01_dm_msecho_animpackage_smag
9c09d090d94d0bf,iw9_p15_lm_mkilo3_animpackage_gripang
6689dc360b80d71a,iw9_p15_lm_mkilo3_animpackage_hybrid03
688b207c2ed6bcf9,iw9_p52_ar_helima_animpackage_ubgl
780179ca47c344f6,iw9_p49_pi_tango9_animpackage_gripang_drum
535cb167408a5d75,iw9_p49_pi_tango9_animpackage_xdrum
4a20a10900b39cb3,iw9_p09_sm_mpapa7_animpackage_hybrid03
43fa0bbb81c35fb5,iw9_p02_sm_mpapa5_animpackage_selectsemi_off
56e84d63a8d5dc0e,iw9_p17_lm_ngolf7_animpackage_gripvertshort
754bfcf0f526247b,iw9_p01_dm_msecho_animpackage_xmag
35cc68784e7ec540,iw9_p15_lm_mkilo3_animpackage_barlong
2d9374247b2bf9ba,iw9_p49_pi_tango9_animpackage_gripang_xdrum
76bf461c64c47f90,iw9_p42_ar_ngsierra_default_animpackage
123ae22652b2fab6,iw9_p52_ar_helima_animpackage_ubgl_launcher
4a20a30900b3a019,iw9_p09_sm_mpapa7_animpackage_hybrid01
3a31b3111662b047,iw9_p49_pi_tango9_animpackage_gripvertext
2cc5b892f7275af7,iw9_p09_sm_mpapa7_animpackage
45ace442882fd314,iw9_p17_lm_ngolf7_animpackage_gripvert
5242a35c4e7da0e2,iw9_p42_ar_ngsierra_animpackage_gripvertshort
6614da224b346337,iw9_p49_pi_tango9_animpackage_akimbo_r_carry
327e6464e63985c,iw9_p14_sh_charlie725_default_animpackage
5b2ab517c5f6761,iw9_p08_sm_mpapax_animpackage_barlong
5342f0c36e297f26,iw9_p09_sm_mpapa7_animpackage_selectsemi_on
590cbbbbeac7e92d,iw9_p42_ar_ngsierra_animpackage_gripang
4a645cd130abfde4,iw9_p17_lm_ngolf7_animpackage_xmag
2bea7cee5bc87de0,iw9_p15_lm_mkilo3_animpackage_barshort
644c87a975a5c92d,iw9_p01_dm_msecho_animpackage_hybrid01
6c8462dbc3426179,iw9_p09_sm_mpapa7_default_animpackage
24598c14309a5308,iw9_p09_sm_mpapa7_animpackage_selectsemi_off
22d162472c413941,iw9_p17_lm_ngolf7_animpackage_gripang
54ea29a9aac65700,iw9_p42_ar_ngsierra_animpackage_xmag
7e69d18f6f68d998,iw9_p08_sm_mpapax_animpackage_selectsemi_on
6ac4c8b8c22632c4,iw9_p14_sh_charlie725_animpackage_gripvert
577e9e43eb5c1dd5,iw9_p08_sm_mpapax_animpackage
644c85a975a5c5c7,iw9_p01_dm_msecho_animpackage_hybrid03
d56882e0f14a79b,iw9_p17_lm_ngolf7_animpackage_xmaglrg
9a0507969e42da1,iw9_p15_lm_mkilo3_animpackage_barshort_smag
127a0af0ab387c50,iw9_p42_ar_ngsierra_animpackage_gripvert
6ec607924d7221df,iw9_p42_ar_ngsierra_animpackage_drum
368de4ba4f135152,iw9_p08_sm_mpapax_animpackage_selectsemi_off
6013c540e507feb6,iw9_p02_ar_kilo53_animpackage
7caddd1a990c1b9c,iw9_p17_lm_ngolf7_animpackage_hybrid03
4913389817d4068f,iw9_p08_sm_mpapax_default_animpackage
178d110250bf9975,iw9_p42_ar_ngsierra_animpackage_xmag_ubgl
6c559ca12e49831,iw9_p14_sh_charlie725_animpackage_gripang
9b0baca4bd6b60,iw9_p07_sm_papa90_animpackage
6daa0a546050c3b8,iw9_p14_sh_charlie725_animpackage_v10_guardtac
664a8811af87b09,iw9_p13_sh_mbravo_animpackage_barmini_stockhvy
4c7d9049e3165755,iw9_p02_sm_mpapa5_animpackage_sdelta_selectsemi_on
b66d1bb2c65a168,iw9_p16_lm_slima_animpackage_gripside
7732fa02f77c3fbb,iw9_p42_ar_ngsierra_animpackage_ubsh
1b7af5732e06914f,iw9_p08_sm_mpapax_animpackage_barshort
671c28410243120,iw9_p02_ar_kilo53_default_animpackage
7caddf1a990c1f02,iw9_p17_lm_ngolf7_animpackage_hybrid01
217f1f8c187663e4,iw9_p42_ar_ngsierra_animpackage_ubgl_launcher
267df78bab6f597e,iw9_p14_sh_charlie725_animpackage_gripvertshort
e3a734b38e50578,iw9_p08_sm_mpapax_animpackage_barmini
d872bfa6d0813d2,iw9_p07_sm_papa90_default_animpackage
27e1e336f00abb50,iw9_p42_ar_ngsierra_animpackage_hybrid03
fce508cdf0cd831,iw9_p02_sm_mpapa5_animpackage_sdelta_selectsemi_off
2452dae3a13926fa,iw9_p14_sh_charlie725_animpackage
4e64ecb4e2bdc70f,iw9_p16_lm_slima_animpackage_smag_gripside
34a98fc86c3be29d,iw9_p13_sh_mbravo_animpackage_barmini_stockno_grippstl
3a2dfb58422ecd38,iw9_p14_sh_charlie725_animpackage_guardtac
7435679e605193c2,iw9_p38_dm_crossbow_animpackage
5a09a36a2bd3bb6,iw9_p08_sm_mpapax_animpackage_gripang
17641502509c9b2d,iw9_p42_ar_ngsierra_animpackage_xmag_ubsh
27e1e536f00abeb6,iw9_p42_ar_ngsierra_animpackage_hybrid01
287bc8c5fc0775bd,iw9_p14_sh_charlie725_animpackage_scope
2c6d8d5a6be34e44,iw9_p17_lm_ngolf7_animpackage_gripside
63a53ae9750162a6,iw9_p10_sm_victor_animpackage
7c2f6aaaf6b78f1f,iw9_p13_sh_mbravo_animpackage_barmini_stockno
f6396b24bf05ee0,iw9_p07_sm_papa90_animpackage_hybrid01
c96ac6574991c6d,iw9_p08_sm_mpapax_animpackage_gripvert
175f03e763edef66,iw9_p42_ar_ngsierra_animpackage_ubsh_shotgun
4a225da999213357,iw9_p42_ar_ngsierra_animpackage_selectsemi_on
7bffed6257f5d16e,iw9_p16_lm_slima_animpackage_xmag_gripside
65c48cf661fc63a4,iw9_p38_dm_crossbow_default_animpackage
258b7836ad2fc492,iw9_p14_sh_charlie725_animpackage_hybrid01
45131808b0dfe22d,iw9_p08_sm_mpapax_animpackage_gripvertshort
104b9bdfbeae8db0,iw9_p10_sm_victor_default_animpackage
259040b88db015cf,iw9_p13_sh_mbravo_animpackage_barmini_grippstl
197d682f33534fbb,iw9_p42_ar_ngsierra_animpackage_selectsemi_off
7776de02f7b5dcf3,iw9_p42_ar_ngsierra_animpackage_ubgl
3185a5002c9756aa,iw9_p17_lm_ngolf7_animpackage_xmag_gripside
f6398b24bf06246,iw9_p07_sm_papa90_animpackage_hybrid03
1521d649dbcea1fe,iw9_p08_sm_mpapax_animpackage_gripang_barshort
5f5bc0f2b42d1406,iw9_p16_lm_slima_animpackage_hybrid01
5c2ae54ca1d50af0,iw9_p10_sm_victor_animpackage_gripvert
258b7636ad2fc12c,iw9_p14_sh_charlie725_animpackage_hybrid03
7459bed713ce4e1c,iw9_p38_dm_crossbow_animpackage_gripvert
7b0210d47ce9a766,iw9_p13_sh_mbravo_animpackage_hybrid03
1eaeec29b6b96407,iw9_p08_sm_mpapax_animpackage_gripvert_barshort
566033d62ed934d3,iw9_p07_sm_papa90_animpackage_gripang
66f53fb50c02e83,iw9_p16_lm_slima_animpackage_hybrid01_grip
2610f6d81a69ec81,iw9_p18_dm_mike14_default_animpackage
d1bd957e0333f15,iw9_p14_sh_charlie725_animpackage_guardhvy
caf705fdafc6a0b,iw9_p17_lm_ngolf7_animpackage_xmaglrg_gripside
6f98a4c4f4c5434d,iw9_p10_sm_victor_animpackage_gripang
43e12f7f2ffb18af,iw9_p08_ar_mcbravo_animpackage
67ba66abdb5b065d,iw9_p56_ar_malima_animpackage
2dea01618249cbc7,iw9_p08_sm_mpapax_animpackage_gripvertshort_barshort
29a0c5693783a606,iw9_p38_dm_crossbow_animpackage_gripvertshort
1fd31ceba9c52e85,iw9_p07_sm_papa90_animpackage_gripang_barxlong
7b020ed47ce9a400,iw9_p13_sh_mbravo_animpackage_hybrid01
5f5bbef2b42d10a0,iw9_p16_lm_slima_animpackage_hybrid03
5bbe5041363ef072,iw9_p13_sh_mbravo_default_animpackage
56f64a898016130e,iw9_p08_sm_mpapax_animpackage_smag
4bd02ba21ab94c97,iw9_p56_ar_malima_default_animpackage
60b5b6e2a8148202,iw9_p10_sm_victor_animpackage_gripvertshort
75e2b60b83b14211,iw9_p08_ar_mcbravo_default_animpackage
1f4db3b6f21e02fc,iw9_p17_lm_ngolf7_animpackage_hybrid01_gripside
4285b35c593c7c65,iw9_p16_lm_slima_animpackage_hybrid03_grip
5c928cbf0a36b4cc,iw9_p07_sm_papa90_animpackage_gripvertshort_barxlong
2b5725f4dc901f1a,iw9_p08_sm_mpapax_animpackage_drum
2b738d059329e669,iw9_p38_dm_crossbow_animpackage_gripang
41a9c16b381e41e8,iw9_p12_sh_mike1014_animpackage
238e680d6885d791,iw9_p16_lm_slima_animpackage_fireselect_on
6967e02e3330ba27,iw9_p08_ar_mcbravo_animpackage_gripvert
42db48c0e493c159,iw9_p13_sh_mbravo_animpackage_gripvertpro
6af1aaff0eb85fc2,iw9_p17_lm_ngolf7_animpackage_hybrid03_gripside
6f46d96ee845eb82,iw9_p07_sm_papa90_animpackage_gripvert
16012dd86db4ad77,iw9_p10_sm_victor_animpackage_smag
c0030e470226357,iw9_p08_sm_mpapax_animpackage_hybrid01
70b6d5c89b55992d,iw9_p16_lm_slima_animpackage_fireselect_off
42456ec96b72a685,iw9_p38_dm_crossbow_animpackage_scope
55db9b52dd3c0124,iw9_p08_ar_mcbravo_animpackage_gripang
2d4b87a93bd77de4,iw9_p04_lm_rkilo_animpackage
7a1a770f965d26ba,iw9_p12_sh_mike1014_default_animpackage
c0032e4702266bd,iw9_p08_sm_mpapax_animpackage_hybrid03
3d26a6c5eb26a6e4,iw9_p07_sm_papa90_animpackage_gripvertshort
62d5c66e18990b73,iw9_p13_sh_mbravo_animpackage_gripang
612d1329a16a5456,iw9_p16_lm_slima_animpackage_fireselect_on_grip
3c3fb975bdd657f,iw9_p10_sm_victor_animpackage_drum
7bcc85a5041652cf,iw9_p08_ar_mcbravo_animpackage_gripvertshort
729500c84f2b34aa,iw9_p38_dm_crossbow_animpackage_hybrid01
7192bf92e6a74d56,iw9_p10_sm_victor_animpackage_hybrid01
50a20a7e23ad0e50,iw9_p12_sh_mike1014_animpackage_barhvy_gripang
53a2a9a6fff351fe,iw9_p04_lm_rkilo_default_animpackage
9a8e727c2c960c8,iw9_p02_sm_mpapa5_animpackage_sdelta
2cfa93d2819ce78a,iw9_p16_lm_slima_animpackage_fireselect_off_grip
5ae55191193f30a2,iw9_p13_sh_mbravo_animpackage_gripvert
7192bd92e6a749f0,iw9_p10_sm_victor_animpackage_hybrid03
7294fec84f2b3144,iw9_p38_dm_crossbow_animpackage_hybrid03
22bc8250d7f4875e,iw9_p08_ar_mcbravo_animpackage_gripangshort
7843fafd44b1a743,iw9_p12_sh_mike1014_animpackage_barhvy_gripvert
4c25fc0a4432ecdc,iw9_p02_sm_mpapa5_animpackage_sdelta_barshort
35ec922f184f6223,iw9_p13_sh_mbravo_animpackage_barhvy
50c6c92abb9ab4eb,iw9_p18_dm_mike14_animpackage_hybrid03
d4d672780101037,iw9_p10_sm_victor_animpackage_selectsemi_on
2d18c4461a1d8bb5,iw9_p08_ar_mcbravo_animpackage_barshort
2a845e1950c9ee53,iw9_p12_sh_mike1014_animpackage_barhvy_gripvertshort
7dee696b4ac105ef,iw9_p38_dm_crossbow_animpackage_vday
33aa44ef75f201cb,iw9_p02_sm_mpapa5_animpackage_sdelta_gripang
1b56cba3304c14c4,iw9_p13_sh_mbravo_animpackage_grippstl
567391956c1f8bce,iw9_p08_ar_mcbravo_animpackage_barshorthvy
2a7ba91e9b350d1b,iw9_p10_sm_victor_animpackage_selectsemi_off
5c7e11dda44fd30b,iw9_p12_sh_mike1014_animpackage_barhvy
6eab939e5071d760,iw9_p08_ar_mcbravo_animpackage_smag
61ebba57fe179abd,iw9_p20_dm_mike24_animpackage_hybrid01
7e243f8d1bd78f77,iw9_p12_sh_mike1014_animpackage_guardhvy_gripvert
7db82d79ef53a1ce,iw9_p43_ar_acharlie300_animpackage_gripvert
504eb53b70bb0b3f,iw9_p02_sm_mpapa5_animpackage_sdelta_barshort_gripang
530fe7332c8f6b1a,iw9_p13_sh_mbravo_animpackage_stockno_grippstl
45ac4273148e4a4d,iw9_p23_sn_alpha50_animpackage
70f80b915846b0ab,iw9_p12_sh_mike1014_animpackage_gripang
36dedb0197c545ee,iw9_p08_ar_mcbravo_animpackage_selectsemi_on
5e8c1c583f801588,iw9_p43_ar_acharlie300_animpackage_gripvertshort
36a180237a5071ad,iw9_p20_dm_mike24_default_animpackage
2ed207ce13be1e9f,iw9_p12_sh_mike1014_animpackage_guardhvy_gripvertshort
2190a3c80abb3c37,iw9_p08_ar_mcbravo_animpackage_xmag
17f45a8a8eb48a96,iw9_p16_lm_slima_animpackage
20a4ab53795a4382,iw9_p13_sh_mbravo_animpackage_stockno
61ebb857fe179757,iw9_p20_dm_mike24_animpackage_hybrid03
3fe9c6640e554d27,iw9_p23_sn_alpha50_default_animpackage
285bc4f26a94facc,iw9_p43_ar_acharlie300_animpackage
70fd8c93ad54c3df,iw9_p12_sh_mike1014_animpackage_guardhvy
145cadd2539cb4f,iw9_p43_ar_acharlie300_animpackage_gripang
1d8bbb4e41e7990,iw9_p08_ar_mcbravo_animpackage_selectsemi_off
2ce95d816aaa9a1a,iw9_p08_ar_mcharlie_animpackage_hybrid01
58e71369fe74991a,iw9_p12_sh_mike1014_animpackage_gripvert
60986bd73bcf4df6,iw9_p13_sh_mbravo_animpackage_stockhvy
4715333421921706,iw9_p43_ar_acharlie300_default_animpackage
b6e24d695f6781d,iw9_p43_ar_acharlie300_animpackage_smag
68cc065c27f9cd76,iw9_p12_sh_mike1014_animpackage_guardlgt_gripang
5c85f48589d9677f,iw9_p18_dm_mike14_animpackage
37ece1c89b986f72,iw9_p08_ar_mcharlie_animpackage
2ce95b816aaa96b4,iw9_p08_ar_mcharlie_animpackage_hybrid03
4e4fd1713caa3fc0,iw9_p16_lm_slima_default_animpackage
4c1394160eb407ac,iw9_p12_sh_mike1014_animpackage_gripvertshort
9f99b4cbb5b76f4,iw9_p08_ar_mcharlie_default_animpackage
557734898607e0e2,iw9_p43_ar_acharlie300_animpackage_xmag
4f56b026dd67152d,iw9_p12_sh_mike1014_animpackage_guardlgt_gripvert
6b6f5b2fa081f33d,iw9_p13_sh_mbravo_animpackage_barmini
da03fabb86102c7,iw9_p16_lm_slima_animpackage_smag
7028b2d6e349e457,iw9_p18_dm_mike14_animpackage_gripvert
2a43b4205b024d92,iw9_p53_sn_india_animpackage
3b245edfef23ea2c,iw9_p08_ar_mcharlie_animpackage_gripvert
7128c5a7cd6b2974,iw9_p12_sh_mike1014_animpackage_guardhvy_gripang
15f3342651e9fded,iw9_p12_sh_mike1014_animpackage_guardlgt_gripvertshort
3b3c40e3d2c37149,iw9_p43_ar_acharlie300_animpackage_ubgl
25d0ec534d7eb1f9,iw9_p08_ar_mcharlie_animpackage_gripang
771bf626bf0de605,iw9_p13_sh_mbravo_animpackage_boltlgt
30f138dfcb8582d4,iw9_p53_sn_india_default_animpackage
584e631b393a9cff,iw9_p18_dm_mike14_animpackage_gripvertshort
1a48966a3f7bbbe6,iw9_p16_lm_slima_animpackage_swordhum
4d2fe19398b97295,iw9_p12_sh_mike1014_animpackage_guardlgt
8d3fc6a4e296dc6,iw9_p43_ar_acharlie300_animpackage_ubgl_launcher
236c8f54ea083556,iw9_p08_ar_mcharlie_animpackage_gripvertshort
a2ce1f379a8306d,iw9_p01_ar_mike16_animpackage_hybrid01
365058f2eb00100,iw9_p20_dm_mike24_animpackage_bipod
1b55a126d404562f,iw9_p13_sh_mbravo_animpackage_bolthvy
1fe0c85c8e5864f7,iw9_p08_ar_mcharlie_animpackage_selectsemi_off
3182aad8bbe39b41,iw9_p12_sh_mike1014_animpackage_guardtac_gripang
339f6aae2063ad7d,iw9_p50_me_tonfa_animpackage
643c332dc0050d4,iw9_p18_dm_mike14_animpackage_gripang
5d482f820042d630,iw9_p16_lm_slima_animpackage_xmag
3b651ce3d2e63931,iw9_p43_ar_acharlie300_animpackage_ubsh
48c8343fd103b50a,iw9_p08_ar_mcharlie_animpackage_barshort
5af299a7994384ff,iw9_p20_dm_mike24_animpackage_silencer
77476edc5012dc03,iw9_p01_ar_mike16_animpackage
a2cdff379a82d07,iw9_p01_ar_mike16_animpackage_hybrid03
5f4d3399991c5914,iw9_p12_sh_mike1014_animpackage_guardtac_gripvert
2692ce49ffeee1f7,iw9_p50_me_tonfa_default_animpackage
170492ea3e517390,iw9_p02_dm_pgolf1_animpackage
797fc5175a2170c,iw9_p08_ar_mcharlie_animpackage_xmag
57d81bd8b26e1360,iw9_p43_ar_acharlie300_animpackage_ubsh_shotgun
1a3b40e2c1c88bfd,iw9_p01_ar_mike16_default_animpackage
50c6cb2abb9ab851,iw9_p18_dm_mike14_animpackage_hybrid01
3582bb7c7dc9ae0e,iw9_p12_sh_mike1014_animpackage_guardtac_gripvertshort
51b1867ac8e9e2a5,iw9_p01_ar_mike4_animpackage_barmidhvy
35eccf51928cc53d,iw9_p25_pi_decho_animpackage
60687afee1e13a2,iw9_p02_dm_pgolf1_default_animpackage
227af1c0fea6fc43,iw9_p08_ar_mcharlie_animpackage_xmaglrg
36516110db71cda7,iw9_p18_dm_mike14_animpackage_xmag
176403a5ecb989ab,iw9_p01_ar_mike16_animpackage_gripvert
46544fbd020dac64,iw9_p43_ar_acharlie300_animpackage_hybrid01
1b2d213464286622,iw9_p04_ar_akilo74_animpackage
8d29a937244c06a,iw9_p12_sh_mike1014_animpackage_guardtac
4217e053c4e558d9,iw9_p01_ar_mike16_animpackage_bar_ar
29b9a13ecce762a6,iw9_p25_pi_decho_animpackage_akimbo_r
410204bb1e02016,iw9_p02_dm_pgolf1_animpackage_xmag
72008a041eb78958,iw9_p01_ar_mike16_animpackage_gripang
464587e54a2163e7,iw9_p08_ar_mcharlie_animpackage_ubgl
3fbc74e55c23f09a,iw9_p18_dm_mike14_animpackage_xmaglrg
465451bd020dafca,iw9_p43_ar_acharlie300_animpackage_hybrid03
74083d343adef344,iw9_p04_ar_akilo74_default_animpackage
95b53bc2659c4d2,iw9_p01_ar_mike16_animpackage_selectsemi_on
29b9bb3ecce78ed4,iw9_p25_pi_decho_animpackage_akimbo_l
79ccbfcb66d01fc9,iw9_p02_dm_pgolf1_animpackage_xmaglrg
4b0e7b9af0730a1e,iw9_p12_sh_mike1014_animpackage_stockhvy
2f840c1dcaeb69e8,iw9_p08_ar_mcharlie_animpackage_ubgl_launcher
5bfbd80de9c05f0b,iw9_p01_ar_mike16_animpackage_gripvertshort
1550121a66e06875,iw9_p18_dm_mike14_animpackage_hunterstock_r
2fe0a6e48f611c99,iw9_p43_ar_acharlie300_animpackage_selectsemi_on
400eecb52a9fea64,iw9_p01_ar_mike16_animpackage_selectsemi_off
76cb300a2cc57d17,iw9_p21_sn_mromeo_default_animpackage
7835b689565498b7,iw9_p25_pi_decho_default_animpackage
e4a4c37e8446a0,iw9_p12_sh_mike1014_animpackage_swordhum
3be7971de4cc9f2f,iw9_p01_ar_mike4_animpackage_barhvy
46896be54a5b011f,iw9_p08_ar_mcharlie_animpackage_ubsh
7db7eab73d0c0293,iw9_p20_dm_mike24_animpackage
2c5664b987a63d24,iw9_p01_ar_mike4_animpackage
3bf3855fa21af1d5,iw9_p43_ar_acharlie300_animpackage_selectsemi_off
49871c95df449be3,iw9_p02_dm_pgolf1_animpackage_scope
70222a3cd3cc9668,iw9_p12_sh_mike1014_animpackage_irons
2cc9106a4e9f57a4,iw9_p01_ar_mike4_animpackage_barhvy_gripang
51bc7837e813fd66,iw9_p22_sn_limax_animpackage
3ed37f19778ac57a,iw9_p08_ar_mcharlie_animpackage_ubsh_shotgun
5369bd510d845760,iw9_p20_dm_mike24_animpackage_bolthvy
251d1472e1eee79f,iw9_p04_ar_akilo105_animpackage
434de6fe38bf57d7,iw9_p02_dm_pgolf1_animpackage_bar_br
675f3dc2336471f8,iw9_p12_sh_mike1014_animpackage_hybrid01
ec453560dd7bf66,iw9_p01_ar_mike4_animpackage_barmidhvy_gripang
4202e36feb06283e,iw9_p01_ar_mike4_default_animpackage
25e5109f9437f770,iw9_p22_sn_limax_default_animpackage
5e2ed138b5963833,iw9_p08_ar_mcharlie_animpackage_selectsemi_on
179f142afdd295e1,iw9_p04_ar_akilo105_default_animpackage
675f3fc23364755e,iw9_p12_sh_mike1014_animpackage_hybrid03
80d33a0dc2a29e9,iw9_p20_dm_mike24_animpackage_boltl
7ecb692aeec423b1,iw9_p01_ar_mike4_animpackage_ubgl
7b56e29b3de43b56,iw9_p01_ar_mike4_animpackage_gripvert
795cfd09eb3a87a1,iw9_p25_pi_decho_animpackage_xmag
45fe469cabc54b64,iw9_p20_dm_sa700_animpackage
484efc63c62829e9,iw9_p01_ar_mike16_animpackage_ubgl_launcher
624b8f8064ac42eb,iw9_p20_dm_mike24_animpackage_xmag
41a519b6f1343af7,iw9_p01_ar_mike4_animpackage_gripang
7cb774f3f0407ba8,iw9_p25_pi_decho_animpackage_xmaglrg
673160d02cc8f19b,iw9_p20_dm_sa700_animpackage_bolthvy
4bca7cbb8ad2ace0,iw9_p01_ar_mike4_animpackage_gripvertshort
7e87652aee8a5019,iw9_p01_ar_mike4_animpackage_ubsh
4f8b72e4768347d6,iw9_p25_pi_decho_animpackage_akimbo_r_carry
554ed204c02c9b6,iw9_p20_dm_mike24_animpackage_xmaglrg
53eff698fef964f3,iw9_p01_ar_mike4_animpackage_optics
7f74b4cb4b21266a,iw9_p25_pi_dechoauto_animpackage
5e905925d9293f45,iw9_p01_ar_mike16_animpackage_ubsh_shotgun
200f8fb2eb73296e,iw9_p12_sh_mike1014_animpackage_tube5
62081d547b73f0ba,iw9_p01_ar_mike4_animpackage_xmag
56fbbef04c8f7710,iw9_p24_pi_golf17_animpackage_akimbo_r
4fe7c1d5ac28fb89,iw9_p04_sh_vecho_animpackage_barrel_tac_long
16be16b7934ced8f,iw9_p20_dm_mike24_animpackage_laser
7907906ea64f8b42,iw9_p20_dm_sa700_animpackage_boltl
801598fb669acbb,iw9_p01_ar_mike16_animpackage_xmag
40828556471da46c,iw9_p25_pi_dechoauto_default_animpackage
56fbbcf04c8f73aa,iw9_p24_pi_golf17_animpackage_akimbo_l
34476c4d29046d15,iw9_p01_ar_mike4_animpackage_xmaglrg
5f93966d4ddedf20,iw9_p44_sh_tsierra12_animpackage_gripvert
53a8186ee94c720f,iw9_p04_sh_vecho_animpackage_barrel_tac_sport
6da8030614baa0fe,iw9_p12_sh_mike1014_animpackage_tube10
35c0218357f28f05,iw9_p20_dm_sa700_animpackage_smag
573e10a84f8a8e08,iw9_p01_ar_mike4_animpackage_barlong
56a8800a038fb8c6,iw9_p01_ar_mike16_animpackage_xmaglrg
7ea7ed20db1ed83d,iw9_p04_sh_vecho_animpackage_barrel_long_sport
2799dbd107a931f2,iw9_p44_sh_tsierra12_animpackage_gripvertshort
496b31184a515e89,iw9_p01_ar_mike16_animpackage_barlong_hvy
a73c0ac2a917fd3,iw9_p13_sh_mviktor_animpackage
42cdf012856880fd,iw9_p24_pi_golf17_default_animpackage
4a6062a45f123a0d,iw9_p54_sn_walpha_animpackage
1351af2e7ff3e0fe,iw9_p01_ar_mike4_animpackage_ubgl_launcher
6a3a51bebd17b5fa,iw9_p20_dm_sa700_animpackage_xmag
551c5965fc206314,iw9_p01_ar_mike16_animpackage_smag
11b88cb982eb2788,iw9_p01_ar_mike4_animpackage_barshort
35244c764e634ea0,iw9_p44_sh_tsierra12_animpackage_gripvert_hybrid01
934151c69f4cb6d,iw9_p24_pi_golf17_animpackage_stockskel_xmag
b0c028ddccb7e7,iw9_p54_sn_walpha_default_animpackage
4fe4edf053d08a49,iw9_p04_sh_vecho_animpackage_barrel_mini
24940cda2443c2ed,iw9_p13_sh_mviktor_default_animpackage
18ce15e73bb5668,iw9_p01_ar_mike4_animpackage_ubsh_shotgun
40095ee70b37b75f,iw9_p11_sm_uzulu_animpackage
1b4a963e8b9e2adb,iw9_p20_dm_sa700_animpackage_bipod
488b9ee6a403f16c,iw9_p01_ar_mike4_animpackage_hybrid01
66dab0a9c235e1f5,iw9_p25_pi_decho_animpackage_gripvertshort
35244e764e635206,iw9_p44_sh_tsierra12_animpackage_gripvert_hybrid03
7163a8ae28c58bbb,iw9_p24_pi_golf17_animpackage_xmag
2876da114b8133c8,iw9_p04_sh_vecho_animpackage_barrel_short
7d817971306d6d37,iw9_p20_dm_sa700_animpackage_gripang
af201ae9ed5f1a1,iw9_p11_sm_uzulu_default_animpackage
7976e4da63c38ec4,iw9_p13_sh_mviktor_animpackage_smag
6419f67a329e4726,iw9_p44_sh_tsierra12_animpackage_hybrid01
488ba0e6a403f4d2,iw9_p01_ar_mike4_animpackage_hybrid03
7a696a2ad9fd627c,iw9_p24_pi_golf17_animpackage_stockskel_xmaglrg
e9eded98705f699,iw9_p04_sh_vecho_animpackage_ubgl
6fad5d43a2816376,iw9_p19_dm_sbeta_animpackage
1b47505233eaa1d9,iw9_p13_sh_mviktor_animpackage_grippstl
42f067bd7e1c8c3d,iw9_p19_dm_sbeta_animpackage_gripang
39da9cc1a4aca1f7,iw9_p11_sm_uzulu_animpackage_gripvert
3b1fe38e8c11fdbd,iw9_p26_pi_swhiskey_animpackage_akimbo_r_carry
7ecd56cbe2de6313,iw9_p06_ar_falpha_default_animpackage
58189cba04963e3e,iw9_p11_sm_uzulu_animpackage_selectsemi_on
6419f47a329e43c0,iw9_p44_sh_tsierra12_animpackage_hybrid03
7f3b2f39c72fadc6,iw9_p24_pi_golf17_animpackage_xmaglrg
66752863c87bccc1,iw9_p01_ar_mike4_animpackage_selectsemi_on
7e71daf57c3b2c16,iw9_p04_sh_vecho_animpackage_ubgl_launcher
2a804238ce114743,iw9_p13_sh_mviktor_animpackage_stockno_grippstl
2d3d8f6ed68f8cf4,iw9_p11_sm_uzulu_animpackage_gripang
2d6cf4aea88641f2,iw9_p19_dm_sbeta_animpackage_gripvertshort
355c4b3efd88e7a2,iw9_p05_dm_scromeo_animpackage
47f57815cb34d640,iw9_p11_sm_uzulu_animpackage_selectsemi_off
4120c602324745fc,iw9_p04_sh_vecho_animpackage
14c5588daa46133d,iw9_p01_ar_mike4_animpackage_selectsemi_off
5ed21880ecd94716,iw9_p24_pi_golf17_animpackage_stockskel_drum
68c3abea8ee82ae9,iw9_p13_sh_mviktor_animpackage_stockno
e5afad986cc5961,iw9_p04_sh_vecho_animpackage_ubsh
1392fde5d198f173,iw9_p11_sm_uzulu_animpackage_gripvert_custom
35bc8fcc3ea4c4,iw9_p05_dm_scromeo_default_animpackage
8ac80cc70003f96,iw9_p04_sh_vecho_default_animpackage
22804bd1994449cc,iw9_p24_pi_golf17_animpackage_drum
4fe807d4d6c2638,iw9_p13_sh_mviktor_animpackage_stockr
5fe532d12f59ffc9,iw9_p06_ar_falpha_animpackage_gripvert
96fc58c18e31510,iw9_p04_sh_vecho_animpackage_ubsh_shotgun
9b8c867d51c8b,iw9_p01_ar_mike4_animpackage_barshort_gripang
53b80e3367d01cba,iw9_p11_sm_uzulu_animpackage_xmaglrg
182d8e52cc32162,iw9_p03_ar_augolf_animpackage
1853d7e72916335e,iw9_p04_sh_vecho_animpackage_gripvert
2d34e5041ec4c92b,iw9_p13_sh_mviktor_animpackage_xmag
572078b6298f7dc2,iw9_p06_ar_falpha_animpackage_gripang
54f001eb0ba42f59,iw9_p24_pi_golf17_animpackage_stockskel
1c6e5ffea819bb84,iw9_p03_ar_augolf_default_animpackage
e029b4df88aef94,iw9_p04_sh_vecho_animpackage_hybrid01
292b5ac39dbd6458,iw9_p04_sh_vecho_animpackage_gripvertshort
a90082a4d7dc29a,iw9_p13_sh_mviktor_animpackage_boltlgt
313b98024e490c24,iw9_p11_sm_uzulu_animpackage_xmaglrg_optic
37a1c236aeda9883,iw9_p08_ar_ralpha_animpackage
6e8857f2f71a35c9,iw9_p03_ar_augolf_animpackage_gripang
a37cb37b15b5fe8,iw9_p24_pi_golf17_animpackage_akimbo_r_carry
e029d4df88af2fa,iw9_p04_sh_vecho_animpackage_hybrid03
2b349d2a5f6973a0,iw9_p13_sh_mviktor_animpackage_bolthvy
3d0d2d49224d9f71,iw9_p01_dm_stango25_animpackage
1c71e7163b1fc47,iw9_p11_sm_uzulu_animpackage_xmag
5780fa5ed7ceed1f,iw9_p04_sh_vecho_animpackage_gripang
7288346ebd34923b,iw9_p08_ar_ralpha_animpackage_xmag
40503114b4dfd5f3,iw9_p03_ar_augolf_animpackage_smag
544244c33a475425,iw9_p04_ar_akilo_animpackage
404c1a4d6ba46d2a,iw9_p24_pi_golf18_animpackage
2cf11dde47ef2460,iw9_p04_sh_vecho_animpackage_drummag
68d51e6f582334a3,iw9_p01_dm_stango25_default_animpackage
4504c86bf34c0546,iw9_p08_ar_ralpha_animpackage_xmaglrg
5186128072d955f2,iw9_p04_sh_vecho_animpackage_xmag
6c3f5553ec4dd376,iw9_p44_sh_tsierra12_animpackage
3a088f89840be3be,iw9_p19_dm_sbeta_animpackage_barshort
64e0bffdeea442a1,iw9_p11_sm_uzulu_animpackage_xmag_optic
c9c7179b8641cff,iw9_p04_ar_akilo_default_animpackage
3ae5316dec1dcb5c,iw9_p03_ar_augolf_animpackage_xmag
7ef716542b16c59,iw9_p01_dm_stango25_animpackage_gripvert
636f89f183be3027,iw9_p24_pi_golf18_animpackage_akimbo_r
60afea2abb6ef7ba,iw9_p04_sh_vecho_animpackage_10mil
777d9f59946d0983,iw9_p05_ar_scharlie_animpackage
27bd2ec14cfb17e0,iw9_p44_sh_tsierra12_default_animpackage
486cfa99c44f128a,iw9_p03_ar_augolf_animpackage_hybrid01
2bf99e9ee4d1f3c0,iw9_p19_dm_sbeta_animpackage_hybrid03
564b3b08d5a2d5ab,iw9_p11_sm_uzulu_animpackage_45apc
636f6ff183be03f9,iw9_p24_pi_golf18_animpackage_akimbo_l
5a7bf746b4afc752,iw9_p01_dm_stango25_animpackage_gripang
646426421d0f697d,iw9_p05_ar_scharlie_default_animpackage
332bc1858c0c1961,iw9_p06_ar_falpha_animpackage_gripvertshort
7c4417865124bc0d,iw9_p43_sm_acharlie45_animpackage
778d9a3cc311ebe5,iw9_p04_sh_vecho_animpackage_barrel_heavy
486cf899c44f0f24,iw9_p03_ar_augolf_animpackage_hybrid03
fc964fd9ec1a013,iw9_p11_sm_uzulu_animpackage_32rnd
2773409200128f20,iw9_p19_dm_sbeta_animpackage_gripvert
305822ed43a4f031,iw9_p01_dm_stango25_animpackage_gripvertshort
4d6eab9dc9c379e7,iw9_p43_sm_acharlie45_default_animpackage
524fc9045e9603e9,iw9_p11_sm_uzulu_animpackage_optic
2317bd02f9e38bf7,iw9_p03_ar_augolf_animpackage_ubgl
4215d6fcdf113bda,iw9_p04_sh_vecho_animpackage_barrel_tac
45121d0a82e6080d,iw9_p01_dm_stango25_animpackage_barsil
2f165e05c443143e,iw9_p43_sm_acharlie45_animpackage_gripang
7ef77e36b4cf30a2,iw9_p01_dm_stango25_animpackage_xmag_ubsh
63db82527673206,iw9_p03_lm_ahotel_animpackage_semiselect_on
7c393d5b1d9ce375,iw9_p43_sm_acharlie45_animpackage_gripvert
30bc67549171a9e2,iw9_p27_pi_papa220_animpackage
7fc43abfd301d56f,iw9_p29_la_juliet_animpackage
3e5324901aeb1c65,iw9_p03_sm_apapa_animpackage_semiselect_off
2d320c3b858e5404,iw9_p27_pi_papa220_default_animpackage
6d670eac242e8771,iw9_p55_pi_mike2011_animpackage_xmag
183ec47ac9dbab1,iw9_p27_pi_papa220_animpackage_akimbo_l
497168042881b87b,iw9_p43_sm_acharlie9_animpackage_hybrid01
48f7d3ab03255cd4,iw9_p01_dm_stango25_animpackage_guardhvy
49e4486c675bbcb8,iw9_p03_ar_augolf_animpackage_ubgl_launcher
7b8009bbf81f2f8a,iw9_p06_ar_fecho_animpackage
22d7721f471b268,iw9_p03_lm_ahotel_animpackage_semiselect_off
3f6ce03cd5bfe0c8,iw9_p11_sm_uzulu_animpackage_stock_folding
86e6e0ac84c03e5,iw9_p43_sm_acharlie45_animpackage_gripvertshort
183f647ac9dcbaf,iw9_p27_pi_papa220_animpackage_akimbo_r
50674bb5a6f5d9c7,iw9_p01_dm_stango25_animpackage_ubsh_shotgun
371e14fab41aa4b8,iw9_p55_pi_mike2011_animpackage_xmaglrg
4e65a0bf60060678,iw9_p04_sm_aviktor_animpackage
41ca5f17c1ec6176,iw9_p01_lm_foxtrot_animpackage
5f047e5b00e3fad1,iw9_p29_la_juliet_default_animpackage
49716a042881bbe1,iw9_p43_sm_acharlie9_animpackage_hybrid03
59fd2b26842ba4cc,iw9_p06_ar_fecho_default_animpackage
6a027eab1567e66e,iw9_p01_dm_stango25_animpackage_guardlgt
748455cea87f0f4c,iw9_p55_pi_mike2011_animpackage_barcomp
5542c686b344045b,iw9_p03_ar_augolf_animpackage_semiselect_on
216d3ed88daaebe0,iw9_p43_sm_acharlie45_animpackage_barmini
129dab523d7765e0,iw9_p01_lm_foxtrot_default_animpackage
232a9902f0ad55e5,iw9_p01_dm_stango25_animpackage_xmag
30107aa247e5a2ea,iw9_p04_sm_aviktor_default_animpackage
26c3d488ece483f4,iw9_p06_ar_fecho_animpackage_gripvert
2a1bc042d9a8aa24,iw9_p43_sm_acharlie9_animpackage_selectsemi_on
77ea9e1a6f67c042,iw9_p43_sm_acharlie45_animpackage_drum
31e1d9ab3ed85e4d,iw9_p01_dm_stango25_animpackage_guardtac
246063e29c7c1a5f,iw9_p03_ar_augolf_animpackage_semiselect_off
70535e95b6aaad8d,iw9_p01_dm_stango25_animpackage_drummag
30b7fee50ab028f2,iw9_p31_la_kgolf_animpackage
5fc89bad6f773897,iw9_p04_sm_aviktor_animpackage_xmags
391b3361d14647a1,iw9_p06_ar_fecho_animpackage_gripang
35b70397d982a19e,iw9_p43_sm_acharlie9_animpackage_selectsemi_off
7f3b7a36b508f6a2,iw9_p01_dm_stango25_animpackage_xmag_ubgl
2b8b79153df816bb,iw9_p01_dm_stango25_animpackage_hybrid01
2cdc42af605a3db6,iw9_p43_sm_acharlie45_animpackage_smag
4e062c4c9444165d,iw9_p55_pi_mike2011_animpackage_akimbo_l_barcomp
48baebc9cd94e4a5,iw9_p24_pi_golf18_animpackage_optics
690e806efdc3b281,iw9_p01_sm_alpha57_animpackage
1c7d3df917896074,iw9_p31_la_kgolf_default_animpackage
2b8b7b153df81a21,iw9_p01_dm_stango25_animpackage_hybrid03
442b94946f2fbe81,iw9_p06_ar_falpha_animpackage
2dbc490158e43d9b,iw9_p55_pi_mike2011_animpackage_akimbo_r_barcomp
4e0a7c264aa9e1ff,iw9_p43_sm_acharlie45_animpackage_hybrid01
574e2c4734460243,iw9_p01_dm_stango25_animpackage_ubgl_launcher
117f7e686e5a09bb,iw9_p24_pi_golf18_animpackage_selectsemi_on
77dec9a0cdf0df1f,iw9_p32_la_mike32_animpackage
60b762d7d478d713,iw9_p01_sm_alpha57_default_animpackage
58d09faf1a055d97,iw9_p55_pi_mike2011_animpackage_akimbo_l_xmag_barcomp
7daa456e07f26b26,iw9_p01_dm_stango25_animpackage_ubgl
4e0a7e264aa9e565,iw9_p43_sm_acharlie45_animpackage_hybrid03
1592787382e7a93f,iw9_p24_pi_golf18_animpackage_selectsemi_off
390a84c21b29f1c2,iw9_p01_sm_alpha57_animpackage_gripang
7d81416e07cf5f46,iw9_p01_dm_stango25_animpackage_ubsh
6c89e19d43c3f6b1,iw9_p55_pi_mike2011_animpackage_akimbo_r_xmag_barcomp
485428bdf1db3d80,iw9_p43_sm_acharlie45_animpackage_selectsemi_on
72274496f5d8cf7f,iw9_p24_pi_golf18_animpackage_akimbo_r_carry
5b0bab1cb8cd1bc9,iw9_p01_sm_alpha57_animpackage_gripvert
2c7a0bfa152b085f,iw9_p30_la_rpapa7_animpackage_hip
709a470c61d5e5e4,iw9_p55_pi_mike2011_animpackage_akimbo_l_xmaglrg_barcomp
425a50c1f7a1471a,iw9_p43_sm_acharlie45_animpackage_selectsemi_off
521f4fe17b0fc06d,iw9_p55_pi_mike2011_animpackage
68fec4d70127ed61,iw9_p01_sm_alpha57_animpackage_gripvertshort
4238ea0216e81431,iw9_p43_sm_acharlie9_animpackage
12a90f96a846db2a,iw9_p55_pi_mike2011_animpackage_akimbo_r_xmaglrg_barcomp
799a967e900c5707,iw9_p03_lm_ahotel_animpackage
1c1a5615ff489a56,iw9_p55_pi_mike2011_animpackage_akimbo_r
73ca3de1b495c9c4,iw9_p01_sm_alpha57_animpackage_semiselect_on
7c6e373e929809ba,iw9_p55_pi_mike2011_animpackage_akimbo_l_xmag
35a5f8a377cdf263,iw9_p43_sm_acharlie9_default_animpackage
719b47bd7332fd29,iw9_p03_lm_ahotel_default_animpackage
1c1a5015ff489024,iw9_p55_pi_mike2011_animpackage_akimbo_l
608b78862728b6f0,iw9_p55_pi_mike2011_animpackage_akimbo_r_xmag
5655d885da6ef1be,iw9_p01_sm_alpha57_animpackage_semiselect_off
8bff3951d577512,iw9_p43_sm_acharlie9_animpackage_gripang
7492dd82efcec602,iw9_p03_lm_ahotel_animpackage_xmaglrg
7cb7096fdef2015,iw9_p55_pi_mike2011_animpackage_akimbo_l_xmaglrg
8237456b47c6987,iw9_p55_pi_mike2011_default_animpackage
7ddce96cc97b9bb4,iw9_p03_sm_apapa_animpackage
79a92fdccdb63103,iw9_p24_pi_golf17_animpackage
4d226aa1179cd019,iw9_p43_sm_acharlie9_animpackage_gripvert
6242d9ae3d6d519a,iw9_p03_lm_ahotel_animpackage_armag
2daeb3a1cd5ef06e,iw9_p03_sm_apapa_default_animpackage
3638180dc511540f,iw9_p55_pi_mike2011_animpackage_akimbo_r_xmaglrg
6b5b6527d61e26dd,iw9_p21_sn_mromeo_animpackage
4e79267ed23f40f1,iw9_p43_sm_acharlie9_animpackage_gripvertshort
70ae7b0fcef93074,iw9_p03_lm_ahotel_animpackage_armag_xmag
61fe98eb7ade534a,iw9_p28_la_gromeo_animpackage
7d993bf5218350bd,iw9_p03_sm_apapa_animpackage_vday
75403949c08dae9a,iw9_p43_sm_acharlie9_animpackage_smag
487841240675fac6,iw9_p55_pi_mike2011_animpackage_akimbo_r_carry
2ea99bdbf0f0b69,iw9_p03_lm_ahotel_animpackage_hybrid01
618b1f4a5fb8798c,iw9_p28_la_gromeo_default_animpackage
6664abefa521761e,iw9_p43_sm_acharlie9_animpackage_drum
17e63fab8b2f8da8,iw9_p55_pi_mike2011_animpackage_xmag_barcomp
5cbdf10700e1852a,iw9_p03_sm_apapa_animpackage_xmag
2ea97bdbf0f0803,iw9_p03_lm_ahotel_animpackage_hybrid03
413f5d8db17680c9,iw9_p55_pi_mike2011_animpackage_xmaglrg_barcomp
30f35911a8b6049,iw9_p03_sm_apapa_animpackage_semiselect_on
3f4c1b0243db94ea,sat_sh_shepherd_animpackage_fast01
3f4c1a0243db9337,sat_sh_shepherd_animpackage_fast02
6aa18034a2d4626d,sat_sl_crossbow_animpackage
23eb3974e9a94b87,sat_sl_crossbow_default_animpackage
4e5cc2095a8ec23b,sat_sl_nembus_animpackage
4dc33d6f6c23f0b5,sat_sl_nembus_default_animpackage
2d9d46c9e7521567,sat_sm_bengal_animpackage
77820744b1e6ae49,sat_sm_bengal_default_animpackage
5df11d5104de588c,sat_sm_bengal_animpackage_gripang
53eb9c16a2b4bdef,sat_sm_bengal_animpackage_gripvert
128aa4ba89f17b7a,sat_sm_bengal_animpackage_barvelocity
1f0373bc47b76f09,sat_sm_bengal_animpackage_barmix
4370a297a963c75,sat_sm_bengal_animpackage_barjump
59fa333aaaa5d680,sat_ar_egret_animpackage
156791812012c232,sat_ar_egret_default_animpackage
279b9fc917a65862,sat_ar_egret_animpackage_gripvert
46a56ff3d0cbe533,sat_ar_egret_animpackage_gripang
431f5041a778e7f5,sat_ar_egret_animpackage_ubgl
a40ccfb3d083cf2,sat_ar_egret_animpackage_ubgl_launcher
7cd2993bcb696aef,sat_ar_egret_animpackage_ext01
7cd29a3bcb696ca2,sat_ar_egret_animpackage_ext02
1de5eb3eb2f7413d,sat_ar_egret_animpackage_flipmag
6b532129abb255d5,sat_ar_egret_animpackage_fast02
3640dd26e9627ec0,sat_ar_egret_animpackage_hybrid01
13526f61f221e71d,sat_ar_egret_animpackage_selectsemi_on
76df8e6e6f853cb9,sat_ar_egret_animpackage_selectsemi_off
935752b78190c8f,sat_la_polis_animpackage_ubcrossbar
1356681c4dd5cce,sat_sm_bengal_animpackage_barhical
354e58e7c409937a,sat_sm_bengal_animpackage_barrange
3c99398e742ee8f0,sat_sm_bengal_animpackage_ext01
3c993c8e742eee09,sat_sm_bengal_animpackage_ext02
4a499729043a6240,sat_sm_bengal_animpackage_fast02
4a499a29043a6759,sat_sm_bengal_animpackage_fast01
38249156816daf5b,sat_me_ballistic_knife_animpackage
79329d5f0186f236,sat_sm_bengal_animpackage_selectsemi_on
16925af766106495,sat_me_ballistic_knife_default_animpackage
780ea86f98646a78,sat_sm_bengal_animpackage_selectsemi_off
1ce843032d35f709,sat_sm_bengal_animpackage_hybrid01
1ef9a7992f943c77,sat_sm_gecko_animpackage
636f5aee08fa72f9,sat_sm_gecko_default_animpackage
42e278d2099247c,sat_sm_gecko_animpackage_gripang
7e7d5c67e87b6a56,sat_sh_shepherd_animpackage
7ac4b679f19a70c0,sat_sm_komodo_animpackage_drum
4fae88c2dde33d80,sat_sh_shepherd_default_animpackage
5bd40a861cc7dc5d,sat_sh_shepherd_animpackage_gripang
17cbc289a6c82ba9,sat_sh_shepherd_animpackage_ext01
d12679abd556079,sat_sm_gecko_animpackage_ext02
17cbbf89a6c82690,sat_sh_shepherd_animpackage_ext02
d12649abd555b60,sat_sm_gecko_animpackage_ext01
44d1049c3d7d7069,sat_sm_gecko_animpackage_fast01
44d1019c3d7d6b50,sat_sm_gecko_animpackage_fast02
1375aa1578795c99,sat_sm_gecko_animpackage_hybrid01
37b701ef95bdcbec,t10_ar_p01_coslo723_animpackage
2c88e3fb22f58e96,t10_ar_p01_coslo723_animpackage_barhcal
4ed2ab23741d2260,t10_ar_p01_coslo723_animpackage_barhcal02
1429066c35520b10,t10_ar_p01_coslo723_animpackage_barmix
48d21eba32f5f933,t10_ar_p01_coslo723_animpackage_barrange
78e6a53e042755b5,t10_ar_p01_coslo723_animpackage_barvelocity
73d521392f800bcd,t10_ar_p01_coslo723_animpackage_bp_s3blk
60327c5e06a030b3,t10_ar_p01_coslo723_animpackage_bp_repairman
1d0c44019ba05af3,t10_ar_p01_coslo723_animpackage_ext01
1d0c45019ba05ca6,t10_ar_p01_coslo723_animpackage_ext02
1d0c46019ba05e59,t10_ar_p01_coslo723_animpackage_ext03
135910684778d688,t10_ar_p01_coslo723_animpackage_fast01
135913684778dba1,t10_ar_p01_coslo723_animpackage_fast02
135912684778d9ee,t10_ar_p01_coslo723_animpackage_fast03
8e404e8bcccce2f,t10_ar_p01_coslo723_animpackage_gripang
2c5f8b8d7c36cdf1,t10_ar_p01_coslo723_animpackage_gripvert01
2c5f888d7c36c8d8,t10_ar_p01_coslo723_animpackage_gripvert02
7c1e871dbfec49c4,t10_ar_p01_coslo723_animpackage_hybrid01
34ee5e3c5e2107f5,t10_ar_p01_coslo723_animpackage_selectsemi_off
1cffae3b93ee5e39,t10_ar_p01_coslo723_animpackage_selectsemi_on
76be1bb65b2b96a9,t10_ar_p01_coslo723_animpackage_ubgl
45b42da55e3dd166,t10_ar_p01_coslo723_animpackage_ubgl_launcher
54c96b336c3cc6eb,t10_ar_p01_coslo723_animpackage_ub_crossbow
73a6b591f802c168,t10_ar_p01_coslo723_animpackage_ub_crossbow_bow
66def3a69895cb66,t10_ar_p01_coslo723_default_animpackage
45ca45ce5f7f4799,t10_dm_p01_sroger25_animpackage
3ac9b783e68c256e,t10_dm_p01_sroger25_animpackage_ext01
3ac9b683e68c23bb,t10_dm_p01_sroger25_animpackage_ext02
1d57e924a40e5a6b,t10_dm_p01_sroger25_animpackage_fast01
1d57ea24a40e5c1e,t10_dm_p01_sroger25_animpackage_fast02
1d57eb24a40e5dd1,t10_dm_p01_sroger25_animpackage_fast03
6005b0fcc5f99b93,t10_dm_p01_sroger25_animpackage_hybrid01
504a7a3396c02acb,t10_dm_p01_sroger25_default_animpackage
c90e9ffe3350fe3,t10_lm_p01_aroger10_animpackage
2a78cc8fb375dd05,t10_lm_p01_aroger10_animpackage_barhcal
119de210fb70baa7,t10_lm_p01_aroger10_animpackage_barhcal02
77372e8aaf34ac0d,t10_lm_p01_aroger10_animpackage_barmix
71fe18102cc105e,t10_lm_p01_aroger10_animpackage_barrange
7b9b7a079047eb06,t10_lm_p01_aroger10_animpackage_barvelocity
5a47cde0c1faf428,t10_lm_p01_aroger10_animpackage_beltfed
7a7e5a295316d194,t10_lm_p01_aroger10_animpackage_ext01
7a7e5d295316d6ad,t10_lm_p01_aroger10_animpackage_ext02
784e057d64f17fd5,t10_lm_p01_aroger10_animpackage_fast01
784e027d64f17abc,t10_lm_p01_aroger10_animpackage_fast02
2f797708d12d8f8,t10_lm_p01_aroger10_animpackage_gripang
499384ffa29f7710,t10_lm_p01_aroger10_animpackage_gripvert01
499387ffa29f7c29,t10_lm_p01_aroger10_animpackage_gripvert02
59501329b65a1d8d,t10_lm_p01_aroger10_animpackage_hybrid01
ddaab6417f123de,t10_lm_p01_aroger10_animpackage_ubcrossbar
c2d3669bbde7f1d,t10_lm_p01_aroger10_default_animpackage
1921d86202784e5e,t10_ar_p02_aking74_animpackage
25fa82206251f0b,t10_ar_p02_aking74_animpackage_barhcal01
25fa922062520be,t10_ar_p02_aking74_animpackage_barhcal02
5aeef5dc5cce1872,t10_ar_p02_aking74_animpackage_barmix
7fd829955f4ec081,t10_ar_p02_aking74_animpackage_barrange
4d9594624e1f4c17,t10_ar_p02_aking74_animpackage_barvelocity
3551a467a3b536bc,t10_ar_p02_aking74_animpackage_bp_ferrofluid
23ec1506565ddcf1,t10_ar_p02_aking74_animpackage_ext01
23ec1206565dd7d8,t10_ar_p02_aking74_animpackage_ext02
23ec1306565dd98b,t10_ar_p02_aking74_animpackage_ext03
63cffd5af67c2532,t10_ar_p02_aking74_animpackage_fast01
63cffc5af67c237f,t10_ar_p02_aking74_animpackage_fast02
63cffb5af67c21cc,t10_ar_p02_aking74_animpackage_fast03
5601aa75034755f5,t10_ar_p02_aking74_animpackage_gripang
a995b78bf17d19e,t10_ar_p02_aking74_animpackage_hybrid01
63d14c9cc39eea83,t10_ar_p02_aking74_animpackage_selectsemi_off
69144b762baddff,t10_ar_p02_aking74_animpackage_selectsemi_on
11f68fe9d9bf815b,t10_ar_p02_aking74_animpackage_ubgl
398bccb0892f989c,t10_ar_p02_aking74_animpackage_ubgl_launcher
41593dc4be0f22a9,t10_ar_p02_aking74_animpackage_ub_crossbow
278a379572e4c2be,t10_ar_p02_aking74_animpackage_ub_crossbow_bow
51d8b85410ab9348,t10_ar_p02_aking74_default_animpackage
ffb26ea9efa5cf4,t10_sm_p02_geasy9_animpackage
4189d2bb8f896660,t10_sm_p02_geasy9_animpackage_barhical01
4189d5bb8f896b79,t10_sm_p02_geasy9_animpackage_barhical02
531fa0cb4a8b3e8,t10_sm_p02_geasy9_animpackage_barmix
85eb2f5ce3e06cb,t10_sm_p02_geasy9_animpackage_barrange
63233bcfa45d87ad,t10_sm_p02_geasy9_animpackage_barvelocity
5a8bdc479ba4ed33,t10_sm_p02_geasy9_animpackage_bp_blackcell
4f8668d9aea3ff3b,t10_sm_p02_geasy9_animpackage_ext01
4f8669d9aea400ee,t10_sm_p02_geasy9_animpackage_ext02
7a006408787d3f50,t10_sm_p02_geasy9_animpackage_fast01
7a006708787d4469,t10_sm_p02_geasy9_animpackage_fast02
1bceb5a5fad72a27,t10_sm_p02_geasy9_animpackage_gripang
28ce68c04b642f46,t10_sm_p02_geasy9_animpackage_gripvert
2644ffeb167fbbfc,t10_sm_p02_geasy9_animpackage_hybrid01
b19bef18e9e804d,t10_sm_p02_geasy9_animpackage_selectsemi_off
11326e40b3d28331,t10_sm_p02_geasy9_animpackage_selectsemi_on
51ea799e85f983ae,t10_sm_p02_geasy9_default_animpackage
a9d02bb0a7c2244,t10_dm_p03_sgeorge550_animpackage
5ddbdfe9bce6702a,t10_dm_p03_sgeorge550_animpackage_auto
143ef161d80fdf5,t10_dm_p03_sgeorge550_animpackage_auto_ext01
31885d406bd96bfe,t10_dm_p03_sgeorge550_animpackage_barhcal
786628a5e8063c28,t10_dm_p03_sgeorge550_animpackage_barhcal02
691a7e47b007395b,t10_dm_p03_sgeorge550_animpackage_barrange
4f3bf7d227a67c9d,t10_dm_p03_sgeorge550_animpackage_barvelocity
6326933dd7e1f0eb,t10_dm_p03_sgeorge550_animpackage_ext01
6326943dd7e1f29e,t10_dm_p03_sgeorge550_animpackage_ext02
7ad554d902a87c60,t10_dm_p03_sgeorge550_animpackage_fast01
7ad557d902a88179,t10_dm_p03_sgeorge550_animpackage_fast02
44c783ad8dd2fc57,t10_dm_p03_sgeorge550_animpackage_gripang
d488ee19d3f119,t10_dm_p03_sgeorge550_animpackage_gripvert01
d485ee19d3ec00,t10_dm_p03_sgeorge550_animpackage_gripvert02
4c046f829c96d3cc,t10_dm_p03_sgeorge550_animpackage_hybrid01
4c79ab72b095e85d,t10_dm_p03_sgeorge550_animpackage_selectsemi_off
e385a61f4a2d361,t10_dm_p03_sgeorge550_animpackage_selectsemi_on
38c8d08c6d0f6e91,t10_dm_p03_sgeorge550_animpackage_ubgl
590631d4200aa89e,t10_dm_p03_sgeorge550_animpackage_ubgl_launcher
7054fc0f4cdd8443,t10_dm_p03_sgeorge550_animpackage_ub_crossbow
518f073cda4ce2c0,t10_dm_p03_sgeorge550_animpackage_ub_crossbow_bow
251ecc7b0be41f1e,t10_dm_p03_sgeorge550_default_animpackage
5e37885b361170cc,t10_sm_p03_safox_animpackage
6ae82ea5e2d3c983,t10_sm_p03_safox_animpackage_barhical
3eafac6aec39a021,t10_sm_p03_safox_animpackage_barmini
4ef23bea789935b0,t10_sm_p03_safox_animpackage_barmix
6b3423d335d6c0d3,t10_sm_p03_safox_animpackage_barrange
255aedeaa97b695a,t10_sm_p03_safox_animpackage_barsil
7549b13dabb072d5,t10_sm_p03_safox_animpackage_barvelocity
6e829f31ce5a5990,t10_sm_p03_safox_animpackage_bp_printer
a75b5647c152013,t10_sm_p03_safox_animpackage_ext01
a75b6647c1521c6,t10_sm_p03_safox_animpackage_ext02
a75b7647c152379,t10_sm_p03_safox_animpackage_ext03
1bd99b6938734ea8,t10_sm_p03_safox_animpackage_fast01
1bd99e69387353c1,t10_sm_p03_safox_animpackage_fast02
22f941ff8461014f,t10_sm_p03_safox_animpackage_gripang
68e19ce19ef463ce,t10_sm_p03_safox_animpackage_gripvert
317dbf24b1ae6e64,t10_sm_p03_safox_animpackage_hybrid01
47b9933cb4f223d5,t10_sm_p03_safox_animpackage_selectsemi_off
32e300be8e02299,t10_sm_p03_safox_animpackage_selectsemi_on
68c8aa5680b94d06,t10_sm_p03_safox_default_animpackage
553245b332e37a83,t10_sm_p04_chuck9_animpackage
6dd20d1d8c33f610,t10_sm_p04_chuck9_animpackage_10m
1430aa0c8cea0a74,t10_sm_p04_chuck9_animpackage_ext01
1430ad0c8cea0f8d,t10_sm_p04_chuck9_animpackage_ext02
46a1ba1b57712e35,t10_sm_p04_chuck9_animpackage_fast01
46a1b71b5771291c,t10_sm_p04_chuck9_animpackage_fast02
548f0b8827961c4b,t10_sm_p04_chuck9_animpackage_gripang01
548f0c8827961dfe,t10_sm_p04_chuck9_animpackage_gripang02
56d2094c8ac52d70,t10_sm_p04_chuck9_animpackage_gripvert01
56d20c4c8ac53289,t10_sm_p04_chuck9_animpackage_gripvert02
56d20b4c8ac530d6,t10_sm_p04_chuck9_animpackage_gripvert03
70dc737c2072f3ed,t10_sm_p04_chuck9_animpackage_hybrid01
40bcf002ac7a71e4,t10_sm_p04_chuck9_animpackage_selectsemi_off
1dbe3dac70365f52,t10_sm_p04_chuck9_animpackage_selectsemi_on
7ca0099b45fdfa7d,t10_sm_p04_chuck9_default_animpackage
43db666722bceef3,t10_ar_p06_asvalor_animpackage
4e97bc5d34ddb65b,t10_ar_p06_asvalor_animpackage_bp_hponics
7b8fc36613191865,t10_ar_p06_asvalor_animpackage_bp_unicorn
338f5b4c7181f944,t10_ar_p06_asvalor_animpackage_ext01
338f5e4c7181fe5d,t10_ar_p06_asvalor_animpackage_ext02
43283248c8f75ae5,t10_ar_p06_asvalor_animpackage_fast01
43282f48c8f755cc,t10_ar_p06_asvalor_animpackage_fast02
76c4c69c439b091b,t10_ar_p06_asvalor_animpackage_gripang01
76c4c79c439b0ace,t10_ar_p06_asvalor_animpackage_gripang02
335f15cd1dcb3d59,t10_ar_p06_asvalor_animpackage_gripvert02
335f14cd1dcb3ba6,t10_ar_p06_asvalor_animpackage_gripvert03
3587f600a9d95e5d,t10_ar_p06_asvalor_animpackage_hybrid01
524d7224083e0294,t10_ar_p06_asvalor_animpackage_selectsemi_off
378037c1b38353e2,t10_ar_p06_asvalor_animpackage_selectsemi_on
abfd2b541435450,t10_ar_p06_asvalor_animpackage_ubgl
420e9754ecff3339,t10_ar_p06_asvalor_animpackage_ubgl_launcher
6d0985e5043e8588,t10_ar_p06_asvalor_animpackage_ub_crossbow
44550974ad00643b,t10_ar_p06_asvalor_animpackage_ub_crossbow_bow
208fe52f5f1c0c4d,t10_ar_p06_asvalor_default_animpackage
325d52c34c30ee0f,t10_sm_p06_sroger3_animpackage
63c440bbdd773877,t10_sm_p06_sroger3_animpackage_bp_bong
1e0560cc3fc77c79,t10_sm_p06_sroger3_animpackage_bp_bong_ext02
3ca73bce5630469,t10_sm_p06_sroger3_animpackage_bp_bong_fast01
3ca70bce562ff50,t10_sm_p06_sroger3_animpackage_bp_bong_fast02
387da0ec26bfb9d8,t10_sm_p06_sroger3_animpackage_ext01
387da3ec26bfbef1,t10_sm_p06_sroger3_animpackage_ext02
f5fed66a1dfb161,t10_sm_p06_sroger3_animpackage_fast01
f5fea66a1dfac48,t10_sm_p06_sroger3_animpackage_fast02
1bda91fa55fd36c4,t10_sm_p06_sroger3_animpackage_gripang
47bb5ec54e604047,t10_sm_p06_sroger3_animpackage_gripvert
545a2dd218dd6de1,t10_sm_p06_sroger3_animpackage_hybrid01
14f49d95a144b7f0,t10_sm_p06_sroger3_animpackage_selectsemi_off
56bc4a174bb31dce,t10_sm_p06_sroger3_animpackage_selectsemi_on
6633fd4da5a42cb1,t10_sm_p06_sroger3_default_animpackage
8a5b7ef03731ad,t10_sn_p08_ultiger_animpackage
585a1dbaac256d8a,t10_sn_p08_ultiger_animpackage_ext01
585a1cbaac256bd7,t10_sn_p08_ultiger_animpackage_ext02
474ab4189bf9ef3f,t10_sn_p08_ultiger_animpackage_fast01
474ab5189bf9f0f2,t10_sn_p08_ultiger_animpackage_fast02
4feea6f9e01a345f,t10_sn_p08_ultiger_animpackage_hybrid01
4133a020501aac01,t10_sn_p08_ultiger_animpackage_ubgrip
69459f4558d2521f,t10_sn_p08_ultiger_animpackage_ubgripfocus
4a4d89d33f87a8bd,t10_sn_p08_ultiger_animpackage_ubgripmix
4fb3e4ecea59c3c7,t10_sn_p08_ultiger_default_animpackage
1705bd2d119326b9,t10_sn_p09_droger_animpackage
7b63ec3a7d800cce,t10_sn_p09_droger_animpackage_ext01
7b63eb3a7d800b1b,t10_sn_p09_droger_animpackage_ext02
5ae745e6e7e9ce4b,t10_sn_p09_droger_animpackage_fast01
5ae746e6e7e9cffe,t10_sn_p09_droger_animpackage_fast02
346f55fe96e4e8f3,t10_sn_p09_droger_animpackage_hybrid01
405e9fc76a8282e6,t10_sn_p09_droger_animpackage_focus
44d3054c802cecba,t10_sn_p09_droger_animpackage_mixunder
1f7e88fdcc55eb18,t10_sn_p09_droger_animpackage_mixunder2
3e901d4833a28a3c,t10_sn_p09_droger_animpackage_recoil
5d62e641150a0aea,t10_sn_p09_droger_animpackage_sway
6bd0dacc9fd0492b,t10_sn_p09_droger_default_animpackage
7e36b2faf166812d,t10_sh_p10_moslo500_animpackage
892db9e9374ac5f,t10_sh_p10_moslo500_animpackage_barmix
64031c4c3fddad64,t10_sh_p10_moslo500_animpackage_barrange
4905e8de32927126,t10_sh_p10_moslo500_animpackage_barreload
541b5ef747709823,t10_sh_p10_moslo500_animpackage_barsprint
141057a1c601a11e,t10_sh_p10_moslo500_animpackage_gripang
7305bca1b3bf32b4,t10_sh_p10_moslo500_animpackage_gripmix
4f8981721466b0d5,t10_sh_p10_moslo500_animpackage_gripvert
1fa7c03d40021adf,t10_sh_p10_moslo500_animpackage_hybrid01
2779560f381eb730,t10_sh_p10_moslo500_animpackage_stock
4d7c4406f6ee0347,t10_sh_p10_moslo500_default_animpackage
940de03b52538c8,t10_sm_p12_roger31_animpackage
cf2bf21ac9258b7,t10_sm_p12_roger31_animpackage_barhical
12d34b383cac69ff,t10_sm_p12_roger31_animpackage_barhical2
6eb41fc071d02b4,t10_sm_p12_roger31_animpackage_barmix
14f58a427f89b957,t10_sm_p12_roger31_animpackage_barrange
d2d3b44ec715fd1,t10_sm_p12_roger31_animpackage_barvelocity
5e7cbfa530fccb97,t10_sm_p12_roger31_animpackage_ext01
5e7cc0a530fccd4a,t10_sm_p12_roger31_animpackage_ext02
37eae40cea226a44,t10_sm_p12_roger31_animpackage_fast01
37eae70cea226f5d,t10_sm_p12_roger31_animpackage_fast02
66ca5bf74e5aca10,t10_sm_p12_roger31_animpackage_gripang01
d200f8423873424,t10_sm_p12_roger31_animpackage_gripvert02
d201084238735d7,t10_sm_p12_roger31_animpackage_gripvert03
6f6f449f741f8a18,t10_sm_p12_roger31_animpackage_hybrid01
2b180fdcd6d1d72c,t10_sm_p12_roger31_animpackage_intforegrip
6febda548576b25a,t10_sm_p12_roger31_default_animpackage
7d8176f76eb73475,t10_pi_p13_usugar9_animpackage
7655da57568ed98c,t10_pi_p13_usugar9_animpackage_akimbo_l
7655f057568efeee,t10_pi_p13_usugar9_animpackage_akimbo_r
7a9f621d490ca0be,t10_pi_p13_usugar9_akimbo_l_default_animpackage
462791a3a63253ec,t10_pi_p13_usugar9_akimbo_r_default_animpackage
3be164f24a6d5ef,t10_pi_p13_usugar9_default_animpackage
5ebe5356a71e0359,t10_pi_p14_mable_animpackage
2e35259a3dceea2e,t10_pi_p14_mable_animpackage_ext01
2e35249a3dcee87b,t10_pi_p14_mable_animpackage_ext02
7df56bf0e3a8f62b,t10_pi_p14_mable_animpackage_fast01
7df56cf0e3a8f7de,t10_pi_p14_mable_animpackage_fast02
4ea159efb895f740,t10_pi_p14_mable_animpackage_akimbo_l
4ea177efb8962a3a,t10_pi_p14_mable_animpackage_akimbo_r
2c9421d5ae86cf8b,t10_pi_p14_mable_default_animpackage
377be13ae1131f9a,t10_pi_p14_mable_akimbo_l_default_animpackage
4676506a2cb19c20,t10_pi_p14_mable_akimbo_r_default_animpackage
3bb1f59d443bad0,t10_la_p17_pable3_animpackage
da94a1763051e2,t10_la_p17_pable3_default_animpackage
553cb65f9b740180,t10_la_p18_stisaac_animpackage
4c748807e8144d32,t10_la_p18_stisaac_default_animpackage
686e01bbc25689b0,t10_ar_p22_able18_animpackage
753423329c5ebcbf,t10_ar_p22_able18_animpackage_ext01
753424329c5ebe72,t10_ar_p22_able18_animpackage_ext02
59e507fbd1102e6c,t10_ar_p22_able18_animpackage_fast01
59e50afbd1103385,t10_ar_p22_able18_animpackage_fast02
19e457a955a9a383,t10_ar_p22_able18_animpackage_gripang
601f94fd038e5355,t10_ar_p22_able18_animpackage_gripvert01
601f91fd038e4e3c,t10_ar_p22_able18_animpackage_gripvert02
601f92fd038e4fef,t10_ar_p22_able18_animpackage_gripvert03
59fc9b9d623d44f0,t10_ar_p22_able18_animpackage_hybrid01
6a6c028687f04d29,t10_ar_p22_able18_animpackage_selectsemi_off
625e7a5a59c3fd6d,t10_ar_p22_able18_animpackage_selectsemi_on
3ca68cca27bf8245,t10_ar_p22_able18_animpackage_ubgl
25060260d81c18c2,t10_ar_p22_able18_animpackage_ubgl_launcher
1f3a8966eff72b9f,t10_ar_p22_able18_animpackage_ub_crossbow
3a5bb9656a5d8754,t10_ar_p22_able18_animpackage_ub_crossbow_bow
2f70cb360e85b682,t10_ar_p22_able18_default_animpackage
467cb2c7eb63f230,t10_dm_p02_aeasy_animpackage
3e7e38b46a199ae3,t10_dm_p02_aeasy_animpackage_545
6cf83885fa7bc494,t10_dm_p02_aeasy_animpackage_545_ext01
2d8039aa095902af,t10_dm_p02_aeasy_animpackage_barrange
2e4d6f05ffae013f,t10_dm_p02_aeasy_animpackage_ext01
2e4d7005ffae02f2,t10_dm_p02_aeasy_animpackage_ext02
2f25602d90c193ec,t10_dm_p02_aeasy_animpackage_fast01
2f25632d90c19905,t10_dm_p02_aeasy_animpackage_fast02
279fb43210191c03,t10_dm_p02_aeasy_animpackage_gripang
2fc585c3e112d0d5,t10_dm_p02_aeasy_animpackage_gripvert01
64953948e9937e2b,t10_dm_p02_aeasy_animpackage_hybrid
b47b86e47a562a9,t10_dm_p02_aeasy_animpackage_selectsemi_off
1bd0137d0448d1ed,t10_dm_p02_aeasy_animpackage_selectsemi_on
6b4ce9a754b3ebc5,t10_dm_p02_aeasy_animpackage_ubgl
5e779b8382a0ed42,t10_dm_p02_aeasy_animpackage_ubgl_launcher
7ab02b5158186c1f,t10_dm_p02_aeasy_animpackage_ub_crossbow
44c752302b110fd4,t10_dm_p02_aeasy_animpackage_ub_crossbow_bow
3d2c27bec8f52f02,t10_dm_p02_aeasy_default_animpackage
7656e24e8d2d2549,t10_lm_p02_puncle21_animpackage
7b195e5c74cc00be,t10_lm_p02_puncle21_animpackage_ext01
7b195d5c74cbff0b,t10_lm_p02_puncle21_animpackage_ext02
6a1fde37ad56a11b,t10_lm_p02_puncle21_animpackage_fast01
6a1fdf37ad56a2ce,t10_lm_p02_puncle21_animpackage_fast02
7ca061542a29f7a,t10_lm_p02_puncle21_animpackage_gripang
2e5a5262015cdb41,t10_lm_p02_puncle21_animpackage_gripvert
6c5a83107d4b0fe2,t10_ar_p04_clove_animpackage
70eeffacf9ab5277,t10_ar_p04_clove_animpackage_bp_power
3abfcc08339bf78d,t10_ar_p04_clove_animpackage_ext01
3abfc908339bf274,t10_ar_p04_clove_animpackage_ext02
4fa2194447006a86,t10_ar_p04_clove_animpackage_fast01
4fa21844470068d3,t10_ar_p04_clove_animpackage_fast02
d3064c49708bde,t10_ar_p04_clove_animpackage_gripang01
7c57176bb0f2baaf,t10_ar_p04_clove_animpackage_gripvert01
123675ad694c60a,t10_ar_p04_clove_animpackage_hybrid01
1e797d74fd95c67,t10_ar_p04_clove_animpackage_selectsemi_off
643b25f714314a83,t10_ar_p04_clove_animpackage_selectsemi_on
446d558280b5c777,t10_ar_p04_clove_animpackage_ubgl
6592e7cf39232738,t10_ar_p04_clove_animpackage_ubgl_launcher
2988ea0205ebb71d,t10_ar_p04_clove_animpackage_ub_crossbow
3ac4abec25ec730a,t10_ar_p04_clove_animpackage_ub_crossbow_bow
312e3593fe107a04,t10_ar_p04_clove_default_animpackage
31c8b6fc77685c2d,t10_ar_p05_rmary2_animpackage
fc979d65d51f37f,t10_ar_p05_rmary2_animpackage_barhcal
22d89eb8837cb67d,t10_ar_p05_rmary2_animpackage_barhcal02
7da6a0ac3db1055f,t10_ar_p05_rmary2_animpackage_barmix
4c7a1de8b872ee64,t10_ar_p05_rmary2_animpackage_barrange
7712f4d24347e988,t10_ar_p05_rmary2_animpackage_barvelocity
5c4a3056cd69074c,t10_ar_p05_rmary2_animpackage_bp_blackcell
6488a9df4f76e40a,t10_ar_p05_rmary2_animpackage_ext01
6488a8df4f76e257,t10_ar_p05_rmary2_animpackage_ext02
4bd9565a1f664abf,t10_ar_p05_rmary2_animpackage_fast01
4bd9575a1f664c72,t10_ar_p05_rmary2_animpackage_fast02
41012dda0a8cdc1e,t10_ar_p05_rmary2_animpackage_gripang
2a784b4fdfa1e62a,t10_ar_p05_rmary2_animpackage_gripvert01
2a784a4fdfa1e477,t10_ar_p05_rmary2_animpackage_gripvert02
81ec1d9b8975bdf,t10_ar_p05_rmary2_animpackage_hybrid01
4b1588b620e719a,t10_ar_p05_rmary2_animpackage_ubgl
73ada3b236d46277,t10_ar_p05_rmary2_animpackage_ubgl_launcher
7d2e8d605327785,t10_ar_p05_rmary2_animpackage_ubcrossbow
1c6fd48e2beba772,t10_ar_p05_rmary2_animpackage_ubcrossbow_bow
7a6d1a3f3b793e47,t10_ar_p05_rmary2_default_animpackage
41f99d631c9672fe,t10_lm_p07_ksugar58_animpackage
451b3eb72e0a6351,t10_lm_p07_ksugar58_animpackage_ext01
451b3bb72e0a5e38,t10_lm_p07_ksugar58_animpackage_ext02
451b3cb72e0a5feb,t10_lm_p07_ksugar58_animpackage_ext03
451b41b72e0a686a,t10_lm_p07_ksugar58_animpackage_ext04
2a79f18ecf78ebaa,t10_lm_p07_ksugar58_animpackage_gripang01
2a79f08ecf78e9f7,t10_lm_p07_ksugar58_animpackage_gripang02
367e53b36ec3126b,t10_lm_p07_ksugar58_animpackage_gripvert01
367e54b36ec3141e,t10_lm_p07_ksugar58_animpackage_gripvert02
65eab39c7fa21a7e,t10_lm_p07_ksugar58_animpackage_hybrid01
5eef5b1e44a6483d,t10_lm_p07_ksugar58_animpackage_ubcrossbar
1b15e7150ced51a8,t10_lm_p07_ksugar58_default_animpackage
b58d56ea39eea1,t10_dm_p09_svalor_animpackage
1edb4f7eba351cb7,t10_dm_p09_svalor_animpackage_barsway
274e69f5058a73ee,t10_dm_p09_svalor_animpackage_barmix1
274e68f5058a723b,t10_dm_p09_svalor_animpackage_barmix2
36e80552753401dd,t10_dm_p09_svalor_animpackage_barfocus
4fcb287f93a35929,t10_dm_p09_svalor_animpackage_barrecoil
748a6be786924db6,t10_dm_p09_svalor_animpackage_ext01
748a6ae786924c03,t10_dm_p09_svalor_animpackage_ext02
6c5d490efe055d33,t10_dm_p09_svalor_animpackage_fast01
6c5d4a0efe055ee6,t10_dm_p09_svalor_animpackage_fast02
414cbd025844c8ab,t10_dm_p09_svalor_animpackage_hybrid01
3d63f9e51b06d4f3,t10_dm_p09_svalor_default_animpackage
184d4ca4423dda9a,t10_pi_p14_stiger_animpackage
1ad72a912ef73927,t10_pi_p14_stiger_akimbo_l_default_animpackage
243fbb8ce92f3fa1,t10_pi_p14_stiger_akimbo_r_default_animpackage
2d75900db01187c9,t10_pi_p14_stiger_animpackage_akimbo_l
2d758a0db0117d97,t10_pi_p14_stiger_animpackage_akimbo_r
452a69a80b48ca05,t10_pi_p14_stiger_animpackage_ext01
452a66a80b48c4ec,t10_pi_p14_stiger_animpackage_ext02
452a67a80b48c69f,t10_pi_p14_stiger_animpackage_ext03
159522eebb9baf3e,t10_pi_p14_stiger_animpackage_fast01
5e5723de25baaebc,t10_pi_p14_stiger_default_animpackage
2e56a74fa360a4d,t10_me_p15_knife_animpackage
f544b40ba7e9d4b,t10_me_p15_knife_animpackage_bp_steampunk
fbc302166750d27,t10_me_p15_knife_default_animpackage
46f916c9b8487d12,t10_me_p16_bat_animpackage
43acb1044d400634,t10_me_p16_bat_animpackage_bp_gvibes
5fee38c73cca254,t10_me_p16_bat_default_animpackage
2d26deec89792961,t10_sm_p21_pparis90_animpackage
54f495c64b53f449,t10_sm_p21_pparis90_animpackage_bp_cucumber
10e9123ff81d8776,t10_sm_p21_pparis90_animpackage_ext01
23770f2e5feb56f3,t10_sm_p21_pparis90_animpackage_fast01
2377102e5feb58a6,t10_sm_p21_pparis90_animpackage_fast02
2377112e5feb5a59,t10_sm_p21_pparis90_animpackage_fast03
50880305b4d5946b,t10_sm_p21_pparis90_animpackage_hybrid01
6e4a3193b7ce48ce,t10_sm_p21_pparis90_animpackage_selectsemi_off
25a895f52870ee34,t10_sm_p21_pparis90_animpackage_selectsemi_on
a40d730fc5c76b3,t10_sm_p21_pparis90_default_animpackage
64821ffcebaecc3b,t10_ar_p23_love85_animpackage
4a93cbec715a44d1,t10_ar_p23_love85_animpackage_barhical1
4a93c8ec715a3fb8,t10_ar_p23_love85_animpackage_barhical2
3227052cb3301295,t10_ar_p23_love85_animpackage_barmix
64e7f1f78cc57506,t10_ar_p23_love85_animpackage_barrange
3ed03f46f076aa8e,t10_ar_p23_love85_animpackage_barvelocity
5876a21ca82aca3e,t10_ar_p23_love85_animpackage_bp_angelmon
27825cb31f0f078c,t10_ar_p23_love85_animpackage_ext01
27825fb31f0f0ca5,t10_ar_p23_love85_animpackage_ext02
3870d2ae688c6d0d,t10_ar_p23_love85_animpackage_fast01
3870cfae688c67f4,t10_ar_p23_love85_animpackage_fast02
1d631064dbb87160,t10_ar_p23_love85_animpackage_gripang
71f2b312c9491b13,t10_ar_p23_love85_animpackage_gripvert
23c887911752de95,t10_ar_p23_love85_animpackage_hybrid01
5b50bda9cb4bb2cc,t10_ar_p23_love85_animpackage_selectsemi_off
5b7299330077b1fa,t10_ar_p23_love85_animpackage_selectsemi_on
332b0ed596c92fe8,t10_ar_p23_love85_animpackage_ubgl
150982d7ffaa46a1,t10_ar_p23_love85_animpackage_ubgl_launcher
20784b30548cd830,t10_ar_p23_love85_animpackage_ub_crossbow
6c491ccf4c064cc3,t10_ar_p23_love85_animpackage_ub_crossbow_bow
75b2d915ba293ab5,t10_ar_p23_love85_default_animpackage
f4903ef99fd86fe,t10_sn_p24_love96_animpackage
5fd3ecec6f789eae,t10_sn_p24_love96_animpackage_bp_mecha
7966208aa775d751,t10_sn_p24_love96_animpackage_ext01
79661d8aa775d238,t10_sn_p24_love96_animpackage_ext02
38792f30c0c96e92,t10_sn_p24_love96_animpackage_fast01
68739c1ce380967e,t10_sn_p24_love96_animpackage_hybrid01
51318974aefee5a8,t10_sn_p24_love96_default_animpackage
56d52bf6d376a352,t10_sh_p25_uncle12_animpackage
4511ddb4a8117661,t10_sh_p25_uncle12_animpackage_bp_mire
63c1939439558f9d,t10_sh_p25_uncle12_animpackage_ext01
63c1909439558a84,t10_sh_p25_uncle12_animpackage_ext02
2816df48e02515f6,t10_sh_p25_uncle12_animpackage_fast01
2816de48e0251443,t10_sh_p25_uncle12_animpackage_fast02
7312f013b0ac1919,t10_sh_p25_uncle12_animpackage_gripang
2fb79ec87549b8cc,t10_sh_p25_uncle12_animpackage_gripvert
217c9d69f0d068ba,t10_sh_p25_uncle12_animpackage_hybrid01
1846a967e01eeb6d,t10_sh_p25_uncle12_animpackage_ub_crossbow
4dc500644197335a,t10_sh_p25_uncle12_animpackage_ub_crossbow_bow
31b2f3c2df359b94,t10_sh_p25_uncle12_default_animpackage
2470ece0cfaf90a2,t10_ar_p05_fable_animpackage
73123c7dfea16f4d,t10_ar_p05_fable_animpackage_ext01
7312397dfea16a34,t10_ar_p05_fable_animpackage_ext02
63549be71cb5f346,t10_ar_p05_fable_animpackage_fast01
6549ae71cb5f193,t10_ar_p05_fable_animpackage_fast02
7f853f4d479cab9e,t10_ar_p05_fable_animpackage_gripang01
172809a0ba81a06f,t10_ar_p05_fable_animpackage_gripvert01
6b9306ae3ce067ca,t10_ar_p05_fable_animpackage_hybrid01
445aca4158356a27,t10_ar_p05_fable_animpackage_selectsemi_off
759bb7e222eca643,t10_ar_p05_fable_animpackage_selectsemi_on
7220f3a7786bbe37,t10_ar_p05_fable_animpackage_ubgl
5e2e6fcadb4f51f8,t10_ar_p05_fable_animpackage_ubgl_launcher
64a2ef08610a04dd,t10_ar_p05_fable_animpackage_ub_crossbow
c07a4a70b9f70ca,t10_ar_p05_fable_animpackage_ub_crossbow_bow
7b9afedcd7146dc4,t10_ar_p05_fable_default_animpackage
52768b7468b472c2,t10_sm_p28_saug_animpackage
adb662425ff9a91,t10_sm_p28_saug_animpackage_akimbo_l
adb702425ffab8f,t10_sm_p28_saug_animpackage_akimbo_r
5a47778d888cc491,t10_sm_p28_saug_animpackage_bp_forge
4b54a42479699cad,t10_sm_p28_saug_animpackage_ext01
4b54a12479699794,t10_sm_p28_saug_animpackage_ext02
79155bcc32d9f626,t10_sm_p28_saug_animpackage_fast01
79155acc32d9f473,t10_sm_p28_saug_animpackage_fast02
642d920d6d5ea569,t10_sm_p28_saug_animpackage_gripang
d2f4b2edb6edb1c,t10_sm_p28_saug_animpackage_gripvert
b6a8d2016cbc1aa,t10_sm_p28_saug_animpackage_hybrid01
2a3854c9b303e0c7,t10_sm_p28_saug_animpackage_selectsemi_off
50c55a1d4ceac563,t10_sm_p28_saug_animpackage_selectsemi_on
1e7e91fe3c3122a4,t10_sm_p28_saug_default_animpackage
7965588bf10fbec0,t10_sl_p29_goslo_animpackage
29526e9b66d4182f,t10_sl_p29_goslo_animpackage_ext01
192677f283b3effc,t10_sl_p29_goslo_animpackage_fast01
69c073265ac6d073,t10_sl_p29_goslo_animpackage_gripang
453c83cd55cf145,t10_sl_p29_goslo_animpackage_gripvert01
1e0be4c7d76ac74b,t10_sl_p29_goslo_animpackage_maskbank
62a8fcf9786cb572,t10_sl_p29_goslo_default_animpackage
2c3dd9fae9e6ff7,t10_me_p31_drill_animpackage
1589828670ae1679,t10_me_p31_drill_default_animpackage
5878391b3b03a07a,t10_sn_p26_mary82_animpackage
502426dc18842e25,t10_sn_p26_mary82_animpackage_ext01
502423dc1884290c,t10_sn_p26_mary82_animpackage_ext02
756857e1758f1a5e,t10_sn_p26_mary82_animpackage_fast01
756856e1758f18ab,t10_sn_p26_mary82_animpackage_fast02
271c19aabef7c912,t10_sn_p26_mary82_animpackage_hybrid01
1eb0602c171c41dc,t10_sn_p26_mary82_default_animpackage
59a0a050621a4171,t10_sh_p27_jhavana_animpackage
6735e238210d6126,t10_sh_p27_jhavana_animpackage_ext01
6735e138210d5f73,t10_sh_p27_jhavana_animpackage_ext02
5920240652e4a952,t10_sh_p27_jhavana_animpackage_gripang
6dc97aff168d7259,t10_sh_p27_jhavana_animpackage_gripvert
116582af11d41cbb,t10_sh_p27_jhavana_animpackage_hybrid01
67794b2ef65816a3,t10_sh_p27_jhavana_default_animpackage
3b838dfdc513a983,t10_me_p30_cleaver_animpackage
77160ede3cc982df,t10_me_p30_cleaver_animpackage_bp_cartoon
7ecf82386b4bcd02,t10_me_p30_cleaver_animpackage_bp_bacon
25a5ec542a1a3288,t10_me_p30_cleaver_animpackage_bp_mystery
118eed4becca097d,t10_me_p30_cleaver_default_animpackage
47153b5c0845a035,t10_dm_p05_falove_animpackage
5f45ea6d8a8c9c38,t10_dm_p05_falove_animpackage_barhical
6b545e23ac4d0873,t10_dm_p05_falove_animpackage_barjump
aa49e4e4c992297,t10_dm_p05_falove_animpackage_barmix
2e838dd8df5c129c,t10_dm_p05_falove_animpackage_barrange
62f41ab449e90320,t10_dm_p05_falove_animpackage_barvelocity
2c2a16ff62b42cf2,t10_dm_p05_falove_animpackage_ext01
2c2a15ff62b42b3f,t10_dm_p05_falove_animpackage_ext02
5de4fc52b25d3907,t10_dm_p05_falove_animpackage_fast01
5de4fd52b25d3aba,t10_dm_p05_falove_animpackage_fast02
5f49fc0a9c751ee2,t10_dm_p05_falove_animpackage_gripvert01
20ae2818ec905eb9,t10_dm_p05_falove_animpackage_gripang01
31389cfb211490f7,t10_dm_p05_falove_animpackage_hybrid01
1720acce3afa4cae,t10_lm_p33_uxray_animpackage
7483432faa051f45,t10_lm_p33_uxray_animpackage_beltfed
746a2cebf899d54,t10_lm_p33_uxray_animpackage_bp_death_metal
2914b298437d93a1,t10_lm_p33_uxray_animpackage_ext01
2914af98437d8e88,t10_lm_p33_uxray_animpackage_ext02
5fbd1e322f6e9402,t10_lm_p33_uxray_animpackage_fast01
46bb001ed1838c7a,t10_lm_p33_uxray_animpackage_gripang01
1ae94ac2ec73e3b,t10_lm_p33_uxray_animpackage_gripvert01
1ae95ac2ec73fee,t10_lm_p33_uxray_animpackage_gripvert02
6a008f4ac9fef86e,t10_lm_p33_uxray_animpackage_hybrid01
c553eee8e2cf0cd,t10_lm_p33_uxray_animpackage_ubcrossbar
33380ac6df8042f8,t10_lm_p33_uxray_default_animpackage
587198ef3aacfee9,t10_ar_p34_tbaker_animpackage
57864e1f1437d41e,t10_ar_p34_tbaker_animpackage_ext01
57864d1f1437d26b,t10_ar_p34_tbaker_animpackage_ext02
630e65ec918e607b,t10_ar_p34_tbaker_animpackage_fast01
630e66ec918e622e,t10_ar_p34_tbaker_animpackage_fast02
6b830b9ca1a931da,t10_ar_p34_tbaker_animpackage_gripang
24eb576876a4d821,t10_ar_p34_tbaker_animpackage_gripvert
698dd9d47c568f63,t10_ar_p34_tbaker_animpackage_hybrid01
44bc05fcfade15a6,t10_ar_p34_tbaker_animpackage_selectsemi_off
11eb342f12d1f70c,t10_ar_p34_tbaker_animpackage_selectsemi_on
5fe7960f4a16026e,t10_ar_p34_tbaker_animpackage_ubgl
4315bb35e283fa3b,t10_ar_p34_tbaker_animpackage_ubgl_launcher
703ce338b3a2ee21,t10_ar_p34_tbaker_animpackage_ubcrossbow
4bc190d4e69a8096,t10_ar_p34_tbaker_animpackage_ubcrossbow_bow
68ff02feb4cb0efb,t10_ar_p34_tbaker_default_animpackage
453cbe2678dcae38,t10_sm_p41_perth_animpackage
612651095f858aa5,t10_sm_p41_perth_animpackage_bp_creature
7671a84ec18eb0e7,t10_sm_p41_perth_animpackage_ext01
7671a94ec18eb29a,t10_sm_p41_perth_animpackage_ext02
1715cb4040f15d34,t10_sm_p41_perth_animpackage_fast01
1715ce4040f1624d,t10_sm_p41_perth_animpackage_fast02
4910359832b25388,t10_sm_p41_perth_animpackage_hybrid01
b5ea9dc4e7f9e61,t10_sm_p41_perth_animpackage_selectsemi_off
4c689d677eb58065,t10_sm_p41_perth_animpackage_selectsemi_on
77e608997c2cb6aa,t10_sm_p41_perth_default_animpackage
29de924684b54d1,t10_me_p40_bostaff_animpackage
16a017be234041cf,t10_me_p36_skateboard_animpackage
25bed33c20b51049,t10_sl_p35_blauncher_animpackage
356a3749eff4c612,t10_sl_p35_blauncher_animpackage_antivehicle
7b992d0e14ed195f,t10_sl_p35_blauncher_animpackage_ricochet
1c21fe6fa33a5664,t10_sl_p35_blauncher_animpackage_ubcrossbar
145b4755ff8f370b,t10_sl_p44_napa_animpackage
2a6280d1f5576625,t10_sl_p44_napa_default_animpackage
7eb7fc1e68f849ee,t10_ar_p45_kent_animpackage
234ff4dd4450ad2b,t10_ar_p45_kent_animpackage_bp_swolf
6ba51a8c8a6fc6e1,t10_ar_p45_kent_animpackage_ext01
6ba5178c8a6fc1c8,t10_ar_p45_kent_animpackage_ext02
6ba5188c8a6fc37b,t10_ar_p45_kent_animpackage_ext03
187f4f75abd40b42,t10_ar_p45_kent_animpackage_fast01
1d5d322a59f5d465,t10_ar_p45_kent_animpackage_gripang
458f2d7ddc0c587b,t10_ar_p45_kent_animpackage_gripvert01
4b28da1dba8a75ae,t10_ar_p45_kent_animpackage_hybrid01
50d80ec76eb43a93,t10_ar_p45_kent_animpackage_selectsemi_off
2e6a9270dcf1a62f,t10_ar_p45_kent_animpackage_selectsemi_on
5324dd70889acdcb,t10_ar_p45_kent_animpackage_ubgl
1cb8cea292cb4fcc,t10_ar_p45_kent_animpackage_ubgl_launcher
1b19beb1ae41bad9,t10_ar_p45_kent_animpackage_ub_crossbow
6bf7d4112c39526e,t10_ar_p45_kent_animpackage_ub_crossbow_bow
5f14505ca2d23038,t10_ar_p45_kent_default_animpackage
7115f5331eb15414,t10_sn_p46_hugo_animpackage
2717ff6674f0f81b,t10_sn_p46_hugo_animpackage_ext01
2718006674f0f9ce,t10_sn_p46_hugo_animpackage_ext02
15497fbd2f3fdb30,t10_sn_p46_hugo_animpackage_fast01
154982bd2f3fe049,t10_sn_p46_hugo_animpackage_fast02
57bde25deda013dc,t10_sn_p46_hugo_animpackage_hybrid01
3d83f9830e2cbd0e,t10_sn_p46_hugo_default_animpackage
54580e9ce1880114,t10_ar_p47_gilroy_animpackage
306a4e121478610e,t10_ar_p47_gilroy_animpackage_barhcal
2014d261adb0cdc8,t10_ar_p47_gilroy_animpackage_barmix
37e79b1ddb5548ab,t10_ar_p47_gilroy_animpackage_barrange
6c640d61c558e80d,t10_ar_p47_gilroy_animpackage_barvelocity
7dea68e6bd8b7d1b,t10_ar_p47_gilroy_animpackage_ext01
7dea69e6bd8b7ece,t10_ar_p47_gilroy_animpackage_ext02
3757c4b88dcfda30,t10_ar_p47_gilroy_animpackage_fast01
3757c7b88dcfdf49,t10_ar_p47_gilroy_animpackage_fast02
40746de9d1e0c787,t10_ar_p47_gilroy_animpackage_gripang
14749fc0e11aff09,t10_ar_p47_gilroy_animpackage_gripvert01
59c29099bfcceadc,t10_ar_p47_gilroy_animpackage_hybrid01
4c40824ec29cfa6d,t10_ar_p47_gilroy_animpackage_selectsemi_off
6107f83106ebd0d1,t10_ar_p47_gilroy_animpackage_selectsemi_on
df28168459a4b41,t10_ar_p47_gilroy_animpackage_ubgl
2c06ca6eb3af930e,t10_ar_p47_gilroy_animpackage_ubgl_launcher
175a5b72d7eaf2f3,t10_ar_p47_gilroy_animpackage_ub_crossbow
8fca2649ea49b0,t10_ar_p47_gilroy_animpackage_ub_crossbow_bow
2bc230a4bcdb0a0e,t10_ar_p47_gilroy_default_animpackage
670ecf41bdb2c6d8,t10_sm_p43_schuck_animpackage
af5690e204ed345,t10_sm_p43_schuck_animpackage_bp_necro
28587402ae8572d6,t10_sm_p43_schuck_animpackage_bp_s4blk
41368f4e69b8747,t10_sm_p43_schuck_animpackage_ext01
41369f4e69b88fa,t10_sm_p43_schuck_animpackage_ext02
244b458c4dc28a94,t10_sm_p43_schuck_animpackage_fast01
244b488c4dc28fad,t10_sm_p43_schuck_animpackage_fast02
1a33da5ec54f1afb,t10_sm_p43_schuck_animpackage_gripang
1c122b8644d3d12a,t10_sm_p43_schuck_animpackage_gripvert
26fc0370f3be5b68,t10_sm_p43_schuck_animpackage_hybrid01
4116f5f07ed0e01,t10_sm_p43_schuck_animpackage_selectsemi_off
5e7586faec024185,t10_sm_p43_schuck_animpackage_selectsemi_on
435fc9e69082d80a,t10_sm_p43_schuck_default_animpackage
3d53f1629543b03f,t10_ar_p49_fresno_animpackage
67a54ad5bce55a93,t10_ar_p49_fresno_animpackage_bp_arcade
58c6488f26b6ace8,t10_ar_p49_fresno_animpackage_ext01
58c64b8f26b6b201,t10_ar_p49_fresno_animpackage_ext02
2528966fcd65ac11,t10_ar_p49_fresno_animpackage_fast01
2528936fcd65a6f8,t10_ar_p49_fresno_animpackage_fast02
181da8889b678e94,t10_ar_p49_fresno_animpackage_gripang
5621a39007b5a317,t10_ar_p49_fresno_animpackage_gripvert
25eb175384933711,t10_ar_p49_fresno_animpackage_hybrid01
4b874fa3d65b3b20,t10_ar_p49_fresno_animpackage_selectsemi_off
52911870c7ff159e,t10_ar_p49_fresno_animpackage_selectsemi_on
4caa4168072658f4,t10_ar_p49_fresno_animpackage_ubgl
7462b0d84fac580d,t10_ar_p49_fresno_animpackage_ubgl_launcher
651c725f702dbd7b,t10_ar_p49_fresno_animpackage_ubcrossbow
5bee6f9309199fb8,t10_ar_p49_fresno_animpackage_ubcrossbow_bow
4691e6a318768941,t10_ar_p49_fresno_default_animpackage
646322734a83921b,t10_dm_p50_erie_animpackage
7d1f3b6ca8c2f42c,t10_dm_p50_erie_animpackage_ext01
7d1f3e6ca8c2f945,t10_dm_p50_erie_animpackage_ext02
131bd270b33fe2ad,t10_dm_p50_erie_animpackage_fast01
599551014783f135,t10_dm_p50_erie_animpackage_hybrid01
764e00360549ac55,t10_dm_p50_erie_default_animpackage
275324777e6846c4,t10_sh_p11_olove_animpackage
543fd0a0017b0a1a,t10_sm_p52_lisbon_animpackage
200f3c5df32157bc,t10_sm_p52_lisbon_animpackage_bp_lightgod
15ca77322a255d85,t10_sm_p52_lisbon_animpackage_ext01
15ca74322a25586c,t10_sm_p52_lisbon_animpackage_ext02
721fa4a12c6a51be,t10_sm_p52_lisbon_animpackage_fast01
721fa3a12c6a500b,t10_sm_p52_lisbon_animpackage_fast02
6aea87f35414ea91,t10_sm_p52_lisbon_animpackage_gripang
6fbfd8d76f4143a4,t10_sm_p52_lisbon_animpackage_gripvert
2a8608555a49fbf2,t10_sm_p52_lisbon_animpackage_hybrid01
7ef68b91a386242f,t10_sm_p52_lisbon_animpackage_selectsemi_off
2fdbacc28aaccb8b,t10_sm_p52_lisbon_animpackage_selectsemi_on
6c540613d4d8ce3c,t10_sm_p52_lisbon_default_animpackage
106a96c1f300cc6b,t10_ar_p02_aking74_animpackage_bp_fighter
19dc476f75b7a898,t10_ar_p02_aking74_animpackage_gripvert
335dc3377e8502b2,t10_ar_p04_clove_animpackage_bp_dino
9363a76fa6876cc,t10_ar_p04_clove_animpackage_bp_s4blk
5a7ec91c0165d289,t10_ar_p05_fable_animpackage_bp_s5blk
419c5f66ce2bbe5,t10_ar_p22_able18_animpackage_mixbarrel
3c2eb1a616b87644,t10_ar_p22_able18_animpackage_hical2
3874653c68ce669e,t10_ar_p22_able18_animpackage_hical
792f7aaa2b9f9aaa,t10_ar_p22_able18_animpackage_range
60fc1e0e442ef4ca,t10_ar_p22_able18_animpackage_velocity
18fd5dc8780cdd0e,t10_ar_p45_kent_animpackage_bp_roller
792404840cfa073c,t10_ar_p47_gilroy_animpackage_bp_gamer
7677e3ba3c2cfed9,t10_ar_p54_aspen_animpackage
e0e9e1206a83b0b,t10_ar_p54_aspen_default_animpackage
7f42d6a957ddb531,t10_ar_p54_aspen_animpackage_gripvert
4851f10b1061a2a,t10_ar_p54_aspen_animpackage_gripang
7d1e70c599b02d3e,t10_ar_p54_aspen_animpackage_ubgl
58b6e5a703ef8c0b,t10_ar_p54_aspen_animpackage_ubgl_launcher
3648d3b05b30f231,t10_ar_p54_aspen_animpackage_ubcrossbow
4b1208dcddcafd26,t10_ar_p54_aspen_animpackage_ubcrossbow_bow
18c73f023c7e7f49,t10_ar_p54_aspen_animpackage_bp_combo
6f1ca2004829e9ae,t10_ar_p54_aspen_animpackage_ext01
6f1ca1004829e7fb,t10_ar_p54_aspen_animpackage_ext02
224d4d547c491cab,t10_ar_p54_aspen_animpackage_fast01
224d4e547c491e5e,t10_ar_p54_aspen_animpackage_fast02
3b4653b3c12c3ad3,t10_ar_p54_aspen_animpackage_hybrid01
379a43ab078dd81c,t10_ar_p54_aspen_animpackage_selectsemi_on
914659dd61d83d6,t10_ar_p54_aspen_animpackage_selectsemi_off
686bee554ef1ca63,t10_dm_p01_sroger25_animpackage_bp_drkmagic
40ab6afff3104a74,t10_dm_p01_sroger25_animpackage_bp_mechlaw
d892a51c3ff387f,t10_dm_p05_falove_animpackage_full_auto
28b9f940eea39728,t10_dm_p05_falove_animpackage_full_auto_ext01
21e0ad5201a9c41b,t10_lm_p02_puncle21_default_animpackage
724021e9152a4352,t10_lm_p02_puncle21_animpackage_beltfed
2a4ff762c2fba703,t10_lm_p02_puncle21_animpackage_hybrid01
4af8f52512380067,t10_lm_p53_mesa_animpackage
514626401477f949,t10_lm_p53_mesa_default_animpackage
6d77413f1f972eef,t10_lm_p53_mesa_animpackage_gripvert
37b53c4c676fa38c,t10_lm_p53_mesa_animpackage_gripang
79b06a52ec3c0202,t10_lm_p53_mesa_animpackage_ubcrossbar
25723313eca2ef39,t10_lm_p53_mesa_animpackage_barhcal
4ed9fe1040ec047a,t10_lm_p53_mesa_animpackage_barrange
33487d4143c8afab,t10_lm_p53_mesa_animpackage_bp_timemach
1c1bb20a10223bf0,t10_lm_p53_mesa_animpackage_ext01
1c1bb50a10224109,t10_lm_p53_mesa_animpackage_ext02
84f543302b07059,t10_lm_p53_mesa_animpackage_fast01
84f513302b06b40,t10_lm_p53_mesa_animpackage_fast02
3a02510c0d8fe5f4,t10_lm_p53_mesa_animpackage_beltfed
3673e82baa186809,t10_lm_p53_mesa_animpackage_hybrid01
66ca5ef74e5acf29,t10_sm_p12_roger31_animpackage_gripang02
56bc820177750201,t10_sn_p46_hugo_animpackage_bp_voyage
6d991af9b127ad2f,t10_pi_p42_pyork_akimbo_l_default_animpackage
571e48a749ab2ab9,t10_pi_p42_pyork_akimbo_r_default_animpackage
6ad7797d7208840f,t10_pi_p42_pyork_animpackage_akimbo_r
6ad76f7d72087311,t10_pi_p42_pyork_animpackage_akimbo_l
4a592acfb74e6338,t10_sl_p58_artifact_animpackage
272e7b41bf95e678,sat_dm_solomon_animpackage
3bc00b22503182ea,sat_dm_solomon_default_animpackage
2f9db322c717cb27,sat_dm_solomon_animpackage_ext01
7148f18334e9a274,sat_dm_solomon_animpackage_fast01
7148f48334e9a78d,sat_dm_solomon_animpackage_fast02
2f9db422c717ccda,sat_dm_solomon_animpackage_ext02
7573986e4e7e37c8,sat_dm_solomon_animpackage_hybrid01
36fbad5b66d8b0fd,sat_sm_gecko_animpackage_barshort
5bdbbe6679afe92e,sat_ar_heron_animpackage_ubgl
199d29b078f5d4fb,sat_ar_heron_animpackage_ubgl_launcher
5f95e9255ca2c4ee,sat_ar_heron_animpackage_fast02
5f95e8255ca2c33b,sat_ar_heron_animpackage_fast01
13009a44f82c80de,sat_ar_heron_animpackage_ext01
13009944f82c7f2b,sat_ar_heron_animpackage_ext02
79bb6020a5c6d123,sat_ar_heron_animpackage_hybrid01
2e5b0f32798790cc,sat_ar_heron_animpackage_selectsemi_on
45a19f22149e666b,sat_sn_aden_default_animpackage
4c666cc481717d66,sat_ar_heron_animpackage_selectsemi_off
7de91cf9d163c8a9,sat_ar_heron_animpackage
78dfdfd47e8ebcf1,sat_sn_caspian_animpackage_ubsh
1af6c21f400e3bb,sat_ar_heron_default_animpackage
7b7372e674098c20,sat_sn_caspian_animpackage_ubsh_shotgun
7e434d644f5e629a,sat_ar_heron_animpackage_gripang
138ff59ae5a3b420,t10_ar_p34_tbaker_animpackage_bp_larpers
7b8319b6b6a08926,t10_ar_p47_gilroy_animpackage_bp_tcard
494ef072b4d090d6,t10_ar_p49_fresno_animpackage_bp_witch
3e6f8295f313b67a,t10_ar_p49_fresno_animpackage_bp_nuketown
6c25385ab5a7e432,t10_ar_p54_aspen_animpackage_bp_mskate
7af7da5773c01379,t10_ar_p56_milan_animpackage
20bb3205a3eaaaeb,t10_ar_p56_milan_default_animpackage
3cd9d53228e832c6,t10_ar_p56_milan_animpackage_gripvert01
74885229edbae68a,t10_ar_p56_milan_animpackage_gripang
4d6da46143a36d1e,t10_ar_p56_milan_animpackage_ubgl
79e1c2dd83e31dab,t10_ar_p56_milan_animpackage_ubgl_launcher
5cf805f3b316802,t10_ar_p56_milan_animpackage_ub_crossbow
2731859c76fa85c5,t10_ar_p56_milan_animpackage_ub_crossbow_bow
6b31e69646d004a4,t10_ar_p56_milan_animpackage_bp_scarecrow
e1b308389a138d7,t10_ar_p56_milan_animpackage_stock01
e1b318389a13a8a,t10_ar_p56_milan_animpackage_stock02
28bc6480c89f190b,t10_ar_p56_milan_animpackage_fast01
28bc6580c89f1abe,t10_ar_p56_milan_animpackage_fast02
573e73820f0e4b8e,t10_ar_p56_milan_animpackage_ext01
573e72820f0e49db,t10_ar_p56_milan_animpackage_ext02
2d6b14a7f52b47b3,t10_ar_p56_milan_animpackage_hybrid01
245434d70543adbc,t10_ar_p56_milan_animpackage_selectsemi_on
7ede935df21715f6,t10_ar_p56_milan_animpackage_selectsemi_off
60d80299b3cd3d64,t10_lm_p02_puncle21_animpackage_ubcrossbar
367e55b36ec315d1,t10_lm_p07_ksugar58_animpackage_gripvert03
e44ef07a02ec0a3,t10_me_p30_cleaver_animpackage_bp_jellybean
3e338c358de713b8,t10_sm_p12_roger31_animpackage_bp_s6blk
2058f3ad381fe3ed,t10_sm_p57_mpug40_animpackage
3ac5934e253fd07,t10_sm_p57_mpug40_default_animpackage
13088e42be152b58,t10_sm_p57_mpug40_animpackage_bp_braing
7df1d12598ca867f,t10_sm_p57_mpug40_animpackage_fast01
7df1d22598ca8832,t10_sm_p57_mpug40_animpackage_fast02
410e8858879cb1ca,t10_sm_p57_mpug40_animpackage_ext01
410e8758879cb017,t10_sm_p57_mpug40_animpackage_ext02
f6167df56d8c29f,t10_sm_p57_mpug40_animpackage_hybrid01
316c07ca8160f0,t10_sm_p57_mpug40_animpackage_stock
73f42e2f3189c000,t10_sm_p52_lisbon_animpackage_bp_celmonster
2c96f5d2e3614a41,sat_ar_eagle_bp_s2blk
30464f319f0f254a,sat_ar_egret_bp_origami
acf9d991b6c299f,sat_sn_aden_animpackage_fastmag2
3df88f0f0c73a23e,sat_ar_eagle_animpackage_ext03
21518b13ac65cc7c,sat_ar_heron_bp_teddbus
62b3c19437c1df0b,sat_ar_eagle_bp_milspace
c01b8ee48a4e24d,sat_ar_finch_animpackage
472f845c352ee527,sat_ar_finch_default_animpackage
dfd83ccb2a077b5,sat_ar_finch_animpackage_gripvert
6b7157dba7c2db7e,sat_ar_finch_animpackage_gripang
2b62a6f58050b17a,sat_ar_finch_animpackage_ubgl
5dad6baf529ea97,sat_ar_finch_animpackage_ubgl_launcher
22271f3149eef3d2,sat_ar_finch_animpackage_barheavy
6575363cea96f8f9,sat_ar_finch_animpackage_barlong
33b79a25adb84443,sat_ar_finch_animpackage_fastmag
5a11a47509037682,sat_ar_finch_animpackage_extmag2
46340fff178f9a44,sat_ar_finch_animpackage_extmag
4a40a9cb35033e24,sat_ar_finch_animpackage_flipmag
58c74aee13f7993f,sat_ar_finch_animpackage_hybrid01
9d2f261cb1bb0c0,sat_ar_finch_animpackage_selectsemi_on
4d3db22c2024435a,sat_ar_finch_animpackage_selectsemi_off
78ac5fbb208ba660,sat_pi_alcor_animpackage
2dbfdfcffaf35539,sat_pi_alcor_animpackage_akimbo_r
2dbff9cffaf38167,sat_pi_alcor_animpackage_akimbo_l
5c87e87914abaed2,sat_pi_alcor_default_animpackage
5c5195641990861f,sat_pi_alcor_default_animpackage_akimbo_r
5c51ab641990ab81,sat_pi_alcor_default_animpackage_akimbo_l
72fd8eba41efe5ff,sat_pi_alcor_animpackage_optics
33615581800b91d7,sat_pi_alcor_animpackage_fast
1c1cf9e11833098f,sat_pi_alcor_animpackage_ext01
1c1cfae118330b42,sat_pi_alcor_animpackage_ext02
14cbe46c275b2c0a,sat_sm_bear_animpackage
5eb090e8884c7707,sat_sm_bear_animpackage_akimbo_r
5eb076e8884c4ad9,sat_sm_bear_animpackage_akimbo_l
75b31ae1ad64314c,sat_sm_bear_default_animpackage
5685024cf9e7dfcd,sat_sm_bear_default_animpackage_akimbo_r
5684e44cf9e7acd3,sat_sm_bear_default_animpackage_akimbo_l
7576af8ff7fb4174,sat_sm_bear_animpackage_gripvert
54d1231cfa7ed421,sat_sm_bear_animpackage_gripang
7f59fd533cab7415,sat_sm_bear_animpackage_ext01
7f59fa533cab6efc,sat_sm_bear_animpackage_ext02
52b00c862bf92119,sat_sm_bear_animpackage_fast
5d61a01637e701e2,sat_sm_bear_animpackage_hybrid01
70cf79599cd1c21b,sat_sm_bear_animpackage_selectsemi_on
23280457856611f,sat_sm_bear_animpackage_selectsemi_off
209bc0cee1d8726c,sat_sn_coral_animpackage
74568c518da641e6,sat_sn_coral_default_animpackage
6ecd719c2ae5a544,sat_sn_coral_animpackage_hybrid01
22854fd168d66f26,sat_sn_coral_animpackage_ext02
22854ed168d66d73,sat_sn_coral_animpackage_ext01
1618ef81fa5a4608,sat_sn_coral_animpackage_fast01
49e78da18fe68b2,sat_ar_falcon_animpackage_spear
403de923b1bd9ce,sat_sm_bear_animpackage_ext01_556
f374d3a70d49032,sat_sm_bear_animpackage_fast_556
553cca730f19a66f,sat_sm_bear_animpackage_ext02_556
2a71ef7dac2167a0,sat_ar_falcon_bp_apex
4806268be68f39e0,sat_vm_ar_finch_inspect_bp_spyvil
516e21ce97c88904,sat_sm_komodo_bp_s3blk
1c599e0f1a8f5cde,sat_sn_coral_bp_paintb
7db1a4c83a6ce544,sat_sm_bengal_bp_highend
7a2a9aa42c38f26e,t10_ar_p34_tbaker_animpackage_bp_anime_vtuber