660e34c8,j_interior_hand_ring1
7a1d127f,tag_seat_wm_2
4a0466ef,j_cosmetic_radio_3
f5a89fbf,j_carry_spine4
55e06946,j_strap_27
217b4f68,j_gas_cap
4cc9707d,j_qamiz_cloth_simmesh_0
16bb9a1d,tag_seat_1
dd3db48,j_charging_tube
a7711c8b,j_cosmetic_groinbag
de94695f,j_eyelidbulge_le
2422ae61,j_tool_execution_cinderblock_piece_01
cc6da416,j_bandage_4_r
3e6fe5f1,j_cosmetic_tape_02
10b07cdc,j_mag_release_button
40247f55,j_cheek_ri_2
33cc111a,tag_accessory_left
11afe0e6,j_skirt_le_fr
c700bd08,j_frontgilly_a_ri
67c3b31e,j_proc_deltoid_le
81cf2468,j_cosmetic_antenna5_a
3025dbb2,j_cosmetic_bakcpack_strap03_le
1b35348f,j_rope_114
c566bc08,j_lock_06
7e664417,j_cosmetic_boltcutters_01
448a0cf1,j_cloth_polysurface2_20
1f7c2f02,tag_geo_frag_a_001
37cd3a3f,j_nose_tip
8299ac1a,j_cosmetic_upper
80a27a7e,j_cap
20e18ecc,j_bag_center
a495aef0,j_barrel_3
57de2dd5,j_strap_35
19e9b630,tag_blood_9
53e06620,j_strap_25
aff7bb58,j_b_top
c40eb5d,j_grenade_04
ca57e1b9,j_rearfin_1
997030df,j_cosmetic_backminibaga
ba4c2308,j_cosmetic_flash_pouch
c9017520,j_eye_lid_top_le_2
26839e97,j_cosmetic_grabstrapa_le_3
94b20ed1,j_sling_target
2b330f28,j_rope_106
4bf6737c,tag_bipod_attach
f3dbaea8,j_cosmetic_wire_04
3c4ae02b,j_shouldertwist_le_prop
3c2096e1,j_grip_ring
a3ed0e8b,j_cosmetic_sydcoat_3
9c2c607d,j_metaindex_le_1
cb6cb4f0,j_corner_3_b
ae9ff486,j_cloth_proxy_17
642d6eb9,j_axel_back_right_tgt
12c4a415,j_cloth_simmesh_right1
5816a141,tag_origin_part_hood
e835fa9f,j_dummy_gun_mag
71e58121,j_bandage_5_r
450c1c74,j_slidelock
edf227c6,j_proc_collar
614a39ba,j_door_ri
d540fa07,j_cosmetic_lropebagropee
8c90c5ca,j_lowergum
ed258503,tag_weapon_focus
3f41c73d,j_rope_77
af698bcc,j_cosmetic_tacticalgear
e9831f53,tag_playerride
948cb0d2,tag_child
1f145ada,j_kurta_simmesh_10
2c3310bb,j_rope_107
7a04b27f,j_cosmetic_radio_c
71b486e0,tag_weapon_left
93e61fd5,j_cosmetic_gloves_04
abab83c6,j_cosmetic_mask_9
1216020a,j_cloth_simmesh_4_end
3bf05939,tag_gunner_left
ad49302c,j_rope_45
c038e372,j_cosmetic_le_cloths_d_01
b2f50ca4,tag_chassis_attach
2018dce9,j_dummy_l_ankle
d898e41b,j_cosmetic_small_bag_strap_ri
a8214709,j_cosmetic_utility_large_ri1_1
56292e7d,j_ammo_35
a223929d,j_cosmetic_medium_bag_zipper_03
64cccd71,j_keypad9
888ce911,j_ribbon_cable_r
d486e861,j_hinge2
155684fb,j_eye_lid_top_ri_1
e3010593,j_sidegilly_b_ri
6fc3e1d,j_tacgear
c67c5835,j_gate_01
22f8eead,j_cosmetic_chemlight_01
d504a017,j_cosmetic_rarmpadbuckle
e76d69d5,j_hair5_cl
6a5bc2b0,j_tail_5_prop
55d39d53,j_strap_77
e18d50ea,j_pinky_ri_2_prop
26d93c79,j_cosmetic_grabstrapc_ri_1
860fff74,j_tail_1_prop
fe280aa8,j_cosmetic_buttbag_d
cfd36bc1,tag_tail_rotor_blade_04
7e44bc5,j_cosmetic_flippers
9866f852,j_cosmetic_shoulder_ri
123f0370,j_cosmetic_flash_grenade_2
d21fb5b5,j_cosmetic_strap_b
8ba0b5fd,j_cosmetic_dropleg_a
e8a4c5a7,j_flamecloth2
5015b5bd,j_cosmetic_mainbase_jnt
c77189e4,j_brow_le_3
ae820b23,j_cosmetic_carabiner_a
4eac9d1e,j_cosmetic_cape_31
7d423bda,j_kalisticks_le
654dbd5b,j_cosmetic_wire_clav_02_a
541c5f64,j_ammo_47
268e75bd,j_cosmetic_broken_mirror_03
dba2a290,tag_pilot2
54df4a28,j_cosmetic_bobblehead
c2960c3e,j_cloth_polysurface2_50
c0f2a2c2,j_cosmetic_cqc1_bage
aceb25c0,j_empty_ammo_belt_01
b1348a3c,tag_tail_rotor_static
7ada835,j_cosmetic_12
da58cc8f,j_proc_shoulder_le
f706a3bd,j_cosmetic_small_bag_strap_ri_c
fe3c361e,j_cosmetic_flashbang_a
fc2e4f67,j_grenade1
a11eae32,j_rope_180
a2af269,j_back_loader
205b06db,j_lip_bot_le_3
2c21c79a,j_rope_197
590e35a,j_cloth_simmesh_55
15f5a0dd,j_b_04
c99db988,j_cosmetic_grenade_ri
9e6a0710,j_forehead_le_1
d72ff80e,j_nasolabial_ri_5
788d26c3,tag_bink3
8ebf5248,j_thumb_ri_3
63e80c8f,j_cosmetic_vest_upper
2d564a5b,j_cosmetic_drawstring_ri_5
f07eb4a9,j_pilot_chutebase_dynamic
2d3f6c50,j_rope_85
9d114f9d,j_kurta_simmesh_24
d6591bbd,j_cosmetic_antenna_01
a7fb14bb,tag_origin_claymore
1f2b00aa,j_fannypacka
bc750172,j_cosmetic_backpouchb
15e2ab7d,j_cosmetic_bag_b2
60c7bdc6,j_proc_par_deltoid_le
91bf5701,j_thumb_ri_0
1c145621,j_kurta_simmesh_15
58c6223c,j_ub_chamber
b41e4b0d,tag_gun_l
c4013183,j_wires1
f92e4aae,j_grenade6
df0aa04b,j_cosmetic_mag_pouches_c
a155aa22,j_eyelash_bot_ri_2
f76b1c89,j_magnifier_lever
4d7454e1,j_ammo_6
77f896c7,j_cosmetic_groinpada
405669ad,j_bag_mid
c2ae6948,j_ammo_cover
27197f9b,j_qamiz_cloth_simmesh_13
f45f2a72,j_cosmetic_sword_b
3a41bf5e,j_rope_72
30e9aa5b,tag_phase
62d3b1ca,j_strap_78
3068d7f,j_r_mid_lid
3e0573a8,tag_muzzle_flash
170fdb05,j_cosmetic_scarf_left
f14751af,j_cosmetic_short_mag_pouch_02
789cd156,j_cloth_simmesh_28
3182b00f,j_cosmetic_backradioa
a7486553,j_bandage_1_l
5a061934,j_sidegilly_a_ri
98fa536d,j_cosmetic_techgear
8ca62acf,j_cosmetic_29
28bbe530,j_cosmetic_flipper_a
17fdd00c,j_fan_mid_le
7faad949,tag_knife_offset
ace96d9b,j_cosmetic_helmet
c3b1d27b,j_cosmetic_cape_18
cbf43af0,tag_brass_2
e341e6bc,j_chinstrap_001
beb1ca9c,j_cosmetic_cape_15
d44c502c,j_cosmetic_backpack_zip
9f3a8189,j_rope_174
3329844e,j_cosmetic_dump_pouch_a_le
3c44011b,j_rope_62
39d77381,tag_sling_attach_body_2
10ccebdc,j_eyeball_le
71a18ac,j_xmags2
1809010c,j_mag1
53724c6a,j_cat_ri
268f26b9,j_cloth_thigh_ri_03
3b53367d,j_cosmetic_zip_a
7593ed50,j_cosmetic_earphones_08
218963ea,j_cloth_jacket_04
3d6e07fc,j_drawer3
55d2478f,j_mag_762n_1
8a473149,tag_mirror_left
a8a13451,j_pen
df783f,j_bipod_right
fddc3385,j_cosmetic_small_bag_zipper_03
a847001b,j_slider_hinge
1ebab348,j_bullet_05
d529fe81,j_cosmetic_magflap_02
2647cf35,j_cosmetic_cowl_righta
5314f89a,tag_ik_loc_ri_seat_0
e36b5d68,j_box02_mag_06
f9078311,tag_base
93ee4434,j_chute_b_3
e32deeec,j_suspension_front_right_aim
1c7c2a49,tag_geo_frag_a_004
5bd3a6c5,j_strap_71
ec2417f0,j_forwardassist
e496af3e,tag_detach_right
2189665d,j_chute_a_7
fa14609f,j_steeringshaft_front_left_aim
30331707,j_rope_103
bdb1c909,j_cosmetic_cape_12
b24b76a2,j_rope_32
e453e3f1,j_cosmetic_smokering
2c6031a4,j_proc_radio_le
161c2d77,j_cosmetci_heavy_bag_strap_ri
1b2afa5e,j_fannypacke
e48494ed,j_cosmetic_medical
3222a8b4,j_cosmetic_bcd_vest_dangle_a
1d37764c,j_rope_160
781d0f59,tag_seat_wm_4
a892a8dc,j_cosmetic_lpadstrapbc
c3ca4165,j_bandage_6
5ac25103,j_cosmetic_magpouch_02
d2ebda91,j_rope_4
235a67bf,j_string_52
fcced0c9,tag_carry_attach
b6ab9517,j_cosmetic_mask_6
d99beae6,j_cosmetic_ri_cloths_c_02
df3213e8,j_antenna_2
8fbdf8fe,j_link_03
e6d6c02d,j_strap_66
1b65a3e2,j_cosmetic_small_utility_pouch
5be55e7f,j_bandage_5_l
6fd87b5f,j_knee_ri
a474c249,j_dynamic_rear_hairlockc
799512dd,j_cosmetic_vest_bag_radio_01
4c51597a,j_proc_radio_ri
462b2391,j_cosmetic_sydcoat_23
584a831b,tag_left_tail_fx
35281b20,j_craw_2_le_prop
2ece6380,j_latch
b18c3d90,j_cheek_puff_le
1a7c2723,tag_geo_frag_a_006
d7dcba8f,tag_bipod_pivot
99a87ddd,j_cosmetic_30
1c3ff983,j_loose_round
768bd5f,j_ring_ri_2_prop
53fc8372,j_flag_dyn_up_3
36e7e60d,tag_ik_loc_le_seat_ctrl
a81dbd3b,j_ub_shell_02
3e62b534,tag_door_interior_02
1a6aa001,tag_cambone
438a0b5e,j_cloth_polysurface2_21
5b295565,j_cosmetic_radio_small
c979f10d,j_cosmetic_cqc2_comsradio
bb329785,j_cosmetic_sydcoat_16
c6cdf675,j_flag_dyn_mid_1
16cb64f1,j_cosmetic_pistol_01
c927ac54,j_hair5_f
bb11ae6d,j_cloth_thigh_le_01
9a892f99,tag_light_top_body
9e64523d,j_cosmetic_cloth_bag_03
a03956df,j_cosmetic_bcd_vest_dring_a
4499177b,j_cloth_polysurface2_44
5aef7baf,j_strap_82
2d758cb6,j_thighbagbag
783e11a8,j_mid_le_3
315650a7,j_cosmetic_drawstring_ri_1
e3c39992,tag_window_back_right_2
1a6cd3b3,j_cosmetic_hair_2
3ee698bd,j_periorbital_ri_3
547210d6,j_eyelash_top_ri_4
42aa4ba3,j_cosmetic_cape_29
db99b002,j_cosmetic_camelbacklstrapend
539701d3,j_cosmetic_chainb
8208992d,j_string_111
6776ac1e,j_cosmetic_grenade_pouch_g
af55b8e7,j_pinky_le_1_prop
46991aa1,j_cloth_polysurface2_46
b04934e5,j_rope_46
ba2e638e,j_cosmetic_ar1_comsradio
ffd10956,j_cosmetic_ragb
4d8a535c,tag_ik_target_left_character
25ea7d5a,j_cosmetic_grabstrapb_le_1
482e8a68,tag_seat_006
5f9b9eff,j_strap_112
ff0409b7,j_proc_hair
ec0d0519,j_shield_ri
5c995baf,j_strap_101
44a9056a,j_cosmetic_milsim_west_bag_03
14d96831,j_dummy_knee_dist
a2b8798a,j_ub_trigger
6f55d066,j_strap_ri_3
5e995ed5,j_strap_103
4233cc9f,j_cosmetic_ar_mag_c
12d8f2fa,j_emptylink03
55292cea,j_ammo_34
8f8da356,j_chaina
76ca7426,j_spinelower_lift
1763ced8,j_cosmetic_zippouch_01_c
6ebea2b9,tag_guy06
c827aac1,j_hair5_a
587d0472,j_chute_a_mid_cord_6
c946bae8,j_cosmetic_spinelower_backtip_le_new
a965f1ec,tag_playerhelmet
21173792,j_qamiz_cloth_simmesh_21
1d173146,j_qamiz_cloth_simmesh_25
5194a311,j_bipod_leg_01_flap
cc27b10d,j_hair5_e
f1e72a0e,j_cosmetic_rcarabinerbstringb
17144e42,j_kurta_simmesh_18
5a0386a9,j_brow_ri_2
690e3981,j_interior_hand_ring2
2d95017b,tag_origin_parentconstraint1
af4502b9,j_levator_le_1
64996847,j_strap_109
2804cc6d,j_thumb_le_2
b911ab47,j_cloth_thigh_le_03
47dca9ec,j_proc_neckmask_base_ri
943f79f,j_proc_spineupperlift
c550bbb2,j_cosmetic_lanyard_h
d35a50fe,j_pack5
880fedab,tag_bumper_back
6dbefe06,j_cosmetic_grabstrapb_ri_3
ab569efa,j_mid_ri_3
2cd1ee0d,tag_origin1
e39ad2f6,j_proc_rot_clavicle_ri
a5117ba4,j_squint_le_1
a157d8f6,j_antenna_rot_tip_joint
54cf1e92,j_strap_56
22c2ea58,tag_04
2e2cd2c6,j_left_latch
b5671b28,tag_origin_part_mirror_left
f536b1d6,j_cosmetic_carabiner_backpack
b14db3a6,j_rope_25
58ec5a83,j_canopy_left_mid
5b83f60e,j_steeringbar_front
84dc9105,j_cosmetic_pistol_mag_a
fbc99eb0,j_blade
47304353,j_toeout_2_ri_prop
23c2e794,j_jaw_le_3
cadbc1ed,j_cosmetic_zippouch_02_k
493e3d09,j_missile_fins_front6
dbe217f0,j_speed_loader_cylinder
4f89cd13,j_spring2
bef539a5,j_visor
40215757,j_lid_le
ff4239c0,j_cosmetic_flashbang_pouch_01
429bbfd8,tag_leg_front_left
a93003eb,j_rope_132
a2903072,tag_ik_target_right_foot
ad9d30,j_cosmetic_15
5c9626e6,j_cosmetic_gloves_c
f2e1d9db,j_cloth_polysurface2_2
6fa69816,tag_leg_back_left
3e853208,j_dummy_r_foot
ff83822d,tag_shield_back
c966c254,j_lock_02
1b0905c5,j_mag2
e0e07a9a,tag_hatch
5bd9adf8,j_l_lid
c523cd0c,j_ammo_10
a6d2bd2c,j_gun_adjust_le
6f83548c,j_cosmetic_cqc1_camelback
1ceed17c,j_proc_wristfronttwist1_acc3_le
73771c8f,j_cosmetic_ar_pouches_ri_1
2bbbe9e9,j_cosmetic_flipper_b
488c51d4,j_cloth_polysurface2_12
e9962f22,tag_rear_right_fx
161f71a9,j_cosmetic_utility_large_ri1
c6bd3646,j_dynamichelmet
669106ec,j_ghillie_shouldertwist_le
332d2e22,j_fan_rear_top_ri
bfff52e2,j_hair8
ed2e35b6,j_ammo_010
781034f1,j_knee_le
5116dc11,j_boxhandri_ri
9f8b3eb,j_cosmetic_comboxa
90db7b,j_cloth_simmesh_52
cc9dfe6a,j_mayhem_sidelock_3
70ccea3b,j_pill_3
e56b608e,j_box02_mag_04
82a054af,j_cosmetic_lcarabineraend
13bf8640,j_proc_par_backneckguard
a658d42,j_pinky_ri_2
2817baae,j_steeraxel_front_right_tgt
eb766270,j_chute_c_6
f6413973,tag_detach
ac3cd497,j_rope_147
22173925,j_qamiz_cloth_simmesh_20
5b8a9ba8,j_proc_hat
ae4a3223,j_elbow_le_prop
bf2615de,j_elbowdq_ri
48ce1202,j_forend
3d50cea1,j_rope_11
c66d9aa4,j_bandage_4_l
6984d96b,j_canopy_right_back
a761cfc8,tag_left_wing_fx
ce723fe7,j_crotch
53de2789,j_strap_31
ed9c2b44,tag_bipod_show
e265e8b0,j_cosmetic_antenna1
cb85ec39,j_dynamic_r_fronthairlockb
2d1a5526,tag_flash_alt
e2cf321b,j_mag_556n_4
cd592dc8,j_qamiz_cloth_simmesh_10_01
59038516,j_brow_ri_3
6c2d8d17,j_ankle_le_prop
93954643,j_cosmetic_zippouch_02
582b703a,j_ammo_23
ecb6bbac,j_cosmetic_ak_pouch_le
6cfc9a89,j_shouldertwist_le
f674a382,j_cloth_proxy_0
56c7c142,j_cosmetic_spinelower_backtip_ri_new
a10a7e07,j_cosmetic_cowl_frontf
7f93fd0e,j_cosmetic_earphones_02
19e81e0c,j_dogtag
439550,j_cosmetic_beltc
ce3eecd6,j_dril_body
47d4b702,j_pin_bend_up1
625ec956,j_axle_center_aim
5d962879,j_cosmetic_gloves_b
473e39e3,j_missile_fins_front4
c3960dd1,j_cloth_polysurface2_51
30017f89,j_axle2_front_right_aim
9e43fbdd,j_cosmetic_heavy_bag_zipper_03
bc2e35bd,tag_tail_fx
bbf29ae3,j_cosmetic_cqc1_bagb
a0b72a13,j_metaring_le_1_prop
7e93fb7b,j_cosmetic_earphones_01
88a3c1f5,j_cosmetic_bag_00
de7c9394,j_receiver_cap
86a19542,j_proc_spinelower_backside_le
b3ab905e,j_cosmetic_mask_1
8ad28246,j_flag_dyn_lo_3
9e1ea979,j_rope_185
bd08c195,tag_weapon_right
3ca464e6,tag_fastrope_ri
d41ac93d,tag_wingtip_right
2485060a,j_chute_c_mid_cord_8
6aa5fb6e,j_leg_front_ri
c1ca3e3f,j_bandage_4
8dbdf5d8,j_link_01
6bbefae0,j_cosmetic_grabstrapb_ri_1
29e41c6c,j_leg_3
ef981c3d,j_cheek_puff_le_2
78f8985a,j_cosmetic_groinpadb
33eb9d91,j_dynamic_r_hairlockc
ce23db37,j_ammo_19
c94d65bd,j_cosmetic_radioanta
d1ab9f81,j_cosmetic_buttbag_nub_a
cbfd6893,j_bunkerbuster_grenade
58d16375,j_strap_44
976597c4,j_cosmetict_magpouch_ar_1_closed_b
c9332120,j_proc_pinky_le_1
31aeab53,j_cosmetic_scarf
c3ff592e,j_hair4
8ce614d0,j_cosmetic_gloves_03
9be0bdb5,tag_003
6c9df20d,j_strap_125
8108979a,j_string_110
f64febe4,j_webbing_ri_3
d73aea2d,j_proc_spinelower_frntside_le
ca85eaa6,j_dynamic_r_fronthairlockc
796c0aea,j_paperf
10f598fe,j_b_01
10055e0,j_toein_2_ri_prop
cadb014,j_cosmetic_19
e880d704,j_ghillie_proc_rot_clavicle_le1
787a0ba9,j_ghillie_shoulder_ri
72dec9d1,j_armor_box_bottom_buckle_2
44502e5e,j_cosmetic_knife_long
f5e1de94,j_cloth_polysurface2_7
1f0a6bc1,j_cosmetic_le_cloths_c_01
1e3777df,j_rope_161
6a971355,j_cosmetic_flap_01_e
3d1edca,j_cosmetic_minipouch_01
b281a7d2,j_cosmetic_ptt
b01287ad,j_proc_metaknuckle_ri_1
46c9670b,j_qamiz_cloth_simmesh_6
fb163401,j_elbow_ri_prop
9aa23573,j_index_le_0
c4cdf34f,j_flag_dyn_mid_3
c086aaf0,j_cylinder
9bb3beff,tag_grenade_launcher
bc23ce49,j_lip_top_le_3
7a2cc1cc,tag_light_1
54c71cf0,tag_fastrope_le
48ecb5f0,j_propeller_blade_03
d88cbc22,j_suspension_front_right_tgt
9621ad63,j_cosmetic_kneebag_03_a
bde3ec01,j_cosmetic_lmedpack
153b1f1,j_keypad12
59d3c63d,j_cosmetic_rwrist_strapbc
e5789fa2,j_hair5_dl
6f87e027,j_reargilly_e_le
99dfe4fb,j_ammobelt8
92bdfdb7,j_link_04
1ff8e9f4,j_cosmetic_chemlight_02
b249380b,j_rope_48
1984f4b9,j_chute_c_mid_cord_5
203a0f5b,j_string_89
b15e7def,j_rope_200
809cddee,j_cloth_simmesh_20
51e03e0d,j_wrist_le
5cfe8238,tag_dummy
791d10ec,tag_seat_wm_3
fd2e50fa,j_grenade2
ec2e3423,j_ammo_013
395e0d6d,j_cloth_simmesh_left2
8148d50d,j_cosmetic_charm_05
4e00a228,j_shell_ejector_plate
9900afa0,j_ring_le_3
4ac96d57,j_qamiz_cloth_simmesh_2
47ede836,j_cosmetic_ar2_armorflap
92117896,j_cheek_le_1
67e39412,j_bipod_left
4d835f5b,tag_light_rop_right
575686e4,j_cosmetic_gun
8f590de,j_cloth_simmesh_6
5ab828d6,j_knife_02
4e8b5258,j_cuffb
ab88eccf,j_missile_fins_back4
bf9f0fa6,j_toeout_1_ri_prop
b1820fdc,j_cosmetic_carabiner_d
8ad69bce,j_c4_knob
19a5436,tag_wheel_center_back_right_flat
119cd9b0,j_head
9bc82c77,tag_wheel_back
f5f5922f,j_cosmetic_buttbag_le
54292b57,j_ammo_37
c9851632,j_sleave_reshape_bottom_le_2
bd4dc68a,j_rope_29
57d3a079,j_strap_75
9ca15c36,j_cylinder_release
57d24ab5,j_mag_762n_3
47e2052,j_clip_bend
3dfce39a,tag_gunner_right
6976af44,j_cosmetic_grenade_pouch_a
1a3532fc,j_rope_115
8a234363,j_rotor_br
21b8796a,j_bullet_14
c438cd6,j_cosmetic_hijab_a
71871aae,j_cosmetic_cape_0
248e7297,j_cosmetic_broken_mirror_01
7a4f143c,j_cosmetic_vest_radio
7520ccb6,j_cosmetic_ar1_camelback
2d3d22de,j_cosmetic_rockets_b
dc9508d5,tag_passenger3
b2bb81d7,j_proc_metaknuckle_le_1
d55a5424,j_pack3
5e9b9d6c,j_strap_113
8cd6605d,j_pill_bottle_cap
5987f22e,tag_camera_scripted
a7061307,j_hair10
c796141d,j_cloth_polysurface2_55
35549be5,j_cosmetic_small_pouch_a
5ae07125,j_strap_22
26070f79,j_straps_jiggler_bottomfront
91117703,j_cheek_le_2
c9dbc05a,j_cosmetic_zippouch_02_j
281380a5,j_caribeanera
24ea7bc7,j_cosmetic_grabstrapb_le_2
8d9e7ec6,j_ammobelt_feeder_plate
b67c8113,j_hook_main
a40e837,j_grenade_06
d1b4ccdc,j_hood
165aa889,j_lip_bot_ri_3
c8c53280,j_cosmetic_wire_clav_03_a
84238499,tag_rear_fx
4857e86f,j_cosmetic_bag_flaps_01_a
4426d390,j_ammo_07
1b84f7df,j_chute_c_mid_cord_3
82bba5f0,j_link_16
7d48cec1,j_cosmetic_charm_01
d0571857,j_cover_release
64a0240c,j_strap_139
e46faa4e,j_cosmetic_flashbang_pouch_a
5bef7d42,j_strap_81
90117570,j_cheek_le_3
86bdead3,j_link_08
e26fa728,j_cosmetic_flashbang_pouch_c
64ef8b6d,j_strap_88
7693eee3,j_cosmetic_earphones_09
ec6a02de,j_military_shooting_target_cart_wheel_05
ed9f5607,j_pin_bend_up
59a02e30,tag_steering_jnt
e18aa2e1,j_frontgilly_d_ri
e8d901ea,j_strap_12
1f278cdb,j_container_lid
3e6aa88e,j_cosmetic_gypsy_bag_6
9e22a17c,j_proc_spinelower_swivel
91018edc,j_ring
bf6c8b6f,j_metaindex_ri_1
d34598a4,tag_fastrope_hook
9489f951,j_proc_metapinky_le_1
d9d148f1,j_cocking_lever
2cf76b1,tag_baton_fx
b8a6aa52,j_proc_wristfronttwist1_acc5_le
2b4829ad,j_neck_rt_2
e9d9037d,j_strap_13
4289feea,j_cosmetic_chemlight_d
540e058,j_grenade_03
bd23cfdc,j_lip_top_le_4
751f41a2,tag_weapon_platform
c6e449b1,j_cosmetic_mag_01
e0f47708,j_spoke_outer_le
c5be0c42,j_pin_bend_down
66246982,j_cosmetic_lcarabinera
bb9512ec,j_reargilly_b_le
b1fa1fbf,tag_wheel_center_front_left_flat
de65de17,j_canopy_mid_front
e7cf39fa,j_mag_556n_3
35852559,j_proc_spinelower_backtip_ri_new
bb74ffdf,j_cosmetic_backpoucha
c8accc07,tag_door_back_right2
6e621d5,tag_window_rear_left
ce46ce8e,j_cosmetic_tank
afd2c9ce,j_sidegilly_c_ri
26e3e1e5,tag_window_right
d6c2c6ee,j_cosmetic_backbag_04
cf5972a,j_cloth_simmesh_2
47991c34,j_cloth_polysurface2_41
85c0ef80,j_cosmetic_bakcpack_strap01_le
f9dbb81a,j_cosmetic_wire_02
9dca4a21,j_skirt_ri_ba
6a9deee7,j_strap_127
ac8080d1,j_cosmetic_carabiner_rope_b
2aa83a2d,j_interior_hand_ring4_end
ff90d9e8,j_cloth_simmesh_53
18fa39c8,j_proc_backneckguard
5b8f92d3,j_cosmetic_wire_clav_pc_02
8a9d3794,j_axel_back_left_tgt
634f852,j_barrel_bolt_release
fab574e5,j_cosmetic_small_bag_strap_le_a
15089574,j_cosmetic_backradio
471ef72a,j_cosmetic_8
a6ca97f7,j_cosmetic_pouch_mag_ar_bungie_b
8f94c018,j_cosmetic_lpadstrapab
7914ed0d,j_cosmetic_radio_pin
2147c756,j_cosmetic_cowl_rightd
e8cf3b8d,j_mag_556n_2
fe57aa75,j_cosmetic_medium_bag_strap_le
ecad91ab,j_antiswaybar_front_left_aim
d7c9357e,j_handle_ri_01
697fed4d,j_kitchen_appliance_refrigerator
2e1e55f7,j_thumb_le_2_prop
c0b1cdc2,j_cosmetic_cape_17
adccaebe,j_metapinky_ri_1_prop
31e9546a,tag_bench
183d0ee9,j_backbinder
384e820,j_cosmetic_radio_antena_d
83adb807,tag_bumper_front_damaged
1b172e20,j_qamiz_cloth_simmesh_27
5c5ac934,tag_grip_attach
8f22c2b9,j_drill_3
c64889ac,j_topcover
7f9cdc5b,j_cloth_simmesh_23
6be7115a,tag_driver
44aee30e,j_trigger
ba841fad,tag_leg_front_right
57434517,j_straps_jiggler_topfront
a23cc4d9,j_rope_149
20145c6d,j_kurta_simmesh_11
303ac7c9,j_insidegum
823b2b28,tag_wingtip_left
b2447799,j_cosmetic_grabstrapd_le_2
50dc22f,j_strap5_base_ri
de8497b3,j_cosmetic_medium_bag_strap_ri
ff5976b,j_b_02
741fad0,j_cosmetic_glowstick_02
2997886b,tag_wheel_center_back_left_flat
7d8d2ea2,tag_bink4
bd125507,j_image2_1
81a19c50,j_cosmetic_46
50b9c405,j_glowstringa
6da03237,j_strap_130
3d41c417,j_rope_75
b97f048a,j_limb_left
3bb2b4b8,j_cosmetic_ar1_camelback_rstrapc
1b05828f,j_corner_6_b
8d0d5d4d,j_cosmetic_kneebag_01_a
97e62e3,j_legs_01_upper_leg
3e804d41,tag_mag_attach
4526d523,j_ammo_06
780af2e9,j_frontgilly_b_le
2585079d,j_chute_c_mid_cord_9
ab2dc87a,j_rope_126
1d18948d,j_bag_right
9b238798,j_cosmetic_medium_bag_zipper_04
963ba59b,j_dummy_l_hip
a8eeba12,j_root
1e895f31,j_cloth_jacket_01
56d1604f,j_strap_46
49043dae,tag_window_back_left
323916e0,j_r_handle_strap6
27d0475e,j_metapinky_ri_1
da84a893,j_cylinder_ejector
a8972648,j_kneedq_le
275796c2,j_grenade_frag_4
673bfa46,j_sonar_pulse_panel_5
9523210b,j_base
a22726ae,tag_laser_show3
9294c4d1,j_cosmetic_lpadstrapaa
842be6f6,j_chute_b_mid_cord_7
58e00219,j_cosmetic_medpack
59af6f47,j_cosmetic_small_bag_02
c857de93,j_rearfin_3
be63f23a,j_tray_prongs
e73322e7,j_barrel_bolt_release_button
d1d36ee7,tag_tail_rotor_blade_02
99467a81,j_metamid_le_1_prop
40322a51,j_cosmetic_back_knife_03
b99c3172,j_barrel_3_mount
458a0e84,j_cloth_polysurface2_27
658edc7e,j_strap_142
37a35cd7,j_refrigerator_lower_door
eef61baf,tag_seat_0_window
40e24201,tag_cockpit
eb2e3290,j_ammo_012
b731b995,j_strap5_ri
c7cb0949,j_boxhandle_le
4387ccc7,j_cloth_polysurface2_35
5c2a5330,j_bowstring_ce
9a114ae4,j_kurta_simmesh_27
5b995a1c,j_strap_100
4d1a15c8,j_ammo_50
7d0b0d40,j_cosmetic_leg_pouches_le_1
93a8746b,j_cosmetic_36
70c9fe83,j_cosmetic_flipper_aa
e44500fc,j_frontgilly_c_le
6b9df07a,j_strap_124
4e81afd5,j_metamid_ri_1
d324b93e,j_image1_on
3e440441,j_rope_60
4ce23af5,tag_barrel_2
a5e50b99,j_nasolabial_le_2
1d6c5feb,j_cosmetic_price_bag_00
175aaa1c,j_lip_bot_ri_4
18e3460c,j_handle_le_01
a1331683,j_lip_top_ri_3
6a8ee45d,j_strap_147
a274bf23,j_dynamic_rear_hairlocka
3417aa2f,j_cosmetic_bp_handle
e3bd3e8b,j_straps_jiggler_topback
adb50be0,j_cosmetic_ephod_05
1f50a9fa,j_cosmetic_caribeener
17c5ab8c,j_mid_ri_1_prop
40031feb,j_barrelcarryhandle
f3e1db6e,j_cloth_polysurface2_1
9ecbf786,tag_thrust_ri
d0ebd76b,j_rope_6
90ee3f7b,j_chute_b_6
5d5336ee,j_hair
51de2463,j_strap_33
dfec7b77,j_strap_99
c6d34087,j_cosmetic_rockets
4edc9799,j_strap1_ri
6c0ab522,j_string_107
599956f6,j_strap_106
258f2526,j_cloth_thigh_ri_02
c915af2e,j_cosmetic_ar_pack_b
bad49f20,j_cosmetic_backmedpouch
3f6e0b22,j_drawer1
c4c253c6,j_cosmetic_pouch_l
1c2afbf1,j_fannypackd
b8666077,j_cosmetic_pouches_c_01
8f0b5c94,tag_stowed_chest2
a9adf61b,j_cosmetic_vestcoat_01
bf72b630,j_ee_electric_cattle_prod
6ebeff99,j_cosmetic_grabstrapb_ri_2
3a7e4d76,j_strap_7
2c3d214b,j_cosmetic_rockets_a
e779bd13,j_fan_front_le
87a3c062,j_cosmetic_bag_01
1f6cdb92,j_cosmetic_hair_5
d420442,j_cosmetic_glowstick_04
418a0838,j_cloth_polysurface2_23
3f7e5555,j_strap_2
235b837e,j_legextra_ri_end
ae5b307d,j_mainroot_prop
10bdf0fa,j_bandage_2_l
3041afa0,j_rope_78
627d15c7,tag_stowed_thigh
9b1ea4c0,j_rope_186
79ca527c,j_l_handle_strap4
3f12dd8f,tag_torso
4cac99f8,j_cosmetic_cape_33
fb95c5f0,j_bolt1
48a55210,j_cosmetic_vest
4172338b,j_cabinet_door
a4d62694,j_suspensionspring_left_aim
3d4402ae,j_rope_61
84bba916,j_link_14
4bd4efbb,j_ball_le
3133189a,j_rope_100
4487ce5a,j_cloth_polysurface2_36
8e22c126,j_drill_2
3c6e0669,j_drawer4
bafef8cd,tag_door_hingeri
eb5db182,j_reargilly_b_ri
ed6a0471,j_military_shooting_target_cart_wheel_04
9efb1ddd,tag_door_rear_top_left
715e4d51,j_cloth_simmesh_5_end
2418edb0,tag_rail_attach
2592cd42,j_military_shooting_target_arm_01
39ee2694,j_sleave_reshape_top_ri_2
ceab9ac8,j_cosmetic_buttbag_nub_b
1d14f2af,j_qamiz_cloth_simmesh_31
b14b750f,j_rope_31
c8944dbd,j_cosmetic_small_bag_strap_le
75ad6ba4,j_cylinder_hinge
64720a48,j_barrel_carryhandle
2821c14e,j_rope_193
bf59597,j_cloth_simmesh_1
d240f54e,j_cosmetic_lropebagropeb
5dc18d3b,j_balton_mid
820350ce,tag_optic_hide
58995563,j_strap_105
3f3228be,j_cosmetic_back_knife_02
a374c0b6,j_dynamic_rear_hairlockb
d79500f6,tag_passenger6
896655ea,j_cosmetic_wire_tip_a_jnt
9f85917b,j_temple_le
20377b05,j_rope_163
98c20c3f,tag_pedal_r_rot
5e207fd1,j_proc_crotch_guard__spineupper_backward
6e730de7,j_cosmetic_price_bag_strap_le
a123910a,j_cosmetic_medium_bag_zipper_02
828dd68a,j_cloth_simmesh_46
7a6c0c7d,j_paperg
b39add9c,j_pin_b
16f1b858,tag_front_lens
4ce87ba1,tag_ik_loc_ri_orientconstraint1
54ed6a37,j_shouldertwist_ri
81c4d61c,j_proc_clavicle_ri
819aa0ea,j_cloth_simmesh_19
dd9faba4,j_webbing_le
2d1f9b98,j_fridge_door_ri
c23ab722,j_bar_front_right_tgt
6603766b,j_cosmetic_buttbag
70764b9a,j_cosmetic_pouch_utility
26137d7f,j_caribeanerc
9d43fa4a,j_cosmetic_heavy_bag_zipper_02
c5d7c1f,j_tail_2_prop
8440c277,j_rbackbag
c0dbb22f,j_cosmetic_zippouch_02_a
fc125397,j_string_157
b810067,j_mag_release
4c1be569,j_proc_hiptwist_base
75b24c9e,j_hip_proc_le
ff358d4,j_b_14
531a1f3a,j_ammo_56
1b640f22,j_fireselect
ae3f1654,j_rope_151
85230cf8,j_corner_8
56d24922,j_mag_762n_2
3c10846e,j_dummy_torso
a52dbf08,j_rope_120
47c9689e,j_qamiz_cloth_simmesh_5
72030ec9,tag_origin_static
daaca58d,j_cosmetic_antenna1_b
145f5915,j_insidegum_le_1
c816d870,j_dead_silence_disc_1
50a9dbc4,j_balton_lower
3db2b7de,j_cosmetic_ar1_camelback_rstrapa
47744b6f,j_ammo_8
b6a00ad8,j_speed_loader_nade00
7acbb4f7,j_clavicle_le_prop
c44d5dde,j_cosmetic_radioantd
736b7c0c,tag_reticle_invis
9426d374,j_cosmetic_radio_pouch_b
bbe97da5,j_cosmetic_pouch
12f35d8d,j_b_17
a6452be6,j_takedown_lever
ab3f119b,j_rope_154
e28fde2f,tag_reflector_arm_ri
183a02c3,j_string_81
8c48437d,tag_wheel_front_right_scripted
26141946,j_cosmetic_vest_bag_bomb
a92dc554,j_rope_124
4a03e2e1,tag_brass_alt
a65769d0,j_axel_front_left_aim
851c64e6,j_corner_5_b
7609d66f,tag_wheel_middle_left
c6741374,j_cosmetic_sidecaribeanera
4f1a18ee,j_ammo_52
40110ef2,tag_flash_silenced
b4364987,j_cosmetic_chest_rig_strap_a
1db8731e,j_bullet_10
9d44978d,j_cosmetic_back_pouch_molle
5fe07904,j_strap_29
aa25b6ca,j_bulletbelt1
9e551932,j_string_37
4de2badb,j_cosmetic_smgpouches_b
c51cb2f2,j_crowbar
e665eefc,j_cosmetic_antenna5
4fcf16b3,j_strap_51
6fa0355d,j_strap_132
a3cd0a30,j_cover_right_03
b4b516e5,j_cosmetic_ephod_02
59afefb6,j_cosmetic_tape_a
b257a3af,tag_knife_attach2
98a74681,j_bar_front_left_tgt
8951bcda,j_cosmetic_rwrist_buckleb
a93ccfde,j_rope_140
5db846a5,j_spade_end
82a3b883,j_cosmetic_bag_06
c64d2fec,j_leg_back_ri
3ae76e8a,j_cosmetic_lropebagb
e4cf3541,j_mag_556n_6
d3eed1f2,j_cosmetic_medium_bag_01
1115db24,j_glowsticka
4aa2665e,j_proc_chest_le
4225a22a,j_proc_lift_clavicle_le
52e4a091,j_skirt_mid_fr
2f8f7fab,j_lamp_bracket
ab58a616,j_tail_7_prop
bd4cf1ad,j_kurta_simmesh_4
bba012b7,j_speed_loader_nade05
37533031,j_cosmetic_zip_e
5d995d42,j_strap_102
39533357,j_cosmetic_zip_c
81dc8c4c,j_cosmetic_pistol_mag_b
f8124d4b,j_string_153
60c2a2a1,j_cosmetic_antenna
c2542999,j_proc_shoulder_ri
638ed958,j_strap_140
1f7fe53e,j_shaft
2c02a369,tag_laser_show
2844881b,tag_sight_off2
aa5106b0,j_fan_rear_le
ad646216,tag_ads
1d63d84a,j_cosmetic_zippouch_01_e
451a0930,j_ammo_58
41988d2a,j_cloth_proxy_22
1963d1fe,j_cosmetic_zippouch_01_a
3087223,j_axel_front_right_tgt
cfd3f965,j_cover_left_03
29d7268d,j_key_9
2188a633,tag_optic_show
91113cb9,j_kurta_simmesh_28
e565ed69,j_cosmetic_antenna2
4087c80e,j_cloth_polysurface2_32
9df9ecd5,j_c4_clacker
26814e27,j_strap_le_2
a1c47ac1,j_pants_hang
b0b4c369,j_proc_wristfronttwist1_acc2_le
c423cb79,j_ammo_17
8851bb47,j_cosmetic_rwrist_bucklea
fb7e2423,tag_windshield_back
649709e3,j_cosmetic_flap_01_c
683bfbd9,j_sonar_pulse_panel_4
a594d838,tag_ik_loc_ri_pointconstraint1
4ada37c,j_cosmetic_11
22bab994,j_bullet_01
e5d8fd31,j_strap_17
c5dbba0e,j_cosmetic_zippouch_02_n
28ecd2ba,j_mag_762n_follower
6932384,j_cloth_simmesh_62
7680a4ac,j_cosmetic_hood
88156be,j_cosmetic_larmpadflap
319f7655,tag_investigator_1
2e6d36dd,j_pelvishelper_ri
c24f10bc,j_hiptwist_le
a91ebaca,j_rope_188
393921e5,j_r_handle_strap1
740a4edb,j_cosmetic_cowl_leftd
f0bd236e,j_carry_spinelower
2253e18b,j_canopy_mid_back
66a891dd,j_wristwatch_minute
76bf5152,tag_wheel_center_front_right_flat
d1746f13,tag_ik_foot_loc_ri_seat_0
5fdeb952,j_cosmetic_black_grenade_01
8c6199e4,tag_interior
147b108a,j_action_release
3358d477,j_money_spin
ffdd084a,j_tray_ri
bb4cee87,j_kurta_simmesh_6
6b1bca24,j_proc_knuckle_ri_1
9e052b6b,tag_laptop_fx
2d61b53a,tag_guy9
c2350f18,tag_shtgn_attach
1a2af8cb,j_fannypackf
e9469fd9,j_cosmetic_antenna2_a
99d0f378,tag_barrel
4b1c5139,j_ammo_48
1e34251b,j_tail_6_prop
6feeff9d,tag_trigger_hide
3be7701d,j_cosmetic_lropebagc
6eeb112c,j_proc_spinelower_backside_ri
3e1ee8ff,j_cosmetic_3
2f5876c,j_cloth_simmesh_8
da656053,j_scope_knob
44c8cf5a,tag_turret_left
a32db7a8,tag_stow_back_mid_up
2dd8b66a,tag_c4_fx
a98eabe1,tag_turret_rear
9a00b133,j_ring_le_2
385473db,j_triggerspring
8da54865,tag_detach_left
197c2590,tag_geo_frag_a_007
57d161e2,j_strap_45
6ada7a05,j_camera
ad300a37,j_rope_136
4c046a15,j_cosmetic_radio_1
162facaf,j_dummy_r_torso
6179d021,tag_right_turbine_fx
2f331574,j_rope_102
d2505cad,j_radio
323f742f,j_rope_80
31e42136,j_cosmetic_le_cloths_a_02
97644738,j_cosmetic_cloth_bag_04
639df842,j_r_lid
63c8c89d,j_eyelash_bot_le_1
d440f874,j_cosmetic_lropebagroped
453124b1,j_riotshield_offset
e26b5bd5,j_box02_mag_09
bcca3660,j_bandage_1
1784f193,j_chute_c_mid_cord_7
c813b6e7,j_cosmetic_chemlight_cord_b
785f021f,j_teres_ri
e8b1264,j_proc_spinelower3
bc5ca26c,j_reargilly_d_ri
e0324fc3,j_cosmetic_antenna4_a
aea85dae,tag_stowed_chest
5f245e7d,j_cosmetic_lcarabinerx
2204c2fb,j_thumb_le_4
936313cf,j_support_box_top
d694ff63,tag_passenger5
9a7e753,j_box
3c7e509c,j_strap_1
2896991,j_ejectorbottom
771d0dc6,tag_seat_wm_5
74bfc887,j_proc_par_neckguard_ri
d1012401,j_ghillie_hip_proc_le
76da2357,j_frnt_cloth_simmesh_44
11fff391,j_cosmetic_taperoll
e161b2f,tag_stock_hide
8ee2dc0a,j_cover_04
2561a8a2,tag_guy1
2447cc0f,j_cosmetic_cowl_rightc
1f8660d5,tag_light_front_right
d0812b98,tag_align_gun
96a87924,j_cosmetic_33
14987a,j_string_143
bd7e4874,j_bandage_6_r
89326aa,j_cloth_simmesh_60
af3f17e7,j_rope_150
7924a936,j_handle_top_le
5b97d396,j_spoke_ri
9333fc66,tag_door_back_right_2
1c2b45a7,tag_pistogrip_attach
a631d68e,j_straps_bottomfrontright
c0ca3cac,j_bandage_5
a8643801,tag_ik_foot_loc_le_seat_0
5a65026f,tag_walker3
23f781d4,j_cosmetic_bag_1
13e42978,j_ub_release_lever
7e865c5d,j_cloth_simmesh_right1_1
5074599a,j_ammo_3
a992aa6f,j_cosmetic_lpadstrapbb
121a00c6,j_cosmetic_locket_chain_03
12e2fb00,j_proc_hip_lift_aim_le
dd29dec8,j_axle_center_tgt
4c8888b0,j_bowstring_ri_axle
5aaf70da,j_cosmetic_small_bag_01
c0f84258,tag_lense_hide
deb16a58,j_refrigerator_upper_door
14f59f4a,j_b_05
a2fc3e9b,j_slide
2a198454,j_qamiz_cloth_simmesh_16
15131bc2,j_proc_radio_base
94a875fe,j_cosmetic_35
4050d35a,j_rope_14
6089e4f3,j_plate_front_right_tgt
27814fba,j_strap_le_1
d1ebd8fe,j_rope_5
776c07c4,j_paperd
e3245996,j_r_handle_strap
b400ba83,j_neclace_01
998b28b2,j_proc_crotch_guard__spinelower_backward
c8abf40d,j_pin
9af6e490,tag_screen
d48ba667,j_teargas
a8253543,j_cosmetic_camelbackltopstrapend
fadbb9ad,j_cosmetic_wire_03
be551c83,j_cosmetic_r_helmetflap_a
c9b79cb7,j_frontgilly_d_le
9f9ad280,j_trigger_nomrkt
c2b1f4d0,j_clip
1c8a1d4,j_proc_metaindex_le_1
9e423b8e,j_chute_b_top
dcd24946,tag_laser_hide2
cf236e7a,tag_tail_rotor_blade_01_blur
b932945f,j_cosmetic_sydcoat_14
4aaa583b,j_cosmetic_cape_21
4626d6b6,j_ammo_05
c527a608,j_hair5_b
bb980e1,j_tongue_0
5fccc592,j_keypad4
57ef76f6,j_strap_85
cf3541b,j_b_11
ba4ef059,j_ammobox_flap
7f8dd1d1,j_cloth_simmesh_43
5bc25296,j_cosmetic_magpouch_01
24579209,j_grenade_frag_1
b03c68f2,j_rope_94
a73cccb8,j_rope_142
2504c7b4,j_thumb_le_1
dd22836d,j_vaccine
26e9caa7,tag_blood_4
aa3c5f80,j_rope_92
2161a256,tag_guy5
521a1da7,j_ammo_55
8f4bdf6d,j_cosmetic_smoke_grenadea
c2f579e3,j_cosmetic_small_pouch_03
f054b3a3,j_cosmetic_waist_buckle_01
6b0ab38f,j_string_104
46956131,j_cosmetic_price_bag_strap_ri
5cf68c08,j_cosmetic_rwrist_flapend
6c91e631,tag_tip
8ef5151d,j_cosmetic_pouch_ar_flap_tapered_a
70a0f707,tag_top
2be41f92,j_leg_1
7e2301f3,j_corner_1
d62b69e0,j_pin_strip
f23ec392,j_gun_adjust
88d27f20,j_flag_dyn_lo_1
971ed641,j_cosmetic_gloved
da0b08f8,tag_holo
47a0de98,tag_nvg_fx
19524c45,j_cape_le
d37ae2bf,j_smoke
a5e21d51,j_elbow_le
b1e5c527,j_reargilly_c_ri
1f514b22,tag_ik_loc_le_launcher
14b2abed,j_key_asterik
7e5b8b51,j_cosmetic_puffyjacket_hood
8ca349cf,j_dummy_root
b84ce9ce,j_kurta_simmesh_1
16defb4c,j_flag_base_1
bbb1c5e3,j_cosmetic_cape_10
2921c2e1,j_rope_192
c1f57850,j_cosmetic_small_pouch_02
28242583,tag_window_back_left_2
b621cedc,j_nvg_pivot
55ea45dd,tag_cover_panel_06
8e2bf6b4,j_chute_b_mid_cord_9
17eb394f,j_ub_bolt_release
ce6aba1c,tag_stow_back_mid_attach
aeeb28e6,j_empty_ammo_belt_03
f3682fe1,tag_undercam
55de2aaf,j_strap_37
94ee45c7,j_chute_b_2
1bbaae8f,j_bullet_08
d03c4ec0,j_proc_radio_le_a
6a3cb0d3,j_bunkerbuster_grenade_casing
428141a,j_cosmetic_buttbag_b
8ee8b80d,j_fire_sel
6a870fa9,j_cosmetic_cape_9
463e3850,j_missile_fins_front5
b1d640b5,j_bar_back_left_tgt
a9efd9b4,tag_tail_rotor_blade_01_rot
9f58df9,j_b_08
a6a2d07d,j_cosmetic_backpack_toploop_02
4fe4db49,tag_off
40900725,tag_ik_target_right_character
b5389f5e,tag_aim_pivot
5928a297,j_cosmetic_price_bag_zipper_03
e6995ff8,j_dynamic_l_fronthairlockc
c815ad9b,j_cosmetic_ar_pack_a
347526a1,tag_cover_panel_06_dst
75f44723,j_cosmetci_heavy_bag_zipper_01
d4ea75a3,j_legs_02_lower_leg
9726d82d,j_cosmetic_radio_pouch_a
518400d5,tag_origin_animate_scripted
c24298e7,tag_sync
6576a8f8,j_cosmetic_grenade_pouch_e
5c4d9a86,j_lock_handle_01
3787b9e3,j_cloth_polysurface2_39
7f089474,j_string_112
1d10c7c,j_cosmetic_ragd
20bab66e,j_bullet_07
7ca958d5,j_cosmetic_bomb_ring_01_a
9e8a54fc,j_proc_spinelower_frnttip_ri_new
4826890b,j_cosmetic_thread_tapes_02
25bec39f,tag_silencer
d89be953,j_cosmetic_ri_cloths_c_01
aa725918,j_cloth_simmesh_right2_1
aa1ebc5d,j_rope_189
50b485bd,j_ring_le_2_prop
472ef370,tag_seat_wm_turret_hole
dfc81449,j_carry_knee_le
9e6b9a28,j_dummy_chest
198dee37,tag_flash_muzzle_2
c2ff579b,j_hair7
9679c52,j_proc_radio_base_ri
abb1dc47,tag_door_handle
84cf2921,j_cosmetic_antenna5_b
29330c02,j_rope_108
a18ab33d,j_dummy_gun_receiver
84f00e2e,j_cosmetic_outerframe
9d1ea7e6,j_rope_184
145aa563,j_lip_bot_ri_1
1af904f1,j_charginghandle_left
2b0198c0,j_fuse_switch
d69cfe5e,j_cosmetic_puffyjacket_ri
fd1493c1,j_string_146
2a9441f1,j_corner_4_b
58200a7c,j_cosmetic_bakcpack_strap03_ri
24201c38,j_device
4a1c4fa6,j_ammo_49
9aceb4b9,j_cosmetic_dump_pouch_b_le
38b94c23,j_cosmetic_camelbackrmidstrap
5e4d9dac,j_lock_handle_07
8b1a4a0,j_plunger_02
d4fe6016,j_cosmetic_sleeping_bag_a
afba4e61,j_carry_hip_ri
920c1184,j_cosmetic_lpoucha
58af6db4,j_cosmetic_small_bag_03
612d872f,tag_sight_on2
567d014c,j_chute_a_mid_cord_4
a0be1d5,tag_rack_attach
2e5ef63e,j_string_77
c650bd45,j_cosmetic_lanyard_i
f80342c1,j_string_133
605c34db,j_proc_idle_knuckle_le_1
a32ffa79,j_rope_138
f9ac121b,j_proc_radio_base_le_02
15bb988a,tag_seat_0
48c96a31,j_qamiz_cloth_simmesh_4
1c6c5e58,j_cosmetic_price_bag_01
94c2cd98,j_boltrel
b9fe78e0,j_head_prop
ea6927cd,j_ankle_le
8abbf240,j_image1_off
3f50d1c7,j_rope_17
b94b81a7,j_rope_39
a1d359be,j_groina
f606a22a,j_cosmetic_small_bag_strap_ri_b
78beb277,tag_guy08
e9dd12d6,j_release_02
7feff3db,j_left_lock
9eaf29d5,j_proc_radio_base_ri_02
61305de7,j_cosmetic_bag_zipper_01
7e671d0d,tag_steering_axis
f34df8df,j_cosmetic_camelbackrropestrap
ac6424c,j_cylinder_rel
7e9c2104,j_cosmetic_ziptie_02
e4ce8e8f,j_fannypack
2db587ab,j_cosmetic_tape_02_c
268646af,j_knife
be887977,j_cosmetic_spinelower_frnt_ri
d86a9f70,tag_rear_tail_fx
8523c1fd,tag_gasmask
a0e9902f,j_eye_lid_bot_le
17e189a,j_proc_pinky_ri_1
feb0e431,j_barrel_2_mount
4b5f7d9b,j_hinge_ri
55a352c3,j_cosmetic_desert_back
25c2ef11,tag_07
8093fea1,j_cosmetic_earphones_03
bbba66b4,tag_stowed_backpack_hide
ac56a08d,j_mid_ri_2
448c4b88,j_cloth_polysurface2_16
ebd1c823,j_craw_1_ri_prop
c95110c4,tag_window_cockpit_left2
dfcd2b2f,j_cosmetic_vest_bag_03
8e0e7809,tag_brass
2f5c8e32,j_cosmetic_wires_01
b7ed10ef,j_dynamic_l_hairlockc
3b50cb7b,j_rope_13
2db40a18,j_cosmetic_lanyard_02
ac2dca0d,j_rope_127
db2ffe5a,j_nasolabial_ri_1
f16a2f57,j_cosmetic_gypsy_bag_a
993283d,j_cloth_simmesh_61
b463b8d9,j_lbackbag
194fb09c,j_proc_radio_base_le
c7dbbd34,j_cosmetic_zippouch_02_h
928cf8cf,j_ribbon_cable_l
b718a8be,j_frontgilly_a_le
98caf20,j_pallet
4082c3ae,tag_turret
3f3ccbbe,j_squint_ri_1
4ada6a65,j_cosmetic_rwrist_strapab
8aad2eea,j_suspensionspring_left_tgt
c2ae24be,j_cosmetic_ar_mag_hard_b
91a87145,j_cosmetic_38
868bde4e,tag_reticle_attach2
6f9f41f1,j_cosmetic_wire_clav_04_a
89a8fbdc,tag_fin_fx
c627a79b,j_hair5_c
2e33bc82,j_grenade_empty
de8c4175,tag_butt
2d883542,j_shoulder_ri
e918de3e,j_dummy_slingcenteraim
91a632ae,j_cosmetic_26
4bc96eea,j_qamiz_cloth_simmesh_1
eb6a014b,j_military_shooting_target_cart_wheel_06
2fb58ad1,j_cosmetic_tape_02_a
bbdbaa50,j_cosmetic_zippouch_02_d
f7f3dc4a,tag_light_l_wing1
d9403882,j_wall_cable_01_ri
90a3f284,j_cosmetic_55
79518738,j_ties_b
9b1f602f,j_cosmetic_camelback
51e238f9,j_ropecoil
d96d53cb,j_hair5_cr
6ef2705,j_sidepanel
6cfc0aca,j_canopy_right_mid
beb7ce30,j_chamber
5ddeb62c,j_cosmetic_black_grenade_03
23ea7a34,j_cosmetic_grabstrapb_le_3
ab300711,j_rope_130
a971ab63,j_end
7a8c39e0,j_cosmetic_ar_mag_hard_leg_a
7b004a95,j_mid_le_2_prop
2f19d968,j_cosmetic_urban_flashbang_b
cc5730ce,j_switch
d7c2c881,j_cosmetic_backbag_05
435b8f22,j_magnifier
e0fa5a2e,tag_riot_shield
a63f09bc,j_rope_159
39e4c03c,j_sidelock_3
222365d7,tag_headlight_r
de519d7b,tag_flash_2
94640557,j_cosmetic_maintip_jnt
96407ea0,j_cosmetic_bag
939c3546,j_proc_collar_ri
b1b5122c,j_cosmetic_ephod_01
4e26927d,j_cosmetic_thread_tapes_04
983d6f0a,j_cosmetic_rstrap
a8046c4d,tag_wheel_front_left
79a9541c,j_cosmetic_bomb_ring_01_b
9d4105b1,j_skirt_ri_end
1d2afd84,j_fannypackc
3e35f49e,j_ejectionportcover1
e799618b,j_dynamic_l_fronthairlockb
bcb6aae9,tag_door_front_right
598afc95,j_cosmetic_kneebag_01
1d232a26,j_lever
fd461fb5,j_cosmetic_ar2_radio
54a5e8ed,j_frontbinder
b72713b7,tag_ground
bab1c450,j_cosmetic_cape_11
9ae0bc22,tag_002
bf9df587,j_cosmetic_smoke_pouch_a
1f6b5ccc,j_cosmetic_camelbackrropestrapend
608986bd,tag_view
cc1fdab7,tag_bumper_front
65a0259f,j_strap_138
c11e492d,j_straps_top
6b3c0092,j_sonar_pulse_panel_1
1545c945,j_toeend_ri
63cccbde,j_keypad8
9c00b459,j_ring_le_0
e3639d97,j_link10
a22c6387,j_rotor_fr
a06f1d2a,j_ub_carrier
49991f5a,j_cloth_polysurface2_43
d9ab53a,j_cosmetic_radio_pouch_04
859a60e8,j_hip_proc_ri
6df05cb4,j_ring_ri_1_prop
24babcba,j_bullet_03
d22735ba,tag_flash_muzzle
35c084d3,j_cosmetic_dump_pouch_rolled_a
6cd0899b,j_carry_spineupper
9d253a4,j_cosmetic_puffy_coat_le_1
c0ff5475,j_hair9
78f1523,j_carry_ankle_ri
ded8f22c,j_strap_18
d928c41b,j_cosmetic_gunbeltd
a4e1324b,j_body_right
afdb976c,j_cosmetic_zippouch_02_p
28259f10,j_lamp
4fec19f6,j_bullet_group
ba91a82b,j_bowstring_le_01
ea7652e1,tag_reflector_arm_le
b69f3dde,tag_turret_yaw
b42011c,j_cosmetic_glowstick_06
bc5eb71e,j_cosmetic_tape
addfc2ac,tag_wheel_center_back_right
31f5a1f4,j_cosmetic_cqc1_upperpouch
59ccbc20,j_keypad2
68307ceb,j_link7
e9604247,j_grp_wristwatch_hour
701a6bde,j_chute_b_10
5a4ab46,j_cosmetic_med_pouch_c
69a02beb,j_strap_134
d5ebdf4a,j_rope_1
80258d86,j_axel_front_left_tgt
1dac11e7,j_projectile_01_base
c4ff5ac1,j_hair5
387e4a50,j_strap_5
d93033de,j_axle_back_center
d8f1476c,j_sling_pivot
58e06dff,j_strap_20
f85b4b44,j_eyeball_le_prop
601a8a14,j_proc_tapes
3b7e4f09,j_strap_6
3a3f80c7,j_rope_88
6676aa8b,j_cosmetic_grenade_pouch_d
3f89fa31,j_cosmetic_chemlight_a
aa704ca8,j_cloth_simmesh_15_end
9743f0d8,j_cosmetic_heavy_bag_zipper_04
6095e394,j_cosmetic_svd_pouch_b
9f1eab0c,j_rope_182
76f32151,tag_door_interior
a13a84af,j_rope_172
94e1c36a,j_ghillie_elbow_ri
eb6a4150,j_toemid_1_ri_prop
4433cfc5,j_cosmetic_ar_mag_a
f5cd620b,j_bar_back_left_aim
b9ed1415,j_dynamic_l_hairlocka
1a673faf,j_cosmetic_cqc2_pouch
ca511257,tag_window_cockpit_left3
7727c053,j_ponytail_4
ed4ffd33,j_spineupper
4e595f40,tag_fastrope_hook_ri
189357af,j_proc_spinelower_side_le
dc0b9d78,j_cosmetic_pouch_rolled
af820cb6,j_cosmetic_carabiner_b
f886df93,j_cosmetic_grabstrapc_le_1
4d3e4355,j_missile_fins_front2
9d743d33,j_skirt_le_end
f2bdc1c0,j_bandage_2_r
fb942b20,j_strap4_ri
570381f0,j_brow_ri_1
961e1bd3,tag_gun_r
869f25f7,j_cloth_simmesh_30
4099112f,j_cloth_polysurface2_48
1c353622,j_rope_117
aa569d67,j_mid_ri_0
ad3cd62a,j_rope_144
c098c5fe,j_extralink_01
778d2530,tag_bink2
8f58c66,j_b_09
3941bdcb,j_rope_71
8d8da030,j_chainc
50325f1e,j_limb_right_axle
4b7451bb,j_ammo_4
597d0605,j_chute_a_mid_cord_7
94bd92c,j_cosmetic_lanyard_02_a
718c1707,j_bipod_swivel
1b7c28b6,tag_geo_frag_a_005
99891ce7,j_pin_bend_dn1
26506b4b,j_mag_spring
4be23962,tag_barrel_3
f6cc4f0c,j_cosmetic_heavy_bag_03
f997abd3,tag_origin_raven
d41e659d,j_bowstring_ri_01
b04cdd36,j_kurta_simmesh_9
63c25f2e,j_cosmetic_magpouch_09
7ba0bfdb,j_lip_top
3b105996,j_proc_hip_lift_aim_ri
3cb2b64b,j_cosmetic_ar1_camelback_rstrapb
25f784fa,j_cosmetic_bag_3
90a6311b,j_cosmetic_25
c885e780,j_dynamic_r_fronthairlocka
1f5b0548,j_lip_bot_le_2
bb2e0e6,j_pdw_charging_handle
42568f5f,j_bandage_7_r
d8e3450f,tag_1
cc66c70d,j_lock_01
1d19946b,tag_sight_off
96a63a8d,j_cosmetic_23
14879852,j_proc_spine4
52292831,j_ammo_31
d70692e9,j_armor_box_top_buckle_2
6e2b21,j_cosmetic_electrical_tape
9d3a7e63,j_rope_176
26197e08,j_qamiz_cloth_simmesh_12
4590273a,j_axle2_front_left_tgt
11f35bfa,j_b_16
12420c21,j_cosmetic_glowstick_09
86ae8403,tag_light_l_navi001
13157df6,j_craw_2_ri_prop
216587cd,j_straps_jiggler_bottomback
b0c5eef9,tag_gunner_flash1
a6331e62,j_lip_top_ri_4
29db4148,j_cosmetic_bagrstrap
fb972de4,j_charging_handle
a3a2cbc4,j_cosmetic_backpack_toploop_01
95b0c3ce,j_chin
30654fb7,j_cosmetic_ar2_camelback
18da39a7,j_metaindex_le_1_prop
be72c034,j_military_shooting_target_rail_01
ee2e3749,j_ammo_011
b668b180,j_cosmetic_head
fbdc305f,j_cosmetic_small_bag_zipper_01
b811a9b4,j_cloth_thigh_le_02
ec83f77b,j_proc_metaindex_ri_2
5ec2574f,j_cosmetic_magpouch_06
48e96951,tag_light_top_right
e78f6a5a,j_cosmetic_grabstrapd_ri_1
a41ff89,j_cosmetic_glowstick_01
23023a98,tag_flare
cdd3f63f,j_cover_left_01
6b7d9a0e,j_ringpalm_le
e1df4e61,j_knee_ri_prop
3bfa2841,j_cosmetic_kneebag_02_b
c398ee02,tag_clip
deb16413,j_proc_wristup_le
ad6b817f,j_spoon
6876adb1,j_cosmetic_grenade_pouch_f
678edfa4,j_strap_144
cfdfc933,j_carry_clavicle_ri
f3ec38cb,tag_block_base
6b3081a4,j_link2
2f3f6f76,j_rope_87
4e745674,j_ammo_1
34eb9f24,j_dynamic_r_hairlockd
86a6dc79,j_hip_ri
739a8ae0,j_cloth_simmesh_17
c37c537c,j_gate_02
16013fc5,j_periorbital_le_1
7646b42e,j_cosmetic_boots_le_2
1ea6ecf1,j_cosmetic_ar1_camelback_lstrapb
4beffeb5,j_cosmetic_heavy_bag_strap_le
74318c7e,j_cosmetic_leg_bag_b
d4aee8e5,j_blade_grip_bottom
5ad3a532,j_strap_70
89e5d3a2,j_boltrelease
69a02365,j_ring_ri_2
619d75b,tag_guard_attach
f2475342,j_cosmetic_short_mag_pouch_01
38b918a7,j_skirt_le_ba
df598bd,j_cloth_simmesh_3
28579855,j_grenade_frag_5
1b895a78,j_cloth_jacket_02
2e2b5dc9,j_cosmetci_heavy_bag_strap_le
18144fd5,j_kurta_simmesh_19
3b5ae73d,j_hinge_le
2d33124e,j_rope_104
988db181,j_chainh
662bacdb,tag_body_animate_scripted
b97a0eee,tag_personnel_platform
e55ec2c2,j_head_end
609ba092,j_strap_111
a23a8642,j_rope_171
e2639c04,j_link11
4ff259c1,j_cosmetic_gear
83c4fb9a,j_proc_target_clavicle_le
b45e8a4a,j_back_equip_end_le
f26b1770,j_cosmetic_jacket_ri
fe1256bd,j_string_155
3a14509a,j_maskstrap_le
42b2bfbd,j_cosmetic_ar1_camelback_rstrapd
a23235a4,j_magrel
bfb1cc2f,j_cosmetic_cape_14
c7b8e3f7,j_carry_knee_ri
4c7ee239,j_proc_par_neckguard_le
40440767,j_rope_66
7aca540f,j_l_handle_strap5
661dbc61,j_toptray
85d1b499,j_index_ri_2_prop
f84fef0a,j_webbing_ri_1
fe1a747c,tag_heartbeat
19c33e4,j_shell_stop_right
5a7d0798,j_chute_a_mid_cord_8
e66c75d8,j_strap2_le
efc2793e,j_proc_wristfronttwist1_acc1_le
c0be9187,j_cosmetic_camelbackrropestrapb
64c260c1,j_cosmetic_magpouch_08
c3ae2651,j_cosmetic_ar_mag_hard_c
67307b58,j_link6
6c4fec2e,j_cosmetic_gps
84a1a109,j_cosmetic_45
d6ec6d4c,j_strap_90
fe972d28,j_cosmetic_puffyjacket_le
3de6972a,j_periorbital_ri_2
fc067501,j_proc_radio_buff_le_b
c563cfee,j_radar
6a308011,j_link5
a13cc346,j_rope_148
71da1b78,j_frnt_cloth_simmesh_41
94bfc981,j_toein_1_ri_prop
a1ae66c7,j_cosmetic_caribeenerend
80cf64b7,j_grenade_spent
2616d37,j_proc_wristfronttwist1_acc4_le
4904655c,j_cosmetic_radio_2
51a7433,tag_light_tail
8da0e14a,tag_main_rotor_blade_02
4218fc0b,tag_stick_r_rot
2fbdd0c6,j_boltend
18307fa0,j_wristfronttwist1_le_prop
ef36742d,j_sear
2c1cebf3,j_cosmetic_heavy_bag_strap_ri
ab464a3d,tag_sling
3643f7a9,j_rope_68
6a8efdd,j_eyelash_top_ri
90bf556e,j_thumb_ri_1
1c63d6b7,j_cosmetic_zippouch_01_f
86e72824,tag_seat_3_window
1ba6e838,j_cosmetic_ar1_camelback_lstrapa
ad33da4b,j_elbow_bulge_ri
592b71cd,j_ammo_22
8a4afff,j_cosmetic_med_pouch_d
4e0e5bb6,j_empty_ammo_top
c8718b77,j_brow_le_2
3b43ff88,j_rope_63
b44537d6,j_phone
3c2e96c7,tag_knife_attach
f48dfa7c,j_cosmetic_mask_3_1
8d3a679,j_cosmetic_radio_01_a
4133cb0c,j_cosmetic_ar_mag_b
a6f0fceb,j_proc_spinelower_frntside_ri
bf3f666a,j_tray
7c8dcd18,j_cloth_simmesh_40
9711462b,j_kurta_simmesh_22
25839d04,j_cosmetic_grabstrapa_le_2
60e07a97,j_strap_28
bb1a959,j_plunger_01
2557939c,j_grenade_frag_6
81557f30,tag_door_back_left2
b9a00f91,j_speed_loader_nade03
884efff,j_cosmetic_radio_antena_a
a8300258,j_rope_133
d93845da,j_bipod_leg_02_lower
335498bf,j_cosmetic_small_pouch_c
8dee3ac2,j_chute_b_9
4692ae84,j_lid_rail
cc51157d,tag_window_cockpit_left1
f72e4788,j_grenade4
d87a7757,j_cosmetic_smokeb
3b8d3b8,j_throwing_knife_03
13161112,tag_ik_loc_le_pointconstraint1
188f81b3,j_cosmetic_dump_rolled
93633bfb,j_cosmetic_rwrist_flap
d7183459,tag_wheel_back_right_scripted
812306ac,j_corner_4
9f04246,j_proc_orient_knuckle_le_1
604da0d2,j_lock_handle_05
17d02ab5,j_cosmetic_l_helmetflap_a
cb27af7a,j_hair5_d
8f758ff,tag_reticle_attach_offhand
333e2074,j_steeringshaft_front_right_aim
fe7b45aa,tag_stowed_back
b03f197a,j_rope_153
7053f8db,j_index_le_2_prop
bf12582d,j_image2_3
2289657d,j_cloth_jacket_05
ce9bc6eb,j_lever_2
b4560327,j_cosmetic_leg_pouches_ri_2
8af135b3,tag_door_hingele
83a3ba16,j_cosmetic_bag_05
5461314f,j_cosmetic_radio_03_a
922b228,tag_interior_netting
686f917,j_cosmetic_bakcpack_strap02_le
1c82980e,j_legs_02_upper_leg
5dccc26c,j_keypad6
d0eea04e,j_proc_spinelower_frntsidetip_ri
f4b3dae6,tag_elo
4baa59ce,j_cosmetic_cape_22
d7d6a890,j_strap_69
9d167eca,j_cosmetic_lropebagclip
54de291c,j_strap_36
547cfe26,j_chute_a_mid_cord_2
f0766a4f,j_chute_c_3
d5c2c55b,j_cosmetic_backbag_07
196092fa,j_interior_hand_ring1_end
94be00dd,j_link_06
7bd73696,j_ring_le_1_prop
77a64cc0,j_cosmetic_bag_main
1c54f552,j_spent_link_02
a7194d2a,j_bulletgrp3
2b5a690,j_cosmetci_heavy_bag_03
d8869bbb,j_wristwatch_hour
12d022d6,j_cosmetic_l_helmetflap_d
f990d076,j_cloth_simmesh_59
5fbbe43a,j_knob
53a68f89,j_indexbulge_le_1
6de925f1,j_cosmetic_carabiner_belt
47046236,j_cosmetic_radio_4
f2766d75,j_chute_c_1
41aa4a10,j_cosmetic_cape_28
1101b64,tag_glass_hip2
ee6b743,tag_cover_panel_04_dst
60e9a943,j_carry_wrist_ri
95a638fa,j_cosmetic_22
ad0ac75c,j_metapinky_le_1_prop
a8bb64aa,j_cosmetic_cqc2_bloodbag
b986f6ca,tag_main_rotor_blade_02_blur
70ce90ae,j_cosmetic_headpipe_01
f4baaf76,j_cosmetic_spinelower_back_le
68f47dd5,j_proc_groinpadb
3219de21,j_cosmetic_urban_flashbang_a
2c5cb481,j_string_61
5ada50f,j_cosmetic_10
f93eea32,tag_reflex
5129269e,j_ammo_30
793e133b,j_mid_le_2
cdc614ee,tag_c4attach
f506a097,j_cosmetic_small_bag_strap_ri_a
b0e12165,j_liquid1
2261a3e9,tag_guy4
80f5ff52,j_proc_radio_buff_ri
89a671d9,j_reargilly_c_le
85bbaaa9,j_link_15
8fbf53db,j_thumb_ri_2
649a8d2,j_proc_wrist_ri
d5ec6bb9,j_strap_97
302c1af5,j_underlip
47a36f99,j_extra_link_01
53d4ed5f,j_neck_prop
70c71098,j_buckle_le
511a1c14,j_ammo_54
8f2bf847,j_chute_b_mid_cord_8
e1cd2e55,j_cosmetic_vest_bag_01
5226e99a,j_ammo_09
c8f0cea3,j_cosmetic_radio_03
1c0a6708,j_cosmetic_le_cloths_c_02
82b3171,j_cosmetic_bcd_vest_tube
551c60f7,j_ammo_46
baa7098e,tag_ik_target_left_mover
5b88ff11,j_straps_topfrontleft
3ad73723,tag_camera
1cc7ade9,j_steeringshaft_front_left_tgt
c548948d,j_bandage_1_r
db0c2361,j_needle_hub
1224dbb5,tag_wheel_eject
cc0179d9,j_eye_lid_top_le_1
36b8d00b,j_cosmetic_rcarabinerbstringbend
b20dd8c,tag_sling_attach_body
f7b5702c,j_cosmetic_small_bag_strap_le_b
275c992b,j_armor_plate_2
ef7668bc,j_chute_c_2
8ea0e2dd,tag_main_rotor_blade_03
8a6911e9,j_webbing_le_2
f5549348,j_skirt_le_fr_end
2a1745bd,j_qamiz_cloth_simmesh_28
bf551e16,j_cosmetic_r_helmetflap_b
6395e84d,j_cosmetic_svd_pouch_a
2d365ecf,j_charginghandle
86bbac3c,j_link_12
930f0148,j_kurta_simmesh_30
b94b380,j_ammo
1f47c430,j_cosmetic_cowl_rightf
3f82aae4,tag_main_rotor_blade_02_rot
770a5394,j_cosmetic_cowl_lefta
e6a4c281,j_flamecloth4
e35f9f5f,j_feed_tray
2058246f,j_string_41
c913b87a,j_cosmetic_chemlight_cord_a
16352cb0,j_rope_111
c750bed8,j_cosmetic_lanyard_f
cf9bc87e,j_lever_1
6ba02f11,j_strap_136
89f62a4f,j_cash_box
ab3a946d,j_rope_178
7ffcd9d2,j_frontgilly_e_le
de615721,j_link01
7e9f195f,j_cloth_simmesh_38
706fb5d1,j_metaindex_ri_1_prop
36ea3c9d,j_cosmetic_ar_pouches_le_1
99e0ba8f,tag_001
260fad69,j_sling_clampring
f12e3c02,j_ammo_014
ad3e978f,j_cosmetic_groinprotector
74771e22,j_cosmetic_ar_pouches_ri_2
a21eafc5,j_rope_181
a688e4f0,j_missile_fins_back1
818dd4f7,j_cloth_simmesh_45
a5cd0d56,j_cover_right_01
ad648dda,j_cosmetic_utility_pouch
494063ac,tag_ik_loc_le_foregrip
c696128a,j_cloth_polysurface2_54
79aabc8,j_cosmetic_radio_pouch_02
9cfa254d,j_cosmetic_tacgear
7904b0ec,j_cosmetic_radio_b
8823403d,j_rotor_bl
340e8e48,tag_stowed_back2
7fa7bbd1,j_grp_wristwatch_minute
e471e8cd,j_cosmetic_pistol_mag_pouch_a
5e6b22fb,j_gasmask
871d2805,j_cosmetic_dump_pouch_b
882d8cca,j_flap_proc
a71dbba8,j_ub_shell_03
ea30bb6b,tag_origin_body
85bde940,j_link_09
2a330d95,j_rope_109
532b685b,j_ammo_24
f26a30ea,j_cosmetic_gypsy_bag_b
4a8c54fa,j_cloth_polysurface2_10
2931d38,j_cloth_simmesh_66
f6dc2880,j_cosmetic_small_bag_zipper_04
44c963e5,j_qamiz_cloth_simmesh_8
3c3e3ef2,j_index_ri_1_prop
611a6e1b,j_cosmetic_crotchbag_a
176c6c73,j_toemid_2_le_prop
36c462c,j_cosmetic_le_cloths_b_01
7687228d,j_cosmetic_cape_5
8b884b75,j_straps_bottomfrontleft
9b114c77,j_kurta_simmesh_26
789a92bf,j_cloth_simmesh_12
f4e1dd01,j_cloth_polysurface2_0
2bbccb03,j_knee_le_prop
54ada42e,tag_lase_hide2
680e37ee,j_interior_hand_ring3
aacd3f3,j_mainroot
e4d6bd07,j_strap_64
adc9711e,j_cosmetic_ar1_upperpouch
26378477,j_rope_169
d7aca0d4,j_cosmetic_antenna1_a
5aa610a4,j_cosmetic_radio1
a5194a04,j_bulletgrp1
54970366,j_cosmetic_chaina
88cd2f12,j_cosmetic_ak_pouch
345382d6,tag_door_rear_top_right
39e76cf7,j_cosmetic_lropebaga
25b98bc9,j_cosmetic_bakcpack_strap04_le
48a8567,j_hybrid_scope
9a659c7d,j_cosmetict_magpouch_ar_1_closed_a
790a56ba,j_cosmetic_cowl_leftc
d32ce333,j_carryhandle
784e28d8,j_antislide_ik
518b5711,j_cuffa
e66b6221,j_box02_mag_05
2f76b82a,j_cosmetic_utility_large_le2_1
274a720a,j_sleave_reshape_top_le_2
86c406e6,j_cosmetic_camelbackhandleend
e5d6be9a,j_strap_67
287c3d2d,tag_geo_frag_a_008
b74b517b,j_strap5_le
aa492b73,j_rope_40
c8d3ee60,j_cover_left_04
3f46446b,j_rope_57
6b30bb0,j_cosmetic_canteen_e
4ee2bc6e,j_cosmetic_smgpouches_a
ce89510d,j_carry_neck
a660905,j_cosmetic_camelbacklmidstrap
51037487,j_bipod_leg_01_lower
1f17346c,j_qamiz_cloth_simmesh_23
8658a1c,j_pinky_ri_0
f85cdaee,j_levator_ri_2
d9dd744e,j_proc_spinelower_frnttip_le_new
8a729167,tag_main_rotor_blade_03_rot
c123c6c0,j_ammo_14
31bb8742,j_cosmetic_nvg_arm
55ef73d0,j_strap_87
14e2a9ea,j_cosmetic_bag_b3
3b5a823,j_cosmetci_heavy_bag_02
d5b3adc4,j_cosmetic_med_pouch
639966b4,j_strap_108
6c7acd9c,tag_origin_c4
bf0dec93,j_c4_button_right
3738cbb4,j_shoulder_le_prop
7654987f,j_cosmetic_spinelower_frnttip_ri_new
1b6cd546,j_cosmetic_hair_1
f4699398,j_groinend
494963af,j_cosmetic_grabstrapa_ri_1
561c628a,j_ammo_45
de4d9832,j_eyelash_top_le_2
92a63441,j_cosmetic_27
582f69bd,j_spineupper_prop
631a7141,j_cosmetic_crotchbag_c
d4c2c3c8,j_cosmetic_backbag_06
659de708,j_strap_122
38fa2388,j_cosmetic_kneebag_02_a
4e71d548,j_proc_radio_base_le_a
669de89b,j_strap_123
614da265,j_lock_handle_04
4ad7fbb5,j_disc_03
ca66c3e7,j_lock_03
a6cf3185,j_cloth_simmesh_center2
ae3c65cc,j_rope_96
abd6df36,j_cosmetic_smoke_grenade_a
96fe3c58,tag_main_rotor_blade_04_blur
a2ed0cf8,j_cosmetic_sydcoat_2
77529e8a,j_cosmetic_bphandle
23d937c0,j_cosmetic_grabstrapc_ri_2
82aeb99f,tag_acog_2
712508a,j_cosmetic_wire_clav_01
adee4e16,j_cosmetic_bakcpack_strap01_ri
bb91a9be,j_bowstring_le_02
2fda298f,j_laser_attach
6a0e3b14,j_interior_hand_ring5
ac44fe00,j_levator_le_2
85a1a29c,j_cosmetic_42
6ada6a2,j_cosmetic_13
b39ffc65,j_cloth_proxy_12
461a0ac3,j_ammo_59
66a4dd53,j_reargilly_a_le
ceebd445,j_rope_8
411d0084,j_cosmetic_shemagh_b
542b69ee,j_ammo_27
fa767a0d,j_chute_c_9
131a0259,j_cosmetic_locket_chain_02
73318aeb,j_cosmetic_leg_bag_a
1f6c6311,j_cosmetic_price_bag_02
ad4b6ec3,j_rope_35
cb31522,j_cosmetic_canteen_c
2d21c92d,j_rope_196
cdf0d682,j_cosmetic_radio_04
7e8dd03e,j_cloth_simmesh_42
932da7b3,tag_lense_top
f8b571bf,j_cosmetic_small_bag_strap_le_c
b74ce83b,j_kurta_simmesh_2
5a485a34,j_proc_lift_clavicle_ri
ccd69426,j_key_d
3141b133,j_rope_79
d696e5eb,j_qamiz_cloth_simmesh_2_01
3e7e53c2,j_strap_3
799cd2e9,j_cloth_simmesh_29
5029250b,j_ammo_33
6424665c,j_cosmetic_lcarabinerc
9c1d67aa,j_cosmetic_pistol_mags
a0d3582b,j_groinb
432b1ed8,j_cosmetic_sydcoat_20
6ea033ca,j_strap_133
54ea444a,tag_cover_panel_07
8d362b1f,j_axle2_front_right_tgt
98d6a3c8,tag_light
84c36478,j_cheek_puff_ri_3
e67a01e2,j_cosmetic_vest_lower
98b4603a,j_pilot_chute
b49adf2f,j_pin_c
cb50c524,j_cosmetic_lanyard_b
d11e60e4,j_bowstring_ri_02
8035f53d,j_tail_4_prop
d0c26887,j_stake_center_02
3cd80d0d,j_furniture_storage_safe_interactive_02_door
32eb9bfe,j_dynamic_r_hairlockb
97a87ab7,j_cosmetic_32
25791f7b,j_cosmetic_mini_carabiner
6f4974cd,j_bangs_1
5203cb17,j_cosmetic_pouch_carabiner
1e7c2d6f,tag_geo_frag_a_002
39625f9d,j_slidestoplever
9b38cd3c,j_cosmetic_legbag
c56e29da,j_cosmetic_rcarabinerbglowstickb
e17c0597,j_proc_wristfronttwist1_le
82eb424,j_ub_barrel_guard
90bdfa91,j_link_02
c52c73a1,j_metaring_le_1
e8a9f490,j_cosmetic_lstrap
67a0203f,j_ring_ri_0
1a84f64c,j_chute_c_mid_cord_2
e3d8fa0b,j_strap_15
b54db9f2,j_rope_21
c850c06b,j_cosmetic_lanyard_g
fffa3984,tag_ub_hide
e18f82a8,j_ik_foot_root
b370f550,tag_laser_hide
d33c5379,j_proc_radio_le_b
719c14d7,j_limb_right
ef757ac0,j_cosmetic_ri_cloths_d_01
1ae9b7c3,tag_blood_8
b0aac03f,j_proc_spinelower_backsidetip_ri
4f292378,j_ammo_32
db616035,j_dummy_l_torso
5d70e794,j_dummy_r_shoulder
c766bf2e,j_lock_04
6668b375,j_sidegilly_d_ri
b24db539,j_rope_24
9a784314,j_antenna_rot_top_joint
4caa5b61,j_cosmetic_cape_23
10e1c545,tag_engine_fx
f5f8ac4d,tag_barrel_hide
af9d6a51,tag_player_camera
91d575a0,j_ui
6276a43f,j_cosmetic_grenade_pouch_h
a2fd92da,j_forehead
84231ce4,j_stake_right_02
1be34ac5,j_handle_le_02
a44ecbaf,j_cosmetic_radio_main
498c5367,j_cloth_polysurface2_13
ed83f90e,j_proc_metaindex_ri_1
5cd169c1,j_strap_48
245a6952,j_string_51
26cdbddc,j_bag_ri
748dc080,j_cloth_simmesh_48
6ef5b69,j_ghillie_hiptwist_ri
50302aff,j_ghillie_shoulder_le
951f1011,j_uppergum
80230519,j_corner_3
e969fe25,j_military_shooting_target_cart_wheel_08
52d15a03,j_strap_42
532929c4,j_ammo_36
648edaeb,j_strap_141
633cd5ba,j_proc_spinelower_frnt_ri
c4202af,j_cosmetic_glowstick_07
29c2f55d,tag_03
54e067b3,j_strap_24
ccde70d,j_axel_front_right_aim
a1d5547,tag_sight_on
c43a13df,j_collar_le
71b36dd8,j_projectile_02_base
4a127e66,tag_window_cockpit_right1
59ef7a1c,j_strap_83
718319fb,j_drill_2_arm
58d3c4aa,j_cosmetic_rwrist_strapbb
8fee3de8,j_chute_b_7
28e9cdcd,tag_blood_6
d175dbec,j_pin_bend_dn
5c8ece53,j_strap_149
cf8fd4cf,j_cosmetic_drawstring_le_3
f88efff2,tag_flatten
7b7dae92,j_cosmetic_large_pouch_l
cfed2834,j_index_ri_3
9291c015,j_ball_le_prop
924135f4,j_cosmetic_flipcaribeanera
38992240,tag_body
750471c8,j_pump
208964ca,j_chute_a_6
5fd61310,tag_left_turbine_fx
cb139e09,j_cosmetic_plate_carrier
d645fe64,tag_mg
18e9869e,j_hipholster_ri
b8a00dfe,j_speed_loader_nade02
d4ebddb7,j_rope_2
e1cf3088,j_mag_556n_5
44464c4a,j_rope_50
fed38f12,j_bag_le
7a27c50c,j_ponytail_1
5ade328e,j_strap_38
dfca856e,tag_accessory
6c308337,j_link3
a5b52c10,tag_spotlight
15a84ade,j_button_1
b939af38,j_proc_spinelower_frntsidetip_le
779e0fa6,j_proc_groinprotector
391d725,j_container
786c0957,j_papere
155aa6f6,j_lip_bot_ri_2
dadb1a7,j_cosmetic_18
fdf943e9,j_spine4_prop
a7c67219,j_right_latch
f23df35,tag_light_cargo02
8d247a56,j_feedcoverflap
255b0eba,j_lip_bot_le_4
c223c853,j_ammo_15
70cf0eda,j_tail_3_prop
3fd11e4d,j_bulkpaperc
5e2cda0d,j_cosmetic_vest_bag_01_a
83528102,j_legs_01_lower_leg
a8f549ae,j_loadingport_carrier
2917442a,j_qamiz_cloth_simmesh_29
34e76518,j_cosmetic_lropebagd
235ca656,j_string_68
4b8c568d,j_cloth_polysurface2_11
4792af96,tag_lever_rot
9d0a77bb,j_cosmetic_cowl_frontb
f7148a4f,j_string_148
d0d36d54,tag_tail_rotor_blade_03
71bea772,tag_guy03
b7ab96aa,j_cosmetic_mask_5
e9308f11,j_chute_c_top
16e7a37d,j_cosmetic_radio
47f3c7a3,j_toein_1_le_prop
fa6ce049,j_dummy_head
7dcf7689,j_spoke_inner_le
bfcbfda7,j_carry_elbow_ri
25e9c914,tag_blood_5
a684bee,j_cosmetic_bottle
f932ac8d,j_cosmetic_collar_knife
a83cce4b,j_rope_143
51d24143,j_mag_762n_5
492fc3f3,j_cosmetic_innerbox
49127cd3,tag_window_cockpit_right2
f739a774,j_cosmetic_radio_02_a
4a906765,tag_carry_ik_loc_le
4c87e870,tag_window_left
6bd3ffa1,j_back_equip_end_le1
ab311fc,j_cosmetic_canteen_a
664a18dd,tag_gasmask2
59c24f70,j_cosmetic_magpouch_03
88a1a755,j_cosmetic_41
819c25bd,j_cosmetic_ziptie_01
13895053,j_chute_a_9
dc14681,j_proc_idle_knuckle_ri_1
ad57746f,j_chute_c_mid_cord_10
b34db6cc,j_rope_23
b1ab8d38,j_cosmetic_mask_3
fb03477a,j_string_136
2049ebb3,j_cosmetic_flash_bang_a
e0132d75,tag_emp_fx
ce5d1fea,j_smokestring
45a906fd,j_cosmetic_milsim_west_bag_02
68a02a58,j_strap_135
fa65b41c,j_shades
4dd92874,j_cosmetic_camelbackrstrapend
bb961158,j_steeraxel_front_right_aim
e5cf36d4,j_mag_556n_1
769a8f99,j_cloth_simmesh_14
b09ff7ac,j_cloth_proxy_11
6d976b66,j_jaw_ri_3
2be4d90f,j_cosmetic_spinelower_backsidetip_le_new
9c114e0a,j_kurta_simmesh_25
434bade4,j_proc_spinelower_frnt_le
b14cdec9,j_kurta_simmesh_8
3c1ee5d9,j_cosmetic_5
1c3774b9,j_rope_167
a3fda3be,j_cosmetic_puffy_coat_ri_1
84a3bba9,j_cosmetic_bag_04
f799f811,j_spine2
bd0463e4,j_baton
81c52439,j_cosmetic_pouch_large_a
57e06c6c,j_strap_21
3cee2b4d,j_sleave_reshape_top_ri_1
d21e6277,j_bowstring_ri_03
f3e063dd,tag_knife_fx_2
558af649,j_cosmetic_kneebag_05
ed033170,j_string_138
13013b0c,j_periorbital_le_2
5514dd44,j_kalisticks_ri
f154b536,j_cosmetic_waist_buckle_02
f36d04fb,j_cosmetic_hip
5b8eccc0,j_strap_148
a7322b63,j_cosmetic_frontammo
6fce8f1b,j_cosmetic_headpipe_02
fc76f2f4,j_cosmetic_oxygen_01
21bab801,j_bullet_06
7b7af457,j_wing_ri
a1766a8f,tag_beak_prop
557ecf66,j_spinelower
a4aadb33,j_strap3_ri
24c2ed7e,tag_06
ff76f7ad,j_cosmetic_oxygen_02
f3a513d5,j_proc_spinelower_lift
b4ed0c36,j_dynamic_l_hairlockd
a7ca998a,j_cosmetic_pouch_mag_ar_bungie_a
2e3313e1,j_rope_105
1d9044e0,tag_wheel_center_front_right
1b377326,j_rope_166
272b8aaf,j_rotator
71a1fde2,tag_door_rear_right
ac3008a4,j_rope_137
8da4f744,j_metapinky_le_1
336a7500,j_spoke_le
ddd56d09,j_cosmetic_clips
9b00b2c6,j_ring_le_1
4a6b91fb,j_cosmetic_radioantdend
4e2b607c,j_ammo_29
ef221ddd,j_cosmetic_spinelower_backside_ri
603d9cec,j_cosmetic_rcarabinera
5d795d46,j_proc_spinelower_sidetip_le
d9e346a2,tag_2
51ea3f91,tag_cover_panel_02
3d7177a1,j_cosmetic_svd_pouch_01
90113b26,j_kurta_simmesh_29
393f7f34,j_rope_89
759a8e06,j_cloth_simmesh_15
d9c15116,tag_cover_panel_07_dst
dc0544f,j_cosmetic_ar2_comsradio
14013c9f,j_periorbital_le_3
f21243d9,j_string_159
acd9bf1d,j_plate_front_right_aim
24531910,j_cosmetic_wire_mid_b_jnt
b5364b1a,j_cosmetic_chest_rig_strap_b
612c1715,j_barrel_ring
4b2e8f21,tag_seat_005
1631bd1c,j_proc_wrist_le
519edcdf,j_anim
a528d7e4,tag_light_r_wing1
d1fe1138,j_shothead
799e2f3,j_cloth_simmesh_right3_1
7d38e850,j_proc_spinelower_sidetip_ri
12f59c24,j_b_07
3e988871,j_cloth_proxy_27
adf8f9e1,j_gasmask_end
f24b4547,j_tube_handle
52970040,j_cosmetic_chainc
8394035a,j_cosmetic_earphones_06
764208ff,tag_light_l_wing
65307832,j_link8
bf1e97e5,tag_ik_wrist_loc_le
467449dc,j_ammo_9
92bfab74,j_skirt_ri_fr
555b5b3c,j_cosmetic_lcarabinerctape
41b2be2a,j_cosmetic_ar1_camelback_rstrape
d7de1994,j_barrel_1_mount
e5beb9bb,j_mag_box
6d3f3b93,j_cosmetic_rucksack
11bb923e,tag_seat_4
dbc2cecd,j_cosmetic_backbag_01
7a2d270f,j_cosmetic_sling_knife_03
90598c03,j_cosmetic_wire_pin
daa5b77,j_cosmetic_bakcpack_strap04_ri
8ea3ef5e,j_cosmetic_53
fbb8f18,tag_seat_6
8b1f146b,j_cosmetic_antenna3_b
2a21c474,j_rope_195
609ddf29,j_strap_129
8058295e,j_visor_inner
9a1edafa,j_cosmetic_glovea
a33319a9,j_lip_top_ri_1
1b895ceb,j_chute_a_1
59e06f92,j_strap_23
2b21c607,j_rope_194
99114951,j_kurta_simmesh_20
cf436e1,j_strap5_base_le
ba3e61bf,tag_origin_arm_1
ad3c6439,j_rope_91
dec27cb4,j_cosmetic_pouch_r
c866c0c1,j_lock_05
2ae41dff,j_leg_2
7a8d29e9,tag_bink1
bb7d3457,j_nvg
20197496,j_qamiz_cloth_simmesh_18
9189f498,j_proc_metapinky_le_2
3dc4a0ca,j_bolt_sleeve
758720fa,j_cosmetic_cape_4
a772d77a,j_launcher_attach
70c97278,j_cosmetic_ri_cloths_a_02
fa148f08,j_string_145
26c0fb23,tag_ik_loc_le_seat
63d9a05f,j_drill_bit_01
ba3295f2,j_cosmetic_sydcoat_17
59482f88,j_suspension_back_right_aim
4216935b,j_cosmetic_radio_collar
690e4ed,j_cloth_simmesh_54
2ada056,j_cosmetic_17
365e08b4,j_cloth_simmesh_left1
392fec63,j_cape_ri
f6e1e027,j_cloth_polysurface2_6
50cf1846,j_strap_52
b4e21021,tag_seat_2_window
15c354de,j_tray_holder_04
762d0944,j_corner_7_b
89555389,tag_wing_left
c5cc1d7e,j_rocket
1ad36015,tag_main_rotor_blade_01_rot
cd8fd1a9,j_cosmetic_drawstring_le_5
c2b1d0e8,j_cosmetic_cape_19
f0e7287b,j_cosmetic_rcarabinerbstringa
6fbea44c,tag_guy01
10d35f64,tag_fx_at_mine
d9b8c05e,j_bracket_lower02
4e1a175b,j_ammo_51
5a995889,j_strap_107
9c03473d,tag_light_r_wing
6e4a641,j_cosmetic_boots_ri_1
d9901ad6,j_binder
58e6d9f2,j_cosmetic_radio_04_a
75ce988d,j_cosmetic_headpipe_04
cec26384,j_cosmetic_pouch_b
bc4cf01a,j_kurta_simmesh_5
9e31af5c,tag_cover_panel_01_dst
33ea37e4,j_cosmetic_ar_pouches_le_2
7aadbcda,tag_headlight
984f192,j_cosmetic_radio_antena_b
597218b5,j_eyelash_top_ri_1
5b7d092b,j_chute_a_mid_cord_9
822be3d0,j_chute_b_mid_cord_5
b94ceb61,j_kurta_simmesh_0
91bdfc24,j_link_05
33bed9a9,tag_silenced
1d896011,j_chute_a_3
515072a0,j_c4_ring
660aabb0,j_string_101
6fe618b7,j_cosmetic_teargas
d5488309,j_fan_front_top_ri
b34b7835,j_rope_33
b43c6f3e,j_rope_98
b4a14e74,j_ghillie_elbow_le
e01cbd32,j_cosmetic_tape_01_c
9f5971a1,j_proc_neckguard_le
333f75c2,j_rope_83
f2d0fc6f,j_ball_ri_prop
48f1fea0,j_boxhandri_ce
a792a749,j_cosmetic_lpadstrapbd
c3a9f226,tag_windshield_front_web
a5b6e68d,j_cosmetic_bomb_ring_01
b37b5e5a,j_bolt_carrier
1e1732d9,j_qamiz_cloth_simmesh_24
3a002036,tag_flash
ca6399b,j_dummy_r_ankle
d4d9fdff,j_receiver_bolt
6dbea126,tag_guy07
cd9456d9,tag_window_back_right_corner
96b4336d,j_reargilly_a_ri
fcae4c2c,j_master
76f448b6,j_cosmetci_heavy_bag_zipper_02
c666bd9b,j_lock_07
28d724fa,j_key_8
55721269,j_eyelash_top_ri_5
fc03490d,j_string_137
5cccc0d9,j_keypad1
a0a330a0,j_plate_front_left_aim
ae3cd7bd,j_rope_145
632ea909,j_military_loot_crate_ui_01_lid
5edeb7bf,j_cosmetic_black_grenade_02
52aca36a,j_cosmetic_cape_35
f1a44d81,j_suspension_front_left_tgt
68cdb880,tag_window_cover
977169ef,j_proc_neckguard_ri
6b976840,j_jaw_ri_1
99698586,j_cheek_puff_ri
bfe6f380,j_underchin
cf1fb0fc,j_cosmetic_strap_a
b0b51099,j_cosmetic_ephod_06
3931ecb,j_cloth_simmesh_67
50aa61ad,j_cosmetic_cape_27
7e6604ba,tag_engine_left
91a3f417,j_cosmetic_54
cfd698df,j_key_c
265fc66a,j_proc_holster
7afabf45,j_cosmetic_vest_bag_radio_01_a
303f7109,j_rope_86
3e4642d8,j_rope_56
f74fed77,j_webbing_ri_2
af758a4c,j_gas_knob
68c8e3aa,tag_ik_foot_loc_le
3293ae05,j_projectile
5e801f93,j_dummy_r_knee
cabab9d6,j_sidegilly_e_le
c64282cf,tag_windshield_front
9961f241,tag_door_rear_left
63d3b35d,j_strap_79
b9b5a53e,j_cosmetic_grenade_le
c3a42086,j_toemid_1_le_prop
699ded54,j_strap_126
177589f,j_offhand_briefcase_bomb_fuse_button
42a90244,j_cosmetic_milsim_west_bag_01
411a80f,j_shield_le
5baf726d,j_cosmetic_small_bag_00
e7d90057,j_strap_11
4a2e8d8e,tag_seat_004
c9b68f0d,j_cosmetic_pistol_pouch
3841bc38,j_rope_70
51f38a1a,tag_seat_1_window
60ccc725,j_keypad5
fe53ad38,j_keypad11
963b91ba,j_cosmetic_mask_5_1
3f2f5a0a,tag_stock_attach
7d9f17cc,j_cloth_simmesh_39
522b66c8,j_ammo_25
441d053d,j_cosmetic_shemagh_a
3c98854b,j_cloth_proxy_25
a01eac9f,j_rope_183
cef2cff9,tag_sync_prop
ac492e99,j_rope_42
fe2166ee,j_strap2_ri
451a141e,j_suspension_back_right_tgt
8abaf4f4,j_thighbagstrapb
67c34e07,j_ammoboxplate
90a1b3ed,j_cosmetic_49
fc49f5c,j_cloth_simmesh_right2
5c4cdceb,j_cosmetic_ri_cloths_b_02
305ff7d6,j_ub_grenade_empty
db316b5,j_cosmetic_canteen_b
fba56ab9,j_cosmetic_flap_01
8dbaf9ad,j_thighbagstrapa
1e353948,j_rope_119
206cdd25,j_cosmetic_hair_4
343d2cc1,j_chute_a_10
b658ed5,j_pinky_ri_3
7b1d1412,tag_seat_wm_1
ad3f14c1,j_rope_156
20bb4385,j_crate
8a0d5894,j_cosmetic_kneebag_01_b
a20a7f9a,j_cosmetic_cowl_fronte
56d39ee6,j_strap_74
3d247a9c,j_cheek_ri_1
ba66639d,j_cosmetic_pouches_c_03
22578ee3,j_grenade_frag_3
8eee3c55,j_chute_b_8
3be4c362,j_sidelock_1
5ffd5597,j_frontgilly_b_ri
f4445ff,j_cosmetic_glowstick_10
10c1b499,j_chute_a_mid_cord_10
5ce9cd2e,j_fridge_door_le
699711c2,j_cosmetic_flap_01_d
cc8fd016,j_cosmetic_drawstring_le_4
ab5792fd,tag_aim
690ab069,j_string_102
ad995b59,j_cosmetic_roll
55dd5dcf,j_cosmetic_smoke
1c895c0b,j_cloth_jacket_03
d0ed29c7,j_index_ri_2
7050d16b,j_pinkypalm_ri
3550c209,j_rope_19
c47dedf5,j_strap3_le
d2eed05f,j_cosmetic_medium_bag_02
35ee1103,j_metaring_ri_1
57cf234b,j_strap_59
2c5ef318,j_string_75
4b2888,j_bar_back_right_aim
a72dc22e,j_rope_122
bf6e2068,j_cosmetic_rcarabinerbglowstickd
cb257e2f,j_cosmetic_carabiner
c8dbbec7,j_cosmetic_zippouch_02_i
da9505af,tag_passenger1
553e751c,j_conversion_kit_9p_magrelease
7a48ca08,j_cosmetic_charm_02
21f35c30,j_thighbag
1f010e47,j_eye_lid_top_ri
e8b1dfb2,j_cosmetic_helmet_02
7b48cb9b,j_cosmetic_charm_03
89bbb0f5,j_link_11
aedbf43c,j_proc_crotch_guard__spinelower_forward
3e41c5aa,j_rope_76
c2ca3fd2,j_bandage_7
740caca4,j_cosmetic_utility_large_ri2_1
24e9c781,tag_blood_2
6f58db8,j_cloth_simmesh_4
bef57361,j_bulletlink_spent2
940f02db,j_kurta_simmesh_31
b6ed0f5c,j_dynamic_l_hairlockb
18352fd6,j_rope_113
404645fe,j_rope_54
6124ef7,j_cosmetic_wire_clav_02
c155213c,j_cosmetic_r_helmetflap_d
688ee137,j_strap_145
3d1ee76c,j_cosmetic_2
3c50cd0e,j_rope_10
65e3dadf,j_charginghandlegrip
6df22896,j_back_equip_ri
284a739d,j_sleave_reshape_top_le_3
e3ee24b9,j_chainepin
bdaaad27,j_speaker
e79fc82a,j_pinky_le_0
29978847,j_charginghandle2
3f4405d4,j_rope_67
2c19877a,j_qamiz_cloth_simmesh_14
ff75cb95,j_cosmetic_camelbacklropestrap
e09402bc,tag_tail_rotor_motion
1a1452fb,j_kurta_simmesh_17
e58f6734,j_cosmetic_grabstrapd_ri_3
54e79ce7,tag_door_lockbarrelri
3b9883b8,j_cloth_proxy_24
d8c2ca14,j_cosmetic_backbag_02
b2bf4ec3,j_fuse
340a5f7,j_bar_front_left_aim
6f960e34,tag_trigger_attach
85b4396c,tag_grip_show
bf0b21b7,j_pilot_chutebase
eeea3673,j_cosmetic_small_bag_handle
e59fc504,j_pinky_le_2
541a20cd,j_ammo_57
548af4b6,j_cosmetic_kneebag_04
5447835a,j_cosmetic_brokenstrapa
aac99200,j_sidegilly_e_ri
af4db080,j_rope_27
bf8c14bd,j_cosmetic_securitypass_01
841915c3,j_cosmetic_small_bag_03pin
ae4b7056,j_rope_36
b4738278,j_hammer
b496da14,j_cosmetic_camelbackrropestrapbend
e899631e,j_dynamic_l_fronthairlocka
9a49d93,tag_light_tail2
89e2d42b,j_cover_03
c74d6297,j_cosmetic_radioantc
c1a8b970,j_backpack
8d7dcae8,j_cosmetic_large_pouch_r
89af4a5b,tag_hubcap_front_left
5f4d9f3f,j_lock_handle_06
1e2aff17,j_fannypackb
cbc23c9b,j_helmetstrap
938a24a9,j_wing_le
82133c2e,j_rtopbackbag
f8b13f7,j_proc_spinelower2
90078465,j_cosmetic_frontmed
9ac63881,j_cape
b0820e49,j_cosmetic_carabiner_c
3c41c284,j_rope_74
7e9a6746,j_button
633da1a5,j_cosmetic_rcarabinerb
2d5ab55,j_sidegilly_b_le
a7e50ebf,j_nasolabial_le_4
a03a831c,j_rope_173
afeb2a79,j_empty_ammo_belt_02
478c5041,j_cloth_polysurface2_15
6d55cd40,j_strap_ri_1
bd2b548e,j_magwell_door
839f213e,j_cloth_simmesh_37
7c04b5a5,j_cosmetic_radio_a
52d242d6,j_mag_762n_6
cde01dfa,j_cosmetic_lpadbucklea
13d8f48d,j_emptylink02
2721bfbb,j_rope_190
7055d1f9,j_strap_ri_2
a2e506e0,j_nasolabial_le_1
531c5dd1,j_ammo_40
33391873,j_r_handle_strap7
73871dd4,j_cosmetic_cape_6
1f0eb5bd,tag_wick_fx
81a3b6f0,j_cosmetic_bag_07
b700c241,tag_pistolgrip_attach
ccd5ab89,j_cosmetic_holster
50f725be,tag_glass_hip
51924bc5,j_steeraxel_front_left_tgt
740a032,j_legextra_le
b1447606,j_cosmetic_grabstrapd_le_3
96527cc0,j_cosmetic_grenade_pouch
8b97c28,j_tongue_3
12db59d1,j_ghillie_wristfronttwist1_ri
e86b6547,j_box02_mag_03
2c141d01,tag_main_rotor_blade_01_blur
cc1ddd1f,j_exec_prop_smoke
1684f000,j_chute_c_mid_cord_6
de28cbfa,j_cosmetic_gunbeltc
43c96252,j_qamiz_cloth_simmesh_9
d9ec7205,j_strap_93
aacd1535,j_cover_right_04
66c9207b,j_crate_lid
f71476b1,j_toemid_2_ri_prop
534dcde7,j_ghillie_shouldertwist_le1
1d3537b5,j_rope_116
5b993004,j_proc_target_clavicle_ri
75ccc222,tag_door_back_left
a2e2e7e4,j_axle2_front_left_aim
7bfa5588,j_cosmetic_rcarabinerbstringaend
46ebf6bf,j_groinprotector
b8de10f5,j_dynamic_hairbase
1b54f3bf,j_spent_link_01
3d6fe45e,j_cosmetic_tape_03
6ab35db5,j_cosmetic_radio_pouch
9f489ebe,j_dummy_gun_stock
6e976cf9,j_jaw_ri_2
b7329139,j_cosmetic_sydcoat_12
4b6ce074,j_proc_hip_lift_ri
6a917ee6,j_wristtwist_le
bb6d7460,j_proc_rot_clavicle_le
e9b1e145,j_cosmetic_helmet_03
537cfc93,j_chute_a_mid_cord_1
b83292cc,j_cosmetic_sydcoat_15
bedbaf09,j_cosmetic_zippouch_02_g
8e8da1c3,j_chainb
db364b68,j_loading_gate
1da6eb5e,j_cosmetic_ar1_camelback_lstrapc
2d5ca29d,j_armor_plate_4
ccdbe9ec,j_bar_front_right_aim
d594fdd0,tag_passenger4
313f729c,j_rope_81
981ed7d4,j_cosmetic_glovec
a52abb46,tag_exhaust
bf38e1df,j_cosmetic_le_cloths_d_02
493205e,j_cloth_simmesh_64
680aaed6,j_string_103
c1ea2710,j_cosmetic_camelbackrmidstrapend
b1fdcca9,j_cosmetic_butbag
acfd0f5f,j_fan_front_top_le
577d02df,j_chute_a_mid_cord_5
239ccfa5,tag_laser_attach
45c4ca00,j_back_equip_le
a9569bd4,j_mid_ri_1
91cd42ce,tag_origin_animate
1e015591,j_bipod_left_leg
3d9886de,j_cloth_proxy_26
c52be9c3,j_cosmetic_carabiner_01
2604c947,j_thumb_le_0
bddbad76,j_cosmetic_zippouch_02_f
aac363b1,j_limb_left_axle
4e95ba87,j_cosmetic_helmet_1
196cd220,j_cosmetic_hair_3
f9513a8c,j_straps_bottombackright
1c2bf25,tag_ik_loc_ri_seat
e1d08d69,j_toeout_2_le_prop
4726d849,j_ammo_04
f8c2e4b2,j_c4_tag
88385fef,tag_wheel_center_front_left
832be563,j_chute_b_mid_cord_4
ef6a0797,j_military_shooting_target_cart_wheel_02
2e40e7c5,j_proc_stowed_chest
29d9ee94,tag_turret2
63d0a5d1,j_cosmetic_flipper_bb
2047ce53,j_proc_metapinky_ri_1
5d3ad2f4,tag_ik_loc_le_shotgun
2149ed46,j_cosmetic_flash_bang_b
7255d51f,j_strap_ri_4
8b203af2,j_firesel
61ee9cb4,j_safety
836e7627,j_cosmetic_wire_mid_c_jnt
6f0ab9db,j_string_108
7b30d43,j_cosmetic_canteen_d
33847689,j_hinge
cadaef11,j_pinky_ri_1_prop
f999fb37,j_spine4
5dc255bc,j_cosmetic_magpouch_07
481ef8bd,j_cosmetic_9
db950742,tag_passenger2
71757353,j_hinge_top_02_open_lod0shape_jnt
18c35997,j_tray_holder_03
8048d37a,j_cosmetic_charm_04
ae300bca,j_rope_135
a6e50d2c,j_nasolabial_le_5
19377000,j_rope_164
8ca3ec38,j_cosmetic_51
415911e4,j_door_le
7e9cdac8,j_cloth_simmesh_22
cce87c15,j_cosmetic_smallbottle_01
cd19d716,j_blade_ankle_le
e770ee30,tag_windshield_front_pristine
89f1d060,j_proc_beener_le
6ca33a35,j_grp_wristwatch_second
4f0e2fcd,j_cosmetic_scarf_center
52452a3c,tag_right_tail_fx
269f2ad5,j_proc_radio_buff_ri_02
7dd26de0,j_handle
92ee42a1,j_chute_b_4
7e0338f4,j_cosmetic_crouch_straps_le
5989383,tag_window_back_right
8d21b9,j_proc_spinelower_side_ri
d9c320c2,tag_gunner1
11cb51ea,j_forehead_ri_1
b0e62ef8,j_boltcatch
a886e537,j_cosmetic_slingbag
26a59faf,tag_door_back_left_2
8f6958e3,tag_carry_pin_ik_loc_ri
838dd81d,j_cloth_simmesh_47
60c8c3e4,j_eyelash_bot_le_2
e39c9656,j_cosmetic_taperollend
1c172fb3,j_qamiz_cloth_simmesh_26
b5328e13,j_cosmetic_sydcoat_10
47abc671,j_reargilly_e_ri
d1d92f7e,tag_light_back_left
81d901dd,j_dummy_l_elbow
bb23ccb6,j_lip_top_le_2
88a0d96b,tag_main_rotor_blade_05
ff86b786,j_caribeaner
d3591704,j_cosmetic_antenna_02
af4472e0,j_cosmetic_grabstrapd_le_1
49d7fa22,j_disc_02
426aaeda,j_cosmetic_gypsy_bag_2
24560b6f,j_metamid_ri_1_prop
2646e9e0,tag_scope
f61488bc,j_string_149
37834ac6,j_laptop_base
6bbe9e00,tag_guy05
61a42064,j_cosmetic_backcaribeanera
511c5aab,j_ammo_42
1dd713a9,j_key_5
547feb47,j_powerbutton
d4b53285,j_corner_8_b
3b3ba07d,j_charginghandleassistleft
792d257c,j_cosmetic_sling_knife_02
a635b4d5,j_bandage_3_l
7cc123b6,j_proc_spinelower_backtip_le
ced3f7d2,j_cover_left_02
c323c9e6,j_ammo_16
81940034,j_cosmetic_earphones_04
fb14909b,j_string_144
fd90d37a,j_webbing_ri
6af54948,j_fuel_rod
66a01eac,j_ring_ri_1
e49a0a9f,j_spade
42988ebd,j_cloth_proxy_23
f9067048,j_proc_radio_buff_le_a
a954a713,j_cosmetic_belt
cc34c0e5,j_armor_box_bottom_handle_side_2
2ea09131,j_lock
492e8bfb,tag_seat_007
93bdff4a,j_link_07
ca50c391,j_cosmetic_lanyard_e
e8dd1143,j_release_01
1656868e,j_eye_lid_top_ri_2
b0e8f8dd,j_ub_bolt
ea6cae3f,j_metamid_le_1
da2ffcc7,j_nasolabial_ri_2
21197629,j_qamiz_cloth_simmesh_19
649e3e30,j_cosmetic_databoxend
7678f4bd,j_dummy_l_knee
59c91452,j_proc_clavicle_le
a62dc09b,j_rope_121
4926db6f,j_ammo_02
1b90bcd,j_cosmetic_bumper_01
49e2363c,tag_barrel_1
e563a0bd,j_link12
a74295ee,tag_origin
9087f9c6,j_frontfin_1
d87f7852,j_corner_1_b
ed996afd,j_dynamic_l_fronthairlockd
fc5e4d96,j_plate_front_left_tgt
efb226de,j_bowstring_le_axle
412874d9,j_craw_1_le_prop
cd23d9a4,j_ammo_18
4db9bf4c,j_glowstringb
bf78a07f,tag_door_rear
5bdeed45,tag_clip_02
8c1f15fe,j_cosmetic_antenna3_a
ef7ca3f4,j_beard_1
42464924,j_rope_52
e46b5efb,j_box02_mag_07
9bc5f793,j_rail_mid
fe39c850,j_cosmetic_cqc1_comsradio
1f377972,j_rope_162
892beed5,j_chute_b_mid_cord_2
832309d2,j_corner_6
50de22d0,j_strap_32
85028eab,j_dead_silence_dial
3ce45863,j_proc_mid_le_1
9e2db403,j_rope_129
8c524192,j_charginghandle_right
30e41fa3,j_cosmetic_le_cloths_a_01
d7ec6edf,j_strap_91
24d93953,j_cosmetic_grabstrapc_ri_3
f8dbb687,j_cosmetic_wire_01
df16ceaf,tag_laser
83668f3e,j_proc_knuckle_le_1
e72044a8,j_elbowdq_le
f655db5b,j_groinbag
637f97e7,tag_ik_loc_ri_seat_ctrl
c09df71a,j_cosmetic_smoke_pouch_b
9e3a7ff6,j_rope_175
1f896337,j_chute_a_5
1ec2e40c,tag_08
978caa59,j_carry_elbow_le
578af96f,j_cosmetic_kneebag_03
a8194ebd,j_bulletgrp2
70dc587c,j_frnt_cloth_simmesh_38
dfd8f3bf,j_strap_19
7c5efe11,tag_glass_ads
b40e9ca,j_grenade_05
e602b35b,tag_bumper_back_damaged
78f44bdc,j_cosmetci_heavy_bag_zipper_04
45f07868,j_mag_follower
7828e88a,j_carry_shoulder_ri
be12569a,j_image2_2
41e3612a,j_sidegilly_a_le
ae86c329,j_proc_hiptwist_tip
6c76b3fd,j_cosmetic_grenade_pouch_b
586894db,tag_door_rear_top
c0551fa9,j_cosmetic_r_helmetflap_c
2e15640f,tag_door_back_right
23e9c5ee,tag_blood_3
d4ec6a26,j_strap_96
ec8a1119,tag_glass_ads2
e049d03e,j_carryhandlebase
d10ae9,j_cosmetic_ragc
a4389b0,j_cosmetic_hijab_c
358409cf,j_cosmetic_id_pouch
56ef7563,j_strap_86
9d5aea23,j_qamiz_cloth_simmeshnew_02
a4e50a06,j_nasolabial_le_3
52cf1b6c,j_strap_54
52f10a58,j_leg_front_le
7c9c1dde,j_cosmetic_ziptie_04
8f485734,tag_taclight
7331d774,j_cat_le
a041e1f2,tag_tail_rotor_blade04_rot
5b556639,j_support_box_top_buckle_right
9c5ae890,j_qamiz_cloth_simmeshnew_03
439915e8,j_cloth_polysurface2_45
c140c33a,j_cosmetic_pouch_closed
6aea71e2,j_armorplate_2
a2f4ca29,j_cosmetic_chest_knife
3d35f30b,j_ejectionportcover2
e11cbec5,j_cosmetic_tape_01_b
d98f3f5d,j_ghillie_proc_rot_clavicle_le
e6469b20,j_cosmetic_antenna2_b
51d15870,j_strap_43
8496ba6d,j_wall_cable_02_ri
88572dbb,tag_helmetlight
6dfdd09,j_eyelidbulge_ri
eb690ff9,tag_player
922e4ea6,j_fan_rear_ri
84d3c747,j_cosmetic_utility_large_le1
334a286a,j_proc_hip_lift_le
6a4196a4,j_power_switch
45ac1dc2,tag_mount_pivot
8e3a6605,j_cover_pin
3d464145,j_rope_59
225b0a01,j_lip_bot_le_1
dc9d21ce,j_cosmetic_242
b19ff93f,j_cloth_proxy_10
cfebd5d8,j_rope_7
fdbe03ac,j_shoulder_le
abadf941,j_cosmetic_vestcoat_03
c7f0cd10,j_cosmetic_radio_02
4a3e3e9c,j_missile_fins_front1
562b6d14,j_ammo_21
87690d30,j_webbing_le_1
5c3dacf7,j_suspension_front_left_aim
131f6cf0,j_cosmetic_utility_large_ri2
6506e228,j_carry_head
da2b2ad7,tag_stowed_back3_offset
d2ab8c66,j_cosmetic_jacket_le
a60272ce,j_proc_hiptwist_mid
44a36ae0,j_extra_link_02
28c2f3ca,tag_02
521c5c3e,j_ammo_41
758dc213,j_cloth_simmesh_49
1d65ee9b,j_comboxa
27e9cc3a,tag_blood_7
c473218c,j_pin_ring
240403eb,j_proc_index_ri_1
45464ddd,j_rope_51
572b6ea7,j_ammo_20
3ab90687,j_ghillie_wristfronttwist1_le
b365d44c,tag_ik_target_left
191528ca,j_steeringshaft_front_right_tgt
7f37ee53,j_stake_left_02
baa01124,j_speed_loader_nade04
37987d6c,j_cloth_proxy_28
3eadf763,j_pelvishelper_le
6680b85b,j_sidegilly_d_le
1fbf9bbc,j_cosmetic_wire_rt_b_jnt
315efaf7,j_string_70
b44db85f,j_rope_22
d62ff67b,j_nasolabial_ri_6
7c8f4396,j_body_left
b5f5d357,j_limb_base_right
25814c94,j_strap_le_3
ccd16715,j_cosmetic_mag_pouch_a
266fcdde,j_mouthcorner_le
8265286f,tag_top2
56e7af35,j_dummy_gun_muzzle
73da1e9e,j_frnt_cloth_simmesh_43
480ccaaa,j_tablet
f1124246,j_string_158
5fc258e2,j_cosmetic_magpouch_05
46e23183,tag_barrel_4
190dd0e,j_cloth_simmesh_51
51cf19d9,j_strap_53
13d02469,j_cosmetic_l_helmetflap_e
1dc9307c,j_upper_lid
ac78a017,tag_origin_bucket_link_2
468a1017,j_cloth_polysurface2_26
df355ae,j_b_12
501a1a81,j_ammo_53
59d3a39f,j_strap_73
7704adc6,j_cosmetic_radio_d
b64ce6a8,j_kurta_simmesh_3
6a829861,j_bolt
40988b97,j_cloth_proxy_21
478a11aa,j_cloth_polysurface2_25
1e21b190,j_rope_199
97e2dbb0,j_toeout_1_le_prop
4fac9eb1,j_cosmetic_cape_30
e488d55d,j_cosmetic_lanyard_pin_a
290dea1,j_cloth_simmesh_50
26259cb4,j_cosmetic_leg_pouches_le
f8cc5232,j_cosmetic_heavy_bag_01
698ee2ca,j_strap_146
d43f9f8b,tag_tail_rotor_blade_04_blur
59b82743,j_knife_01
938da9a2,j_chaine
6ece8d88,j_cosmetic_headpipe_03
539cd89b,j_steeraxel_front_left_aim
baf29950,j_cosmetic_cqc1_bagc
c1960aab,j_cloth_polysurface2_53
1ef7a6e9,j_proc_clav_placer_ri
a4b4a082,tag_window_back_left_corner
b3f639ec,j_cosmetic_glasses_01
59a41773,j_case_open
7a8072fa,j_bomb
ce50c9dd,j_cosmetic_lanyard_a
f0b64c3f,j_cable2_mrkt1
a03314f0,j_lip_top_ri_2
9455be76,tag_fx_prod
eecf9d33,j_cosmetic_knife_01
6596183a,j_body
78ca50e9,j_l_handle_strap3
3a826b33,j_slidestop
343f7755,j_rope_82
948dab35,j_chaind
f7e1e1ba,j_cloth_polysurface2_5
f6adc63f,j_proc_clav_placer_le
746c030b,j_papera
b06682c6,j_cosmetic_cqc1_radio
e4920ee7,tag_antenna
3687b850,j_cloth_polysurface2_38
c1f2a455,j_cosmetic_cqc1_bagd
b84b8014,j_rope_38
7d9b6654,tag_missile_left
26c5cd0a,tag_doorgun_player
8c005050,tag_cover_panel_05_dst
5e86b511,tag_pedal_l_rot
dd9efcd0,j_boltpin
ec858789,j_collar_ri
c2dbb555,j_cosmetic_zippouch_02_c
829401c7,j_cosmetic_earphones_05
98359ecb,j_bandage_3_r
f1e1d848,j_cloth_polysurface2_3
f644b204,tag_origin_orientconstraint1
7a80bf6e,j_thumb_ri_1_prop
36391d2c,j_r_handle_strap2
1fe81d39,j_pullstrap
9826e50,j_cosmetic_wire_clav_pc_a
30d881a,tag_hood
6d4971a7,j_bangs_3
9c1af763,j_upperlip
cb279b7b,j_cover_lid
4d750646,j_black_screen
92a872d8,j_cosmetic_37
69ea704f,j_armorplate_1
162b6cff,j_cloth_simmeshnew_01
5e43adea,j_cosmetic_crouch_straps_ri
cdebd2b2,j_rope_9
419fe628,j_feedmech_release_latch
1fa6ee84,j_cosmetic_ar1_camelback_lstrape
337dfa6,j_right_lock
668bd82a,tag_camera_fx
b9ae004,j_proc_dummy_spinelift
3281287,j_cosmetic_buttbag_a
72bea905,tag_guy02
54d39bc0,j_strap_76
49c96bc4,j_qamiz_cloth_simmesh_3
4eaa5e87,j_cosmetic_cape_25
fcd9ca5d,j_lbackbagstrap
e68f68c7,j_cosmetic_grabstrapd_ri_2
49d31864,j_hiptwist_le_prop
7c27c832,j_ponytail_3
5b4d98f3,j_lock_handle_02
8fa1b25a,j_cosmetic_48
cc8659f9,tag_detach_left_offset
3422abda,j_cosmetic_bcd_vest_dangle_c
6091101f,j_cable1_mrkt2
a6e651f1,j_frnt_cloth_simmesh_center1
8f6867c0,j_neck_le_2
5bd1682e,j_strap_49
d98b48ea,j_shoulder_ri_prop
7f9c2297,j_cosmetic_ziptie_03
6fcce8a8,j_pill_2
decd299c,j_cosmetic_vest_bag_02
e2d6b9e1,j_strap_62
1f61e624,j_upperforehead_le_1
9a64ebdb,tag_menu
d8ec7072,j_strap_92
46e32303,tag_light_belly
4e1c14f0,j_strap_left
5eccc3ff,j_keypad7
49291a06,j_ammo_38
66970d09,j_cosmetic_flap_01_a
e541e9e2,j_chinstrap_003
60c25a75,j_cosmetic_magpouch_04
f56e039f,j_chute_c_10
f37be135,tag_knife
e78c2081,tag_missile_right
385331c4,j_cosmetic_zip_b
e66a92,j_eyeball_ri
d4eed385,j_cosmetic_medium_bag_00
cfe25d12,j_cosmetic_carabiner_vest
19145168,j_kurta_simmesh_16
50415bb1,tag_broken
841d234c,j_cosmetic_dump_pouch_a
17afcf70,j_index_le_1_prop
3db9283e,j_ghillie_proc_rot_clavicle_ri1
31eb9a6b,j_dynamic_r_hairlocka
d84d8ec0,j_eyelash_top_le_4
98a87c4a,j_cosmetic_31
a6061174,j_hair11
2e5cb7a7,j_string_67
3ed11cba,j_bulkpaperb
1c904b23,tag_ik_loc_ri
8ba6293c,j_cosmetic_28
9eab7f6f,j_hip_le
1789132d,j_fan_front_ri
1ac35cbd,j_tray_holder_01
8ee617f6,j_cosmetic_gloves_01
880a9c53,j_wire
58d3a20c,j_strap_72
a888e816,j_missile_fins_back3
7cc212,tag_folding_grip
808748d0,j_proc_par_deltoid_ri
a2177eff,tag_right_wing_fx
7ec67672,j_cosmetic_vest_knife
1c895e7e,j_chute_a_2
e032157b,j_antenna_3
a84f325,j_cosmetic_radio_antena_c
e4205d5,j_cosmetic_glowstick_05
9658baf,j_pinky_ri_1
9f60ecc4,tag_passenger
949f6229,j_legs_03_upper_leg
23113305,j_cosmetic_hatchet
f7cc509f,j_cosmetic_heavy_bag_02
490e1c7,j_cloth_simmesh_56
72cced61,j_pill_1
a3c43d20,tag_light_front_left
b786466e,j_military_shooting_target_cart_01
1a377193,j_rope_165
d06dac72,tag_ac130_camera
f976787a,j_chute_c_8
841fc63,j_cosmetic_glowstick_03
d8da7fe8,j_dial
4feb6bf5,j_cosmetic_neck
1e145947,j_kurta_simmesh_13
688d60c0,j_proc_neckmask_base_m
f6c027f9,j_eye_lid_top_le
a055a88f,j_eyelash_bot_ri_1
3ada1e9,j_cosmetic_16
386a9f1c,j_cosmetic_gypsy_bag_8
641a72d4,j_cosmetic_crotchbag_d
91ee410e,j_chute_b_5
d5486518,tag_fx_nvg
1e8961a4,j_chute_a_4
aa3a92da,j_rope_179
749a8c73,j_cloth_simmesh_16
d58fae2c,j_proc_orient_knuckle_ri_1
4b4966d5,j_cosmetic_grabstrapa_ri_3
f93838d2,tag_stock_show
2661aa35,tag_guy0
d2ed2ced,j_index_ri_0
1e6cd9ff,j_cosmetic_hair_6
8aa93a36,j_dummy_l_foot
43d732be,tag_launcher_offset
e765f08f,j_cosmetic_antenna4
46dddf73,j_boltcarrier
51d0e95e,j_cosmetic_scarf_right
d8274dd4,j_gun
13f59db7,j_b_06
3e6e098f,j_drawer2
2c5648c8,j_cosmetic_drawstring_ri_4
5eb38c76,j_beard_1_end
8da3edcb,j_cosmetic_50
1e63d9dd,j_cosmetic_zippouch_01_d
cf03a6fb,j_cosmetic_rclips
7a3e14ce,j_mid_le_1
7e0c1688,j_straps_topbackright
47c66ea2,j_fan_mid_ri
59daa463,j_cosmetic_radio_end
c1dbb3c2,j_cosmetic_zippouch_02_b
c64d6104,j_cosmetic_radioantb
2e5ca3d,j_chute_c_bottom
1cacd212,j_cosmetic_baglstrap
c283bf56,j_mech_2
c9474ad8,j_wall_cable_03_ri
bf98c46b,j_extralink_02
b438b43,j_cosmetic_hijab_b
e7b1de1f,j_cosmetic_helmet_01
988845a,tag_hybrid
2d9d64c2,j_proc_radio_buff
849404ed,j_cosmetic_earphones_07
9c43f8b7,j_cosmetic_heavy_bag_zipper_01
335653cd,j_cosmetic_drawstring_ri_3
af8b57e,j_cosmetic_comboxb
689bad2a,j_strap_119
8bd283d9,j_flag_dyn_lo_2
bfb2756a,j_cosmetic_wire_clav_01_a
53a54beb,j_skirt_ri
1d84fb05,j_chute_c_mid_cord_1
881ebea4,j_cosmetic_gloves
5326eb2d,j_ammo_08
428a09cb,j_cloth_polysurface2_22
26d2daa0,tag_stow_back_mid
1eb874b1,j_bullet_11
ce57db5,j_suspension_back_left_tgt
c6dbbba1,j_cosmetic_zippouch_02_o
8158be40,j_stock
829f1fab,j_cloth_simmesh_34
9a090b79,j_dead_silence_button
a806b2bf,j_proc_spinelower
6aa02d7e,j_strap_137
ab492d06,j_rope_43
e974b337,tag_lense
5a88e7a8,j_proc_chest_ri
b2ab8ecb,j_cosmetic_mask_2
779a912c,j_cloth_simmesh_13
fa86e2b9,j_cosmetic_grabstrapc_le_3
b04b737c,j_rope_30
2dc7d606,j_bipod_leg_01_upper
1ed7153c,j_key_2
ad80c823,j_proc_groinprotector__spineupper_backward
63ea7691,j_cosmetic_vest_strap
25c2eaba,j_jaw_le_1
b8124d28,j_image2_4
aa2dc6e7,j_rope_125
6d469e2c,j_support_box_top_buckle_left
f8e1e34d,j_cloth_polysurface2_4
9f59271,j_cloth_simmesh_7
c823d1c5,j_ammo_13
53cf1cff,j_strap_55
61d9d450,j_follower
bcdbabe3,j_cosmetic_zippouch_02_e
887d94ae,j_buckle_ri
d45a5291,j_pack4
f82e491b,j_grenade5
c623ce9f,j_ammo_11
a0238f77,j_cosmetic_medium_bag_zipper_01
28236f49,tag_headlight_l
74438b6f,j_bracket_upper02
178d080f,j_sling_spine
ba5870b1,tag_claw_le_prop
668ede11,j_strap_143
a9ed17fd,j_cosmetic_sydcoat_5
e171e414,j_cosmetic_pistol_mag_pouch_b
6d0e3fcd,j_interior_hand_ring6
bce51c5c,j_bipod_right_leg
56c00c20,j_cosmetic_magpouch_10
3ce69597,j_periorbital_ri_1
bd0dfde5,j_clavicle_ri_prop
5344da3a,j_decocker
80eb9bb4,tag_ik_foot_loc_ri
3cc5f2e9,j_proc_mid_ri_1
59321f1,j_cloth_simmesh_65
a826d61c,j_helmet_hide
2882fa67,tag_accessory_right
d2d3707a,tag_tail_rotor_blade_01
beca3986,j_bandage_3
aa3cd171,j_rope_141
b2e56f6c,j_grenade
57f45d81,j_lid_ri
d3ec6893,j_strap_95
e3b2afef,j_cosmetic_backpack_zipper_a
647b234f,tag_pistol_offset
6b76b26a,j_cosmetic_grenade_pouch_c
9b0ce2f0,j_canopy_left_back
14396e3,j_cosmetic_beltb
93a3f73d,j_cosmetic_56
4fecc0f5,j_propeller_blade_04
61265f69,j_dummy_l_wrist
a84f0c9c,j_cosmetic_shoulder_le
1f9c9354,j_tray_le
291982c1,j_qamiz_cloth_simmesh_11
c950c1fe,j_cosmetic_lanyard_d
54d15d29,j_strap_40
4287cb34,j_cloth_polysurface2_34
f99f8773,j_chute_a_top
172b6e92,j_cloth_simmeshnew_02
1e8041a1,tag_eye
a4ed101e,j_cosmetic_sydcoat_0
8999ae15,j_support_box_top_metal_lock_left
4c268f57,j_cosmetic_thread_tapes_06
6245993d,tag_origin_part_mirror_right
c49cf3e4,tag_vise_rear
fd04a190,j_interior_hand_ring3_end
d29b37cb,tag_leg_back_right
689debc1,j_strap_121
b13f1b0d,j_rope_152
9c3a7cd0,j_rope_177
37af1240,j_rotating_barrels
9ea23bbf,j_index_le_4
608b079a,j_cosmetic_kneebag_08
1185ac9b,j_shell_stop_left
792b05ef,j_cosmetic_nvg_quad
6b0e3ca7,j_interior_hand_ring4
5b5ab49,j_cosmetci_heavy_bag_00
9e5aebb6,j_qamiz_cloth_simmeshnew_01
99628769,j_c_lid
ceed26a1,j_index_ri_4
bfc8000e,j_lip_inside_le_1
6a98b580,j_selector_switch
726faab,j_helmet
7bae232d,j_dustcover
55943fae,j_cosmetic_fanny_pack_a
20f77d1b,j_cosmetic_bag_4
b13c6a85,j_rope_95
142f7f69,j_proc_index_le_1
87eeb866,tag_support_arm
d4068e30,j_armor_box_top_buckle_1
1f878abf,j_proc_spinelower_back_le
3aee2827,j_sleave_reshape_top_ri_3
26f7868d,j_cosmetic_bag_2
4aecb916,j_propeller_blade_01
2461a70f,tag_guy2
29a6c2f6,j_sight_f
4187c9a1,j_cloth_polysurface2_33
a00a7c74,j_cosmetic_cowl_frontg
de022102,j_leg_back_le
71d20a65,j_helmet_prop
2621be28,j_rope_191
f22e3d95,j_ammo_015
32efa8be,j_pin_base1
4ad5547b,j_cosmetic_groin
819cdf81,j_cloth_simmesh_21
7cca5735,j_l_handle_strap7
cbcfbf0,j_cosmetic_puffy_coat_le
15fa089,j_ghillie_proc_spinelower_swivel
401eec25,j_cosmetic_1
52de25f6,j_strap_30
ec0ba2d,j_proc_wristup_ri
7e9c76ec,j_cosmetic_front_ring_ri
f5e1410,j_ub_grenade
f4b988bd,j_tapea
1f8960c4,j_cloth_jacket_06
ee6a0604,j_military_shooting_target_cart_wheel_03
2d2a981e,j_bottom_cap
7fd15098,j_jaw
1e59ff41,j_cosmetic_bakcpack_strap02_ri
1d1457b4,j_kurta_simmesh_12
ae4931bf,j_rope_44
e5a4c0ee,j_flamecloth5
44247f70,j_wristfronttwist1_le
bbbac500,tag_tail_rotor_blade02_rot
a33a87d5,j_rope_170
1bb86ff8,j_bullet_12
d97a78ea,j_cosmetic_smokea
a09abead,j_pinkypalm_le
c66e2b6d,j_cosmetic_rcarabinerbglowstickc
90de139c,j_proc_radio_buff_le
d3fe5e83,j_cosmetic_sleeping_bag_b
7a0a584d,j_cosmetic_cowl_leftb
d4119382,j_reargilly_d_le
99e098aa,j_stand
c9d1625c,j_cosmetic_mag_pouch_b
19353169,j_rope_112
819391,j_antenna
579953d0,j_strap_104
2f3acefc,j_legextra_ri
3b445108,tag_reticle_attach
8f55465c,j_main_shaft
55b09c14,j_cosmetic_wire_clav_pc
1149a0d,j_string_142
63970850,j_cosmetic_flap_01_b
5e5b80a7,tag_turret_right
b0aecd57,tag_hubcap_back_left
ec661e14,j_lip_inside_ri_1
27768d39,tag_origin_part_mirror_fr
90a86fb2,j_cosmetic_39
2e3f6de3,j_rope_84
ca5a2dea,j_freezer_door
9ff0933c,j_cosmetic_camelbackend
4663c05,j_ankle_ri_prop
84230b65,j_corner_7
839ce2a7,j_cloth_simmesh_27
16e9b063,j_eyelash_top_le
be6557ce,tag_main_rotor_blade_04_rot
4a38c23e,tag_scopeaddon_attach
c3974c23,tag_wheel_center_back_left
97e87394,j_carry_shoulder_le
567213fc,j_eyelash_top_ri_2
b5dadcc7,j_cover_releasebutton
66c4ae5,j_cosmetic_le_cloths_b_02
92686c79,j_neck_le_1
981147be,j_kurta_simmesh_21
3a50c9e8,j_rope_12
b7a00c6b,j_speed_loader_nade01
d2a2ff7,j_feedmech
55599c29,tag_rail_hide
b966620a,j_cosmetic_pouches_c_02
5124d64,j_cosmetic_wire_clav_03
12e2a6c4,j_cosmetic_bag_b1
248f2393,j_cloth_thigh_ri_01
c23da7c,tag_light_cargo01
5856b201,j_bandage_7_l
8d22bf93,j_drill_1
78cb63a1,j_cosmetic_elbow_le
3b6fe138,j_cosmetic_tape_01
d3ebdc24,j_rope_3
31af8467,j_cosmetic_camelbackrstrap
fd058937,j_string_126
5b8d6de,j_throwing_knife_01
9dabf6bf,j_elbow_ri
2af55a0e,j_cloth_simmesh_8_end
ee1fba9b,tag_origin_pointconstraint1
3a7172e8,j_cosmetic_svd_pouch_02
4c3e41c2,j_missile_fins_front3
1fd716cf,j_key_3
329fbbfb,j_hip_ri_prop
2e5203c8,tag_hubcap_back_right
e2ff462c,j_c_mid_lid
986448cb,j_cosmetic_cloth_bag_05
26bbaf53,tag_light_back_right
d11fb422,j_cosmetic_strap_c
c1ff5608,j_hair6
72871c41,j_cosmetic_cape_1
3bb36878,j_ringpalm_ri
c723d032,j_ammo_12
55d15ebc,j_strap_47
9ca23899,j_index_le_2
7f230386,j_corner_2
7546b29b,j_cosmetic_boots_le_1
c3e4e2b9,tag_stowed_hip_rear
452b21fe,j_cosmetic_sydcoat_22
839641f1,j_cosmetic_earphones_10
a631a31,j_top
808dd364,j_cloth_simmesh_44
55cf2025,j_strap_57
12bb93d1,tag_seat_5
47d16b69,j_proc_spinelower_back_ri
182b7025,j_cloth_simmeshnew_03
3543f616,j_rope_69
3ad1166e,j_bulkpaperf
43464ab7,j_rope_53
53d15b96,j_strap_41
8f363b81,tag_exhaust_top_l
534781c7,j_cosmetic_brokenstrapb
c023f2de,j_receiver_cap_lock
f1b64dd2,j_cable2_mrkt2
b64dbb85,j_rope_20
8a7635c8,tag_deathfx
33d2b1fa,j_proc_radio
2819812e,j_qamiz_cloth_simmesh_10
a0a62f08,j_fx
69307e7e,j_link4
d1c2683d,j_cosmetic_pouch_a
fa0345e7,j_string_135
8c66016a,j_bolt_guide
623ddf8b,j_indexbulge_ri_1
2a5cb15b,j_string_63
da612e4,tag_barrel_attach
7d9c1f71,j_cosmetic_ziptie_05
693bfd6c,j_sonar_pulse_panel_3
dc01a3b6,j_toein_2_le_prop
2439876,j_cosmetic_belta
80652549,tag_top4
56cf21b8,j_strap_58
a97c36b3,j_spring
264a7077,j_sleave_reshape_top_le_1
991ed967,j_cosmetic_gloveb
49aa56a8,j_cosmetic_cape_20
f66228e,j_mid_le_1_prop
32331a2d,j_rope_101
1c14f11c,j_qamiz_cloth_simmesh_30
4176b627,tag_origin_part_mirror_fl
a82dc3c1,j_rope_123
5d58cea4,j_furniture_storage_safe_interactive_02
21d719f5,j_key_1
d4c987a0,j_cosmetic_spinelower_back_ri
fed107c3,j_cosmetic_raga
1c80ed42,j_cosmetic_ak_pouch_ri
14a8494b,j_button_2
3b37ae32,j_straps_topfrontright
fc14922e,j_string_147
73c97731,j_cosmetic_ri_cloths_a_01
87a0d7d8,tag_main_rotor_blade_04
f9124ede,j_string_150
229db5ce,j_bullet_top
28e350e0,tag_cloth
be4dc81d,j_rope_28
a1b53a9e,j_cosmetic_smoke_grenade
ddfc80c9,j_projectile_03_base
3b41c0f1,j_rope_73
45fd40ca,j_top_cap
6831c31e,j_proc_spineupper
53ea42b7,tag_cover_panel_04
3254972c,j_cosmetic_small_pouch_b
414408fa,j_rope_65
9dcf9ba9,j_cosmetic_spine
2c077d7e,tag_gun_attach
476ae9f9,j_cosmetic_lropebagbase
80317b72,j_projectile_04_base
b8ab983d,j_cosmetic_mask_4
42cfc413,j_interior_hand_ring6_end
9ced0386,j_cosmetic_sydcoat_8
90782c50,j_cosmetic_lropebagropecpin
2c01c766,j_wristfronttwist1_ri
d140f3bb,j_cosmetic_lropebagropea
3c463fb2,j_rope_58
47ea2fd3,tag_cover_panel_08
deec79e4,j_strap_98
45c96578,j_qamiz_cloth_simmesh_7
92aed0be,j_c4_button_left
15954ed4,j_pelvishelpertip_ri
1b14548e,j_kurta_simmesh_14
6a3bfeff,j_sonar_pulse_panel_2
2122a9a8,j_tool_execution_cinderblock_piece_02
fe2e528d,j_grenade3
970210a5,j_action_lock_lever
86a3becf,j_cosmetic_bag_02
b9e0df0,j_ub_safety
ff53aecb,j_keypad10
c1612d60,j_hard_drive
d2fe5cf0,j_cosmetic_sleeping_bag_c
ee766729,j_chute_c_5
501c5918,j_ammo_43
dc28c8d4,j_cosmetic_gunbelta
bfca3b19,j_bandage_2
4b5a9b6,j_cosmetci_heavy_bag_01
d2a34c82,j_armor_box_bottom_handle_front
25babe4d,j_bullet_02
59a551fd,tag_cover_panel_02_dst
c296597d,j_speed_loader
918da67c,j_chaing
7bca55a2,j_l_handle_strap6
b2c2bf0,j_rtopbackbagstrap
663079c5,j_link9
c885149f,j_sleave_reshape_bottom_le_1
5accbdb3,j_keypad3
6e30865d,j_link1
a1395872,j_cosmetic_bcd_vest_dring_b
978d00ae,j_ribbon_cable_c
50dc9f0b,j_suspension_back_left_aim
438a007d,j_cosmetic_chemlight_e
5c4dee72,tag_door_handleri
ab97f4e,j_tongue_1
3450c076,j_rope_18
38d11348,j_bulkpaperd
8bf51064,j_cosmetic_pouch_ar_flap_tapered_b
f201484f,j_furniture_storage_safe_interactive_02_handle
640e1eb,j_grenade_02
a2e235cb,j_chute_a_bottom
4d71b105,j_proc_crotch_guard__spineupper_forward
49268a9e,j_cosmetic_thread_tapes_01
bda6724,j_cosmetic_lpadflap
253782e4,j_rope_168
258e742a,j_cosmetic_broken_mirror_02
d8b64efa,tag_grip_show2
95902daf,j_proc_ring_ri_1
6665d4e2,j_cosmetic_mags
1ad70ef0,j_key_6
c6f7f781,j_capsule
4a6d3667,j_bipod_leg_02_upper
caf110e4,tag_tail_rotor_blade_03_blur
f5033e08,j_string_130
d9c2cba7,j_cosmetic_backbag_03
a91dbece,j_ub_shell_01
b87ed797,tag_sling_target
c934bc2c,j_armor_box_bottom_handle_side_1
d692a75f,j_dummy_r_wrist
f8dd1a87,tag_engine_right
ced6974c,j_key_b
48e8829d,tag_grip_hide
3122a721,j_cosmetic_bcd_vest_dangle_f
13383980,tag_radar
c757dd00,j_rearfin_2
5d4cde7e,j_cosmetic_ri_cloths_b_01
caf0d1c9,j_cosmetic_radio_01
2bf8f606,j_nebulizer
65c04637,j_spoke_inner_ri
feff8bf6,j_skirt_ri_fr_end
397d72fa,j_selector_02
cb16dd29,j_dead_silence_disc_2
475ce23a,j_ghillie_mainroot
4ecf1520,j_strap_50
ce99c321,j_sword_ri
d828c288,j_cosmetic_gunbelte
9b1a633,j_plunger_03
48d7f88f,j_disc_01
f2757f79,j_cosmetic_ri_cloths_d_02
858d3332,tag_turret_front
b47b514a,j_cosmetic_rope
3b3a4054,j_proc_spinelower_backsidetip_le_new
bcf29c76,j_cosmetic_cqc1_baga
8cf1b41f,j_cosmetic_knife
a54c25f,tag_turret_pitch
bfacfe38,j_cosmetic_tourniquet_01
8eafbb47,j_insidegum_ri_1
6f8bb8c5,tag_carry_pin_ik_loc_le
428c4862,j_cloth_polysurface2_18
8a77d19d,tag_main_rotor_static
aa24ef29,tag_wrist_attach_le
6376b8e,j_cosmetic_grenade_01
fadccf83,j_cosmetic_bag_flaps_01
d45e7fb2,j_frontgilly_c_ri
2883a1bd,j_cosmetic_grabstrapa_le_1
ea69ffb8,j_military_shooting_target_cart_wheel_07
928da80f,j_chainf
41464791,j_rope_55
b8a00444,j_cloth_proxy_19
667dc22,j_pistol_grip
652467ef,j_cosmetic_lcarabinerb
a94929e0,j_rope_41
481ba15c,tag_wheel_front_left_scripted
4826d9dc,j_ammo_03
f2100542,j_string_161
6cbe9f93,tag_guy04
83a19f76,j_cosmetic_44
f72e3077,j_canopy_right_front
4a26dd02,j_ammo_01
b69ae255,j_pin_a
6330610d,j_cosmetic_bag_zipper_03
2325ef65,j_strap_right
8f87f833,j_frontfin_2
37391ebf,j_r_handle_strap3
6b2b4a05,tag_light_cockpit01
54fc8505,j_flag_dyn_up_2
1d581fb6,j_string_46
e4639f2a,j_link13
a8f4d49c,tag_door_front_left
f61de276,j_wristfronttwist1_ri_prop
16376633,tag_cosmetic
d2ec6700,j_strap_94
11420a8e,j_cosmetic_glowstick_08
bf8319fa,j_hiptwist_ri_prop
552b6b81,j_ammo_26
1bd71083,j_key_7
17c35804,j_tray_holder_02
3522ad6d,j_cosmetic_bcd_vest_dangle_b
219650cb,j_wrist_ri
9054ba17,j_straps_topbackleft
3f87c67b,j_cloth_polysurface2_31
138a10ae,j_barrel
20a6f017,j_cosmetic_ar1_camelback_lstrapd
3a421d4f,j_proc_spinelower_frnttip_le
1835b3db,j_cosmetic_carabine_01
ea0befc7,j_military_shooting_target_base_01
447e5d34,j_strap_9
809528b1,j_teres_le
a4cd0bc3,j_cover_right_02
a528ba57,j_wrist_le_prop
ba23cb23,j_lip_top_le_1
47da65ac,j_cosmetic_rwrist_strapaa
69d45f5,j_top_le
2cb58618,j_cosmetic_tape_02_b
b710f50e,j_drill_1_arm
58ef7889,j_strap_84
cc50c6b7,j_cosmetic_lanyard_c
b4328c80,j_cosmetic_sydcoat_11
35391b99,j_r_handle_strap5
cd57e672,j_rearfin_4
10f35a67,j_b_15
bc91ab51,j_bowstring_le_03
dea57abf,j_ghillie_hiptwist_le
abbeed50,j_proc_collar_le
dea2a749,tag_pilot1
816526dc,tag_top3
5bd370d3,j_dart
cf5b96c9,tag_full
63ef89da,j_strap_89
284824f4,j_neck_rt_1
26eb6dfd,tag_ik_target_left_foot
efb2dbf5,j_carry_clavicle_le
39d114db,j_bulkpapere
4595df2c,j_proc_neckmask_ri
51fc804c,j_flag_dyn_up_1
296d6c49,j_blade_grip_top
40e54868,j_hipholster_le
5c032e0d,j_offhand_briefcase_bomb_phone
94a63767,j_cosmetic_21
ce105d47,tag_gunner
e52e1961,j_magrel_latch
8ca0dfb7,tag_main_rotor_blade_01
7a9a95e5,j_cloth_simmesh_10
5bde3421,j_strap_39
9e0a794e,j_cosmetic_cowl_fronta
3e806fa0,j_cosmetic_bakcpack_main
dd4d969f,j_eyelash_top_le_1
5cef7ed5,j_strap_80
21578d50,j_grenade_frag_2
e641eb75,j_chinstrap_002
5a9b9720,j_strap_117
a7bf6ee8,tag_weapon
a9ab081,j_cosmetic_radio_pouch_01
3b1ee446,j_cosmetic_4
47f5536d,j_metaring_ri_1_prop
30b40ed1,j_cosmetic_lanyard_01
93a635d4,j_cosmetic_20
13a847b8,j_button_3
afbbfb8e,j_canopy_left_front
6a4acd9,j_cosmetic_med_pouch_b
d1eececc,j_cosmetic_medium_bag_03
b32681a4,tag_hubcap_front_right
dcc31c4d,j_lip_bot
b1a33692,j_dblmg_offset
dfd6b528,j_strap_61
27c2f237,tag_01
882c3a99,j_rotor_fl
99644a5e,j_cosmetic_cloth_bag_06
ac3f132e,j_rope_157
772d2256,j_cosmetic_sling_knife_04
819f1e18,j_cloth_simmesh_35
2d1ec37,j_cosmetic_minipouch_02
4157a790,j_cloth_simmesh_20_end
68a021d2,j_ring_ri_3
621a6fae,j_cosmetic_crotchbag_b
b53c70d1,j_rope_99
a92a5e18,j_dummy_sling_spine
27582f74,j_string_48
a9b5a33b,j_pin_base
ccc2605e,j_cosmetic_pouch_d
568af7dc,j_cosmetic_kneebag_02
1ad9ec3,j_cosmetic_14
86a1a42f,j_cosmetic_43
af3641a8,j_cosmetic_chest_rig_strap_d
9d2db270,j_rope_128
786e8157,j_sling_clavicle
509a1744,j_legextra_le_end
c9718d0a,j_brow_le_1
b6364cad,j_cosmetic_chest_rig_strap_c
5ee3b2c4,j_barrel_extension
af59404,j_cloth_simmesh_0
4d2690ea,j_cosmetic_thread_tapes_05
acadfad4,j_cosmetic_vestcoat_04
2aa5c514,j_cosmetic_radioa
74ec3bb,j_cosmetic_control
a8c63b70,tag_knife_fx
ee981aaa,j_cheek_puff_le_3
ef35741,j_b_13
23c2ebeb,tag_05
f49a43e6,j_cosmetic_puffy_coat_ri
c50e192a,tag_sledgehammer_offset
d65a55b7,j_pack2
12be2192,tag_turret_npc
64e0c939,j_neck_ct_1
250c6fea,tag_trunk
1abaacfc,j_bullet_09
809cf77e,j_kneedq_ri
26bdf5ea,tag_mirror_right
f36a327d,j_cosmetic_gypsy_bag_c
1d54f6e5,j_spent_link_03
538af323,j_cosmetic_kneebag_07
2396c408,j_cosmetic_incen_grenade_a
410d9c25,j_carry_wrist_le
397e4be3,j_strap_4
af4b71e9,j_rope_37
ec766403,j_chute_c_7
51fe53da,j_eyeball_ri_prop
b9a005d7,j_cloth_proxy_18
a3e64d38,j_frnt_cloth_simmesh_center2
e89fc9bd,j_pinky_le_1
889f291d,j_cloth_simmesh_32
3e50d034,j_rope_16
d25a4f6b,j_pack6
4150d4ed,j_rope_15
6fdec518,j_armor_box_bottom_buckle_1
760a5201,j_cosmetic_cowl_leftf
52478034,j_cosmetic_brokenstrapc
ea6b686d,j_box02_mag_01
bb7615c8,tag_wheel_center_back_right_dst
be98c2d8,j_extralink_03
711f351c,tag_missile
876ecbcf,j_dummy_stock
714d9046,tag_weapon_chest
8a5109f0,j_wristtwist_ri
e5e1d50a,j_cosmetic_hammer_01
dae354d0,j_chute_b_bottom
948ca7e6,tag_watch_fx
16269978,j_cosmetic_thigh_knife
efca84c2,j_carrying_handle
a3cf2ccc,j_cloth_simmesh_center1
a37e1f86,j_bandage_6_l
859ce5cd,j_cloth_simmesh_25
14bb96f7,tag_seat_3
4e0a8b5b,j_cosmetic_rope_bundle_le
4df28675,j_cosmetic_rope_bundle_ri
67920b07,tag_main_rotor_blade_03_blur
87bbadcf,j_link_13
1af0a883,j_straps_bottombackleft
fa1443a3,j_ringpull
9b97dbb,j_tongue_2
d6c933eb,j_handle_ri_02
849f22d1,j_cloth_simmesh_36
458c4d1b,j_cloth_polysurface2_17
829aa27d,j_cloth_simmesh_18
14c1bfe5,j_ejectortop
d18fd7f5,j_cosmetic_drawstring_le_1
74587fc1,j_mag_pusher
8fc66d00,tag_wheel_back_left_scripted
3e87c4e8,j_cloth_polysurface2_30
862bea1c,j_chute_b_mid_cord_1
76ca4dc3,j_l_handle_strap1
c4dbb87b,j_cosmetic_zippouch_02_m
981dd8b8,j_sidegilly_c_le
4d793aa6,tag_doorgun
eca8bdf8,j_cigar
7f58f4b,j_cloth_simmesh_5
34391a06,j_r_handle_strap4
26bf4c2d,tag_main_rotor_motion
5ccffbe0,j_proc_spinelower_backtip_ri
95ee475a,j_chute_b_1
21e9c2c8,tag_blood_1
1891688f,j_suspensionspring_right_tgt
4a745028,j_ammo_5
e69fc697,j_pinky_le_3
99a233e0,j_index_le_1
f9cc53c5,j_cosmetic_heavy_bag_00
4da82f7d,j_cosmetic_groinpadtrgt
d71034cb,j_cosmetic_strap_clip
30a993fa,j_cosmetic_hood_ri_01
4491deb0,tag_front_left_fx
43d30102,j_axel_back_left_aim
970a6e49,j_cosmetic_cowl_fronth
e16b5a42,j_box02_mag_08
38e4bea9,j_sidelock_4
dc983270,j_chainhpin
70e491fb,j_corner_2_b
53769fb,j_cosmetic_grenade_02
3648f8c,j_fan_rear_top_le
95a87791,j_cosmetic_34
5d8ca3b8,j_combox
ff0d3008,j_cosmetic_strap
32f9daac,j_tube
c7d821d9,j_wristwatch_second
8be2d751,j_cover_01
619111b2,j_cable1_mrkt1
9f6bf995,j_temple_ri
2e22a268,j_cosmetic_bcd_vest_dangle_e
c3dbb6e8,j_cosmetic_zippouch_02_l
47268778,j_cosmetic_thread_tapes_03
c8ff610d,j_hair1
5c524124,j_drill_3_arm
1fc2e59f,tag_09
6a496cee,j_bangs_4
8723c182,j_missile
b04db213,j_rope_26
1350d578,j_jaw_prop
44e96dbd,tag_fx_02
621fd8c9,j_ghillie_shouldertwist_ri1
3f071389,tag_wheel_back_left
740e37e,j_grenade_01
1cb8718b,j_bullet_13
88e2d298,j_cover_02
679dea2e,j_strap_120
9721aef6,j_cosmetic_kneebag_03_b
cfcd234a,j_cosmetic_mini_carabiner_b
2e73e301,j_cosmetic_camelbackhandle
2b8caa83,j_selector
ce8fd33c,j_cosmetic_drawstring_le_2
9c1ea653,j_rope_187
21b0fe73,j_cosmetic_m_cloths_a_01
47a4e84a,j_back_loader_lever
6afc80a5,j_proc_hood
4ffc3541,tag_battery
9b6d9604,tag_spin
7c2d2a35,j_cosmetic_sling_knife_01
7b3e1661,j_mid_le_0
265c9798,j_armor_plate_3
7834ec89,j_cosmetic_flash_grenade
3f247dc2,j_cheek_ri_3
62305f7a,j_cosmetic_bag_zipper_02
89691056,j_webbing_le_3
97ad6fcc,j_sling_pivot_dyn
e1325156,j_cosmetic_antenna4_b
f7f458ab,j_carry_mainroot
8cea7497,tag_gunner_barrel1
36532e9e,j_cosmetic_zip_d
4bbcead5,j_ball_ri
b0db98ff,j_cosmetic_zippouch_02_q
95918b94,j_cosmetic_ar1_camelback_handlea
871ded36,j_cosmetic_flashbang
b8e0e6d1,j_proc_spinelower_backsidetip_le
859f2464,j_cloth_simmesh_31
e465ebd6,j_cosmetic_antenna3
b6c529f7,j_sword_le
10d8efd4,j_emptylink01
87a1a5c2,j_cosmetic_40
c51b06ec,j_cosmetic_rarmpadflap
6d0fb234,j_zipper
bed284f0,j_ghillie_proc_spineupperlift
ba1f3a8b,j_ankle_ri
463fd97b,j_bolt_release
c4f57d09,j_cosmetic_small_pouch_01
82a19de3,j_cosmetic_47
10d01fb0,j_cosmetic_l_helmetflap_f
2724af8e,j_magrelease
2e5c8c9f,j_cosmetic_wires_02
3a1ee2b3,j_cosmetic_7
2347ca7c,j_cosmetic_cowl_rightb
aaadf7ae,j_cosmetic_vestcoat_02
88e35a39,j_eye_lid_bot_ri
43d7f0b0,j_disc_04
45103596,j_cosmetic_thigh
3e32272b,j_cosmetic_back_knife_01
7d2cc685,tag_light_2
a9807c18,j_cosmetic_carabiner_rope_a
7c1d15a5,tag_seat_wm_0
a73f0b4f,j_rope_158
6deefd7e,tag_barrel2
3c8a0059,j_cloth_polysurface2_28
e1b14876,tag_tail
a94ae4f5,j_thumb_ri_2_prop
a7f89b9c,j_frontgilly_e_ri
f966014e,j_cosmetic_vest_bag_bomb_a
699baebd,j_strap_118
1764b0f8,j_cosmetic_vest_strap_b
350e8fdb,tag_stowed_back3
af3c675f,j_rope_97
57021a89,j_cosmetic_buttbag_ri_a
eba68832,tag_cover_panel_03_dst
83ef392d,j_skirt_le
747ab93b,tag_aim_animated
ae4e6c9,j_ghillie_proc_spine4
9a94922a,tag_wheel_back_right
4124bd1,j_cosmetic_wire_clav_04
1e5faa84,tag_fx_bulb
f474a05c,j_cloth_proxy_2
a1a1d65,j_xmags1
51745b2d,j_ammo_2
9c0a7628,j_cosmetic_cowl_frontc
4b8d54b,j_throwing_knife_02
886f5c0a,j_limb_base_left
56289dde,j_cosmetic_price_bag_zipper_04
8223083f,j_corner_5
e36fa8bb,j_cosmetic_flashbang_pouch_b
acb996d8,j_legs_03_lower_leg
e0d6b6bb,j_strap_60
2147cfe6,j_proc_metapinky_ri_2
baa4a38,j_cosmetic_camelbackrtopstrap
62e93eca,j_screen
43a903d7,j_cosmetic_milsim_west_bag_00
e7a4c414,j_flamecloth3
fcb2ab05,tag_ik_loc_le
c18081f7,j_furrow_ri
7ac1d787,j_cosmetic_cqc2_radio
4b3e243a,j_door
3dd11b27,j_bulkpapera
1863d06b,j_cosmetic_zippouch_01_b
329c546b,tag_wheel_front
1f21b323,j_rope_198
6321a344,j_chute_b_mid_cord_10
2b1985e7,j_qamiz_cloth_simmesh_17
730b2bf3,j_dummy_r_elbow
ac4b6d30,j_rope_34
dabe394e,tag_turret_base
7505b97d,tag_grip_hide2
e9a4c73a,j_flamecloth1
bf7f24c,tag_ik_loc_le_seat_0
285c9abe,j_armor_plate_1
1d7c2bdc,tag_geo_frag_a_003
a5cf2ff2,j_cloth_simmesh_center3
e6b61802,j_ub_barrel
cbc1c9b,tag_origin_animate_parentconstraint1
cc1fac43,j_cosmetic_strap_d
4eea3ad8,tag_cover_panel_01
ab3cd304,j_rope_146
5b9b98b3,j_strap_116
27cec4ae,j_support_box_top_metal_lock_right
feefbc2f,j_axel_back_right_aim
31bd41ee,j_bipod_leg_02_flap
aad724a8,j_cosmetic_geist_knife
de1cba0c,j_cosmetic_tape_01_a
4c8a68d,j_proc_metaindex_le_2
cb30ea9d,j_cosmetic_knee
9659a582,j_ghillie_shouldertwist_ri
c91aaf4f,j_ghillie_hip_proc_ri
4a496542,j_cosmetic_grabstrapa_ri_2
56e06ad9,j_strap_26
e6ca3333,j_top_ri
a43b530e,j_military_shooting_target_rail_end_01
bb77a130,tag_window_front_left
9c55160c,j_string_35
59338160,j_handle_top_ri
e6d8fec4,j_strap_10
3a4a820,j_cosmetic_med_pouch_a
c46e2847,j_cosmetic_rcarabinerbglowsticka
a8b80355,j_antiswaybar_front_left_tgt
5ae63cf1,j_cosmetic_lanyard_01_a
8de61663,j_cosmetic_gloves_02
74ca6bbd,j_proc_ring_le_1
540215d0,j_cosmetic_buttbag_ri_b
a595b083,j_barrel_2
c924b1ea,j_cosmetic_camelbacklmidstrapend
74871f67,j_cosmetic_cape_7
6ca030a4,j_strap_131
b98d363e,j_upperforehead_ri_1
77ca4f56,j_l_handle_strap2
50ea3dfe,tag_cover_panel_03
318ef67d,j_cosmetic_spinelower_backsidetip_ri_new
879f278a,j_cloth_simmesh_33
11e88504,j_maskstrap_ri
9e26c47f,j_cloth_simmesh_14_end
b49b9593,tag_turret_exit
41a64537,j_chest
b55604ba,j_cosmetic_leg_pouches_ri_1
c788c6ed,j_lower_lid
1884f326,j_chute_c_mid_cord_4
ed52d6e3,j_cosmetic_wire
20d71862,j_key_0
537510e1,j_cosmetic_fcarabiner
1ab8b1b5,tag_bipod_hide
52815ad,j_cosmetic_buttbag_c
7d27c9c5,j_ponytail_2
aa3f1008,j_rope_155
17352e43,j_rope_110
fcdc31f2,j_cosmetic_small_bag_zipper_02
cce01c67,j_cosmetic_lpadbuckleb
5c8f9466,j_cosmetic_wire_clav_pc_01
3b36439e,j_nvg_2
cfc26517,j_cosmetic_pouch_c
97ee4647,j_interior_hand_ring2_end
89aad5b,j_cosmetic_radio_pouch_03
e1f16fa0,j_cosmetic_backpack
2fd9a90d,j_mag_rel
afe5e3ec,j_carribeaner
571c641d,j_ammo_44
ea62d92a,j_cosmetic_rope_a
1aa852bd,j_button_4
b266fc72,j_hiptwist_ri
48127b40,tag_window_cockpit_right3
ecd59f00,j_proc_neckmask_m
3f588ff,j_cloth_simmesh_9
b5ab9384,j_cosmetic_mask_7
633661c1,j_dummy_rot_aim_02
fde72239,j_suspensionspring_right_aim
5828a104,j_cosmetic_price_bag_zipper_02
150a7d8f,j_canopy_mid
528af190,j_cosmetic_kneebag_06
aa30057e,j_rope_131
ac3c62a6,j_rope_90
849ce43a,j_cloth_simmesh_24
d186e3a8,j_hinge1
27a44548,j_cartridge_interrupter
3d89f70b,j_cosmetic_chemlight_c
7592fa76,j_spinelower_prop
b8f8b53e,j_spoke_outer_ri
d640fb9a,j_cosmetic_lropebagropef
1a90763b,tag_thermal
f82f87f2,tag_inhand
83652a02,tag_top1
c5013316,j_wires2
2fb7cdac,j_thumb_le_1_prop
afa40765,j_dummy_r_hip
867f812b,j_clavicle_ri
72e69ac3,j_cosmetic_databox
d82ff9a1,j_nasolabial_ri_4
52ea4124,tag_cover_panel_05
85a3bd3c,j_cosmetic_bag_03
4957ea02,j_cosmetic_bag_flaps_01_b
8ddba1e9,j_chest_prop
64d9a1f2,j_drill_bit_02
1cd71216,j_key_4
4f2b620f,j_ammo_28
e7b17505,j_carry_ankle_le
d94d9053,j_eyelash_top_le_5
4c74534e,j_ammo_7
93c3522a,tag_wing_right
fe95caa9,j_bolt2
4539cf16,j_cosmetic_caribeaner
d429fcee,j_cosmetic_magflap_03
495046c7,tag_cover_panel_08_dst
77abc768,j_proc_deltoid_ri
5c305608,j_cosmetic_bag_zipper_04
a2f03365,j_neck
457e5ec7,j_strap_8
2d19890d,j_qamiz_cloth_simmesh_15
d80cb625,j_starter_link01
70e35bef,j_cosmetic_elbow_ri
3256523a,j_cosmetic_drawstring_ri_2
31ac82dd,tag_ub_show
ab2fd972,tag_mag_spring_hide
b760110d,j_cosmetic_spinelower_frnttip_le_new
6af8e120,j_l_handle_strap
36564f28,j_mouthcorner_ri
7d4d2825,tag_main_rotor_blade_05_blur
1f353adb,j_rope_118
9ea28bc1,j_cosmetic_wire_mid_a_jnt
5a4d9760,j_lock_handle_03
a9e511e5,j_nasolabial_le_6
be218370,j_ammo_61
2f22a3fb,j_cosmetic_bcd_vest_dangle_d
619ba225,j_strap_110
1a64b5b1,j_cosmetic_vest_strap_a
af493352,j_rope_47
88bbaf62,j_link_10
e4b2b182,j_cosmetic_backpack_zipper_b
a906162d,j_hair12
c146ccb1,j_cosmetic_larmpadbuckle
ecd0b3be,j_perch
5f9ddd96,j_strap_128
8a8e2663,tag_tail_rotor_blade03_rot
3ae4c1cf,j_sidelock_2
c4aab7aa,j_power_port_module2
f986e126,j_cosmetic_grabstrapc_le_2
d0327754,j_cosmetic_wire_lf_b_jnt
9f948b2c,tag_patch_01
c35201d5,j_c4_antenna
bf35288,j_b_10
150faf4b,j_toeend_le
a3ba491b,j_proc_spinelower_backtip_le_new
ef595d8,j_b_03
d8b4d7e1,j_hook
1662cd96,tag_spedometer_arrow
d0c9a1af,tag_tail_rotor_rot
7d8dceab,j_cloth_simmesh_41
2a81bd1c,j_pinky_le_2_prop
33d202ca,j_retainer_nomrkt
4faa601a,j_cosmetic_cape_26
11d02143,j_cosmetic_l_helmetflap_g
63315a4a,j_cosmetic_combox_01
4a291b99,j_ammo_39
5465368c,tag_akimbo_fx
9af0c9e4,tag_light_top_left
8784e2b8,j_cosmetic_medical_y_strap
8328dd45,j_wrist_ri_prop
25137bec,j_caribeanerb
3e4a188,j_cosmetic_boots_ri_2
8d761075,j_cosmetic_small_radio
5d9b9bd9,j_strap_114
d1d69c05,j_key_a
730a4d48,j_cosmetic_cowl_lefte
f499f358,j_spine1
aeb50d73,j_cosmetic_ephod_04
22e3f078,tag_missile_center
800b11f9,j_cosmetic_leg_pouches_le_2
ed766596,j_chute_c_4
f06a092a,j_military_shooting_target_cart_wheel_01
77f44a49,j_cosmetci_heavy_bag_zipper_03
48991dc7,j_cloth_polysurface2_40
42440a8d,j_rope_64
24c2e927,j_jaw_le_2
e23218a1,j_antenna_1
1a40f472,j_feedtray
af300d5d,j_rope_134
defc3803,tag_ik_wrist_loc_ri
bd91a13c,j_dummy_neck
12894ec0,j_chute_a_8
97e74837,j_carry_hip_le
d7788998,j_hair5_dr
c3e444f8,j_cosmetic_mag_02
4a57eb95,j_cosmetic_bag_flaps_01_c
df9c2ff8,j_cover_handle
1fbef53e,j_blade_ball_le
f699f67e,j_spine3
a4481a5,tag_window_front_right
debec2b4,j_key_pound
3c89f578,j_cosmetic_chemlight_b
1b8552f6,j_strap4_le
e2d8f878,j_strap_14
198f1478,tag_body_animate
56de2c42,j_strap_34
72c48155,j_cosmetic_mask_4_1
ddd938f1,tag_tail_rotor_blade_02_blur
1380201b,j_safetylock
3c6aa568,j_cosmetic_gypsy_bag_4
9a30f4ec,j_fridge_door
dd7dc78d,j_elbow_bulge_le
a3c34291,j_charginghandlelever
67cb6fad,j_cosmetic_waterbag
8262a500,tag_light_l_navi
5c7e9ee2,j_dummy_l_shoulder
5a9623c0,j_cosmetic_gloves_a
51480f47,j_cosmetic_back_knife_01_a
95bf5d4d,j_thumb_ri_4
e3d6bb74,j_strap_65
ff62de63,j_cosmetic_spinelower_backside_le
da5e72ef,tag_use
f75cd95b,j_levator_ri_1
a3272841,tag_laser_show2
e993d5bb,j_ghillie_proc_rot_clavicle_ri
cd85ef5f,j_dynamic_r_fronthairlockd
bf218503,j_ammo_60
ca9dfb44,j_mayhem_sidelock_1
a3b42e63,j_lid
32b62e2b,j_proc_spinelift
e4d8fb9e,j_strap_16
91bb6d6e,tag_window_rear_right
6b6bf4e0,j_paperh
237673d,j_knife_tip
e1d6b84e,j_strap_63
b1493678,j_rope_49
ab3c6113,j_rope_93
793618df,tag_exhaust_top_r
4ddb8d58,j_proc_spinelower_swivel_lift
b9124ebb,j_image2_5
8fa3f0f1,j_cosmetic_52
66e13a8f,j_strap1_le
d98fb249,j_furrow_le
3f988a04,j_cloth_proxy_20
a988e9a9,j_missile_fins_back2
c65165a8,j_antiswaybar_front_right_aim
10bb90ab,tag_seat_7
50d23fb0,j_mag_762n_4
766c0631,j_paperc
63935b28,j_cosmetic_combox
73dc3ddc,j_receiver_top_lid_latch
829ce114,j_cloth_simmesh_26
a0f331d9,tag_ik_target_right
e76b63b4,j_box02_mag_02
ad3ea9d,tag_rear_left_fx
b3b51552,j_cosmetic_ephod_03
a30a812d,j_cosmetic_cowl_frontd
c3cdf1bc,j_flag_dyn_mid_2
c5ff5c54,j_hair2
391ee120,j_cosmetic_6
17aa7857,j_rbackbagstrap
1019fda0,j_cosmetic_locket_chain_01
390e034,j_cloth_simmesh_57
c10c4f3c,j_cosmetic_grenade
49ecb783,j_propeller_blade_02
13bb9564,tag_seat_2
a95effbe,j_proc_spinelower_backsidetip_ri_new
5089cea6,j_spring1
b6ee65fb,j_cosmetic_utility_large_le1_1
bf3820a5,tag_stick_l_rot
d75a574a,j_pack1
d14daacc,j_cosmetic_goggles_01
90ed9fe5,tag_turret_fx
f5e185d7,j_laptop_tray
2247c8e9,j_cosmetic_cowl_righte
a93b9f87,j_breakaction
ed900f3e,j_ejectioncover
a5ed11b1,j_cosmetic_sydcoat_1
1f5822dc,j_string_40
d697a9c9,j_cosmetic_spinelower_frnt_le
1f0f91d1,j_hip_le_prop
201735ff,j_qamiz_cloth_simmesh_22
afa8e13e,j_antiswaybar_front_right_tgt
949547d6,j_cosmetic_zippouch_01
5b28a5bd,j_cosmetic_price_bag_zipper_01
557cffb9,j_chute_a_mid_cord_3
e0793cd6,j_interior_hand_ring5_end
882bed42,j_chute_b_mid_cord_3
3f990f9c,j_cloth_polysurface2_49
d1ed2b5a,j_index_ri_1
2361a57c,tag_guy3
af7e5388,j_cosmetic_hood_le_01
1e6c617e,j_cosmetic_price_bag_03
b6cb016d,j_clavicle_le
e3878d7d,j_cosmetic_camelbacklstrap
c183bdc3,j_mech_1
51111811,j_l_mid_lid
1b4fd0e9,j_shouldertwist_ri_prop
fa0b9638,j_bag_left
7932517,j_cloth_simmesh_63
3b30ae14,tag_rail
f8227885,tag_front_right_fx
fe4dd060,tag_wheel_middle_right
85d3c8da,j_cosmetic_utility_large_le2
ec455336,j_support_box_top_handle
a695b216,j_barrel_1
799a9452,j_cloth_simmesh_11
c399f64b,tag_ik_loc_le_orientconstraint1
e334c9ba,tag_fx
756c049e,j_paperb
1580e85,j_cover
bc5951e6,j_cosmetic_camelbackltopstrap
fa90d209,j_cloth_simmesh_58
9f750d15,tag_tail_light
d340f6e1,j_cosmetic_lropebagropec
1fbab4db,j_bullet_04
61a341f6,j_charginghandleassistright
852be889,j_chute_b_mid_cord_6
8296405e,j_cosmetic_earphones_11
1372cddb,tag_claw_ri_prop
70bb253f,tag_cosdisplay
d8d6aa23,j_strap_68
223d7a59,j_proc_spinelower_frnttip_ri
ec1d0d1e,j_bar_back_right_tgt
b309ab06,tag_wheel_front_right
6c497014,j_bangs_2
7ea02ba4,j_cloth_simmesh_11_end
3273ff17,j_ring1
66611aa,j_cosmetic_leg_pouches_ri
84b5eb75,j_pistol
bbf56ea8,j_bulletlink_spent1
1415dfdd,j_glowstickb
85c3660b,j_cheek_puff_ri_2
4b351f46,j_dummy_sling_clavicle
398505d1,j_ties
a22ff8e6,j_rope_139
8fa62f88,j_cosmetic_24
d229f9c8,j_cosmetic_magflap_01
a42741d7,j_mid_ri_2_prop
f35f28df,j_cosmetic_sword_a
188165d,j_cosmetic_camelbackrtopstrapend
b12e64c6,j_carrier
dc3f425c,j_bullet_loader
f4c93712,j_cosmetic_access_01
864f1646,j_safety_nomrkt
c1ae232b,j_cosmetic_ar_mag_hard_a
ad13ea4e,j_bag_lid
df28cd8d,j_cosmetic_gunbeltb
5c9b9a46,j_strap_115
e962d797,j_cosmetic_rope_b
96114498,j_kurta_simmesh_23
d92ffb34,j_nasolabial_ri_3
acab8559,j_cosmetic_mask_8
6b0d4512,j_ub_lever
9ba23706,j_index_le_3
c6ff5de7,j_hair3
18fd594f,j_armor_box_top
2704cada,j_thumb_le_3

