5986411f10cd7850,j_cosmetic_wire_mid_b_jnt
38a876306c2e6c09,tag_off
d9b7f83d8f32dca1,j_dummy_rot_aim_02
3662cb4568860bcd,j_lower_lid
fe2ac49899e548c,tag_patch_01
9381da4f7e8de30b,tag_laptop_fx
f692d86c33b0ce2e,j_lip_inside_le_1
2ed717216301ebd,tag_wheel_front_right_scripted
4aaecc7289e6ad9f,j_steeringshaft_front_left_aim
25c8bb76b2444645,tag_ik_loc_le
81c6f5884ad4de20,j_index_le_1
8717ff8d646dbb6d,j_grenade3
11dc0d8d4238a8e2,j_chinstrap_003
8228379b8cffd9ab,j_cheek_puff_ri_2
c030b4a821b2b693,j_c4_button_right
db3f0fa9ce2db301,tag_origin_part_hood
9a1f45e77da147aa,j_stand
81a274f3a59d365d,j_cloth_proxy_23
f3058fff58ec2d7c,j_main_shaft
766ee206768efe1f,j_proc_spineupperlift
2c4ea707e7edeb34,j_gun
50d04107fd21f41e,j_cap
fb38c80ce9071d3c,tag_door_front_left
f0178d0cf92e423f,tag_wheel_center_front_left_flat
6ab5603b26fbb813,j_spineupper
5ec1cd42eeae38ae,j_lock_04
56e81459002f5bb,j_nasolabial_ri_6
7e5ae0543bdc8148,j_hinge1
7e259e5e4a829144,j_cosmetic_grabstrapa_le_2
fe22c96171814d77,j_bar_front_left_aim
81206974e5fe3ad8,tag_fx_nvg
82116c7c951fb7ca,j_screen
d3a08094bdb4312d,tag_shield_back
c3fdf2bff7a75edd,tag_03
f1749fbfa404c51c,j_drawer3
3efac1db1daa8c8c,j_ring_ri_1
ca3980ecb259d127,j_pin_bend_dn1
992c96059f4aa8c1,j_box02_mag_05
36c3250dbc961657,tag_seat_3
94cb13104214853c,tag_origin_c4
371dae24d0005aa6,tag_wheel_front_right
5120a52933eea8aa,j_periorbital_ri_2
16e0073ad3269f85,tag_engine_fx
6623ff3f054aa3e9,j_eyelidbulge_ri
fd18ae4fe069b059,j_eye_lid_top_le
f4370e5590ebe08f,j_pinky_ri_1
4e518c6a46b496d9,j_nasolabial_le_2
d883b75e8780bc1,j_flamecloth4
266ed17f94967a0a,j_proc_hip_lift_le
63931a8abf0b5a9e,j_upperforehead_ri_1
8717fa8d646db2ee,j_grenade6
3cba6d8f11ee6b22,j_l_handle_strap6
3bd6299f3fb560b2,j_cosmetic_carabiner_vest
2f28e2b41657c885,j_steeraxel_front_left_tgt
544f28c52d68a7b7,j_chest
36f9f9d170562bf2,j_eyelash_top_le_2
c2396dd52ed9028c,j_pin_ring
36f1efd82b8931e5,j_sidepanel
30a524e1accb4996,j_lip_top_le_2
100c8fe886ddfb01,tag_reflector_arm_le
a8ed41f381154c99,j_jaw_ri_2
81a26ff3a59d2dde,j_cloth_proxy_26
f67a3bff74629991,j_cosmetic_carabiner_belt
992c93059f4aa3a8,j_box02_mag_06
d43cfd07efd8e924,tag_fx_bulb
60941637a4891bc8,j_elbowdq_le
26b7d83cb19bbdd4,tag_stowed_chest2
cae32d407f9ceb6b,j_bar_back_left_aim
bc85d34029904628,j_suspension_back_right_aim
bec483488e172e58,j_bag_left
e160294be38b4302,j_cloth_proxy_0
8e89d1613294cd41,j_bar_front_left_tgt
4e51896a46b491c0,j_nasolabial_le_1
1d2ca0830459124b,j_handle_ri_02
3cba6a8f11ee6609,j_l_handle_strap3
327007987bf99a0e,tag_seat_004
f03df39c0b76658a,j_cosmetic_31
22c82ac1682f2f5,tag_weapon_right
6b0862c7234f1c7d,j_metaindex_le_1
31e774cfcf7234d5,tag_light_front_right
b15513dcc5450402,j_lip_top_ri_4
d3d06fe130fcc356,j_brow_ri_3
557543e6b74536cd,j_thumb_le_2
a8ed3ef381154780,j_jaw_ri_1
933dae0773f3f7c7,j_cosmetic_grabstrapd_ri_2
c674d1d6e9dfc28,j_bar_back_right_aim
17f12c2e41d68040,j_ring_le_3
afd85931d15ddd02,tag_002
d62af9328f79725e,tag_turret_yaw
482b20352a8ddfe9,j_cosmetic_plate_carrier
a7da2d3aae1aef70,tag_steering_jnt
2928fd40b4b91955,j_bar_back_left_tgt
97c541459c42ce00,j_plate_front_left_aim
f5356b5744760082,tag_door_rear_right
8f68f25eac249f9a,j_index_ri_1
5774d601da8a0c4,j_proc_spinelower3
2c6b5a661ed80b90,tag_geo_frag_a_007
fd9074785641275b,j_temple_le
edc9e87fdd3259b2,j_eyeball_ri
eb06ef94a3fe3b2a,j_paperf
560a79b2ca7dfbc,j_proc_wrist_le
ef059aa3ee46443f,j_anim
4a5e80ae370db247,tag_accessory_right
94384bb3be042d45,tag_ik_loc_ri_seat
c3fdebbff7a752f8,tag_04
c2e72bbff6ba6dda,tag_fx
e10fadda06f48ab4,j_steeringshaft_front_right_aim
ce367bde7960d880,j_ui
5a9980e2fc375765,j_cosmetic_lanyard_i
992c92059f4aa1f5,j_box02_mag_09
606a100dcb8d7afb,tag_origin_animate_parentconstraint1
af6ac71d6509749e,j_antiswaybar_front_right_tgt
1678c724731cdebf,j_periorbital_le_3
5fe83b35cb523d96,j_dril_body
d54b333e64cd04ae,j_fridge_door_le
681e774d8da88ea0,j_c4_ring
1aba5350160712f1,j_knee_le
79f9fa516ee25142,tag_bink4
de5ad9576539106e,j_steeringbar_front
977a5063208eab82,tag_rear_right_fx
ea3476999b21b9e,j_visor_inner
1090618724b42fc0,j_hard_drive
3cba698f11ee6456,j_l_handle_strap2
327006987bf9985b,tag_seat_007
f03df29c0b7663d7,j_cosmetic_32
8941d0a179d5f033,j_cosmetic_grabstrapc_ri_3
557542e6b745351a,j_thumb_le_3
81ac63f3a5a56dff,j_cloth_proxy_10
5f7a29f9c23c7a49,j_c_lid
92e19412babb0e7e,j_cosmetic_tape
7d42c72f74e3aeea,j_suspensionspring_left_tgt
81b11740e4b19783,tag_wheel_center_back_left
b65b3162684fb7bd,j_cosmetic_pouch_ar_flap_tapered_a
fe4c2b7696e1dc62,j_eyelash_bot_ri_2
235a0578d6770481,j_tongue_0
af9f04789d66bdc5,j_lock_handle_04
1cc03b8332b3bd39,tag_rear_fx
9f10e883bd55f74e,tag_origin_animate
24491e86126d91a5,j_proc_stowed_chest
9304bb8adb9c662d,tag_wheel_front_left
c721628bb53e7ac8,tag_hubcap_back_right
eb06eb94a3fe345e,j_paperb
c38b60978eea778c,j_cosmetic_dump_pouch_a
df79c8aab9ff04aa,j_forehead_ri_1
a8da83ab355b5df1,tag_door_interior
c3fde7bff7a74c2c,tag_08
a2feffbf13f8bd31,j_sling_target
341ba9cea1c3f389,tag_wrist_attach_le
e23503d00d95245b,j_container_lid
969e69f90444b3c7,j_cosmetic_gloveb
49fd6dfb340c176c,j_r_handle_strap2
992c9a059f4aaf8d,j_box02_mag_01
8bd69d1004933272,j_root
bc98843eade63bd6,j_cheek_le_1
c9a0624dbae4bc9a,tag_hood
56f1644d09edf5e3,tag_window_back_right
82c97d519dfcb2ec,j_bag_center
4e51906a46b49da5,j_nasolabial_le_6
974fb679d4552bab,tag_wheel_front
71d9a57cb2ed016e,j_thumb_ri_1
ae414f842c739777,j_suspension_front_left_aim
f959e86f55d861a,j_bomb
8717fe8d646db9ba,j_grenade2
8228369b8cffd7f8,j_cheek_puff_ri_3
f044e79c0b7c6fd4,j_cosmetic_19
507dbda9927d2c57,j_money_spin
9916c4b94fcde13a,j_proc_target_clavicle_le
98d99cb94f99ef24,j_proc_target_clavicle_ri
81ac6bf3a5a57b97,j_cloth_proxy_18
81a273f3a59d34aa,j_cloth_proxy_22
8a4721f4b1b0c22c,j_c_mid_lid
9b9408f8e55a91be,j_hipholster_ri
897f8cfdd85ba29f,j_teres_ri
3cf9f0feb4d595ae,tag_turret
992c94059f4aa55b,j_box02_mag_07
7e5d631e3ae5fba0,tag_body
1678c924731ce225,j_periorbital_le_1
e1ea4928b86bfa72,j_cosmetic_ptt
8143e937fefbd441,tag_seat_2_window
1d2ca183045913fe,j_handle_ri_01
8717f88d646daf88,j_grenade4
3cba6b8f11ee67bc,j_l_handle_strap4
327008987bf99bc1,tag_seat_005
f044e19c0b7c65a2,j_cosmetic_13
d9a1dea1ab1d0fc4,j_squint_le_1
8941d2a179d5f399,j_cosmetic_grabstrapc_ri_1
c8bc43b41294f5c3,j_cosmetic_carabiner_a
aa98c4c00190e352,j_proc_spine4
e2492ec154e50c69,j_military_loot_crate_ui_01_lid
9ada64db93228586,j_laptop_base
598a80e1227269b3,j_mainroot
d3d070e130fcc509,j_brow_ri_2
ba426ae4793eca74,j_cosmetic_flipcaribeanera
6d770cecb1b01d47,tag_origin_part_mirror_fl
55efcff03bb5f9b8,j_buckle_le
81a26df3a59d2a78,j_cloth_proxy_24
81ac65f3a5a57165,j_cloth_proxy_12
6a6d68f7c6a9b639,j_neck_le_1
725b9514677d31e8,j_mid_le_3
87674315835a1fe0,j_handle
17f12e2e41d683a6,j_ring_le_1
52727b33ae19c1f9,j_cosmetic_gloves_b
110aa948ac74e113,tag_detach
3f6744f6230f372,tag_door_handleri
4b123355e5af7eaa,j_cosmetic_wire_tip_a_jnt
416cf05ada0c5155,tag_wheel_eject
2c6b5c661ed80ef6,tag_geo_frag_a_005
195cca6fbc7fd5fb,tag_origin_pointconstraint1
f033eb9c0b6e036d,j_cosmetic_49
e45f52b47cc9a51b,j_steeraxel_front_left_aim
c3fdedbff7a7565e,tag_06
4ac349d3e77501a8,tag_weapon
26d90cda36afccd0,j_forehead_le_1
9a6db8df21cd8e0b,j_clavicle_ri
5a9982e2fc375acb,j_cosmetic_lanyard_g
29cfedf2e4046c4f,j_cosmetic_grabstrapa_ri_1
c697a9ff28db7cbe,tag_aim_pivot
72502e008379c0f2,tag_window_back_right_2
1384581df8369d56,j_phone
515bb7221b837950,j_wristfronttwist1_le
5ec1cf42eeae3c14,j_lock_02
56e83459002f921,j_nasolabial_ri_4
2598db76b21b58e3,tag_ik_loc_ri
5845db9568c61869,tag_mirror_left
1f3ed696aea93197,j_shouldertwist_ri
5a62dbab19dee808,j_bulkpaperd
f174a1bfa404c882,j_drawer1
3efac3db1daa8ff2,j_ring_ri_3
d061c5e957d91ea3,j_cosmetic_frontammo
79c7aeea4e68cd4c,j_handle_le_01
5507cdf1b0f7856d,tag_steering_axis
948330f3ee121a67,tag_door_handle
53cb99f5775768e3,j_eyelash_top_le
933dad0773f3f614,j_cosmetic_grabstrapd_ri_3
110c850ac1e1207c,j_proc_spinelower_swivel
f9976e1b61958a7a,j_cosmetic_grabstrapb_le_1
919b402538d7e63a,j_cosmetic_chemlight_cord_a
b4376130bac59169,j_furrow_le
afd85831d15ddb4f,tag_001
52727833ae19bce0,j_cosmetic_gloves_a
c26f23c3f4bb43a,tag_seat_1_window
8f68f15eac249de7,j_index_ri_2
514952718514e8db,j_lip_bot_le_3
95a6187375e196ae,tag_accessory
9cafa374222e8718,tag_dummy
f8318d8f723914af,j_cosmetic_carabiner
eb06ee94a3fe3977,j_papere
c38b63978eea7ca5,j_cosmetic_dump_pouch_b
8883a39998567027,j_crotch
8309a9bd84ae2b6,j_axle_center_aim
61696a28549950d,j_cosmetic_radio_pin
16279fb4e0150189,tag_wheel_back_left
5748b5b9f292534a,j_lowergum
d46af5d7185fc226,tag_exhaust
9949fdbd127dcfe,j_proc_spineupper
5a997fe2fc3755b2,j_cosmetic_lanyard_h
49fd70fb340c1c85,j_r_handle_strap1
c8ec0e207ddfd749,tag_carry_attach
bd207b43e7108354,j_mid_ri_1
b570605c6e97a1db,tag_body_animate_scripted
62c2195e12fdfd21,j_cosmetic_charm_01
af9efe789d66b393,j_lock_handle_02
efa2b8682be5d8a,tag_stowed_back
34663590025c1d0f,tag_door_back_left_2
f033df9c0b6def09,j_cosmetic_45
780da29c17714ae8,j_axle_center_tgt
ff640ebbe5f6292b,j_helmet
295f22ce4df5c72a,tag_camera_fx
2bd488da299950b9,j_axel_back_right_tgt
1f277adbd4255768,tag_wheel_center_back_right_dst
89246bfa232ab055,j_eyelash_top_ri_1
89c994fdd899e8b1,j_teres_le
6dc44d1575ec194a,tag_mirror_right
e782961ff564c63d,j_cosmetic_broken_mirror_03
967cd72e482cf86f,tag_wheel_center_front_left
cbaa2c319db5a37c,tag_wheel_front_left_scripted
427a0736c343bf7b,tag_aim_animated
b80dd2414eb5573f,j_nose_tip
5ec1d242eeae412d,j_lock_01
56e86459002fe3a,j_nasolabial_ri_1
a61bed4c41358eed,j_cosmetic_bumper_01
79f9f5516ee248c3,tag_bink3
f03ded9c0b765b58,j_cosmetic_37
cf8825a56df5eadc,j_cosmetic_wire_rt_b_jnt
39d2cc05eeed683,tag_ik_wrist_loc_ri
b1550ddcc544f9d0,j_lip_top_ri_2
79c7b1ea4e68d265,j_handle_le_02
933daf0773f3f97a,j_cosmetic_grabstrapd_ri_1
43742d0aec956490,tag_door_back_left2
54d68e1000d8e557,j_spoke_inner_ri
ac40b1e057bdf64,j_axle2_front_left_aim
17f12d2e41d681f3,j_ring_le_2
afd85a31d15ddeb5,tag_003
5041d631bb90a346,tag_weapon_chest
bf3fc031cde3b860,tag_wheel_center_front_right
52727a33ae19c046,j_cosmetic_gloves_c
5774e601da8a277,j_proc_spinelower2
2c6b5b661ed80d43,tag_geo_frag_a_006
42b8dc6c7047686d,j_bag_mid
514954718514ec41,j_lip_bot_le_1
e1bcd68b08f26531,j_dummy_knee_dist
eb06f094a3fe3cdd,j_paperg
f033ea9c0b6e01ba,j_cosmetic_48
6abdfcb2e01ea0d6,j_body_left
c3fdecbff7a754ab,tag_05
9f09b0da6b96daef,j_axel_back_right_aim
5a9981e2fc375918,j_cosmetic_lanyard_f
c332aef32f7adc85,tag_window_front_right
d5df9a15d91532c4,j_bulletgrp1
7b629d1be7fd58bb,j_slider_hinge
e782951ff564c48a,j_cosmetic_broken_mirror_02
56e85459002fc87,j_nasolabial_ri_2
1a6f4b5015c719df,j_knee_ri
79f9f4516ee24710,tag_bink2
8adfa251ec1f3b19,j_neck_ct_1
fcd4be6aeb6446ec,j_cosmetic_radio_b
306c2a929feb3500,j_cosmetic_grabstrapb_ri_1
f03dec9c0b7659a5,j_cosmetic_38
eb56aa75b9c1bb9,j_levator_le_1
5d888dab06e82f65,j_neck
5a62ddab19deeb6e,j_bulkpaperf
b02a75ba53981ee5,j_cosmetic_1
1d2f05c54374ff07,tag_ik_loc_ri_seat_ctrl
a9c526d461fb1a6d,j_frontbinder
398418db81b79bac,j_sling_pivot_dyn
b43e17e0b2f1543d,tag_rear_left_fx
992c98059f4aac27,j_box02_mag_03
934f6f0b8ee6c032,j_hiptwist_ri
36c3270dbc9619bd,tag_seat_1
c296460f556710ac,j_fridge_door
df30ee16d23b38e8,j_image2_4
d7f1fd243526a582,j_armorplate_2
bc98823eade63870,j_cheek_le_3
392e894566e271b6,j_plate_front_left_tgt
f437105590ebe3f5,j_pinky_ri_3
57756d65e98daff0,j_axel_front_left_aim
4e518e6a46b49a3f,j_nasolabial_le_4
d883d75e8780f27,j_flamecloth2
71d9a37cb2ecfe08,j_thumb_ri_3
ad7d578b34826e1f,j_elbow_ri
f458b49c080e3319,j_eye_lid_top_le_1
258be7b56b58f6df,tag_turret_pitch
825e49b90c4f9e0b,tag_wheel_center_back_left_flat
ae2ac9c19cb85b0f,tag_door_back_right
ea2286cc73ed1dcb,j_cosmetic_comboxa
cdf68ade792b0e08,j_fx
30a526e1accb4cfc,j_lip_top_le_4
8b9b2de7c5eb6bab,j_body_right
81a271f3a59d3144,j_cloth_proxy_20
e25128f4e043e0af,j_furniture_storage_safe_interactive_02_handle
bcbaf5fa7950ef09,tag_full
c6175b0cc18dbea4,j_metapinky_le_1
f9976c1b61958714,j_cosmetic_grabstrapb_le_3
c0a8a51dd43f447e,j_bar_back_right_tgt
8b86e521f288aa95,j_metamid_ri_1
7c37dd23d9164bac,j_bar_front_right_aim
efe74124cdbf78b2,tag_wheel_center_front_right_flat
b25fca2782ca09ac,j_suspension_front_right_aim
609aee37a48ef67e,j_elbowdq_ri
f9d5d065a4dd0c49,j_insidegum
c59b5664fb93e66,j_axel_front_left_tgt
c24ce380e5aafda1,tag_door_rear_left
16024b87b3ed0879,tag_stowed_hip_rear
2169f893cbb84079,j_cosmetic_dump_pouch_b_le
eb06ec94a3fe3611,j_paperc
3fdfc1a105a0bd24,tag_origin_orientconstraint1
c3fde8bff7a74ddf,tag_09
9ad3e8df222492cd,j_clavicle_le
969e6af90444b57a,j_cosmetic_glovea
49fd6efb340c191f,j_r_handle_strap3
a23862117c896f34,j_antenna_rot_top_joint
df30f416d23b431a,j_image2_2
d93c101e08364363,j_axel_front_right_tgt
3836af3adf021508,j_mouthcorner_ri
f5c4bd3a884db5c0,j_cosmetic_backmedpouch
6693ff414bce3932,j_gun_adjust
a70dc355f62b3dc2,tag_window_back_left_corner
608e9a64f0c03282,j_cosmetic_strap_c
1827396978354d9f,j_cosmetic_knife
b6889a69e8363af7,j_sling_clavicle
f1d1d76ac9b70f80,j_boxhandri_ce
ed81e472e5a0b329,j_steeringshaft_front_left_tgt
ca03e87a85f0a14e,j_cosmetic_dump_pouch_a_le
3ea85783ed871741,j_suspension_front_left_tgt
e88b0b87f3a16eb7,j_laptop_tray
81c6f8884ad4e339,j_index_le_2
3175ae902979415b,tag_stowed_back3
36a4d192fde34a8e,j_chin
eb06e194a3fe2360,j_paperh
42a777b8cd1438a3,j_lip_bot_ri_1
4526bec0f486dc84,j_pinky_le_2
5e9eaded06b99a22,j_pin_bend_up1
892467fa232aa989,j_eyelash_top_ri_5
e433060850a6168d,j_pin
f82180de357165d,j_cheek_puff_le_2
725b9714677d354e,j_mid_le_1
5b151129a2ff3882,tag_2
77f6ca29dc96be23,j_propeller_blade_02
b4224930bab30c97,j_furrow_ri
f6d2ff4cec226238,j_antislide_ik
ed4dad5ebd311396,j_antenna_rot_tip_joint
2c6b5e661ed8125c,tag_geo_frag_a_003
514957718514f15a,j_lip_bot_le_4
7218807c42bf9994,j_jaw_le_3
eee00d9062fbfb10,tag_windshield_front_pristine
1f53ee96aebbb669,j_shouldertwist_le
809d51b1f56b84a2,j_cosmetic_small_utility_pouch
6f860fce455ccf4a,j_proc_holster
514216d2845e38be,j_image1_on
5a9984e2fc375e31,j_cosmetic_lanyard_e
514f86e9b23767f9,tag_wheel_back_right_scripted
29cfeff2e4046fb5,j_cosmetic_grabstrapa_ri_3
ce72c507df7b21ca,j_bulletbelt1
1345ea11eb011d85,tag_ik_target_right_character
9682ee141860b67e,j_pin_base1
77f6cb29dc96bfd6,j_propeller_blade_01
29d1363097ab37a6,j_cheek_puff_ri
3eb5e336655ac618,j_refrigerator_upper_door
5ec1cb42eeae3548,j_lock_06
4534b442a317446a,j_proc_lift_clavicle_le
8e750a5261391cd6,j_r_handle_strap
2c6b5f661ed8140f,tag_geo_frag_a_002
2a394b6bf13d64d4,j_cosmetic_radioa
ca200b7b65fe9353,j_top_ri
7218817c42bf9b47,j_jaw_le_2
f6d24f7f5dd0c1fc,j_bag_ri
eda7f87fdd158e7c,j_eyeball_le
ad14f19b43b86703,j_metaring_ri_1
c3fdf0bff7a75b77,tag_01
1c3fc3cfc57daf0c,j_gun_adjust_le
918c80d3f0435744,tag_hubcap_front_right
6601a5d75c3b4c5a,tag_accessory_left
5a9985e2fc375fe4,j_cosmetic_lanyard_b
715df4f9d786e690,tag_front_left_fx
b09e810c8d6105a9,j_hinge
6a26e50c16ed9a97,tag_wheel_back
29ff91179a412db4,j_cosmetic_wire_lf_b_jnt
fc9fd7308ec5a1af,j_cosmetic_bp_handle
859bb23112a43800,j_cosmetic_grabstrapd_le_1
beacf538d7b2d0f1,j_l_mid_lid
65bdd73f04f3acbf,j_eyelidbulge_le
70d2494f7cdd2bfa,tag_ik_loc_ri_seat_0
af9eff789d66b546,j_lock_handle_01
c3ab148eb8717ad2,j_c4_tag
c619e08f5c216b0e,j_c4_knob
f033e09c0b6df0bc,j_cosmetic_42
5bcba6b39b5ac6b3,j_cosmetic_grabstrapc_le_1
75a531ce545c665b,tag_helmetlight
628ae7d4a67970ba,j_knob
7ec279db5501070f,j_sling_spine
641e8ddc04eec605,j_blade_grip_bottom
9b3ba9e07cab426d,j_proc_wristup_ri
395c71f93fb4247f,j_metamid_le_1
13b743fd6b63bd4d,tag_door_hingeri
bc641e01510898ee,tag_stowed_chest
7962d90dd0efc0f6,j_spoke_ri
7925b10dd0bbcee0,j_spoke_le
e269811850815e4,j_cosmetic_backcaribeanera
df30ef16d23b3a9b,j_image2_5
38589f3adf1ee03e,j_mouthcorner_le
ba93803cab65d03d,j_cosmetic_mainbase_jnt
bc98833eade63a23,j_cheek_le_2
608e9564f0c02a03,j_cosmetic_strap_d
d883e75e87810da,j_flamecloth1
71d9a47cb2ecffbb,j_thumb_ri_2
8717fd8d646db807,j_grenade1
11dc0b8d4238a57c,j_chinstrap_001
587eee8e40bd1a9e,j_dummy_slingcenteraim
a482ecd11ce1cf83,tag_ik_loc_le_seat
b29ae2de8cabe280,tag_wheel_back_left_scripted
431095e51c0b013b,j_ball_le
102e87e886fad3cf,tag_reflector_arm_ri
81ac6af3a5a579e4,j_cloth_proxy_19
81a272f3a59d32f7,j_cloth_proxy_21
d2d9670cb88905cd,j_furniture_storage_safe_interactive_02_door
d5df9c15d915362a,j_bulletgrp3
1f57d72fcffc7dd4,j_suspensionspring_left_aim
e4793b348d6f0b95,j_underlip
4a1b45446e406559,j_suspensionspring_right_aim
3cf0e24977705a77,j_ring1
fd70d64fe0b46a27,j_eye_lid_top_ri
854639690bd1db9d,tag_origin_part_mirror_right
f034f0772ca4c2a4,j_brow_le_3
306c2c929feb3866,j_cosmetic_grabstrapb_ri_3
a0725f9b33975f1f,j_drill_bit_01
f03dee9c0b765d0b,j_cosmetic_36
13f020b5f2daf100,j_cosmetic_grenade_pouch
7e0d70ccb3f0d95b,tag_origin_parentconstraint1
fc92f7d3cb53f89c,j_cosmetic_grenade
b0d434dbefe595dd,j_plate_front_right_aim
b1550edcc544fb83,j_lip_top_ri_3
9b2779e07c9a47d3,j_proc_wristup_le
42ee95e51bee1ad5,j_ball_ri
e58458f6529ca25c,j_cheek_ri_1
457f0e07f5f86fd3,j_box
4831e916f5f4f618,j_proc_spinelower_swivel_lift
5ec1cc42eeae36fb,j_lock_07
212cad4cedf083db,j_hinge_ri
10884e4f124801a1,j_metaring_le_1
2c6b60661ed815c2,tag_geo_frag_a_001
ef95e96a491e41a6,tag_door_back_right_2
b41a8e7a2fa019da,j_door
7218827c42bf9cfa,j_jaw_le_1
1db655a539e65e71,j_uppergum
cbeab6a590f83b49,tag_origin_static
b02a70ba53981666,j_cosmetic_4
c3fdf1bff7a75d2a,tag_02
f1749ebfa404c369,j_drawer4
eb39c3cef9d5ddad,j_neck_rt_2
c62622da9607f4d0,j_head
b51845dda7bb7438,j_l_lid
4f3bdde1fa7cdbbd,j_eyelash_bot_le_1
5a9986e2fc376197,j_cosmetic_lanyard_c
c28fde1dd14ef6b5,tag_butt
be2cf23870a79a3d,j_cosmetic_lanyard_pin_a
ae1e1d3ff3aebcd3,tag_light_back_right
e56e7b5b6378224d,j_lip_bot
62c2175e12fdf9bb,j_cosmetic_charm_03
9ff1f36a076f4c95,tag_window_rear_left
adc75f8b34c0b431,j_elbow_le
f033dd9c0b6deba3,j_cosmetic_47
ead33ca09b43a0b4,j_lip_inside_ri_1
4bbef3afeb336eb6,j_binder
42a779b8cd143c09,j_lip_bot_ri_3
1d8ff4b98750f509,j_backbinder
3cc0cc05f1610e5,tag_ik_wrist_loc_le
facaa6cdabe6a560,j_proc_hip_lift_aim_le
fb07cecdac1a9776,j_proc_hip_lift_aim_ri
258ab9fc3f492a4f,j_proc_shoulder_le
2583a1fc3f42e2d9,j_proc_shoulder_ri
a12aba04532afe57,tag_hubcap_back_left
992c95059f4aa70e,j_box02_mag_04
8d7963081f7fa538,j_jaw
36c3240dbc9614a4,tag_seat_2
5120a42933eea6f7,j_periorbital_ri_1
a9d4a42fb1af2102,tag_door_back_left
ad7c2661bd689206,j_black_screen
4e518b6a46b49526,j_nasolabial_le_3
d883a75e8780a0e,j_flamecloth5
26e00d844e67c8a8,tag_origin_part_mirror_left
8717f98d646db13b,j_grenade5
3cba6c8f11ee696f,j_l_handle_strap5
f458b19c080e2e00,j_eye_lid_top_le_2
c8bc44b41294f776,j_cosmetic_carabiner_b
36f9f8d170562a3f,j_eyelash_top_le_1
30a523e1accb47e3,j_lip_top_le_1
a8ed40f381154ae6,j_jaw_ri_3
81a26ef3a59d2c2b,j_cloth_proxy_25
eadd4f5ada937fd,tag_fx_02
726b0f5f7ba9ffe,j_spoke_outer_ri
7f81281292944360,j_l_handle_strap
ece64b2ba9188e6d,j_kitchen_appliance_refrigerator
6b06693088417e4f,tag_use
859bb43112a43b66,j_cosmetic_grabstrapd_le_3
bd207e43e710886d,j_mid_ri_2
62c21c5e12fe023a,j_cosmetic_charm_04
b65b2e62684fb2a4,j_cosmetic_pouch_ar_flap_tapered_b
a7d7546b807d37c0,tag_light_front_left
235a0278d676ff68,j_tongue_3
af9f01789d66b8ac,j_lock_handle_07
c9e22b7b65c96895,j_top_le
f033e29c0b6df422,j_cosmetic_40
e41df4af1dd2357b,tag_origin_claymore
5bcba8b39b5aca19,j_cosmetic_grabstrapc_le_3
401447b6ad1c29b5,tag_origin_animate_scripted
903e74bd0c49d857,j_cosmetic_zip_c
938e4ebe6036c9f6,j_proc_rot_clavicle_ri
935126be6002d7e0,j_proc_rot_clavicle_le
6d76f2ecb1aff119,tag_origin_part_mirror_fr
49fd6afb340c1253,j_r_handle_strap7
b77f3301b00a9bb9,tag_player
9a67f701fd613b84,j_upperforehead_le_1
2c969304d213cdd,tag_aim
70c72b408f318e7e,j_suspension_back_right_tgt
bd436841b75f4b80,j_cosmetic_backpack
c05fc4442dbf0757,tag_bumper_front
d2248365dde0752b,tag_bumper_back
2c6b69661ed8250d,tag_geo_frag_a_008
f034f2772ca4c60a,j_brow_le_1
660413872643bdcb,j_base
f03df09c0b766071,j_cosmetic_34
5a62e1ab19def23a,j_bulkpaperb
35242cc4ba850f5f,j_leg_2
36f9f3d1705621c0,j_eyelash_top_le_4
b15510dcc544fee9,j_lip_top_ri_1
557540e6b74531b4,j_thumb_le_1
e3d2e4ec60ee14f7,j_spine4
43eee0ee8fff8107,j_cosmetic_wire_mid_c_jnt
81a269f3a59d23ac,j_cloth_proxy_28
e5845af6529ca5c2,j_cheek_ri_3
13a213fd6b510fb3,tag_door_hingele
f7c26f1cfc835048,j_antiswaybar_front_right_aim
57ec5e378a71a229,j_blade_grip_top
f204df6ac9e276b1,j_boxhandri_ri
fd6e7478562440f5,j_temple_ri
af9efd789d66b1e0,j_lock_handle_03
a547c98f0b791b5b,j_crate_lid
627454923de2faad,j_cosmetic_tacgear
f257739bc78c1f1e,j_c4_button_left
5f73be9be9e7030b,j_antiswaybar_front_left_aim
f033de9c0b6ded56,j_cosmetic_44
42a77ab8cd143dbc,j_lip_bot_ri_4
4526c1c0f486e19d,j_pinky_le_1
7ce20fdaf0004f19,j_eye_lid_bot_ri
7ce927daf006968f,j_eye_lid_bot_le
e6eafbdde8b36d4f,j_hip_le
e6e3e3dde8ad25d9,j_hip_ri
da56e909cea6c630,tag_window_front_left
df30f516d23b44cd,j_image2_3
62c2165e12fdf808,j_cosmetic_charm_02
c02daf60a4cf9d6f,j_metaindex_ri_1
608e9b64f0c03435,j_cosmetic_strap_b
f033dc9c0b6de9f0,j_cosmetic_46
f037689c0b710dab,j_cosmetic_50
716a6fb6ec037dc0,j_image1_off
42a778b8cd143a56,j_lip_bot_ri_2
5b734cba9a94ee55,tag_emp_fx
4526bfc0f486de37,j_pinky_le_3
2c6cc1d7fd446514,tag_ik_foot_loc_ri
be287af60eabb758,j_dummy_sling_spine
892468fa232aab3c,j_eyelash_top_ri_2
d061c6fdddef521f,j_proc_spinelower
992c97059f4aaa74,j_box02_mag_02
36c3260dbc96180a,tag_seat_0
1e8a88174cd3d7e9,j_axle2_front_right_aim
db685619bd1fdaed,j_wrist_le
daf1161e1807e6be,j_hip_proc_le
512b9f221b5a2cc6,j_wristfronttwist1_ri
d7f1fc243526a3cf,j_armorplate_1
5120a62933eeaa5d,j_periorbital_ri_3
e1d6ed303af39501,tag_eye
64fc024ffc37f536,tag_flash
f4370f5590ebe242,j_pinky_ri_2
4e518d6a46b4988c,j_nasolabial_le_5
d883c75e8780d74,j_flamecloth3
fa713d8ef22633d5,j_insidegum_le_1
3cba6e8f11ee6cd5,j_l_handle_strap7
1aa200d5d0fcab0d,j_ankle_le
30a525e1accb4b49,j_lip_top_le_3
81a270f3a59d2f91,j_cloth_proxy_27
969e58f9044496e4,j_cosmetic_gloves
7e6ba406be85eeed,tag_origin1
ab4758170aca02bf,j_axle2_front_right_tgt
8e23dd3a8e23ae4a,tag_trunk
58f801416cc2d5e1,j_lid_ri
5ec1ce42eeae3a61,j_lock_05
f0475544ccd2fbef,j_suspensionspring_right_tgt
56e82459002f76e,j_nasolabial_ri_5
7e259f5e4a8292f7,j_cosmetic_grabstrapa_le_3
35edc08de867f20d,j_bag_right
eb567a75b9c16a0,j_levator_le_2
b02a72ba539819cc,j_cosmetic_2
f174a0bfa404c6cf,j_drawer2
c41bb5c5f5435c85,tag_front_right_fx
fe6892cafd01bd8b,j_proc_spinelift
440245e1c5a075f4,j_axel_back_left_tgt
5a9988e2fc3764fd,j_cosmetic_lanyard_a
5751f70ef7baf6e8,j_ik_foot_root
54eaa61000e9b729,j_spoke_inner_le
f9976d1b619588c7,j_cosmetic_grabstrapb_le_2
9c7d951def78aff7,tag_origin_bucket_link_2
919b3f2538d7e487,j_cosmetic_chemlight_cord_b
ea654027cafeab5f,tag_origin_arm_1
5273343915457583,tag_windshield_back
8f68f05eac249c34,j_index_ri_3
514951718514e728,j_lip_bot_le_2
f988e86f55fa0c1,j_bolt
eb06ed94a3fe37c4,j_paperd
5477eda8d1e44cc2,j_r_lid
2c3da9d7fd1ccb8a,tag_ik_foot_loc_le
537389f5770cd7dd,j_eyelash_top_ri
71fd8f5f7b4c548,j_spoke_outer_le
c3495efd155015c4,tag_seat_3_window
a1352bfebb9e3ab0,tag_knife_fx
db022619bcc8d62b,j_wrist_ri
dacf261e17eb1b88,j_hip_proc_ri
bda75d3d73e6d5bd,j_cosmetic_radio
da083b5e68ea0665,j_camera
608e9864f0c02f1c,j_cosmetic_strap_a
5f2688666672d4cb,tag_origin_body
f9afd9674f406e3a,j_forehead
f6d9277f5dd69cb2,j_bag_le
8591db83e432e733,j_cosmetic_dump_rolled
52d9388914b963c6,j_spinelower
11dc0e8d4238aa95,j_chinstrap_002
66b46e8d33e6a9ea,tag_wheel_back_right
bc37de9b8411ceb6,tag_wheel_center_back_right_flat
f1ca47a7e4745dc7,tag_sync
2c9ebab6cdfcc292,tag_ac130_camera
ee30d7c2ecc3caa5,j_container
1a3bd0d5d0a5a64b,j_ankle_ri
d676f8e0908749e4,j_proc_dummy_spinelift
b7e746e41973df23,j_release_01
23aa33fe8675e260,j_underchin
7c0b100815984223,j_lid
d5df9d15d91537dd,j_bulletgrp2
42968d358acde614,tag_door_interior_02
3823ef431b91a07f,j_cosmetic_backminibaga
21259d4cedea49fd,j_hinge_le
79f9f7516ee24c29,tag_bink1
c8b29a5bc6b05aa4,j_furniture_storage_safe_interactive_02
fcd4c16aeb644c05,j_cosmetic_radio_a
49a8036c73b7252e,j_bag_lid
f034f1772ca4c457,j_brow_le_2
5114e086c8389a8f,j_shield_le
510dc886c8325319,j_shield_ri
306c2d929feb3a19,j_cosmetic_grabstrapb_ri_2
a072609b339760d2,j_drill_bit_02
f03def9c0b765ebe,j_cosmetic_35
f044dc9c0b7c5d23,j_cosmetic_14
bdb98e9c1f0330f5,j_antiswaybar_front_left_tgt
5a62e0ab19def087,j_bulkpapera
35242bc4ba850dac,j_leg_3
1205fcdc277d82f3,j_plate_front_right_tgt
81ac60f3a5a568e6,j_cloth_proxy_17
5d937af70621995c,j_upper_lid
3d241f91cc65f5e,tag_light_back_left
1a8f7c0b1b71baff,j_spoon
88348c253f3a95ad,tag_ik_loc_le_seat_ctrl
89a6562eb429f98a,tag_bench
4c48022f54c5d9de,j_squint_ri_1
7e02643be77766c6,j_dummy_sling_clavicle
8594186762a4a86e,tag_window_rear_right
738eaa73cc3d5d6e,j_eye_lid_top_ri_2
40b1d0754adddc8a,j_cosmetic_pouch_mag_ar_bungie_a
fe4c2a7696e1daaf,j_eyelash_bot_ri_1
235a0478d67702ce,j_tongue_1
af9f03789d66bc12,j_lock_handle_05
8c38607f1e59b18e,j_levator_ri_2
eb06ea94a3fe32ab,j_papera
8984219680170983,tag_window_back_left_2
582979b2cc4aaf2,j_proc_wrist_ri
e0a037a5172be243,j_upperlip
edf4a1b41927bcee,tag_origin
903e76bd0c49dbbd,j_cosmetic_zip_a
baeb55d332833b46,tag_windshield_front_web
3b939dd9a8f6dfca,j_steeringshaft_front_right_tgt
969e68f90444b214,j_cosmetic_glovec
49fd6cfb340c15b9,j_r_handle_strap5
e782941ff564c2d7,j_cosmetic_broken_mirror_01
3d445426c6d85c1f,j_groinprotector
77f6d029dc96c855,j_propeller_blade_04
d596033e650c9e98,j_fridge_door_ri
5ec1d042eeae3dc7,j_lock_03
56e84459002fad4,j_nasolabial_ri_3
70adc74d369401fb,tag_hubcap_front_left
7e5ae3543bdc8661,j_hinge2
960dbc583bd5dacf,tag_seat_0_window
f1485f5d95dbccee,tag_window_back_left
7e25a15e4a82965d,j_cosmetic_grabstrapa_le_1
269de97f94be1394,j_proc_hip_lift_ri
f03deb9c0b7657f2,j_cosmetic_39
5a62dcab19dee9bb,j_bulkpapere
3efac4db1daa91a5,j_ring_ri_2
a53415e1fd3870a2,j_axel_back_left_aim
ae723aee5f29ae95,j_proc_spinelower_lift
5589e7f03b5f6f4e,j_buckle_ri
9315aef9ec65405e,j_axle_back_center
bd207d43e71086ba,j_mid_ri_3
339964984d5f2c6,j_spinelower_lift
b95ae95d7afe54e8,j_fuel_rod
59318b8cf6f13160,tag_weapon_left
ff321b96ccd94c27,tag_stowed_thigh
f033e19c0b6df26f,j_cosmetic_43
ff7590b3d37bff62,j_shoulder_ri
5bcba7b39b5ac866,j_cosmetic_grabstrapc_le_2
903e73bd0c49d6a4,j_cosmetic_zip_b
f8735bcb8aab4fae,j_steeraxel_front_right_tgt
24c63bdbe1c626cf,tag_windshield_front
dea79ff9aff88185,j_visor
49fd69fb340c10a0,j_r_handle_strap6
32a7ecfdd540cc4c,j_master
ab1010fd4d4308a7,tag_door_back_right2
f82170de35714aa,j_cheek_puff_le_3
725b9614677d339b,j_mid_le_2
d97fdd237d7336a2,j_bar_front_right_tgt
fa7ca272726f4a2,j_suspension_front_right_tgt
6c4242287318796b,j_suspension_back_left_aim
5b151029a2ff36cf,tag_1
77f6c929dc96bc70,j_propeller_blade_03
1c0c4759d42da44c,j_sling_pivot
2c6b5d661ed810a9,tag_geo_frag_a_004
f92c9094e62f07c7,tag_door_lockbarrelri
8f427e958337ddbe,j_metapinky_ri_1
892bd9a0edae7387,j_insidegum_ri_1
c3fdeebff7a75811,tag_07
eb39c0cef9d5d894,j_neck_rt_1
4f3bdae1fa7cd6a4,j_eyelash_bot_le_2
5a9983e2fc375c7e,j_cosmetic_lanyard_d
158547f1ee959c99,tag_window_back_right_corner
29cfeef2e4046e02,j_cosmetic_grabstrapa_ri_2
9b8d30f8e554b708,j_hipholster_le
d36acfbdb158b5c,tag_ik_target_left_character
992c91059f4aa042,j_box02_mag_08
50e94f0dddcad13e,j_kneedq_ri
1678c624731cdd0c,j_periorbital_le_2
e160274be38b3f9c,j_cloth_proxy_2
9208465308f6a469,tag_door_front_right
361fa97f5f6c9c2f,j_cash_box
3cba688f11ee62a3,j_l_handle_strap1
327005987bf996a8,tag_seat_006
f03df19c0b766224,j_cosmetic_33
8941cfa179d5ee80,j_cosmetic_grabstrapc_ri_2
621ce9a4c99ae22a,j_freezer_door
5a62e2ab19def3ed,j_bulkpaperc
3e396bb32755b0f7,j_refrigerator_lower_door
35242dc4ba851112,j_leg_1
484312c96fdc690c,tag_wheel_center_back_right
36f9f4d170562373,j_eyelash_top_le_5
5b2040dced9e27c6,tag_thrust_ri
e62bfae0a73c9ee1,j_cosmetic_wire_mid_a_jnt
d3d06de130fcbff0,j_brow_ri_1
81ac62f3a5a56c4c,j_cloth_proxy_11
e5845bf6529ca775,j_cheek_ri_2
6a6d65f7c6a9b120,j_neck_le_2
3b017ffefd8cfa84,tag_fx_at_mine
50e2770dddc4f688,j_kneedq_le
9179881e713ac20d,j_axel_front_right_aim
2a004e3097d2d130,j_cheek_puff_le
859bb53112a43d19,j_cosmetic_grabstrapd_le_2
4563cc42a33eddf4,j_proc_lift_clavicle_ri
6841f9511b5b4237,j_cosmetic_maintip_jnt
8130555bbba55d9b,j_lip_top
62c21d5e12fe03ed,j_cosmetic_charm_05
a31f325fb4a8dfda,j_cosmetic_utility_pouch
224c1f6e3365e76b,j_cabinet_door
738ea973cc3d5bbb,j_eye_lid_top_ri_1
40b1cf754adddad7,j_cosmetic_pouch_mag_ar_bungie_b
235a0378d677011b,j_tongue_2
af9f02789d66ba5f,j_lock_handle_06
8c385f7f1e59afdb,j_levator_ri_1
c4dcc493bdff0ea9,j_boxhandle_le
2bf28fbc95045ff1,j_lock
b2fd4bdd7b32796c,tag_ik_loc_le_seat_0
e2c2caef9490ce18,tag_body_animate
969e67f90444b061,j_cosmetic_gloved
49fd6bfb340c1406,j_r_handle_strap4
932d7f0b8ec9f4fc,j_hiptwist_le
df30f316d23b4167,j_image2_1
7dde3b1e4762af7a,j_axle2_front_left_tgt
ca881228a834a755,j_suspension_back_left_tgt
6416453084d013a7,tag_top
5935e9416cf80e37,j_lid_le
fb38986f5765ffa,j_body
81c6f7884ad4e186,j_index_le_3
3175ad9029793fa8,tag_stowed_back2
ffc060b3d3bb994c,j_shoulder_le
73f134c21a4416b2,tag_inhand
55fb03cbbf261098,j_steeraxel_front_right_aim
b7e747e41973e0d6,j_release_02
892466fa232aa7d6,j_eyelash_top_ri_4
c0ac11ffa9be191f,j_r_mid_lid
eaec6c32c2f0b0a9,j_ammo_04
eaef7732c2f2f931,j_ammo_31
8e9a1d23fc2769a2,tag_clip
eaec6932c2f0ab90,j_ammo_07
eaec6a32c2f0ad43,j_ammo_06
eadbc44851a46c68,j_mag_follower
eaec6e32c2f0b40f,j_ammo_02
eaec6f32c2f0b5c2,j_ammo_01
df431fc2b236fa4c,j_mag1
eaec6b32c2f0aef6,j_ammo_05
eaec6d32c2f0b25c,j_ammo_03
df4322c2b236ff65,j_mag2
feebdce4420c8681,tag_mag_attach
25d887e8c330be1c,tag_bipod_attach
26a5657fbf54a2ef,tag_bipod_pivot
f7dfe7518d58849f,tag_silencer
f01ee8f87439281a,tag_flash_muzzle
1bad62139bad1f2,tag_flash_silenced
1171a4b790951594,tag_taclight
ff54f4ca6615d106,tag_laser_hide2
de378999cff5805,tag_laser_attach
e6ec5c717e5f5aff,tag_acog_2
d225b1109e2d158,tag_lense_hide
d3da0642a4899568,tag_reticle_attach
5a276f41b8fec9b7,tag_lense
574b139ed7f24d5b,tag_thermal
9f68bbf5cb37f3ac,tag_ik_loc_le_foregrip
2a503bb05a84a354,tag_grip_attach
33480b28c435f8f2,tag_folding_grip
c99c394dbae08e18,tag_holo
3c15fb5dc9db20da,tag_hybrid
1fe8d9080668b364,tag_glass_hip2
ccf6f9ba554fb2b9,tag_glass_ads2
9a27c621b5fd0689,j_magnifier_lever
46007cda7baeae7,j_hybrid_scope
850dfd3d95c8c7ee,tag_reticle_attach2
1c4c8aa7c3646a2,j_magnifier
fab4811ebfc0c2af,tag_laser
a836ddbeb8c2fc0e,tag_lase_hide2
2d939f18ef06472,tag_reflex
e5b8bc0055118f58,tag_shtgn_attach
2d6fc715811f58ef,tag_sight_on2
9eb90dc29a56b49,tag_laser_show
212902f6bfebce64,tag_barrel_attach
5cb8ea07bc8a3224,tag_ub_hide
fb24f31ee3a4989f,tag_grenade_launcher
a60456232b85bdd,tag_ub_show
2f3c6f6aebdff843,tag_weapon_focus
382effa935aaa29d,tag_grip_hide
6402413084bf63d1,tag_tip
eb8568a40ca4afb,tag_sight_off2
959b142b0102232e,tag_optic_hide
3ef1a928ac359612,j_firesel
ef7869b54b10717d,tag_sling
75340ca9b0d21cf,j_charginghandle
6c6687808c717258,tag_align_gun
1cb46dccb3f8520a,tag_stock_attach
e16a9ab076a7558e,j_trigger
bc89899caa5c5a20,tag_scope
a1c445a4885cf444,j_magrel
dfc57ef85d23d27f,tag_cosdisplay
fcdacd6edb233ae9,tag_brass
522412494749cc50,j_forwardassist
f127e935de6b23fb,tag_menu
4b8503ffd8f7b57e,j_ejectioncover
d645740dcd89fba1,tag_pistolgrip_attach
69751604208d62b3,tag_cosmetic
20c61a67963c3d58,j_boltrel
e5de94f6ebea121d,j_charginghandleassistleft
86d2568db4e7ebd0,tag_laser_hide
eadb7932c2e2538d,j_ammo_57
eaef7432c2f2f418,j_ammo_32
eadb7232c2e247a8,j_ammo_50
eae8f232c2edab84,j_ammo_18
eade7932c2e48964,j_ammo_47
eaef7b32c2f2fffd,j_ammo_35
eaef7532c2f2f5cb,j_ammo_33
eadb7432c2e24b0e,j_ammo_52
eaf2f732c2f60888,j_ammo_25
eade7c32c2e48e7d,j_ammo_44
eaec7832c2f0c50d,j_ammo_08
eae8ec32c2eda152,j_ammo_12
eaef6e32c2f2e9e6,j_ammo_38
eaf2fa32c2f60da1,j_ammo_26
eadb7332c2e2495b,j_ammo_51
eaf2f932c2f60bee,j_ammo_27
eaef7932c2f2fc97,j_ammo_37
eae8f332c2edad37,j_ammo_19
eade7a32c2e48b17,j_ammo_46
eae8e832c2ed9a86,j_ammo_16
eade6f32c2e47866,j_ammo_49
eadb7632c2e24e74,j_ammo_54
eaf2f332c2f601bc,j_ammo_29
eadb7732c2e25027,j_ammo_55
eae8ed32c2eda305,j_ammo_13
eaef7a32c2f2fe4a,j_ammo_34
eaf2fb32c2f60f54,j_ammo_21
eaef6f32c2f2eb99,j_ammo_39
eadb7832c2e251da,j_ammo_56
eaf2f432c2f6036f,j_ammo_28
eae8ea32c2ed9dec,j_ammo_10
eaef7632c2f2f77e,j_ammo_30
eae56332c2ea82b0,j_ammo_61
eade7632c2e4844b,j_ammo_42
eadb6b32c2e23bc3,j_ammo_59
eaf2fd32c2f612ba,j_ammo_23
eaec7732c2f0c35a,j_ammo_09
eae8eb32c2ed9f9f,j_ammo_11
eade7032c2e47a19,j_ammo_48
eae8e932c2ed9c39,j_ammo_17
eaef7832c2f2fae4,j_ammo_36
eade7b32c2e48cca,j_ammo_45
eae8e632c2ed9720,j_ammo_14
eaf2fc32c2f61107,j_ammo_20
eade7832c2e487b1,j_ammo_40
eaf2f832c2f60a3b,j_ammo_24
eadb6a32c2e23a10,j_ammo_58
eade7532c2e48298,j_ammo_43
eadb7532c2e24cc1,j_ammo_53
eaf2fe32c2f6146d,j_ammo_22
eade7732c2e485fe,j_ammo_41
eae56432c2ea8463,j_ammo_60
eae8e732c2ed98d3,j_ammo_15
8dc5d1e69c84a456,j_charginghandleassistright
fe96a01f7cd5e7,tag_sight_on
2d54831581081dab,tag_sight_off
a130d56f348efdd0,j_follower
4b39d44dea92800,j_link_09
4b3aa44dea93e17,j_link_04
4b09f44dea6f58f,j_link_13
4b3ab44dea93fca,j_link_07
4b0a044dea6f742,j_link_10
4b3a544dea93598,j_link_01
4b3a744dea938fe,j_link_03
4b09c44dea6f076,j_link_14
4b0a144dea6f8f5,j_link_11
4b3ac44dea9417d,j_link_06
4b39e44dea929b3,j_link_08
4b3a944dea93c64,j_link_05
4b09e44dea6f3dc,j_link_12
4b3a844dea93ab1,j_link_02
d6274cfdf4360b0a,j_tray
fc2b300563c55032,j_spent_link_02
fc2b2f0563c54e7f,j_spent_link_01
5e31ecaaf55eac34,j_receiver_cap
fc2b310563c551e5,j_spent_link_03
56d55dbf8c853bf1,j_charginghandlelever
67b07c6bc50f39da,j_tray_prongs
a2e432057067315e,j_receiver_cap_lock
4b9350827fdd641,j_magrel_latch
5b0863185d74f308,j_charging_tube
acb6a772e3a446a4,j_charging_handle
9c4abeab41b220c,tag_grip_show
e5bd8bb2f370dc64,tag_bipod_show
b93d57a1453df7c3,j_selector
d29abca0f923ded4,tag_rail
1e3fb1e2b48d407c,j_mag_release_button
494ebe94389169d2,tag_stock_show
92b9491f1ea828a7,j_mag_release
48f7610b2dff12e7,tag_pistogrip_attach
cd21674cbfb7a305,j_starter_link01
f81be593de9eca01,j_link01
6a094555700c1881,j_toptray
a2a6503e60e9608b,j_extralink_02
a2a64f3e60e95ed8,j_extralink_03
a28ef55b60a87477,j_feedmech
9ec000eafafd628,j_feedmech_release_latch
a2a6513e60e9623e,j_extralink_01
83ee62de464663fa,j_bolt_carrier
a420deee8b019ba4,tag_vise_rear
82fafe1267f7c795,tag_rack_attach
7e911b62cbc4ac14,j_safety
496f42a0f306816e,j_magrelease
362245f4178a48a2,j_boltrelease
e3f11abcd4d63422,j_fireselect
3e76fde284068935,tag_bipod_hide
376483651d31c612,j_bipod_left
b9e748a16a146747,j_bipod_swivel
58a122abde0530df,j_bipod_right
31b4b7b26a59b15c,j_conversion_kit_9p_magrelease
f79915eeaf49ee0f,tag_stock_hide
faa12b15fb2e8acd,j_sear
1fe30efde6f4a8f8,j_hammer
d531eea0969e2b73,j_boltcarrier
c00cc40372d48e9b,j_triggerspring
4553b894cf564d70,tag_rail_attach
6560e6c4adfa39dc,j_bipod_right_leg
3e3a7d09790f7bf1,j_bipod_left_leg
39ca8ce940dd1728,j_barrel_carryhandle
2076e6413f052be9,j_ammo_011
2076ea413f0532b5,j_ammo_015
2076e3413f0526d0,j_ammo_012
2076e4413f052883,j_ammo_013
2076e5413f052a36,j_ammo_010
2076e9413f053102,j_ammo_014
4adddb7de027648a,j_ub_trigger
ae3ff0d42b894986,tag_flash_alt
1e628ee1d215f838,j_ub_release_lever
2e988f789c4ea4c2,tag_ik_loc_le_launcher
1427b095a27745c4,j_ub_barrel_guard
1332a2b2463fc262,j_ub_barrel
cd62b74abd4faef7,j_grenade_spent
d855affbc8d7e6c,j_grenade
dfdb2252f17e7ce9,j_bolt2
c1a139ab5027ad12,tag_mag_spring_hide
e83f139e692c9f0b,j_mag_spring
2c85ca1e08ad0fbb,j_slide
bb0fbabe08fa326e,j_switch
d7ff92b87ac9b68d,j_mag_rel
e73d27eac1be39f2,j_charginghandle_right
daa4af4d5574d398,j_boltcatch
2e8eff0c36973b11,j_charginghandle_left
f7e681ceb8de0bf3,j_spring
7f9915457750c0e7,j_charginghandle2
9946b95e8171655b,tag_guard_attach
631dbcaf5b27fb0a,j_action_release
c972038ba52ed96e,j_loadingport_carrier
5e47b6cd3944661b,j_bolt_release
d1701f2145b20768,j_pump
80584beba746389b,j_shell_stop_left
9d69d50fd53c49c8,j_cartridge_interrupter
df1c3a0d6c329364,j_shell_stop_right
8233b0c36a0c4105,j_action_lock_lever
d30c07e4ee644a3b,tag_flash_2
ee52d34b9c664d17,tag_flash_muzzle_2
ef8a832668a4fd0e,j_barrel
d7989b57cb201750,tag_brass_2
864f4d8bc1b99987,j_breakaction
a8a630fc18d2511,j_ejectorbottom
41f6566cdf239325,j_ejectortop
4b09a44dea6ed10,j_link_16
80cb6f998c731914,j_zipper
4b09d44dea6f229,j_link_15
1b12bef6f3aba00d,j_emptylink02
27448c5cf502f768,j_shell_ejector_plate
38ec926b61e2c746,j_ammobelt_feeder_plate
1b12bdf6f3ab9e5a,j_emptylink03
1b12bbf6f3ab9af4,j_emptylink01
1bd3e3c49aa47cad,tag_barrel_hide
a3599fe47f8d698e,j_magwell_door
291d05a26f7ef6c8,j_gas_cap
897d97ed763d64fe,j_carryhandlebase
887118453b74422c,j_topcover
ab685a04ee5be3b3,j_carryhandle
b16746fddf4fac6c,j_xmags2
b16749fddf4fb185,j_xmags1
197b9c175f1c067,j_ammoboxplate
f81eec93dea10bbd,j_link12
94f9cba22dd39fe4,j_link2
f81eeb93dea10a0a,j_link13
94f9c6a22dd39765,j_link9
94f9c5a22dd395b2,j_link8
f81ee993dea106a4,j_link11
94f9c8a22dd39acb,j_link7
94f9c9a22dd39c7e,j_link4
f81eea93dea10857,j_link10
94f9caa22dd39e31,j_link5
d241310fd02d4759,j_ammobox_flap
94f9cca22dd3a197,j_link3
94f9cea22dd3a4fd,j_link1
94f9c7a22dd39918,j_link6
f70f906f59046721,j_bulletlink_spent2
f70f8d6f59046208,j_bulletlink_spent1
13941bbded1ad47,j_cover_releasebutton
a18fb78981c6c325,j_cover
dfdb1f52f17e77d0,j_bolt1
eaaa58e3c217251f,j_charginghandlegrip
2198650eb6fe0f32,j_feedtray
ca256db8a6707a4b,j_barrelcarryhandle
d8f09f12f3ca70b7,j_cover_release
b2500c4535b4dfcc,j_gas_knob
6a7122c74b88561e,j_ejectionportcover1
bb70a3602419f116,j_feedcoverflap
9bed3f959ac60719,j_extra_link_01
6a7121c74b88546b,j_ejectionportcover2
9bed3c959ac60200,j_extra_link_02
c59119ad025cafba,j_mag_762n_follower
48613a8e1472c330,j_chamber
c9ab1bc50f015566,j_lever
d9b25cb733287028,j_loading_gate
9eabaf674c7ebaa6,j_boltend
ea6ea678bbe7710,j_boltpin
1517d648d07acdea,j_bolt_guide
8d9bbde0de55e02a,j_bolt_sleeve
4201d0f2884a0dad,j_fire_sel
bcb9f7144790b05e,tag_scopeaddon_attach
6287b23dc4522f72,j_barrel_bolt_release
9a1935a67d1d4f86,j_carrier
cc8b3f81df4c4464,j_barrel_extension
d4b4a8ade70ef16d,j_dustcover
c9f13db6fee4b707,j_barrel_bolt_release_button
bbd713fffc58bd4,j_slidelock
c658d8f3d509bd9d,j_slidestoplever
15e3ce6de00be96f,tag_pistol_offset
929c1abf000e1bd4,tag_trigger_attach
50501a6cb8e53b86,j_pdw_charging_handle
558c5dc2390f0828,tag_muzzle_flash
17348cc29ddd63d3,j_slidestop
49f1080000ec473b,j_safetylock
adf07787dfa756d8,j_b_03
adf07d87dfa7610a,j_b_05
adf07887dfa7588b,j_b_02
adf07987dfa75a3e,j_b_01
adf07e87dfa762bd,j_b_04
b225f6d3d50a71bc,j_bullet_loader
d9491463e4fd9bae,j_bullet_top
85eda7e258a3a558,j_b_top
8281b624dbb04e30,j_cylinder
7989c16bf373e613,j_cylinder_ejector
6d82fbab2d854c84,j_cylinder_hinge
e7c33d8902c6994c,j_cylinder_rel
8de0f640a7be5bc9,tag_rail_hide
db2eeccf41d0ceda,j_decocker
a8654ea290571246,j_takedown_lever
91fd57763883e71d,tag_trigger_hide
6615826c00965ffe,tag_launcher_offset
fc96db7879e02192,j_rearfin_4
336b99c18ffbbda6,j_frontfin_1
fc96d87879e01c79,j_rearfin_1
fc96d57879e01760,j_rearfin_2
6fb93fe49a0fccbe,j_rocket
336b98c18ffbbbf3,j_frontfin_2
fc96d67879e01913,j_rearfin_3
cbce03fdeddf02ac,j_tube
bb3312105fc17610,j_missile_fins_back1
b18edb92d89cb1a7,j_tube_handle
b20b6220eff9c883,j_missile_fins_front4
bb3314105fc17976,j_missile_fins_back3
bb3317105fc17e8f,j_missile_fins_back4
b20b6120eff9c6d0,j_missile_fins_front5
3e45b98b2dbdd4c2,j_missile
b20b6820eff9d2b5,j_missile_fins_front2
b20b6720eff9d102,j_missile_fins_front3
b20b6420eff9cbe9,j_missile_fins_front6
bb3315105fc17b29,j_missile_fins_back2
b20b6520eff9cd9c,j_missile_fins_front1
4c282c7f12cb0489,j_sling_clampring
a6d48e92c5a0d131,j_cocking_lever
21c1aed74cf70eea,j_back_loader_lever
340f604d44c96013,j_scope_knob
b84289fc752577a3,j_loose_round
cfacfe0a090c8349,j_back_loader
5f1d27e7eb6c376,j_cylinder_release
693e2b1a742de204,j_speed_loader_nade04
5729cf8d0190603e,j_grenade_01
693e271a742ddb38,j_speed_loader_nade00
d816d17fbeae1790,j_speed_loader_cylinder
693e2c1a742de3b7,j_speed_loader_nade05
693e291a742dde9e,j_speed_loader_nade02
5729cd8d01905cd8,j_grenade_03
f78fd6eeddadecdd,j_speed_loader
5729d28d01906557,j_grenade_06
693e2a1a742de051,j_speed_loader_nade03
5729ce8d01905e8b,j_grenade_02
693e281a742ddceb,j_speed_loader_nade01
5729d48d019068bd,j_grenade_04
4e92d2f704dc6cc2,j_forend
5729d38d0190670a,j_grenade_05
448f7c41ebbf9caa,j_limb_left
8712d5b2fe267a8a,j_limb_base_left
275177c24bc519be,j_limb_right_axle
25237d8dc6ac3d77,j_limb_base_right
f053e80039b46651,j_limb_left_axle
b914626b81e0cd17,j_limb_right
2b169f15ce8e0726,j_safety_nomrkt
8c42712f87530e80,j_trigger_nomrkt
573cdc6f5a5fa48a,j_retainer_nomrkt
93b8723c4321533d,j_bowstring_ri_01
760f7e1534482610,j_bowstring_ri_axle
23f5666f3ba58e7f,j_cable2_mrkt1
93b86f3c43214e24,j_bowstring_ri_02
59df69ec22b9f712,j_cable1_mrkt1
93b8703c43214fd7,j_bowstring_ri_03
c1ab61d16b8779fe,j_bowstring_le_axle
286994fee14a670b,j_bowstring_le_01
286996fee14a6a71,j_bowstring_le_03
80b26382fc45dfb0,j_bowstring_ce
23f5676f3ba59032,j_cable2_mrkt2
286995fee14a68be,j_bowstring_le_02
59df68ec22b9f55f,j_cable1_mrkt2
f7dff5518d589c69,tag_silenced
1906facb2e8d86c2,j_grenade_empty
7bf80030a999a050,j_ub_safety
6edca02dc2d81190,j_ub_grenade
883069b3019c79d2,j_ub_lever
6e66aebaf9013896,j_ub_grenade_empty
4bdb1fb3a742a0bc,j_ub_chamber
93b06e0540d5fd3d,j_ub_bolt
87149ec99d927b28,j_ub_shell_03
a48b5f9e8059d06f,j_ub_bolt_release
8714a0c99d927e8e,j_ub_shell_01
27e0cb9473a41e6a,j_ub_carrier
d99cd4cf06935f54,tag_ik_loc_le_shotgun
82cb856bb087a121,tag_brass_alt
87149fc99d927cdb,j_ub_shell_02
59b3dbe15263b458,tag_front_lens
97ac041a0d985b8f,j_laser_attach
2cc405ebb9515ad6,j_bullet_group
1e807b882bfc6bf4,j_bullet_01
10b65282519f2e1d,j_knife_tip
defe05741156cee9,tag_knife_offset
d7fc396bd3b0b4e1,tag_sling_attach_body_2
6ce378cdd2c6e324,j_webbing_ri_3
5f9a094a8157446f,j_proc_ring_ri_1
63fb05c1549234a3,tag_camera
6123c2023a5987c9,j_webbing_le_2
f61e492b676211cb,j_indexbulge_ri_1
8cea844f127c640,j_proc_pinky_le_1
befc4fba1bb66b71,j_proc_metapinky_le_1
6ce379cdd2c6e4d7,j_webbing_ri_2
b6778ffa73e027d4,j_proc_metaindex_le_1
a2230e91822c3129,j_proc_index_le_1
bfeba5203a7632ba,j_proc_pinky_ri_1
55753de6b7452c9b,j_thumb_le_4
69d4af080b0749b7,j_nvg
2da6b304d2fb376,tag_ads
a376b9f0bd6594e4,j_proc_knuckle_ri_1
28e84258eb76fbe1,tag_cambone
24bf09408dcc8e02,j_head_end
460f534511cdbcfb,j_proc_idle_knuckle_le_1
8f68ef5eac249a81,j_index_ri_4
aabd6fb62f96dca1,j_proc_idle_knuckle_ri_1
260f69a88729fc2c,tag_playerhelmet
72814260f006bd2b,j_proc_index_ri_1
6f5d677e8f09c7dd,tag_view
98bb6c95a924c897,j_proc_wristfronttwist1_le
5a9396cc06b3cafe,j_proc_knuckle_le_1
81c6fa884ad4e69f,j_index_le_4
86e90529f92517cf,tag_torso
6ce37acdd2c6e68a,j_webbing_ri_1
6123bf023a5982b0,j_webbing_le_1
dd74f40d67508a73,j_proc_metapinky_ri_1
6d9d14b9edf8f069,j_proc_mid_ri_1
71d9aa7cb2ed09ed,j_thumb_ri_4
9643cb7b22220b6f,tag_knife_attach2
b67792fa73e02ced,j_proc_metaindex_le_2
240d155bf815f149,j_indexbulge_le_1
7b9dcd8e2c1a4e6c,j_proc_orient_knuckle_ri_1
a74bcb0ffd6c37d,j_proc_ring_le_1
52e139e14ed4b106,j_proc_orient_knuckle_le_1
d2dc73906f88cf5b,j_proc_metaindex_ri_2
6123c1023a598616,j_webbing_le_3
ec1e5e62bbf8bf6e,tag_camera_scripted
c7d5c1fff61a1fec,tag_sling_attach_body
4822fdda33b60157,j_proc_metaknuckle_le_1
befc4cba1bb66658,j_proc_metapinky_le_2
dd74f50d67508c26,j_proc_metapinky_ri_2
f8f8292c2d6c22d,j_proc_metaknuckle_ri_1
eced27bed57f3963,j_proc_mid_le_1
d2dc74906f88d10e,j_proc_metaindex_ri_1
e1cdd7d12727c1d,j_wristwatch_minute
c80fa20b0dd47d7,j_proc_wristfronttwist1_acc4_le
abdcd52d2ab82935,j_grp_wristwatch_second
851f01d3da2e4879,j_wristwatch_second
6d28647190bea7a7,j_grp_wristwatch_hour
d52e196466eae9bb,j_wristwatch_hour
187694e310960f71,j_grp_wristwatch_minute
3b3bfe38be18029e,j_proc_wristfronttwist1_acc1_le
3f6c0a4a6b2b185c,j_proc_wristfronttwist1_acc3_le
3581ee1566307eb2,j_proc_wristfronttwist1_acc5_le
96084e5206c33789,j_proc_wristfronttwist1_acc2_le
5eb5d3d268a1f680,j_rotating_barrels
1ea2385609dd3588,j_ammo_5
1ea23f5609dd416d,j_ammo_2
1ea2355609dd306f,j_ammo_8
c53111e0403a4a9e,j_lever_1
1ea23a5609dd38ee,j_ammo_7
1ea23b5609dd3aa1,j_ammo_6
1ea23c5609dd3c54,j_ammo_1
27ca993a59fdb932,j_dblmg_offset
1ea23e5609dd3fba,j_ammo_3
1ea2345609dd2ebc,j_ammo_9
1ea2395609dd373b,j_ammo_4
f03aeb9c0b74221b,j_cosmetic_25
f03ae79c0b741b4f,j_cosmetic_29
f03aee9c0b742734,j_cosmetic_20
f03aea9c0b742068,j_cosmetic_24
f033e39c0b6df5d5,j_cosmetic_41
f03af09c0b742a9a,j_cosmetic_22
f044e89c0b7c7187,j_cosmetic_18
69276044890a1b88,j_proc_chest_ri
b02a71ba53981819,j_cosmetic_5
f044e09c0b7c63ef,j_cosmetic_10
b02a7cba53982aca,j_cosmetic_8
f044df9c0b7c623c,j_cosmetic_11
f03aef9c0b7428e7,j_cosmetic_21
f03df49c0b76673d,j_cosmetic_30
b02a7dba53982c7d,j_cosmetic_9
694950448926e6be,j_proc_chest_le
b02a73ba53981b7f,j_cosmetic_3
f03aed9c0b742581,j_cosmetic_27
b02a6eba53981300,j_cosmetic_6
b02a6fba539814b3,j_cosmetic_7
f044db9c0b7c5b70,j_cosmetic_15
f044e29c0b7c6755,j_cosmetic_12
f044dd9c0b7c5ed6,j_cosmetic_17
4d248b251161b0de,j_proc_deltoid_le
f03aec9c0b7423ce,j_cosmetic_26
f03af19c0b742c4d,j_cosmetic_23
4d029b251144e5a8,j_proc_deltoid_ri
f03ae69c0b74199c,j_cosmetic_28
f044de9c0b7c6089,j_cosmetic_16
b4bfc266e1adf485,j_cosmetic_ar_mag_a
3a26fd49985d8dcf,j_cosmetic_groinprotector
b4bfbf66e1adef6c,j_cosmetic_ar_mag_b
702af231ebd54064,j_cosmetic_grenade_pouch_a
b4bfc066e1adf11f,j_cosmetic_ar_mag_c
16029d22232ed198,j_cosmetic_medical_y_strap
2a38fb6bf13cdce4,j_cosmetic_radio1
81d841741faaac26,j_proc_collar
efc4b9cab521f50a,j_cosmetic_mini_carabiner_b
8311a333a5f8b7e3,j_proc_groinprotector__spineupper_backward
1e13433418a501fb,j_cosmetic_helmet
7923f449587bc2f2,j_proc_crotch_guard__spinelower_backward
911f1b752d1e4d47,j_cosmetic_smoke_pouch_a
fc7b39fce67b02dc,j_proc_crotch_guard__spinelower_forward
1ae3013414670154,tag_stowed_backpack_hide
4b6fbeadf6984e06,j_proc_groinprotector
5e408bd940c54265,j_proc_crotch_guard__spineupper_forward
ddfc0c8398597bb1,j_proc_crotch_guard__spineupper_backward
702af531ebd5457d,j_cosmetic_grenade_pouch_b
cc4db76674d5b476,j_cosmetic_flashbang
911f1c752d1e4efa,j_cosmetic_smoke_pouch_b
7b1c6cf388dc5d75,j_cosmetic_small_radio
3ff7dbf92763580d,j_cosmetic_svd_pouch_a
fbb59350d96dac21,j_cosmetic_urban_flashbang_a
edf21a3901f40632,j_cosmetic_bcd_vest_dring_b
1ec312e0773d3861,j_cosmetic_bcd_vest_dangle_f
fbb59050d96da708,j_cosmetic_urban_flashbang_b
3ff7d8f9276352f4,j_cosmetic_svd_pouch_b
1ec313e0773d3a14,j_cosmetic_bcd_vest_dangle_a
7d789ef77a05a0ab,j_cosmetic_leg_bag_a
1ec310e0773d34fb,j_cosmetic_bcd_vest_dangle_d
1d37ab3b3b1b3b51,j_cosmetic_bcd_vest_tube
1ec315e0773d3d7a,j_cosmetic_bcd_vest_dangle_c
1ec30fe0773d3348,j_cosmetic_bcd_vest_dangle_e
edf2193901f4047f,j_cosmetic_bcd_vest_dring_a
7d789ff77a05a25e,j_cosmetic_leg_bag_b
1ec316e0773d3f2d,j_cosmetic_bcd_vest_dangle_b
f0d8c767dd03c732,j_cosmetic_heavy_bag_01
2f8d1eb9ce4186f0,j_cosmetic_sleeping_bag_c
de536926712e3db2,j_cosmetic_large_pouch_l
f6d8aa3c38fb6ff2,j_cosmetic_small_bag_zipper_02
fcd4bc6aeb644386,j_cosmetic_radio_d
d3a60b099b538217,j_cosmetic_heavy_bag_zipper_01
3dd731f7f50be977,j_cosmetic_medium_bag_zipper_01
62695d209e6555d2,j_cosmetic_medium_bag_01
fcd4bf6aeb64489f,j_cosmetic_radio_c
62695c209e65541f,j_cosmetic_medium_bag_02
f0d8c867dd03c8e5,j_cosmetic_heavy_bag_00
2f8d1fb9ce4188a3,j_cosmetic_sleeping_bag_b
1072585dccaca8f4,j_cosmetic_small_bag_03
9a838989c505a2c7,j_cosmetic_chest_rig_strap_a
d3a60c099b5383ca,j_cosmetic_heavy_bag_zipper_02
3dd732f7f50beb2a,j_cosmetic_medium_bag_zipper_02
9a838489c5059a48,j_cosmetic_chest_rig_strap_d
62695e209e655785,j_cosmetic_medium_bag_00
5235103a6281b5f5,j_cosmetic_heavy_bag_strap_le
10725a5dccacac5a,j_cosmetic_small_bag_01
9a838b89c505a62d,j_cosmetic_chest_rig_strap_c
5271f03a62b52db3,j_cosmetic_heavy_bag_strap_ri
64230677008f0493,j_cosmetic_medium_bag_strap_ri
10725b5dccacae0d,j_cosmetic_small_bag_00
1072595dccacaaa7,j_cosmetic_small_bag_02
9a838a89c505a47a,j_cosmetic_chest_rig_strap_b
63e62677005b8cd5,j_cosmetic_medium_bag_strap_le
af0453aeb03bf8fd,j_cosmetic_small_bag_strap_le
38bfda00cd7d9073,j_cosmetic_rucksack
f6d8a93c38fb6e3f,j_cosmetic_small_bag_zipper_01
2f8d20b9ce418a56,j_cosmetic_sleeping_bag_a
af0b63aeb04232db,j_cosmetic_small_bag_strap_ri
f0d8c667dd03c57f,j_cosmetic_heavy_bag_02
62695b209e65526c,j_cosmetic_medium_bag_03
f6d8ab3c38fb71a5,j_cosmetic_small_bag_zipper_03
d3a60d099b53857d,j_cosmetic_heavy_bag_zipper_03
3dd733f7f50becdd,j_cosmetic_medium_bag_zipper_03
f6d8a43c38fb65c0,j_cosmetic_small_bag_zipper_04
de537b26712e5c48,j_cosmetic_large_pouch_r
f0d8c567dd03c3cc,j_cosmetic_heavy_bag_03
d3a606099b537998,j_cosmetic_heavy_bag_zipper_04
3dd72cf7f50be0f8,j_cosmetic_medium_bag_zipper_04
d185d32c3d68f652,j_proc_clavicle_le
d17efb2c3d631b9c,j_proc_clavicle_ri
32d9e398d4df0840,j_proc_beener_le
dfd7fda7ab57d304,j_proc_spinelower_frnt_le
9eb13518ac3283be,j_cloth_polysurface2_21
9eb4bd18ac35a0ad,j_cloth_polysurface2_11
9ec5b818ac440b61,j_cloth_polysurface2_46
aa22093f9d86e947,j_cloth_polysurface2_6
9eb13918ac328a8a,j_cloth_polysurface2_25
9eb13318ac328058,j_cloth_polysurface2_23
9eae2818ac3037d0,j_cloth_polysurface2_38
9ec23918ac40fdbd,j_cloth_polysurface2_55
9ec5bb18ac44107a,j_cloth_polysurface2_43
9eae3618ac304f9a,j_cloth_polysurface2_36
9ec5b218ac44012f,j_cloth_polysurface2_48
9eb4b718ac35967b,j_cloth_polysurface2_17
9eb13718ac328724,j_cloth_polysurface2_27
9ec5b918ac440d14,j_cloth_polysurface2_41
aa220a3f9d86eafa,j_cloth_polysurface2_5
736844aa81e1784f,j_proc_spinelower_frnttip_le
9eae3218ac3048ce,j_cloth_polysurface2_32
9ec23418ac40f53e,j_cloth_polysurface2_50
9ec23518ac40f6f1,j_cloth_polysurface2_51
aa22043f9d86e0c8,j_cloth_polysurface2_3
9eb13818ac3288d7,j_cloth_polysurface2_26
9eb4b918ac3599e1,j_cloth_polysurface2_15
9c4c2049cb7d02b8,j_proc_spinelower_frntsidetip_le
9eae3418ac304c34,j_cloth_polysurface2_34
9eae2918ac303983,j_cloth_polysurface2_39
9eb13418ac32820b,j_cloth_polysurface2_22
9ec5b518ac440648,j_cloth_polysurface2_45
aa22063f9d86e42e,j_cloth_polysurface2_1
9eb4bb18ac359d47,j_cloth_polysurface2_13
9eae3518ac304de7,j_cloth_polysurface2_35
9ec5b118ac43ff7c,j_cloth_polysurface2_49
9eae3318ac304a81,j_cloth_polysurface2_33
9eb13618ac328571,j_cloth_polysurface2_20
9eb4b418ac359162,j_cloth_polysurface2_18
9ec23818ac40fc0a,j_cloth_polysurface2_54
9ec5ba18ac440ec7,j_cloth_polysurface2_40
aa220b3f9d86ecad,j_cloth_polysurface2_4
9eae3018ac304568,j_cloth_polysurface2_30
9eb4ba18ac359b94,j_cloth_polysurface2_12
9eb12e18ac3277d9,j_cloth_polysurface2_28
aa22083f9d86e794,j_cloth_polysurface2_7
fe4531540296532d,j_proc_spinelower_frntside_le
9eb4b618ac3594c8,j_cloth_polysurface2_16
aa22053f9d86e27b,j_cloth_polysurface2_2
9ec23318ac40f38b,j_cloth_polysurface2_53
9eb4bc18ac359efa,j_cloth_polysurface2_10
9ec5b618ac4407fb,j_cloth_polysurface2_44
aa22073f9d86e5e1,j_cloth_polysurface2_0
9eae3118ac30471b,j_cloth_polysurface2_31
c5a9eb39b983edff,j_cloth_simmeshnew_01
c9fd51002b20d860,j_cloth_simmesh_17
ca00dd002b23fc1b,j_cloth_simmesh_23
c9fd5f002b20f02a,j_cloth_simmesh_19
87f4819684f860ff,j_proc_spinelower_backsidetip_ri
6487734862f7d7ca,j_cloth_simmesh_2
ca00d6002b23f036,j_cloth_simmesh_28
6487724862f7d617,j_cloth_simmesh_1
6487744862f7d97d,j_cloth_simmesh_3
ca03e3002b263c24,j_cloth_simmesh_31
251a0bcd084aeee2,j_proc_spinelower_backside_le
c9fd53002b20dbc6,j_cloth_simmesh_15
ca00df002b23ff81,j_cloth_simmesh_21
64876a4862f7c87f,j_cloth_simmesh_9
de1cc99af9b8e8e9,j_proc_spinelower_back_ri
c9fd56002b20e0df,j_cloth_simmesh_12
ca00e2002b24049a,j_cloth_simmesh_24
64876d4862f7cd98,j_cloth_simmesh_4
ddb6a19af961f1bf,j_proc_spinelower_back_le
ca00d7002b23f1e9,j_cloth_simmesh_29
dfc31da7ab45ad5a,j_proc_spinelower_frnt_ri
c9fd55002b20df2c,j_cloth_simmesh_13
ca00e1002b2402e7,j_cloth_simmesh_27
257ff3cd08a1794c,j_proc_spinelower_backside_ri
73612caa81db30d9,j_proc_spinelower_frnttip_ri
c5a9ed39b983f165,j_cloth_simmeshnew_03
9be63849cb26784e,j_proc_spinelower_frntsidetip_ri
758ef3f70c616329,j_proc_hiptwist_base
c9fd57002b20e292,j_cloth_simmesh_11
ca00e3002b24064d,j_cloth_simmesh_25
64876e4862f7cf4b,j_cloth_simmesh_5
ca00dc002b23fa68,j_cloth_simmesh_22
2efd7d91779ab1a0,j_proc_spinelower_backtip_ri
6487704862f7d2b1,j_cloth_simmesh_7
fd207a3485274d29,j_proc_hiptwist_tip
c9fd60002b20f1dd,j_cloth_simmesh_18
c9fd52002b20da13,j_cloth_simmesh_16
ca00de002b23fdce,j_cloth_simmesh_20
6487694862f7c6cc,j_cloth_simmesh_8
fde001540241016b,j_proc_spinelower_frntside_ri
883f899685385a11,j_proc_spinelower_backsidetip_le
c9fd58002b20e445,j_cloth_simmesh_10
64876f4862f7d0fe,j_cloth_simmesh_6
2ee89d9177888bf6,j_proc_spinelower_backtip_le
ca00e0002b240134,j_cloth_simmesh_26
c9fd54002b20dd79,j_cloth_simmesh_14
ca03e4002b263dd7,j_cloth_simmesh_30
4c1f0d34b230c26e,j_proc_hiptwist_mid
6487714862f7d464,j_cloth_simmesh_0
c5a9ec39b983efb2,j_cloth_simmeshnew_02
9c0fbfdf731fb074,j_beard_1
bcca97334be957d6,j_beard_1_end
12a58adfae004e9,j_cosmetic_radio_01
c3f250e6bc00dfd3,j_cosmetic_m_cloths_a_01
1709d51412cfc512,j_cosmetic_vest_knife
b3157aee8334ac1,j_cosmetic_backbag_05
a33a40c91caa4075,j_cosmetic_bomb_ring_01_a
996ac1cf623183dc,j_proc_spinelower_frnttip_ri_new
a33b1a8231b63805,j_cosmetic_vest_bag_radio_01_a
b3156aee833490e,j_cosmetic_backbag_04
80fb9318770603c6,j_skirt_le_fr
cee2d6b8e851f43,j_cosmetic_le_cloths_a_01
d4b9d6eccb411d06,j_cosmetic_vest_bag_bomb
beff8bf7ca26c97a,j_proc_radio_ri
b3158aee8334c74,j_cosmetic_backbag_02
68465d57229dffd6,j_cosmetic_waist_buckle_02
995e0305afd38cd1,j_skirt_mid_fr
e8fdd12235702b5e,j_cosmetic_smoke_grenade
bfc23ad6ee5f20a6,j_cosmetic_ri_cloths_c_02
91593cbee16a7a39,j_cosmetic_ri_cloths_d_02
c2fe4ae89aa384b8,j_cosmetic_ri_cloths_a_02
bfc239d6ee5f1ef3,j_cosmetic_ri_cloths_c_01
3643a860f2d4a029,j_cosmetic_flap_01_a
12a55adfadfffd0,j_cosmetic_radio_02
fc54022c1a112f94,j_skirt_ri_fr
7c4fd6441bf3b3cc,j_cosmetic_black_grenade_03
cee2e6b8e8520f6,j_cosmetic_le_cloths_a_02
c2fe4de89aa389d1,j_cosmetic_ri_cloths_a_01
12a56adfae00183,j_cosmetic_radio_03
11ee9afe07dc8eb9,j_cosmetic_flap_01
3a88817e74c85b61,j_cosmetic_le_cloths_c_01
1836e2d1484e0512,j_proc_radio_buff_ri
dbb5b841d5a8379f,j_cosmetic_le_cloths_d_02
81ef3ea7fa1d7ecf,j_cosmetic_zippouch_02_a
3643a560f2d49b10,j_cosmetic_flap_01_b
b3159aee8334e27,j_cosmetic_backbag_03
b3154aee83345a8,j_cosmetic_backbag_06
9bec6c1f4eed6000,j_cosmetic_bag_main
dbb5b941d5a83952,j_cosmetic_le_cloths_d_01
4dd6dd9a9389a5c3,j_cosmetic_zippouch_02
81ef3fa7fa1d8082,j_cosmetic_zippouch_02_b
b315baee833518d,j_cosmetic_backbag_01
68465c57229dfe23,j_cosmetic_waist_buckle_01
d2ed8fa98525d2ee,j_cosmetic_vest_bag_bomb_a
915939bee16a7520,j_cosmetic_ri_cloths_d_01
3643ac60f2d4a6f5,j_cosmetic_flap_01_e
43f1ea6283e71415,j_cosmetic_rope_bundle_ri
655fd45768760795,j_cosmetic_vest_bag_01
4413ea628403fa7b,j_cosmetic_rope_bundle_le
e422b876d95e9ca5,j_cosmetic_le_cloths_b_02
69c98dcf5352635e,j_cosmetic_ri_cloths_b_01
28c65cccd87a4372,j_proc_radio_base_ri
e422b576d95e978c,j_cosmetic_le_cloths_b_01
fcc9f18c7363956d,j_cosmetic_vest_bag_01_a
3a887e7e74c85648,j_cosmetic_le_cloths_c_02
b9b2c379424acbae,j_proc_spinelower_frnttip_le_new
596468d6ac9218a9,j_cosmetic_glowstick_01
69c98ccf535261ab,j_cosmetic_ri_cloths_b_02
d2da91b17bb2e1bd,j_cosmetic_vest_bag_radio_01
c3b5eb268f3825c0,j_proc_neckmask_base_m
1f578e499df18cc8,j_proc_hat
bf146bf7ca38ef24,j_proc_radio_le
4255ba789a9fbfa0,j_proc_neckmask_m
57d4abeebdcbd92c,j_proc_neckmask_ri
1814f2d1483139dc,j_proc_radio_buff_le
33128b17613a9a17,j_proc_hair
c6ad43855cc0f4cc,j_proc_neckmask_base_ri
28a46cccd85d783c,j_proc_radio_base_le
18651c767d121f06,j_proc_par_deltoid_le
180c3c767cc62c90,j_proc_par_deltoid_ri
4ab23dd21771575e,j_cosmetic_knife_long
8451e12a0207e6c6,j_cosmetic_pouch_l
b06df37771f174eb,j_cosmetic_buttbag
2ce31389cc012ccf,j_cosmetic_buttbag_le
dcac92e6ee4f32f0,j_cosmetic_buttbag_ri_b
3098d0ea1b5677e8,j_cosmetic_combox
dcac95e6ee4f3809,j_cosmetic_buttbag_ri_a
8451fb2a020812f4,j_cosmetic_pouch_r
d2a413b0045a1370,j_proc_collar_le
d273fbb00430c6e6,j_proc_collar_ri
20d076dea60bb9ee,j_cosmetic_grenade_01
8711c8d96c54e431,j_cosmetic_back_knife_03
7c4fd8441bf3b732,j_cosmetic_black_grenade_01
4dd6de9a9389a776,j_cosmetic_zippouch_01
8711c6d96c54e0cb,j_cosmetic_back_knife_01
8711c7d96c54e27e,j_cosmetic_back_knife_02
aa342505816ac86b,j_cosmetic_groinbag
7c4fd7441bf3b57f,j_cosmetic_black_grenade_02
e03a7e07207fb48d,j_cosmetic_oxygen_02
3daa09adf8fd7658,j_cosmetic_thigh_knife
e03a7b07207faf74,j_cosmetic_oxygen_01
c9efe0002b158e01,j_cloth_simmesh_50
c9efd8002b158069,j_cloth_simmesh_58
ca03e1002b2638be,j_cloth_simmesh_37
c9efd7002b157eb6,j_cloth_simmesh_59
c9ec61002b12805d,j_cloth_simmesh_47
c9ec53002b126893,j_cloth_simmesh_49
c9efdf002b158c4e,j_cloth_simmesh_51
73d2fb9320b26d01,j_cape
ca03e0002b26370b,j_cloth_simmesh_34
c9ec5b002b12762b,j_cloth_simmesh_41
ca03e2002b263a71,j_cloth_simmesh_36
c9efdd002b1588e8,j_cloth_simmesh_53
c9efe3002b15931a,j_cloth_simmesh_55
ca03e5002b263f8a,j_cloth_simmesh_33
ca03e6002b26413d,j_cloth_simmesh_32
c9ec5c002b1277de,j_cloth_simmesh_42
c9ec52002b1266e0,j_cloth_simmesh_48
c9efde002b158a9b,j_cloth_simmesh_52
d7180144e9349b4c,j_cloth_simmesh_center1
c9ec5e002b127b44,j_cloth_simmesh_44
c9ec5a002b127478,j_cloth_simmesh_40
c9efe4002b1594cd,j_cloth_simmesh_54
ca03df002b263558,j_cloth_simmesh_35
c9efe1002b158fb4,j_cloth_simmesh_57
dfc8c76e07d56925,j_cape_le
ca03dc002b26303f,j_cloth_simmesh_38
c9ec60002b127eaa,j_cloth_simmesh_46
df98e76e07ac7bc3,j_cape_ri
c9ec5d002b127991,j_cloth_simmesh_43
d7180444e934a065,j_cloth_simmesh_center2
ca03db002b262e8c,j_cloth_simmesh_39
c9ec5f002b127cf7,j_cloth_simmesh_45
c9efe2002b159167,j_cloth_simmesh_56
767b2f4e9029c1ed,j_cosmetic_headpipe_04
767b2a4e9029b96e,j_cosmetic_headpipe_01
767b284e9029b608,j_cosmetic_headpipe_03
767b294e9029b7bb,j_cosmetic_headpipe_02
41cb67291395e1a,j_cosmetic_drawstring_ri_2
41cb1729139559b,j_cosmetic_drawstring_ri_5
771519609722b135,j_cosmetic_drawstring_le_1
41cb57291395c67,j_cosmetic_drawstring_ri_1
353e80c6224239e9,j_cosmetic_holster
feeeaeb40519c177,j_cosmetic_mask_6
6e23b48e3363a555,j_cosmetic_mask_4_1
feeea4b40519b079,j_cosmetic_mask_8
feeeaab40519baab,j_cosmetic_mask_2
771514609722a8b6,j_cosmetic_drawstring_le_4
feeeafb40519c32a,j_cosmetic_mask_5
41cb072913953e8,j_cosmetic_drawstring_ri_4
771516609722ac1c,j_cosmetic_drawstring_le_2
feeeadb40519bfc4,j_cosmetic_mask_7
67ae9b8e305b5c9a,j_cosmetic_mask_5_1
feeeabb40519bc5e,j_cosmetic_mask_1
feeea3b40519aec6,j_cosmetic_mask_9
41cb77291395fcd,j_cosmetic_drawstring_ri_3
771515609722aa69,j_cosmetic_drawstring_le_5
feeeb0b40519c4dd,j_cosmetic_mask_4
31a3918e1128f79c,j_cosmetic_mask_3_1
771517609722adcf,j_cosmetic_drawstring_le_3
feeea9b40519b8f8,j_cosmetic_mask_3
114ce30759d056f0,j_cosmetic_utility_large_ri2
7bd6479fc21eb12f,j_proc_spinelower_side_le
9622df55eb74a5e6,j_cosmetic_puffy_coat_ri
6f050c1da21f0d48,j_cloth_simmesh_15_end
d0068107c5e3531a,j_cosmetic_utility_large_le2
9aa5327de4dc907b,j_cosmetic_utility_large_le1_1
114ce60759d05c09,j_cosmetic_utility_large_ri1
bf455d71cc992884,j_cosmetic_utility_large_ri2_1
a480677deac831ca,j_cosmetic_utility_large_le2_1
7bd02f9fc21a1cb9,j_proc_spinelower_side_ri
9652f755eb9df270,j_cosmetic_puffy_coat_le
6d712c2abab52b71,j_cloth_simmesh_5_end
db244471dceaf249,j_cosmetic_utility_large_ri1_1
d0068007c5e35167,j_cosmetic_utility_large_le1
217d90747013af1e,j_cosmetic_puffy_coat_ri_1
232124ef4acf9e90,j_cloth_simmesh_20_end
4ec9ec0f0cd8993f,j_cloth_simmesh_14_end
84c4dc2bb0089ac4,j_cloth_simmesh_11_end
4d6b0e46f407448e,j_cloth_simmesh_8_end
47579bd8128e725,j_cosmetic_radio_small
632ade5501f0d20a,j_cloth_simmesh_4_end
58526cebae699004,j_cosmetic_puffy_coat_le_1
c0a46f33b99d4714,j_cosmetic_earphones_04
c0a46433b99d3463,j_cosmetic_earphones_09
c0a7f033b9a0581e,j_cosmetic_earphones_11
c0a47133b99d4a7a,j_cosmetic_earphones_06
c0a7f133b9a059d1,j_cosmetic_earphones_10
f7f7fbb40eb5806,j_proc_spinelower_sidetip_le
c0a46c33b99d41fb,j_cosmetic_earphones_01
c0a46d33b99d43ae,j_cosmetic_earphones_02
c0a46e33b99d4561,j_cosmetic_earphones_03
f269fbb409f6590,j_proc_spinelower_sidetip_ri
c0a47033b99d48c7,j_cosmetic_earphones_05
c0a46333b99d32b0,j_cosmetic_earphones_08
c0a47233b99d4c2d,j_cosmetic_earphones_07
6f5788da64cf36bc,j_hood
3643ab60f2d4a542,j_cosmetic_flap_01_d
3643a660f2d49cc3,j_cosmetic_flap_01_c
1425e4747a51d195,j_cosmetic_smallbottle_01
a33a3dc91caa3b5c,j_cosmetic_bomb_ring_01_b
b323253a1b88620d,j_cosmetic_bomb_ring_01
81ef39a7fa1d7650,j_cosmetic_zippouch_02_d
39f2e967712ca855,j_cosmetic_bag_flaps_01_c
81ef40a7fa1d8235,j_cosmetic_zippouch_02_c
882b2eecb67475fd,j_cosmetic_ziptie_01
a41e0a8b25ccdd23,j_cosmetic_bag_flaps_01
39f2e767712ca4ef,j_cosmetic_bag_flaps_01_a
2bf0cff82e8fa522,j_cosmetic_bag_01
882b2becb67470e4,j_cosmetic_ziptie_02
39f2e867712ca6a2,j_cosmetic_bag_flaps_01_b
e11b84f6a267ea56,j_qamiz_cloth_simmesh_18
c432572bb23958c3,j_qamiz_cloth_simmeshnew_02
b791084c7bf5a051,j_qamiz_cloth_simmesh_4
c432562bb2395710,j_qamiz_cloth_simmeshnew_03
b791044c7bf59985,j_qamiz_cloth_simmesh_8
e11b91f6a268006d,j_qamiz_cloth_simmesh_15
e11805f6a264dcb2,j_qamiz_cloth_simmesh_21
c432582bb2395a76,j_qamiz_cloth_simmeshnew_01
b7910a4c7bf5a3b7,j_qamiz_cloth_simmesh_2
e11500f6a2629e5c,j_qamiz_cloth_simmesh_30
b791074c7bf59e9e,j_qamiz_cloth_simmesh_5
e11b8bf6a267f63b,j_qamiz_cloth_simmesh_13
e117fff6a264d280,j_qamiz_cloth_simmesh_27
b791094c7bf5a204,j_qamiz_cloth_simmesh_3
b791054c7bf59b38,j_qamiz_cloth_simmesh_7
e11806f6a264de65,j_qamiz_cloth_simmesh_20
b7910c4c7bf5a71d,j_qamiz_cloth_simmesh_0
e1180df6a264ea4a,j_qamiz_cloth_simmesh_29
e1180ef6a264ebfd,j_qamiz_cloth_simmesh_28
e11b8cf6a267f7ee,j_qamiz_cloth_simmesh_10
e11800f6a264d433,j_qamiz_cloth_simmesh_26
e11b8ef6a267fb54,j_qamiz_cloth_simmesh_16
e11802f6a264d799,j_qamiz_cloth_simmesh_24
e11b8af6a267f488,j_qamiz_cloth_simmesh_12
b791064c7bf59ceb,j_qamiz_cloth_simmesh_6
e11b85f6a267ec09,j_qamiz_cloth_simmesh_19
b791034c7bf597d2,j_qamiz_cloth_simmesh_9
e11804f6a264daff,j_qamiz_cloth_simmesh_22
e11b90f6a267feba,j_qamiz_cloth_simmesh_14
e11801f6a264d5e6,j_qamiz_cloth_simmesh_25
e11b8df6a267f9a1,j_qamiz_cloth_simmesh_11
b7910b4c7bf5a56a,j_qamiz_cloth_simmesh_1
e11501f6a262a00f,j_qamiz_cloth_simmesh_31
e11b8ff6a267fd07,j_qamiz_cloth_simmesh_17
e11803f6a264d94c,j_qamiz_cloth_simmesh_23
b89134ba1b37ba28,j_kurta_simmesh_16
e70dc72c13077bcd,j_cosmetic_cape_5
cf895264797e4588,j_proc_radio_base_le_a
a3d0e7e455a623de,j_cosmetic_cape_31
a3cd5be455a30023,j_cosmetic_cape_29
a3d7d4e455ac2243,j_cosmetic_cape_10
272aba8bd8fbac1,j_kurta_simmesh_0
a3cd69e455a317ed,j_cosmetic_cape_27
272a8a8bd8fb5a8,j_kurta_simmesh_3
a3cd65e455a31121,j_cosmetic_cape_23
b88db5ba1b34ac84,j_kurta_simmesh_27
272afa8bd8fc18d,j_kurta_simmesh_4
b89133ba1b37b875,j_kurta_simmesh_19
85fdb4d73eb262a3,j_cosmetic_spinelower_backside_le
272a9a8bd8fb75b,j_kurta_simmesh_2
a3cd67e455a31487,j_cosmetic_cape_25
9dc097eaa8e80068,j_proc_radio_buff_le_a
167fa5040e054db9,j_proc_spinelower_backtip_ri_new
e70dc22c1307734e,j_cosmetic_cape_0
b88a2fba1b3192fb,j_kurta_simmesh_31
987385a52ac178fb,j_proc_spinelower_backtip_le_new
a3d7d6e455ac25a9,j_cosmetic_cape_12
b88db8ba1b34b19d,j_kurta_simmesh_24
b8913bba1b37c60d,j_kurta_simmesh_11
272a2a8bd8fab76,j_kurta_simmesh_9
a3d7d9e455ac2ac2,j_cosmetic_cape_17
b88a2eba1b319148,j_kurta_simmesh_30
a3d7d8e455ac290f,j_cosmetic_cape_14
a3d0ebe455a62aaa,j_cosmetic_cape_35
272ada8bd8fbe27,j_kurta_simmesh_6
b88db6ba1b34ae37,j_kurta_simmesh_26
b89137ba1b37bf41,j_kurta_simmesh_15
b88dabba1b349b86,j_kurta_simmesh_29
e70dc42c130776b4,j_cosmetic_cape_6
e70dc52c13077867,j_cosmetic_cape_7
bcdf871be6f0d20,j_proc_radio_le_a
a3d0e5e455a62078,j_cosmetic_cape_33
272aea8bd8fbfda,j_kurta_simmesh_5
b89132ba1b37b6c2,j_kurta_simmesh_18
272a3a8bd8fad29,j_kurta_simmesh_8
e70dc62c13077a1a,j_cosmetic_cape_4
a3d7d3e455ac2090,j_cosmetic_cape_11
a3cd5ae455a2fe70,j_cosmetic_cape_28
b89139ba1b37c2a7,j_kurta_simmesh_13
272aaa8bd8fb90e,j_kurta_simmesh_1
a3cd68e455a3163a,j_cosmetic_cape_26
b88db2ba1b34a76b,j_kurta_simmesh_22
a3d7dce455ac2fdb,j_cosmetic_cape_18
a3cd63e455a30dbb,j_cosmetic_cape_21
b8913aba1b37c45a,j_kurta_simmesh_10
b88dacba1b349d39,j_kurta_simmesh_28
b89138ba1b37c0f4,j_kurta_simmesh_12
3581c3bd5b1afad6,j_cosmetic_smoke_grenade_a
3e6f4388d889efad,j_cosmetic_collar_knife
a3d0e8e455a62591,j_cosmetic_cape_30
44364612922acb00,j_cosmetic_spinelower_back_ri
b88db7ba1b34afea,j_kurta_simmesh_25
94d1f28975d403f4,j_proc_spinelower_backsidetip_le_new
b89135ba1b37bbdb,j_kurta_simmesh_17
f3c611c7e6265bde,j_proc_spinelower_backsidetip_ri_new
44226612921a5856,j_cosmetic_spinelower_back_le
85a5a4d73e67d19d,j_cosmetic_spinelower_backside_ri
a3d7dbe455ac2e28,j_cosmetic_cape_19
a3cd62e455a30c08,j_cosmetic_cape_20
e70dbb2c13076769,j_cosmetic_cape_9
b88db4ba1b34aad1,j_kurta_simmesh_20
a3d7d7e455ac275c,j_cosmetic_cape_15
b88db1ba1b34a5b8,j_kurta_simmesh_23
e70dc32c13077501,j_cosmetic_cape_1
a3cd64e455a30f6e,j_cosmetic_cape_22
b88db3ba1b34a91e,j_kurta_simmesh_21
b89136ba1b37bd8e,j_kurta_simmesh_14
81ef3aa7fa1d7803,j_cosmetic_zippouch_02_e
81ef3ba7fa1d79b6,j_cosmetic_zippouch_02_f
81ef46a7fa1d8c67,j_cosmetic_zippouch_02_i
61a549dc6f1df937,j_cosmetic_wire_clav_02
61a548dc6f1df784,j_cosmetic_wire_clav_03
81ef47a7fa1d8e1a,j_cosmetic_zippouch_02_j
81ef3ca7fa1d7b69,j_cosmetic_zippouch_02_g
12a5badfae00a02,j_cosmetic_radio_04
1132f2ca96ec0d58,j_cosmetic_tape_01
627f18dc6fd749b4,j_cosmetic_wire_clav_pc
61a54adc6f1dfaea,j_cosmetic_wire_clav_01
1877acca240da04f,j_cosmetic_radio_main
81ef48a7fa1d8fcd,j_cosmetic_zippouch_02_k
81ef45a7fa1d8ab4,j_cosmetic_zippouch_02_h
61a547dc6f1df5d1,j_cosmetic_wire_clav_04
1132f5ca96ec1271,j_cosmetic_tape_02
2279a41da449eb71,j_cosmetic_tape_02_a
5053d32863dbff90,j_cosmetic_wire_clav_pc_a
8a1756a7fe975a57,j_cosmetic_zippouch_01_f
8a1757a7fe975c0a,j_cosmetic_zippouch_01_e
6615158b5de29247,j_cosmetic_back_knife_01_a
d9a85711ebccc152,j_cosmetic_radio_04_a
84d1d1d9568a64c,j_cosmetic_tape_01_a
81ef41a7fa1d83e8,j_cosmetic_zippouch_02_l
8a1751a7fe9751d8,j_cosmetic_zippouch_01_c
8a1758a7fe975dbd,j_cosmetic_zippouch_01_d
a39c8d11cc991614,j_cosmetic_radio_02_a
81ef43a7fa1d874e,j_cosmetic_zippouch_02_n
8a1753a7fe97553e,j_cosmetic_zippouch_01_a
81ef2ea7fa1d639f,j_cosmetic_zippouch_02_q
bdc8d411db79ee79,j_cosmetic_radio_01_a
926a4c1147a50911,j_cosmetic_wire_clav_04_a
8a1752a7fe97538b,j_cosmetic_zippouch_01_b
81ef2da7fa1d61ec,j_cosmetic_zippouch_02_p
9d1f61114e4a17c0,j_cosmetic_wire_clav_03_a
81ef42a7fa1d859b,j_cosmetic_zippouch_02_m
ae51a611d33e2b8f,j_cosmetic_radio_03_a
81ef44a7fa1d8901,j_cosmetic_zippouch_02_o
8f2bd406ada66829,j_cosmetic_small_pouch_01
dc37f1fc0961f56c,j_cosmetic_hood
4568ab8d792ad51c,j_cosmetic_vest_radio
8f2bd206ada664c3,j_cosmetic_small_pouch_03
8f2bd106ada66310,j_cosmetic_small_pouch_02
fabc70d6e5aaebce,j_cosmetic_vestcoat_02
fabc71d6e5aaed81,j_cosmetic_vestcoat_03
fabc72d6e5aaef34,j_cosmetic_vestcoat_04
fabc6fd6e5aaea1b,j_cosmetic_vestcoat_01
388707e38b59f2f7,j_cosmetic_boltcutters_01
e5d0de17c020203b,j_cosmetic_radio_collar
84d201d9568ab65,j_cosmetic_tape_01_b
2bf0c9f82e8f9af0,j_cosmetic_bag_07
2279a11da449e658,j_cosmetic_tape_02_b
2279a21da449e80b,j_cosmetic_tape_02_c
2bf0cbf82e8f9e56,j_cosmetic_bag_05
2bf0cef82e8fa36f,j_cosmetic_bag_02
2bf0cdf82e8fa1bc,j_cosmetic_bag_03
84d1f1d9568a9b2,j_cosmetic_tape_01_c
2bf0caf82e8f9ca3,j_cosmetic_bag_06
2bf0ccf82e8fa009,j_cosmetic_bag_04
e4eb02300114de7,tag_blood_4
e4eab2300114568,tag_blood_1
e4eaf2300114c34,tag_blood_5
e4ead23001148ce,tag_blood_3
e4eae2300114a81,tag_blood_2
e4ea323001137d0,tag_blood_9
e4eb12300114f9a,tag_blood_7
e4ea42300113983,tag_blood_8
e4eb2230011514d,tag_blood_6
387cf6772ba003d9,j_cosmetic_locket_chain_02
387cf3772b9ffec0,j_cosmetic_locket_chain_01
90b4525e64c30fed,j_hair5_e
90b44e5e64c30921,j_hair5_a
90b4515e64c30e3a,j_hair5_d
abbd4a05bdd9bbd1,j_cosmetic_pistol_01
90b44f5e64c30ad4,j_hair5_f
7ce2a7c77da3b86a,j_cosmetic_hammer_01
71f4bd08578a23d3,j_cosmetic_knife_01
387cf5772ba00226,j_cosmetic_locket_chain_03
90b44b5e64c30408,j_hair5_b
9dc09aeaa8e80581,j_proc_radio_buff_le_b
bcdfb71be6f1239,j_proc_radio_le_b
90b44c5e64c305bb,j_hair5_c
30ca2f98d4f6ec43,j_neclace_01
5ec5c41ef42d4842,j_cosmetic_short_mag_pouch_01
42b234a642fca325,j_cosmetic_hatchet
d1009606772d7420,j_cosmetic_ephod_05
d1009906772d7939,j_cosmetic_ephod_06
ef3dd7961009619a,j_cosmetic_pouch_utility
d1009a06772d7aec,j_cosmetic_ephod_01
5ec5c31ef42d468f,j_cosmetic_short_mag_pouch_02
d1009c06772d7e52,j_cosmetic_ephod_03
d1009706772d75d3,j_cosmetic_ephod_04
d1009d06772d8005,j_cosmetic_ephod_02
264ad8c506a69222,j_proc_radio_base
bfb21ae93bdf869f,j_collar_le
c01742e93c34cac9,j_collar_ri
a83d01277652f8ee,j_cosmetic_242
d4372722fecfd07a,j_proc_radio
8f3bc1c5425f8102,j_proc_radio_buff
bb111b6f70afd4ab,j_cosmetic_rockets_a
a07a3cfe942601c7,j_cosmetic_rockets
bb111c6f70afd65e,j_cosmetic_rockets_b
fcd48f6aeb63f70f,j_cosmetic_radio_3
1ffe3adea55981e8,j_cosmetic_grenade_ri
fcd4916aeb63fa75,j_cosmetic_radio_1
9a680fd0e6cd24cd,j_cosmetic_bag_2
fcd48c6aeb63f1f6,j_cosmetic_radio_4
fcd48e6aeb63f55c,j_cosmetic_radio_2
f3973ebce37d465b,j_cosmetic_groin
9a680ed0e6cd231a,j_cosmetic_bag_3
9a680cd0e6cd1fb4,j_cosmetic_bag_1
9a6809d0e6cd1a9b,j_cosmetic_bag_4
20202adea5764d1e,j_cosmetic_grenade_le
2f834442aba5e928,j_cosmetic_geist_knife
d88c75f6e4b5419b,j_cosmetic_smgpouches_b
d88c76f6e4b5434e,j_cosmetic_smgpouches_a
1347f11fbbbbf20,j_cosmetic_leg_pouches_le_1
ed67be85d0b809a,j_cosmetic_leg_pouches_ri_1
ed67ae85d0b7ee7,j_cosmetic_leg_pouches_ri_2
a6223372d111472a,j_cosmetic_leg_pouches_ri
d0de77cf9e167922,j_cosmetic_ar_pouches_ri_2
1348211fbbbc439,j_cosmetic_leg_pouches_le_2
7a912ddbfd1a6355,j_cosmetic_radio_pouch
7bb92a361c95f67d,j_cosmetic_ar_pouches_le_1
a5ca5372d0c707b4,j_cosmetic_leg_pouches_le
7bb927361c95f164,j_cosmetic_ar_pouches_le_2
d0de76cf9e16776f,j_cosmetic_ar_pouches_ri_1
ce9aead231cea482,j_cosmetic_nvg_arm
cb61d4ae4716ee8f,j_cosmetic_nvg_quad
c3a31251ee23f533,j_cosmetic_hair_2
c3a31151ee23f380,j_cosmetic_hair_3
c3a31851ee23ff65,j_cosmetic_hair_4
c3a31351ee23f6e6,j_cosmetic_hair_1
96a04035182fd714,j_ghillie_elbow_le
42e78835e35bd74f,j_ghillie_hip_proc_ri
4f10492842cb5e5d,j_ghillie_proc_rot_clavicle_le
364489698a2558fe,j_ghillie_proc_rot_clavicle_ri1
4f17592842d1983b,j_ghillie_proc_rot_clavicle_ri
4d77898e0b280807,j_ghillie_wristfronttwist1_le
38506ef4043c24a2,j_ghillie_shouldertwist_ri
ecd11ba3323225c9,j_ghillie_shouldertwist_ri1
e4e3e36904ff493f,j_ghillie_shoulder_le
240abb697f917184,j_ghillie_proc_rot_clavicle_le1
c2055f748b2b1aa9,j_ghillie_proc_spine4
42c59035e33efe81,j_ghillie_hip_proc_le
e54a0b6905564069,j_ghillie_shoulder_ri
96f92035187bc98a,j_ghillie_elbow_ri
389b3ef4047bbe8c,j_ghillie_shouldertwist_le
ab8ab5a39e451b27,j_ghillie_shouldertwist_le1
5cf7ba7479362d3a,j_ghillie_mainroot
f0f517d27ba66450,j_ghillie_proc_spineupperlift
4da7618e0b50e7d1,j_ghillie_wristfronttwist1_ri
2d874e5acb9d2e89,j_ghillie_hiptwist_ri
2d21265acb46375f,j_ghillie_hiptwist_le
7559246c0d4b9909,j_ghillie_proc_spinelower_swivel
1c2a2b015fa5c77f,j_cosmetic_sydcoat_14
1c2a26015fa5bf00,j_cosmetic_sydcoat_11
2b54e1b2930463b1,j_cosmetic_lanyard_01
1c2a2a015fa5c5cc,j_cosmetic_sydcoat_15
bd17332af6cdcbfd,j_cosmetic_sydcoat_5
bd172c2af6cdc018,j_cosmetic_sydcoat_2
2b54deb293045e98,j_cosmetic_lanyard_02
e3b918ff382b69b1,j_cosmetic_lanyard_01_a
1c2a29015fa5c419,j_cosmetic_sydcoat_12
bd172d2af6cdc1cb,j_cosmetic_sydcoat_3
bd17262af6cdb5e6,j_cosmetic_sydcoat_8
1c2038015f9d8911,j_cosmetic_sydcoat_23
bd172f2af6cdc531,j_cosmetic_sydcoat_1
1c2037015f9d875e,j_cosmetic_sydcoat_22
1c2a27015fa5c0b3,j_cosmetic_sydcoat_10
1c2a2c015fa5c932,j_cosmetic_sydcoat_17
c3cec059410c5237,j_cosmetic_minipouch_02
bd172e2af6cdc37e,j_cosmetic_sydcoat_0
465397185fd6b8cc,j_cosmetic_goggles_01
1c2035015f9d83f8,j_cosmetic_sydcoat_20
1c2a2d015fa5cae5,j_cosmetic_sydcoat_16
c3cec159410c53ea,j_cosmetic_minipouch_01
c98d91ff294bd78c,j_cosmetic_lanyard_02_a
3e3eedf2c3936578,j_cosmetic_tourniquet_01
70cdfb69bdce4790,j_cosmetic_magpouch_03
70cdfd69bdce4af6,j_cosmetic_magpouch_01
70cdfc69bdce4943,j_cosmetic_magpouch_02
f6fff770e9d7d652,j_cosmetic_access_01
ad7c78fb93a53563,j_cosmetic_carabiner_01
2311e0ff3601d8c,j_cosmetic_ak_pouch_le
9e80503fdd96dabc,j_cosmetic_r_helmetflap_d
7ced882cf1f6a38e,j_cosmetic_bottle
602b9630202fb5f0,j_cosmetic_l_helmetflap_f
602b9d30202fc1d5,j_cosmetic_l_helmetflap_a
602b9830202fb956,j_cosmetic_l_helmetflap_d
602b9930202fbb09,j_cosmetic_l_helmetflap_e
af97f9a8b6a8ea13,j_cosmetic_belt
434f0228f02f27a4,j_cosmetic_gun
9e804d3fdd96d5a3,j_cosmetic_r_helmetflap_a
78d8bd5cd777a793,j_cosmetic_chainb
9e804f3fdd96d909,j_cosmetic_r_helmetflap_c
78d8bc5cd777a5e0,j_cosmetic_chainc
602b9730202fb7a3,j_cosmetic_l_helmetflap_g
9e804e3fdd96d756,j_cosmetic_r_helmetflap_b
78d8be5cd777a946,j_cosmetic_chaina
305a2960e166fbc9,j_cosmetic_flash_grenade
1e64e0ff32083a2,j_cosmetic_ak_pouch_ri
acea419843dc00a,j_cosmetic_crouch_straps_ri
b2448cfde6a384b2,j_cosmetic_ak_pouch
6f183d5d2fc32a18,j_cosmetic_pouch_rolled
16227d5dee563408,j_cosmetic_svd_pouch_02
fee2fd3061c02e70,j_cosmetic_flash_grenade_2
a75c41983f1cd94,j_cosmetic_crouch_straps_le
1622805dee563921,j_cosmetic_svd_pouch_01
833d3e36e65c4ee8,j_cosmetic_kneebag_02_a
9d68c536f53be10d,j_cosmetic_kneebag_01_a
8df15836ecffb316,j_cosmetic_kneebag_03_b
833d4136e65c5401,j_cosmetic_kneebag_02_b
8df15736ecffb163,j_cosmetic_kneebag_03_a
9d68c236f53bdbf4,j_cosmetic_kneebag_01_b
b93847c2fc8c65dc,j_cosmetic_sling_knife_02
b9384ac2fc8c6af5,j_cosmetic_sling_knife_01
b93845c2fc8c6276,j_cosmetic_sling_knife_04
655fd2576876042f,j_cosmetic_vest_bag_03
d7180344e9349eb2,j_cloth_simmesh_center3
d5582dbc8d08b077,j_cosmetic_slingbag
b93848c2fc8c678f,j_cosmetic_sling_knife_03
655fd1576876027c,j_cosmetic_vest_bag_02
f037679c0b710bf8,j_cosmetic_51
ca2a749cc6932696,j_cosmetic_hijab_a
ef44bdc34632d7b7,j_cosmetic_gypsy_bag_a
a7dc2bf2e421dfce,j_cosmetic_ar_pack_b
ca2a739cc69324e3,j_cosmetic_hijab_b
ef4484c3463276dc,j_cosmetic_gypsy_bag_8
2ae7def82daeaa1d,j_cosmetic_bag_b2
2ae7dbf82daea504,j_cosmetic_bag_b1
903e71bd0c49d33e,j_cosmetic_zip_d
2ae7ddf82daea86a,j_cosmetic_bag_b3
ef44bec34632d96a,j_cosmetic_gypsy_bag_b
ef4488c346327da8,j_cosmetic_gypsy_bag_4
903e72bd0c49d4f1,j_cosmetic_zip_e
ca2a729cc6932330,j_cosmetic_hijab_c
ef448ac34632810e,j_cosmetic_gypsy_bag_6
d01c4510d316b08c,j_cosmetic_backpack_zip
1baa42fda0e1219c,j_helmet_hide
ef44bfc34632db1d,j_cosmetic_gypsy_bag_c
a7dc2af2e421de1b,j_cosmetic_ar_pack_a
ef448ec3463287da,j_cosmetic_gypsy_bag_2
654c0d8adef919a,j_launcher_attach
702aee31ebd53998,j_cosmetic_grenade_pouch_e
702aeb31ebd5347f,j_cosmetic_grenade_pouch_h
59646ad6ac921c0f,j_cosmetic_glowstick_07
596469d6ac921a5c,j_cosmetic_glowstick_06
59646bd6ac921dc2,j_cosmetic_glowstick_04
702af031ebd53cfe,j_cosmetic_grenade_pouch_g
59646fd6ac92248e,j_cosmetic_glowstick_08
702af131ebd53eb1,j_cosmetic_grenade_pouch_f
596465d6ac921390,j_cosmetic_glowstick_02
59646cd6ac921f75,j_cosmetic_glowstick_05
702aef31ebd53b4b,j_cosmetic_grenade_pouch_d
702af431ebd543ca,j_cosmetic_grenade_pouch_c
596466d6ac921543,j_cosmetic_glowstick_03
c8bc45b41294f929,j_cosmetic_carabiner_c
9ce8df36638e06a5,j_cosmetic_pistol_mag_a
990ae31e10d34ba0,j_cosmetic_med_pouch_a
990ae61e10d350b9,j_cosmetic_med_pouch_b
990ae81e10d3541f,j_cosmetic_med_pouch_d
f81181a820aba45c,j_cosmetic_mag_pouch_b
9ce8dc36638e018c,j_cosmetic_pistol_mag_b
a5b6465267f95edf,j_cosmetic_small_pouch_c
f81184a820aba975,j_cosmetic_mag_pouch_a
a5b6485267f96245,j_cosmetic_small_pouch_a
c8bc46b41294fadc,j_cosmetic_carabiner_d
990ae51e10d34f06,j_cosmetic_med_pouch_c
a5b6455267f95d2c,j_cosmetic_small_pouch_b
30d93c4eabd6f8d8,j_cosmetic_mag_02
30d93f4eabd6fdf1,j_cosmetic_mag_01
96c4a91bbf0996d2,j_cosmetic_backpouchb
76ccc363dd15fa49,j_cosmetic_clips
255cf8cf01d1efaa,j_cosmetic_smokea
c08a305a83b1d01a,j_cosmetic_upper
96c4a81bbf09951f,j_cosmetic_backpoucha
255cf7cf01d1edf7,j_cosmetic_smokeb
1b03041cbea0fd4d,j_cosmetic_medical
89df950f9ef9f151,j_cosmetic_carabiner_rope_b
ebadf8b259262084,j_cosmetic_shemagh_b
89df920f9ef9ec38,j_cosmetic_carabiner_rope_a
ebadfbb25926259d,j_cosmetic_shemagh_a
77515e6581e9259b,j_cosmetic_cowl_leftd
77a313f4c8ead048,j_cosmetic_cowl_frontc
40bf01c738bda6f6,j_cosmetic_cowl_rightd
77a30ef4c8eac7c9,j_cosmetic_cowl_fronth
ac480e3cb76eaf44,j_cosmetic_lpoucha
1520f85a97084d56,j_cosmetic_caribeaner
77515d6581e923e8,j_cosmetic_cowl_lefte
34d143581d058d2d,j_cosmetic_waterbag
40bf03c738bdaa5c,j_cosmetic_cowl_rightb
e54cebd340dcf68d,j_cosmetic_techgear
77a31af4c8eadc2d,j_cosmetic_cowl_frontd
40bf06c738bdaf75,j_cosmetic_cowl_righta
7751616581e92ab4,j_cosmetic_cowl_lefta
40beffc738bda390,j_cosmetic_cowl_rightf
7751636581e92e1a,j_cosmetic_cowl_leftc
77a318f4c8ead8c7,j_cosmetic_cowl_frontf
7751646581e92fcd,j_cosmetic_cowl_leftb
77a319f4c8eada7a,j_cosmetic_cowl_fronte
77a317f4c8ead714,j_cosmetic_cowl_frontg
79c8c88d5e97f051,j_cosmetic_taperoll
40bf02c738bda8a9,j_cosmetic_cowl_righte
1c7fdcdc93b818cf,j_cosmetic_smoke
585293646d752081,j_cosmetic_lmedpack
77a314f4c8ead1fb,j_cosmetic_cowl_frontb
40bf04c738bdac0f,j_cosmetic_cowl_rightc
7751606581e92901,j_cosmetic_cowl_leftf
77a315f4c8ead3ae,j_cosmetic_cowl_fronta
855bf34d45911c2b,j_cosmetic_chemlight_c
855bf54d45911f91,j_cosmetic_chemlight_a
855bf24d45911a78,j_cosmetic_chemlight_b
532297ad9d4c6a3e,j_cosmetic_flashbang_a
9242865f3b5e0537,j_cosmetic_rope_b
855bf84d459124aa,j_cosmetic_chemlight_d
9242875f3b5e06ea,j_cosmetic_rope_a
855bf94d4591265d,j_cosmetic_chemlight_e
ff7a1e924bef3bd0,j_cosmetic_lropebagropecpin
89e5b6f87d9f3df4,j_cosmetic_sidecaribeanera
cd741994167bedfb,j_cosmetic_rclips
bdacd716a47f0eba,j_cosmetic_rcarabinerbglowstickb
b26c9c77eae91477,j_cosmetic_teargas
57759c20cd997c0d,j_cosmetic_smoke_grenadea
89771012637dd0cf,j_cosmetic_lcarabinerb
543918b758563fdf,j_cosmetic_small_bag_strap_le_c
89770f12637dcf1c,j_cosmetic_lcarabinerc
71145cb1ac2377ca,j_cosmetic_lropebagclip
7ca320744130427c,j_cosmetic_lcarabinerctape
a03eaa1d3aba99a,j_cosmetic_lropebagropef
14b17a2b1c7fd27d,j_cosmetic_lropebagc
89771112637dd282,j_cosmetic_lcarabinera
14b1792b1c7fd0ca,j_cosmetic_lropebagb
a4a39b859e2a92c,j_cosmetic_rcarabinera
8ecce8d437e4650f,j_cosmetic_lcarabineraend
f2e5fc38ad3320a5,j_cosmetic_frontmed
a03e6a1d3aba2ce,j_cosmetic_lropebagropeb
e140b8c9526cf1dd,j_cosmetic_small_bag_strap_ri_c
6e5638aad1a18a39,j_cosmetic_lropebagbase
14b1732b1c7fc698,j_cosmetic_lropebagd
3a6e0e8ea293317b,j_cosmetic_rcarabinerbstringa
f6efc015104f19d4,j_cosmetic_backradio
ea2287cc73ed1f7e,j_cosmetic_comboxb
e87d18cab668ae8f,j_cosmetic_backradioa
3a6e0f8ea293332e,j_cosmetic_rcarabinerbstringb
f77b2e2925329ec3,j_cosmetic_small_bag_03pin
a03e8a1d3aba634,j_cosmetic_lropebagroped
bdacd616a47f0d07,j_cosmetic_rcarabinerbglowsticka
6c44623518f8198b,j_cosmetic_rcarabinerbstringbend
c9c298c08ce53d13,j_cosmetic_small_bag_handle
bdacd116a47f0488,j_cosmetic_rcarabinerbglowstickd
ab40a02a6bf866c8,j_cosmetic_rcarabinerbstringaend
a03e9a1d3aba7e7,j_cosmetic_lropebagropee
a03e7a1d3aba481,j_cosmetic_lropebagropec
bdacd816a47f106d,j_cosmetic_rcarabinerbglowstickc
54391ab758564345,j_cosmetic_small_bag_strap_le_a
e140b6c9526cee77,j_cosmetic_small_bag_strap_ri_a
a4a3cb859e2ae45,j_cosmetic_rcarabinerb
543917b758563e2c,j_cosmetic_small_bag_strap_le_b
14b1782b1c7fcf17,j_cosmetic_lropebaga
89770a12637dc69d,j_cosmetic_lcarabinerx
37c4339ec1a03ea1,j_cosmetic_fcarabiner
a03e5a1d3aba11b,j_cosmetic_lropebagropea
e140b7c9526cf02a,j_cosmetic_small_bag_strap_ri_b
501c27ae4e1c3e88,j_cosmetic_bag_zipper_04
6fece3a431d67025,j_cosmetic_pouch
501c2eae4e1c4a6d,j_cosmetic_bag_zipper_03
501c2cae4e1c4707,j_cosmetic_bag_zipper_01
501c2dae4e1c48ba,j_cosmetic_bag_zipper_02
2bf0d0f82e8fa6d5,j_cosmetic_bag_00
cc720e0615fff6d7,j_cosmetic_bakcpack_strap04_ri
70ce0069bdce500f,j_cosmetic_magpouch_06
c41d6dcbec5c669c,j_cosmetic_bakcpack_strap03_ri
70cdff69bdce4e5c,j_cosmetic_magpouch_07
9527bdd847848c0e,j_cosmetic_magflap_03
351da95f2b35fbe4,j_cosmetic_antenna_02
70ce0169bdce51c2,j_cosmetic_magpouch_05
2d6e0e4d367d104d,j_cosmetic_chemlight_01
6fc7fb816a580944,j_cosmetic_backpack_toploop_01
cc8626061610c8a9,j_cosmetic_bakcpack_strap04_le
70ce0569bdce588e,j_cosmetic_magpouch_09
9527bed847848dc1,j_cosmetic_magflap_02
70ce0669bdce5a41,j_cosmetic_magpouch_08
70ce0269bdce5375,j_cosmetic_magpouch_04
9c4301dc5e04d620,j_cosmetic_bakcpack_strap01_le
9c8029dc5e38c836,j_cosmetic_bakcpack_strap01_ri
ee4151d24c2b8377,j_cosmetic_bakcpack_strap02_le
351dac5f2b3600fd,j_cosmetic_antenna_01
70ca7869bdcb3320,j_cosmetic_magpouch_10
c42445cbec624152,j_cosmetic_bakcpack_strap03_le
2d6e0b4d367d0b34,j_cosmetic_chemlight_02
571f70f30baeba00,j_cosmetic_bakcpack_main
6fc7fe816a580e5d,j_cosmetic_backpack_toploop_02
ee0469d24bf7fe21,j_cosmetic_bakcpack_strap02_ri
9527bbd8478488a8,j_cosmetic_magflap_01
544a08638c4d4efd,j_cosmetic_pouches_c_03
f7f6be0845f4f71d,j_cosmetict_magpouch_ar_1_closed_a
43451728f026f6ce,j_cosmetic_gps
544a06638c4d4b97,j_cosmetic_pouches_c_01
544a07638c4d4d4a,j_cosmetic_pouches_c_02
f0635d61fbb575cd,j_cosmetic_back_pouch_molle
428786cabf93ef28,j_cosmetic_flash_pouch
f7f6bb0845f4f204,j_cosmetict_magpouch_ar_1_closed_b
ce442782eb275f84,j_cosmetic_milsim_west_bag_01
ce442a82eb27649d,j_cosmetic_milsim_west_bag_02
41c3909f579a19ef,j_cosmetic_backpack_zipper_a
9d36ba6dcf10bf56,j_cosmetic_carabiner_backpack
ce442882eb276137,j_cosmetic_milsim_west_bag_00
41c3919f579a1ba2,j_cosmetic_backpack_zipper_b
ce442982eb2762ea,j_cosmetic_milsim_west_bag_03
8659b868ca10fce0,j_cosmetic_flashbang_pouch_01
d52ba34e322d29b4,j_hair2
5d0e7628feb37aa0,j_cosmetic_bag
76ef7bfc9b5b0be5,j_cosmetic_flippers
7bffef5fe3d66b58,j_cosmetic_vest_strap_b
d52b9e4e322d2135,j_hair9
d984a0ac659d48,j_cosmetic_strap
665a92df42c6d634,j_hair11
2d347ed66a51cb1,j_cosmetic_flipper_bb
665a95df42c6db4d,j_hair12
d52b9d4e322d1f82,j_hair8
478226852e834b6b,j_cosmetic_strap_clip
3178b429ca320f71,j_cosmetic_vest_strap
d52ba04e322d249b,j_hair7
d52ba14e322d264e,j_hair4
40c8b5a36fce996d,j_cosmetic_pistol_pouch
74764a3bfc1dc950,j_cosmetic_flipper_a
d52ba24e322d2801,j_hair5
a54e7cda83f0cd4e,j_hair
49e34700e6d29610,j_cosmetic_vest
7406a13877b40acf,j_cosmetic_id_pouch
a62ae6246fbb2e6a,j_cosmetic_rope
7bfff25fe3d67071,j_cosmetic_vest_strap_a
d52ba44e322d2b67,j_hair3
74764d3bfc1dce69,j_cosmetic_flipper_b
2fa86f7c462995c7,j_cosmetic_helmet_1
2c954ed669cde43,j_cosmetic_flipper_aa
d52ba64e322d2ecd,j_hair1
665a93df42c6d7e7,j_hair10
92bfa612ba9e46ae,j_cosmetic_tank
d52b9f4e322d22e8,j_hair6
b764c55e5c89adce,j_cosmetic_crotchbag_b
b764c45e5c89ac1b,j_cosmetic_crotchbag_a
3a09660d438f19da,j_cosmetic_buttbag_b
3a09650d438f1827,j_cosmetic_buttbag_a
3a09670d438f1b8d,j_cosmetic_buttbag_c
b764c65e5c89af81,j_cosmetic_crotchbag_c
b764c75e5c89b134,j_cosmetic_crotchbag_d
cd23f744a53047b3,j_cosmetic_flash_bang_a
9eb54a832ffd27bb,j_cosmetic_control
cd23f844a5304966,j_cosmetic_flash_bang_b
d3d49fe66dd80ad2,j_cosmetic_sword_b
d3d49ee66dd8091f,j_cosmetic_sword_a
2e7ecd373598e16e,j_cosmetic_fanny_pack_a
1f85a714583fc320,j_cosmetic_ar_mag_hard_leg_a
61b06cf8e4f2d5f9,j_cosmetic_pouch_large_a
dcba65563c04384b,j_cosmetic_ar_mag_hard_a
488c8a82fde8493d,j_cosmetic_dropleg_a
926706ddb8f6bc45,j_cosmetic_radio_antena_c
27f859f9f5a6d874,j_cosmetic_pistol_mag_pouch_b
7ab1810c325fe327,j_cosmetic_price_bag_strap_le
3597464e78ec2e77,j_cosmetic_price_bag_zipper_03
6535fddeb51f1414,j_cosmetic_radio_pouch_b
dcba67563c043bb1,j_cosmetic_ar_mag_hard_c
dcba66563c0439fe,j_cosmetic_ar_mag_hard_b
68c4d2be4aedd30b,j_cosmetic_price_bag_00
7ae1590c3288c2f1,j_cosmetic_price_bag_strap_ri
66974d09e1bf27b6,j_cosmetic_tape_a
3597454e78ec2cc4,j_cosmetic_price_bag_zipper_02
68c4d4be4aedd671,j_cosmetic_price_bag_02
27f85cf9f5a6dd8d,j_cosmetic_pistol_mag_pouch_a
2509e4518986268,j_cosmetic_flashbang_pouch_c
926704ddb8f6b8df,j_cosmetic_radio_antena_a
d89a22ca81ff5948,j_cosmetic_incen_grenade_a
68c4d3be4aedd4be,j_cosmetic_price_bag_03
3597434e78ec295e,j_cosmetic_price_bag_zipper_04
653600deb51f192d,j_cosmetic_radio_pouch_a
3a8f92dcde530893,j_cosmetic_dump_pouch_rolled_a
3597484e78ec31dd,j_cosmetic_price_bag_zipper_01
250a045189865ce,j_cosmetic_flashbang_pouch_a
9266ffddb8f6b060,j_cosmetic_radio_antena_d
926705ddb8f6ba92,j_cosmetic_radio_antena_b
2509f451898641b,j_cosmetic_flashbang_pouch_b
68c4d1be4aedd158,j_cosmetic_price_bag_01
1fefb8fd014c841,j_cosmetic_gear
736c3ad0905195d9,j_cosmetic_medpack
add7cc03aecd2b1,j_cosmetic_smokering
71c71f9c448792e3,j_cosmetic_wire_pin
25375ecd280b7dc7,j_cosmetic_wire_01
cc4f5731764c18b6,j_blade_ankle_le
253760cd280b812d,j_cosmetic_wire_03
253759cd280b7548,j_cosmetic_wire_04
1132f4ca96ec10be,j_cosmetic_tape_03
25375fcd280b7f7a,j_cosmetic_wire_02
c5ae1c047ccae23e,j_blade_ball_le
8bb87464ef1f9e4a,j_cosmetic_combox_01
882b29ecb6746d7e,j_cosmetic_ziptie_04
8da827703a24acfd,j_cosmetic_securitypass_01
f6d51eb4bd636f1b,j_cosmetic_carabine_01
391c1fa4e1980a4c,j_cosmetic_glasses_01
72ece514db572621,j_cosmetic_boots_ri_1
e3ec8a3bd8e067b,j_cosmetic_boots_le_1
777fa1925c5c6bd1,j_cosmetic_puffyjacket_hood
e3ec9a3bd8e082e,j_cosmetic_boots_le_2
50869c9abbfc1fc6,j_cosmetic_jacket_le
72ece214db572108,j_cosmetic_boots_ri_2
502ebc9abbb1e050,j_cosmetic_jacket_ri
e38f98d43a19cfe8,j_cosmetic_puffyjacket_le
e39670d43a1faa9e,j_cosmetic_puffyjacket_ri
4cfeca2fe9b9e3b3,j_cosmetic_scarf
1e646ef522d7958b,j_cosmetic_mag_pouches_c
aa3b9f855de88333,j_reargilly_a_le
372cbf40287d775c,j_frontgilly_c_le
f7ce835f52c66f22,j_reargilly_d_le
2d42a30b2382ddb2,j_frontgilly_e_le
280482e4b259e3d3,j_sidegilly_b_ri
2d3bcb0b237d02fc,j_frontgilly_e_ri
ccfa52cb6979842a,j_sidegilly_a_le
aa50cf855dfb30cd,j_reargilly_a_ri
fab08ede4fd51238,j_sidegilly_c_le
a46ef5246a451b,j_sidegilly_d_le
5163cf66f0e4f307,j_reargilly_e_le
441af166e2fa6d7,j_frontgilly_d_le
8177cf90a8c937a2,j_reargilly_b_ri
404c7166dfc2181,j_frontgilly_d_ri
32dac32e7b4d9668,j_frontgilly_a_ri
27c6a2e4b224b915,j_sidegilly_b_le
826ef5244d5eb5,j_sidegilly_d_ri
32fcb32e7b6a619e,j_frontgilly_a_le
8db4eb47c404c4b7,j_frontgilly_b_ri
cd2a6acb69a2d0b4,j_sidegilly_a_ri
fa4aa6de4f7e87ce,j_sidegilly_c_ri
f8346b5f531cf98c,j_reargilly_d_ri
aed9a3970b5a1039,j_reargilly_c_le
5193a766f10dd2d1,j_reargilly_e_ri
fec5a2effcd16dd6,j_sidegilly_e_le
af31cb970ba4ca07,j_reargilly_c_ri
8dc90347c4159689,j_frontgilly_b_le
fed982effce1e080,j_sidegilly_e_ri
374eaf40289a4292,j_frontgilly_c_ri
81c29f90a908d18c,j_reargilly_b_le
5b15f1a1af60d453,j_cosmetic_wire_clav_pc_02
24c7e42b38a6be45,j_cosmetic_helmet_03
f9b747bf3abf62a9,j_cosmetic_kneebag_05
24c7e22b38a6badf,j_cosmetic_helmet_01
f9b749bf3abf660f,j_cosmetic_kneebag_03
f9b746bf3abf60f6,j_cosmetic_kneebag_04
f9b748bf3abf645c,j_cosmetic_kneebag_02
f9b752bf3abf755a,j_cosmetic_kneebag_08
f9b744bf3abf5d90,j_cosmetic_kneebag_06
f9b74bbf3abf6975,j_cosmetic_kneebag_01
24c7e32b38a6bc92,j_cosmetic_helmet_02
f9b745bf3abf5f43,j_cosmetic_kneebag_07
f037699c0b710f5e,j_cosmetic_53
f0376a9c0b711111,j_cosmetic_52
aaa75cf9d777cd5b,j_groinbag
a5748b6537714458,j_hair5_dr
a574996537715c22,j_hair5_dl
a5639b653762ec55,j_hair5_cl
a5638d653762d48b,j_hair5_cr
3f65e3bbb9f47048,j_cosmetic_spinelower_backtip_le_new
6a1f1a4cd455032f,j_cosmetic_spinelower_backsidetip_le_new
9d5331836004bded,j_cosmetic_spinelower_frnttip_le_new
e8b904f9436b7689,j_cosmetic_spinelower_frnt_le
775f2e584197d21d,j_cosmetic_spinelower_backsidetip_ri_new
e8a4ecf9435aa4b7,j_cosmetic_spinelower_frnt_ri
de3c44f89f1651df,j_cosmetic_spinelower_frnttip_ri_new
7d2eab028b1f1522,j_cosmetic_spinelower_backtip_ri_new
69845f1780c50985,j_proc_hood
81639d827faf044a,j_cloth_jacket_04
81639e827faf05fd,j_cloth_jacket_05
81639b827faf00e4,j_cloth_jacket_06
81639a827faeff31,j_cloth_jacket_01
816397827faefa18,j_cloth_jacket_02
816398827faefbcb,j_cloth_jacket_03
c9f2e6002b17ce0a,j_cloth_simmesh_60
c9f2e3002b17c8f1,j_cloth_simmesh_65
c9f2e2002b17c73e,j_cloth_simmesh_64
c9f2e4002b17caa4,j_cloth_simmesh_62
c9f2e5002b17cc57,j_cloth_simmesh_63
c9f2e0002b17c3d8,j_cloth_simmesh_66
c9f2e7002b17cfbd,j_cloth_simmesh_61
c9f2e1002b17c58b,j_cloth_simmesh_67
f0376b9c0b7112c4,j_cosmetic_55
f0376c9c0b711477,j_cosmetic_54
f0376e9c0b7117dd,j_cosmetic_56
94f9325eda1aec73,j_cloth_thigh_ri_01
43b0eff034a72f97,j_frnt_cloth_simmesh_44
72b73b3f834cbff4,j_cloth_thigh_le_02
904fd2e90248e258,j_frnt_cloth_simmesh_center2
43b469f034aa34bc,j_frnt_cloth_simmesh_38
43b0ecf034a72a7e,j_frnt_cloth_simmesh_43
94f9335eda1aee26,j_cloth_thigh_ri_02
72b73c3f834cc1a7,j_cloth_thigh_le_03
904fd5e90248e771,j_frnt_cloth_simmesh_center1
72b73e3f834cc50d,j_cloth_thigh_le_01
94f9345eda1aefd9,j_cloth_thigh_ri_03
43b0eaf034a72718,j_frnt_cloth_simmesh_41
5b15f2a1af60d606,j_cosmetic_wire_clav_pc_01
fbe697cffc7d71af,j_cosmetic_vest_upper
ac96cf115686476a,j_cosmetic_wire_clav_01_a
a547ba1152c461bb,j_cosmetic_wire_clav_02_a
e776e0d7ce13ef29,j_cosmetic_chest_knife
6d6fc03769097082,j_cosmetic_vest_lower
1a7c8f6dc45fca28,j_cosmetic_radio_pouch_02
1a7c926dc45fcf41,j_cosmetic_radio_pouch_01
7c25a62baca984ea,j_cosmetic_pistol_mags
1a7c906dc45fcbdb,j_cosmetic_radio_pouch_03
65f9c8371a589a4,j_cosmetic_med_pouch
1a7c956dc45fd45a,j_cosmetic_radio_pouch_04
c96891e741ed7738,j_cosmetic_cloth_bag_04
c96898e741ed831d,j_cosmetic_cloth_bag_03
882b2aecb6746f31,j_cosmetic_ziptie_05
c96893e741ed7a9e,j_cosmetic_cloth_bag_06
882b2cecb6747297,j_cosmetic_ziptie_03
c96892e741ed78eb,j_cosmetic_cloth_bag_05
596470d6ac922641,j_cosmetic_glowstick_09
59676dd6ac9456ff,j_cosmetic_glowstick_10
9c21a38e7e78595d,j_cloth_simmesh_right1_1
82e883ac1683ec9c,j_cloth_simmesh_right2
b057f9c9c3ea1334,j_cloth_simmesh_left1
e0b6e2e082827ede,j_cosmetic_scarf_right
f7c63ef0509fe545,j_cosmetic_scarf_left
8944358e735900b3,j_cloth_simmesh_right3_1
82e886ac1683f1b5,j_cloth_simmesh_right1
181450923e26db0d,j_cosmetic_scarf_center
1a4ad28e6292209c,j_cosmetic_legbag
b057fcc9c3ea184d,j_cloth_simmesh_left2
81f59c8e6f97edb8,j_cloth_simmesh_right2_1
c81d7679f1ca8e8b,j_cosmetic_thread_tapes_02
c81d7a79f1ca9557,j_cosmetic_thread_tapes_06
c81d7c79f1ca98bd,j_cosmetic_thread_tapes_04
c81d7579f1ca8cd8,j_cosmetic_thread_tapes_03
c81d7b79f1ca970a,j_cosmetic_thread_tapes_05
c81d7779f1ca903e,j_cosmetic_thread_tapes_01
1d0c130ee5e210d4,j_proc_tapes
335293d0d6a61ec3,j_cosmetic_gloves_02
335292d0d6a61d10,j_cosmetic_gloves_03
335299d0d6a628f5,j_cosmetic_gloves_04
335294d0d6a62076,j_cosmetic_gloves_01
14542af30eee9554,j_pelvishelpertip_ri
23903cba70ac5a9b,j_proc_radio_base_le_02
a652df246fdc7499,j_cosmetic_roll
7b24ebfd3961d595,j_proc_radio_base_ri_02
20d075dea60bb83b,j_cosmetic_grenade_02
f6462f04b20977f5,j_proc_radio_buff_ri_02
b3155aee833475b,j_cosmetic_backbag_07
3c62bbfca432ed68,j_cosmetic_bagrstrap
e1acd363ef339532,j_cosmetic_baglstrap
dd65cb06302c890,j_cosmetic_lstrap
6c9bc0d5f669ef0a,j_cosmetic_rstrap
d1e2908515d47749,j_cosmetic_butbag
46d2cb33da91f04d,j_bangs_1
a8999e5fb8bb018c,j_ponytail_1
42058683829ec69c,j_sidelock_3
46d2c833da91eb34,j_bangs_2
46d2c933da91ece7,j_bangs_3
42058783829ec84f,j_sidelock_2
a899a15fb8bb06a5,j_ponytail_2
42058883829eca02,j_sidelock_1
a899a05fb8bb04f2,j_ponytail_3
46d2c633da91e7ce,j_bangs_4
d7fb1d12b0632f36,j_skirt_ri_fr_end
ccb46df047830531,j_skirt_ri_end
fc95f52f2362a40b,j_skirt_ri
882d6d11db02114a,j_cat_ri
42058583829ec4e9,j_sidelock_4
d9680e08c2c62940,j_strap_ri_1
d9681308c2c631bf,j_strap_ri_4
d9681008c2c62ca6,j_strap_ri_3
4c0e50966c6f2807,j_strap_le_2
d9681108c2c62e59,j_strap_ri_2
8109ba1877128367,j_skirt_le_ba
4aca0d924d599733,j_skirt_le_end
87d58d11dab7d1d4,j_cat_le
4c0e4f966c6f2654,j_strap_le_3
fc620d2c1a1d7fa1,j_skirt_ri_ba
a0a9237e304ab548,j_skirt_le_fr_end
fcfc252f23b9a8cd,j_skirt_le
4c0e51966c6f29ba,j_strap_le_1
58b960b51a7931c1,j_cosmetic_antenna
d21bc0080df09e43,j_cosmetic_wire
3aeebf5b5431d6a,j_cosmetic_bphandle
2011aae31b5846c2,j_cosmetic_mags
cca4ebe9e3e12d3b,j_ammobelt8
341b960c685bfc7f,j_proc_clav_placer_le
b2dc100c9b27c5a7,j_proc_par_neckguard_ri
b283e80c9add0bd9,j_proc_par_neckguard_le
f949e92529083ec1,j_proc_neckguard_le
f96be1252925178f,j_proc_neckguard_ri
3481be0c68b2f3a9,j_proc_clav_placer_ri
1fc6d6c2ee9a1860,j_proc_par_backneckguard
30a5c43727c84468,j_proc_backneckguard
efec4bd8e9cb41d7,j_cosmetic_ar1_camelback_lstrapd
e7da433de03b0b4c,j_cosmetic_tacticalgear
3e4a653a63d09dd4,j_cosmetic_ar1_camelback_handlea
a45ffc1db1eec11e,j_cosmetic_ar1_upperpouch
efec46d8e9cb3958,j_cosmetic_ar1_camelback_lstrapa
52d2e0256d81d8ce,j_cosmetic_ar1_comsradio
b42f5c873bf3598b,j_cosmetic_ar1_camelback_rstrapb
b42f61873bf3620a,j_cosmetic_ar1_camelback_rstrape
5492ec9fd7633996,j_cosmetic_ar1_camelback
efec49d8e9cb3e71,j_cosmetic_ar1_camelback_lstrapb
b42f5d873bf35b3e,j_cosmetic_ar1_camelback_rstrapa
efec48d8e9cb3cbe,j_cosmetic_ar1_camelback_lstrapc
b42f62873bf363bd,j_cosmetic_ar1_camelback_rstrapd
efec4ad8e9cb4024,j_cosmetic_ar1_camelback_lstrape
b42f5b873bf357d8,j_cosmetic_ar1_camelback_rstrapc
41dd9b56e99e856a,j_flap_proc
f53af63b594da776,j_cosmetic_ar2_armorflap
acacaabfde47f6d5,j_cosmetic_ar2_radio
460681c502ce4eef,j_cosmetic_ar2_comsradio
e7db9618140582b7,j_cosmetic_ar2_camelback
9c7379bc93a9d36c,j_cosmetic_cqc1_camelback
7730b9f80a5ecb4,j_cosmetic_cqc1_upperpouch
dc0329a6dab25c82,j_cosmetic_cqc1_bage
ef8e0e0a2082cb86,j_cosmetic_cqc1_radio
dc0323a6dab25250,j_cosmetic_cqc1_bagc
dc032aa6dab25e35,j_cosmetic_cqc1_bagd
dc0325a6dab255b6,j_cosmetic_cqc1_baga
dc0324a6dab25403,j_cosmetic_cqc1_bagb
52c493992577e810,j_cosmetic_cqc1_comsradio
b4bb1c019f6d2d2d,j_cosmetic_cqc2_comsradio
8929edee1f1ef9aa,j_cosmetic_cqc2_bloodbag
a35aa368049352a7,j_cosmetic_cqc2_radio
8c07ad2df311220f,j_cosmetic_cqc2_pouch
496ced50857f2890,j_cosmetic_camelbackrmidstrapend
808db15f37bd16a,j_cosmetic_camelbacklmidstrapend
1f38292250cfabe7,j_cosmetic_camelbackrropestrapb
477c10be49b39f5b,j_cosmetic_radioantdend
7ef730e028cf7a63,j_cosmetic_camelbackltopstrapend
fa151ea2cb7999c,j_cosmetic_camelbackend
4988162bd021ccb4,j_cosmetic_camelbackrropestrapbend
84023079a1c5643a,j_cosmetic_caribeener
9ae4636ddb007177,j_cosmetic_radioantc
578cab73ef8f97d5,j_cosmetic_camelbacklropestrap
e61f44dfc47b9267,j_cosmetic_camelbackrstrap
9ae4606ddb006c5e,j_cosmetic_radioantd
1b6ab9b53677bb7d,j_cosmetic_camelbackrtopstrapend
c6568ec65f40f34c,j_cosmetic_camelbackrropestrapend
9ae4626ddb006fc4,j_cosmetic_radioantb
ef52d1237e431c16,j_cosmetic_taperollend
e5feb6ff4f7e867,j_cosmetic_caribeenerend
f25d6494fe452b82,j_cosmetic_camelbacklstrapend
9ae4656ddb0074dd,j_cosmetic_radioanta
791199a2d450677d,j_cosmetic_camelbacklstrap
79b1bc6ba95bfb26,j_cosmetic_camelbackltopstrap
a081aaf4f5bb3c86,j_cosmetic_camelbackhandleend
a3c9f618cbcf0a9f,j_cosmetic_camelbackrropestrap
80b157f188ae7b63,j_cosmetic_camelbackrmidstrap
4af3427a95ec8205,j_cosmetic_camelbacklmidstrap
608381a2273902c3,j_cosmetic_radio_end
d59516e1ed6c0121,j_cosmetic_camelbackhandle
336f2633a027c434,j_cosmetic_camelbackrstrapend
e6ca7a45f52feb4f,j_cosmetic_camelback
425270be3da99a38,j_cosmetic_camelbackrtopstrap
3c2fe31388155c88,j_cosmetic_hood_le_01
24e05d1df494a83a,j_cosmetic_hood_ri_01
3741a39cd79bdf16,j_thighbagbag
fdd3f8e6ec5ce00e,j_rtopbackbag
b137e13010eb47f0,j_chainc
b137ec3010eb5aa1,j_chainh
3bc6c39f7ecc31af,j_fannypack
4d756daf0858c170,j_chainhpin
3a21f3c32cdecce6,j_caribeaner
5ef0330474f89bf1,j_fannypackd
aa5a275da96339c7,j_teargas
b137e33010eb4b56,j_chaina
5ef0360474f8a10a,j_fannypacka
e686bcab528163b0,j_thighbag
b137e63010eb506f,j_chainf
7c00d246220bddd9,j_ropecoil
5689d05a01fbd911,j_cuffa
b137e53010eb4ebc,j_chaing
1ea87017272b3f5f,j_smoke
f5c899f973f5571d,j_glowstickb
5ef0340474f89da4,j_fannypackc
bdb25d3018cb3f94,j_thighbagstrapb
3d720499370a58ca,j_smokestring
a67dbba53e958965,j_caribeanera
3467a6e608b4fbcb,j_groinb
2cbda18558998239,j_chainepin
b137e73010eb5222,j_chaine
3a6fe2e721f71385,j_glowstringa
a67db8a53e95844c,j_caribeanerb
3f98200aca8b133c,j_shades
8d3c269441898259,j_lbackbag
c114c3a77c74dbdd,j_lbackbagstrap
561c82b6a6f6521d,j_tacgear
f5c896f973f55204,j_glowsticka
46788d65e7365398,j_combox
1a0132379dbff530,j_rtopbackbagstrap
2ba36d6dde661f97,j_rbackbagstrap
a67db9a53e9585ff,j_caribeanerc
f52c3d27e150b01b,j_comboxa
d02a293ffd0f5f5b,j_helmetstrap
68e4328b20116d8d,j_radio
b137e23010eb49a3,j_chainb
bdb2603018cb44ad,j_thighbagstrapa
5ef0350474f89f57,j_fannypackb
5689cd5a01fbd3f8,j_cuffb
b137e83010eb53d5,j_chaind
5ef0320474f89a3e,j_fannypacke
11a3702195bde91d,j_tapea
3467a7e608b4fd7e,j_groina
70875a9753345d46,j_dynamichelmet
3a6fdfe721f70e6c,j_glowstringb
5ef0310474f8988b,j_fannypackf
604b827d11d48ff7,j_rbackbag
d5e606f9eff1c558,j_groinend
9b294104c4a13270,j_backpack
fae7ea159e7f6732,j_crowbar
7887fb74bbca2dfb,j_cosmetic_mini_carabiner
b075f2466f884e21,j_cosmetic_electrical_tape
8b7102b205f844a3,j_cosmetic_desert_back
55c4381a4c2c1e59,j_pullstrap
f97ad570a80498e4,j_maskstrap_ri
f9b7fd70a8388afa,j_maskstrap_le
ad7e821fce833ffe,j_nvg_2
5ada25766270c531,j_dynamic_r_hairlockc
b59518946d48a5d,j_dynamic_l_fronthairlockd
d77e26cd7dc3e259,j_dynamic_r_fronthairlockb
d77e25cd7dc3e0a6,j_dynamic_r_fronthairlockc
b594b8946d4802b,j_dynamic_l_fronthairlockb
b594a8946d47e78,j_dynamic_l_fronthairlockc
fe1cc40d8c637b6,j_dynamic_l_hairlockd
ff86039e77d632e3,j_dynamic_rear_hairlocka
5ada23766270c1cb,j_dynamic_r_hairlocka
fe1d140d8c64035,j_dynamic_l_hairlocka
b594c8946d481de,j_dynamic_l_fronthairlocka
5ada24766270c37e,j_dynamic_r_hairlockb
fe1ce40d8c63b1c,j_dynamic_l_hairlockb
ff86059e77d63649,j_dynamic_rear_hairlockc
d77e28cd7dc3e5bf,j_dynamic_r_fronthairlockd
d77e23cd7dc3dd40,j_dynamic_r_fronthairlocka
fe1cf40d8c63ccf,j_dynamic_l_hairlockc
ff86049e77d63496,j_dynamic_rear_hairlockb
5ada26766270c6e4,j_dynamic_r_hairlockd
d80daef223b4f995,j_dynamic_hairbase
c3a31751ee23fdb2,j_cosmetic_hair_5
c3a31651ee23fbff,j_cosmetic_hair_6
a8999b5fb8bafc73,j_ponytail_4
c56e84692397b5e4,j_mayhem_sidelock_1
c56e86692397b94a,j_mayhem_sidelock_3
f8ab3089506972f0,j_wristtwist_ri
7801cdd66d8a5166,tag_guy07
ffc23ae2a50cf38b,j_pack6
44dc1dc8dfca26ea,j_back_equip_end_le
29bc04a28632b5ba,tag_driver
7801d8d66d8a6417,tag_guy08
9ce58be8fc5d1478,tag_barrel
f72106e4d22979be,tag_barrel2
724a1ccd46ed3814,tag_turret2
7eab7353fbb1452c,tag_ik_target_left
7801cfd66d8a54cc,tag_guy01
ffc23ce2a50cf6f1,j_pack4
6d253af258b51904,tag_passenger
cb0cda3cf70f249d,tag_ik_target_left_foot
9e051f81e9b3c002,j_pistol_grip
bd0ee5c3304134c1,j_pants_hang
cc2d775444800621,j_back_equip_end_le1
7801d2d66d8a59e5,tag_guy02
ffc23fe2a50cfc0a,j_pack1
e3d2e1ec60ee0fde,j_spine3
2a2061caef9c9d52,j_legextra_le
7801d1d66d8a5832,tag_guy03
ffc23ee2a50cfa57,j_pack2
87372beffefb16a5,j_spade_end
71170b0b4c6e63bf,j_spade
569d0c5c14834a52,tag_ik_target_right_foot
7801cbd66d8a4e00,tag_guy05
f903108950b3b266,j_wristtwist_le
d4400dbb2c1df199,tag_ik_target_right
e3d2e2ec60ee1191,j_spine2
6ccab538611391af,tag_wheel_middle_left
cc29cb5a1dbaf9a0,tag_wheel_middle_right
7801ccd66d8a4fb3,tag_guy04
129b332571c571c7,tag_engine_right
625423169e7e1e2f,tag_walker3
1b4a4cab8b47c20d,j_elbow_bulge_le
470351b9172ecce5,j_toeend_ri
46b951b916f0946b,j_toeend_le
2a1989caef96c29c,j_legextra_ri
7801ced66d8a5319,tag_guy06
ffc23be2a50cf53e,j_pack5
e7c47a529413201,j_gasmask_end
840ae74809f9ceda,tag_engine_left
4ff2581b3e79b493,tag_playerride
d627ca315bdc63fb,j_gasmask
4c78f1815b95dc84,j_legextra_le_end
ffc23de2a50cf8a4,j_pack3
e3d2dfec60ee0c78,j_spine1
67c2be9fb07efe3e,j_legextra_ri_end
1ae41cab8af0bd4b,j_elbow_bulge_ri
4dc336df777a7f3a,tag_hatch
e5e47ae2518c4856,j_back_equip_ri
e5a752e251585640,j_back_equip_le
a24e0a0531584fab,j_cover_03
1e807d882bfc6f5a,j_bullet_03
2b3f85dbc477db87,j_speaker
11910d0b768b61f5,j_grenade_frag_5
c7ced671e8c5d06b,j_armor_plate_2
1e8078882bfc66db,j_bullet_04
f0a6b5df4a492719,j_sonar_pulse_panel_4
c09f58083c3c3871,j_top
9aa4ba186ae02ae3,tag_cover_panel_04_dst
f46fe85880b47689,j_armor_box_top_buckle_2
5e59c08bce553f55,j_cover_right_04
44a557c94eabefb3,tag_cover_panel_08
1191060b768b5610,j_grenade_frag_2
eaa8143b09ad44b0,j_barrel_3
7e729dc8ea80e624,j_stake_right_02
262965c6761bb7fb,j_mag_556n_4
9d674fe3c216df40,j_latch
a24e090531584df8,j_cover_02
44a55ec94eabfb98,tag_cover_panel_01
509ab7ff9f545990,tag_cover_panel_05_dst
c7981e0afa7f37ac,tag_reticle_invis
d7e1142641d068dd,tag_cover_panel_02_dst
db50b741875c74f5,j_c4_clacker
eaa8163b09ad4816,j_barrel_1
337838a8fb9a4ea2,j_armor_box_bottom_handle_front
dfb690c41ed5d12e,j_support_box_top_metal_lock_right
26296bc6761bc22d,j_mag_556n_2
ba4cdb11ecc5bf26,j_button
19181e9b59f2183c,tag_stow_back_mid_attach
262968c6761bbd14,j_mag_556n_1
27b61043e763f771,j_armor_box_bottom_buckle_2
7063388796ddc220,tag_radar
1621b3d11c152282,tag_barrel_3
5e59ba8bce553523,j_cover_right_02
6b240cde63277555,j_support_box_top_metal_lock_left
1191070b768b57c3,j_grenade_frag_3
eaa8153b09ad4663,j_barrel_2
26296ac6761bc07a,j_mag_556n_3
fd96b51cffedb7f6,j_support_box_top_handle
13d9a45f8b63c067,tag_cover_panel_08_dst
5e59b98bce553370,j_cover_right_03
f0a6b7df4a492a7f,j_sonar_pulse_panel_2
b3e62e7d65dacca0,j_cover_left_04
44a562c94eac0264,tag_cover_panel_05
5f85e4cfc2cf653e,tag_glass_hip
926ae3da5019fbd5,j_c4_antenna
9fef72fac76ecab0,j_mag_762n_4
11910a0b768b5cdc,j_grenade_frag_6
c254ad18edb79e93,j_case_open
2805c91e0a1263f1,tag_base
482382245e79a3dc,j_pin_b
443e345e97541c,tag_cover_panel_01_dst
b3e6337d65dad51f,j_cover_left_01
ac279b86ef131028,tag_stow_back_mid_up
1621b4d11c152435,tag_barrel_2
9fef77fac76ed32f,j_mag_762n_1
f0a6b8df4a492c32,j_sonar_pulse_panel_1
5e59bb8bce5536d6,j_cover_right_01
576ce996ba24d12c,j_armor_box_bottom_handle_side_1
91085fbb2c2a9732,tag_flatten
11910c0b768b6042,j_grenade_frag_4
a24e0f053158582a,j_cover_04
81752d0b469f8b47,j_stake_center_02
34e7a82ff0623fc6,j_nebulizer
44a564c94eac05ca,tag_cover_panel_07
1621b1d11c151f1c,tag_barrel_1
9fef74fac76ece16,j_mag_762n_6
30a9d709e890a60f,j_armor_box_top
c7ced571e8c5ceb8,j_armor_plate_3
f0a6b4df4a492566,j_sonar_pulse_panel_5
bb69195dc3660ede,j_button_1
b3e6357d65dad885,j_cover_left_03
fb872cf95168bd1,tag_glass_ads
9fef79fac76ed695,j_mag_762n_3
f46fe55880b47170,j_armor_box_top_buckle_1
4bdb97af66b48b21,j_mag_pusher
44a565c94eac077d,tag_cover_panel_06
9dddfe100efcba1c,j_ring
27b60d43e763f258,j_armor_box_bottom_buckle_1
44a563c94eac0417,tag_cover_panel_04
9fef73fac76ecc63,j_mag_762n_5
6a27810666e3e491,j_barrel_2_mount
c7ced771e8c5d21e,j_armor_plate_1
f2d9fbde19e6d401,tag_cover_panel_06_dst
f0a6b6df4a4928cc,j_sonar_pulse_panel_3
57af535c1aaa67d4,j_barrel_1_mount
4044ed7446d8f2b9,j_support_box_top_buckle_right
262967c6761bbb61,j_mag_556n_6
c45bf8f26c238eef,j_rotator
c7cedc71e8c5da9d,j_armor_plate_4
1e807e882bfc710d,j_bullet_02
44a560c94eabfefe,tag_cover_panel_03
262964c6761bb648,j_mag_556n_5
10801d3cd6493a8f,j_support_box_top
bb69185dc3660d2b,j_button_2
eab4867a4f4c1888,j_dial
a5a9287a2842d673,j_dart
b3e6347d65dad6d2,j_cover_left_02
9fef78fac76ed4e2,j_mag_762n_2
1191090b768b5b29,j_grenade_frag_1
5881952f87f119cc,j_support_box_top_buckle_left
ce7f2df1a1806296,tag_cover_panel_07_dst
576cec96ba24d645,j_armor_box_bottom_handle_side_2
482385245e79a8f5,j_pin_a
253be293c3832093,j_stake_left_02
df63ffb968e4e32,tag_cover_panel_03_dst
a24e0c0531585311,j_cover_01
68022d7945eec972,j_barrel_3_mount
44a561c94eac00b1,tag_cover_panel_02
35c7496d118a40,j_empty_ammo_belt_01
8538f6861b22dd5,j_cosmetic_canteen_b
b8a95593bee39015,j_barrel_ring
c171bcaa1a7a2773,j_dummy_r_elbow
aded7787dfa52101,j_b_13
3427cd8722bc1fbf,j_dummy_gun_mag
80b2a11ac415a201,tag_laser_show2
34d6e1e8a429c6a7,j_cosmetic_groinpada
5402c02a0d5797ce,j_dummy_torso
e5120a4926a2dc1d,j_dummy_l_elbow
cb48a1a67734793b,j_dummy_r_ankle
a81b7bce40fcc0d0,j_cosmetic_databoxend
8451eb2a0207f7c4,j_cosmetic_pouch_b
adf07b87dfa75da4,j_b_07
6ded43ee6aece373,tag_optic_show
eaf6f4f0b27c9d68,j_dummy_chest
c8a097e8c083de3b,tag_phase
50e71e7dd678bda,j_cosmetic_pouch_closed
8538e6861b22c22,j_cosmetic_canteen_c
b64d92bc99c3220f,j_dummy_root
4ff6a5c138f5bd1d,j_dummy_gun_receiver
9cd735d422e7c082,j_dummy_l_shoulder
d84cc0d677f13034,j_dummy_r_shoulder
853886861b221f0,j_cosmetic_canteen_e
1ec03585392b4108,j_cosmetic_buttbag_nub_b
23bf3dc22f90c5af,j_dummy_stock
b4525dd00a1b2f5a,tag_grip_show2
50f78077b37f18e7,j_bipod_leg_01_lower
227f1b8630f26f5d,tag_grip_hide2
b64706f3adf136ae,j_bipod_leg_02_flap
aded7987dfa52467,j_b_15
9c46c7c9856074a3,j_cosmetic_databox
6579ac1921a63bc9,j_dummy_l_ankle
6b39bdbe962c6222,tag_mount_pivot
20b6051e3954c45a,j_bipod_leg_02_lower
adf07187dfa74ca6,j_b_09
39c433c82aa87cdd,j_dummy_l_knee
fd44211f0e2f4d6e,tag_riot_shield
fce78924a0e3d596,j_cosmetic_ragb
44e5ed44ea997823,j_pelvishelper_le
d5c021a3e0294500,j_ammo
8451ec2a0207f977,j_cosmetic_pouch_c
448ddd44ea4ee71d,j_pelvishelper_ri
adf07c87dfa75f57,j_b_06
fce78824a0e3d3e3,j_cosmetic_raga
55193e3b27a2f101,j_grip_ring
c5f56e6b424f5e7e,j_dummy_gun_stock
8e3b4e792b8e5918,j_cover_handle
aded7b87dfa527cd,j_b_17
58135d11541e4db,j_cover_lid
8538c6861b228bc,j_cosmetic_canteen_a
b573529d3dec9336,j_empty_ammo_top
85b3470b2e5de64,j_lid_rail
35ca496d118f59,j_empty_ammo_belt_02
a962814a7d8401f7,j_cosmetic_pouch_carabiner
2f544b9cf2f0f3a8,j_dummy_r_foot
14e476e7c3983a20,j_stock
aded7487dfa51be8,j_b_10
e791cf012427e9a5,j_dummy_r_hip
b5ab69036166ce03,j_mech_1
aded7587dfa51d9b,j_b_11
e21dc3303b2f5046,tag_elo
7fc6548e484123f,j_feed_tray
adf07287dfa74e59,j_b_08
de95760913fff1b3,j_dummy_r_knee
fce78a24a0e3d749,j_cosmetic_ragc
b5ab6a036166cfb6,j_mech_2
3a09600d438f0fa8,j_cosmetic_buttbag_d
51ac0f615ae14380,tag_stow_back_mid
aded7687dfa51f4e,j_b_12
4cb044359a0347fa,j_selector_02
cf7cfb465e2ad615,j_dummy_gun_muzzle
fb84a69bf2d5fa55,j_dummy_l_torso
eb4a10c7c23f96e6,j_bipod_leg_01_upper
80b2a01ac415a04e,tag_laser_show3
b8623e5ea315339b,j_dummy_l_hip
90211e62c876277d,j_cosmetic_groinpadtrgt
853896861b223a3,j_cosmetic_canteen_d
d0c29585d0078d6,j_dummy_l_foot
cbb11e9042e7eb3,tag_lense_top
53684e58d39eb584,tag_chassis_attach
1ec03885392b4621,j_cosmetic_buttbag_nub_a
91f99aa488dcdbdc,j_dummy_neck
34d6e2e8a429c85a,j_cosmetic_groinpadb
8aeb6e6e53427d11,j_riotshield_offset
16a4c17672d349e2,j_carrying_handle
aded7887dfa522b4,j_b_14
6cf7ed92c9b712c9,j_dummy_head
cdfbc7bf184cbd95,j_proc_groinpadb
8451e92a0207f45e,j_cosmetic_pouch_d
68d55e95ea1fa429,j_dummy_l_wrist
517fcd51472ba36,j_sight_f
fce78b24a0e3d8fc,j_cosmetic_ragd
b77cc637dae28a1c,tag_heartbeat
aded7a87dfa5261a,j_b_16
dedf7e745ef5ce9f,j_receiver_bolt
1c0fc004a9ae8335,tag_knife
8451ee2a0207fcdd,j_cosmetic_pouch_a
f7d48bd19e73fd25,j_cover_pin
e8e4b840c221760f,j_dummy_r_torso
9b23cfd47d5e2551,j_bipod_leg_01_flap
35c9496d118da6,j_empty_ammo_belt_03
131edfbfcc65bedf,j_dummy_r_wrist
6653abbfa9f60167,j_bipod_leg_02_upper
c53110e0403a48eb,j_lever_2
afbb97bb39febfe1,j_pill_1
4e0637fba1cc2d46,j_bandage_6_l
25c315b876fd304e,j_legs_02_upper_leg
59eaebc8f3a71e3d,j_tray_holder_01
fe6b231c6bc4e153,j_strap3_ri
68b2258ca9825df3,j_hinge_top_02_open_lod0shape_jnt
4f16a2eff8d8e5c9,j_projectile_03_base
43511afb9b2710ff,j_bandage_7_r
e425e608509b55d1,j_pen
efffde119c8ed867,j_pin_bend_up
c4744535610d7067,j_projectile_01_base
435130fb9b273661,j_bandage_7_l
33dabafb92ecac1f,j_bandage_5_l
2c9c3e04422c92fc,j_gate_02
4669295e2aebcf3f,j_bandage_4
33dad0fb92ecd181,j_bandage_5_r
1b786021b94de713,j_plunger_03
1aba5444214dfaa6,j_spring1
af05f3caf015634b,j_lamp_bracket
c208b2ed361c02ce,j_drill_1_arm
3c02e7fb9766ab56,j_bandage_4_r
85884d0a7ced1b24,j_drill_3_arm
d52c4327b63c6b56,j_strap4_le
432bdf6ed37a3153,j_rail_mid
c92a78ca71284457,j_pilot_chutebase
3127e7f22895bf01,j_strap5_base_le
3c02e1fb9766a124,j_bandage_4_l
59eae6c8f3a715be,j_tray_holder_04
fe2d431c6b8fb695,j_strap3_le
68ff258b20281f2e,j_radar
4e0651fba1cc5974,j_bandage_6_r
2c9c4104422c9815,j_gate_01
1b1a83382345e9b3,j_bunkerbuster_grenade
2b1ebe3a074d26b0,j_blade
e90f5babdca91166,tag_watch_fx
6bfadab32fd3fe30,j_canopy_left_back
f91da5e863c71380,j_pin_strip
efc5c2119c5d308c,j_pin_bend_dn
f12d54ae060e44ea,j_top_cap
7ac5e70e6de7d539,j_strap1_ri
df0c6a7fb5276497,j_canopy_right_front
1bafdbc5e20911cf,j_canopy_mid
afbb94bb39febac8,j_pill_2
46692a5e2aebd0f2,j_bandage_7
d0b1471608e9854e,j_strap2_ri
a361d2bcd8250830,j_lamp
59eae8c8f3a71924,j_tray_holder_02
292595fb8c478240,j_bandage_2_r
d399d96de4b34a0e,j_canopy_left_front
3fba2e9806cd366b,j_canopy_right_back
7195c0bd8012b61f,tag_reticle_attach_offhand
59eae9c8f3a71ad7,j_tray_holder_03
89679c2581750880,tag_cloth
fa32932d173fa261,j_needle_hub
4669245e2aebc6c0,j_bandage_1
c48961b78864f903,j_canopy_left_mid
ab74f6c608d5ebd3,j_bunkerbuster_grenade_casing
2925b3fb8c47b53a,j_bandage_2_l
1b785f21b94de560,j_plunger_02
d1d3ee3cedea6fa4,j_power_switch
1aba5344214df8f3,j_spring2
afbb95bb39febc7b,j_pill_3
7acbff0e6dec69af,j_strap1_le
d1172f1609400fb8,j_strap2_le
4791ac840be3c1f8,j_legs_03_lower_leg
c2ae91d031cf6da3,j_legs_02_lower_leg
22b07efb893f3ceb,j_bandage_3_r
b17e36167d949e51,j_antenna
d70b0f2cddd5429b,j_strap5_le
fd316fb7e1fee73,j_bandage_1_l
c01d19d87ce6f5d8,j_projectile_02_base
ed98cd4b15bb6149,j_pilot_chutebase_dynamic
4e84c44f745fde20,j_handle_top_ri
10f02f55b4837010,j_dead_silence_disc_1
dd2d04597fc304bb,j_pin_base
4669265e2aebca26,j_bandage_3
2228f4ab820f8e05,j_liquid1
ca590fcf96111786,j_drill_2
fd334fb7e20216d,j_bandage_1_r
c2462502ce642683,j_legs_01_upper_leg
bb7d4478c037f892,j_clip_bend
eb5770792f7a1615,tag_investigator_1
ca2cfbadd4d5bd1d,j_pill_bottle_cap
9514ace14c1dfa2a,j_tray_ri
3149dff228b297cf,j_strap5_base_ri
394d5371e4bfd1a5,j_crate
46692b5e2aebd2a5,j_bandage_6
1b786221b94dea79,j_plunger_01
249dc426b3618f1a,j_pilot_chute
f8e26e38c02fbbcb,j_canopy_mid_back
87e3d16f0e68ba03,j_ringpull
22b08cfb893f54b5,j_bandage_3_l
6ef98235a9aed289,j_legs_03_upper_leg
d6e90f2cddb85c35,j_strap5_ri
5b4b404b2743c4fe,j_bottom_cap
4eaeb64e8c1b84f2,j_projectile_04_base
4e6fe44f744db876,j_handle_top_le
4669285e2aebcd8c,j_bandage_5
4f5a5f1dfa4a9d1b,j_drill_2_arm
7cd04ec35c9249ea,j_canopy_right_mid
482383245e79a58f,j_pin_c
12160f92e8a47350,j_clip
e45c289aba739c77,j_canopy_mid_front
ca590ecf961115d3,j_drill_1
d5402327b64cde00,j_strap4_ri
1a8a2331312abc2,j_pin_bend_down
b4f4fba7c1f12a64,tag_spin
94bccce14bd3bab4,j_tray_le
4669275e2aebcbd9,j_bandage_2
ca5910cf96111939,j_drill_3
a372293cb8f949e2,j_legs_01_lower_leg
bd79ee854ce7afbd,tag_wick_fx
1621aed11c151a03,tag_barrel_4
2c42221a6124da34,j_string_48
a11a757dcd4720f0,j_toeout_1_le_prop
69275e7f1260ff47,j_military_shooting_target_base_01
ab1a99a49442343b,tag_claw_ri_prop
848711cdf228b35e,j_strap_16
848dfecdf22eb1c3,j_strap_33
848385cdf2258fa3,j_strap_68
3e420bd30210d257,j_string_126
9c442de6914c62d8,j_shothead
5a3d98f27b2edd36,j_strap_106
297fcf598208b39,j_index_ri_2_prop
b3922b292fac7b1b,j_cosmetic_hip
4418517fc5183183,j_knee_le_prop
3bb03494f6b6a2f6,j_craw_2_ri_prop
f6e900a4c5e83d61,j_elbow_ri_prop
84a206cdf23f6865,j_strap_93
99500fe43536381a,j_eyeball_ri_prop
5a47a8f27b374ceb,j_strap_134
5b746691f58b482a,j_shoulder_ri_prop
84870ccdf228aadf,j_strap_19
849104cdf230f1cc,j_strap_21
3e3efbd3020e8150,j_string_138
5a442af27b3440fa,j_strap_124
5a409ef27b311d3f,j_strap_112
2c421a1a6124cc9c,j_string_40
9679d94b944a5183,j_craw_1_ri_prop
c0971c6c897a8a33,j_toeout_2_ri_prop
efa94890a847e782,j_strap_3
849101cdf230ecb3,j_strap_24
80b947d28a68e7bc,j_pinky_le_2_prop
3e458fd30213e87a,j_string_110
c7471dba231f79f,j_exec_prop_smoke
5a4427f27b343be1,j_strap_121
5a409bf27b311826,j_strap_115
59e520f7beac9221,j_capsule
c241c98b6e05c89d,j_tail_4_prop
847cffcdf2204043,j_strap_42
84a1ffcdf23f5c80,j_strap_94
53456bd7130164ea,j_military_shooting_target_cart_wheel_01
845a14ed91726b51,j_toemid_2_ri_prop
5a2fa4f27b22b43e,j_strap_142
16a6690bf7045d12,j_index_ri_1_prop
847984cdf21d396b,j_strap_59
849100cdf230eb00,j_strap_25
5a4426f27b343a2e,j_strap_120
5a409af27b311673,j_strap_116
bd669dfe76729b51,j_ties
2c4c271a612d3738,j_string_75
4db7705b02fbe23d,j_ring_le_2_prop
517f23617aa36026,j_toeout_1_ri_prop
5e8fc751d9259a5,j_wrist_ri_prop
6be40f97e72ed36f,j_ball_ri_prop
e24894aaa3fb2017,j_thumb_le_2_prop
d0d3eabbc0013e6f,j_cosmetic_elbow_ri
848006cdf22281ff,j_strap_73
84a587cdf242796f,j_strap_82
848392cdf225a5ba,j_strap_67
3e5689d30222517b,j_string_144
534567d713015e1e,j_military_shooting_target_cart_wheel_05
6381d47599330c75,j_mid_le_2_prop
efa94f90a847f367,j_strap_8
175131a6717d57ca,j_tablet
848710cdf228b1ab,j_strap_15
848384cdf2258df0,j_strap_69
848dfdcdf22eb010,j_strap_32
3e48f7d30216cf09,j_string_102
a256ece3d88e1cf6,j_spinelower_prop
5a3d97f27b2edb83,j_strap_105
24d1ebf2f3fad4e2,j_military_shooting_target_arm_01
2c421b1a6124ce4f,j_string_41
894e6170ba687734,j_shoulder_le_prop
6c3a9f75dc6ec4c4,j_hiptwist_le_prop
efa94990a847e935,j_strap_2
849102cdf230ee66,j_strap_27
3e4590d30213ea2d,j_string_111
5a409cf27b3119d9,j_strap_114
5a4428f27b343d94,j_strap_126
566917158aafade0,j_wristfronttwist1_le_prop
a7f9d3c14c85a1fb,j_tail_6_prop
847d01cdf22043a9,j_strap_40
84a201cdf23f5fe6,j_strap_96
3e568fd302225bad,j_string_142
5a2fa6f27b22b7a4,j_strap_144
5a47a3f27b37446c,j_strap_139
1531950e72082e56,j_cosmetic_thigh
13cdf03a8f538a51,tag_claw_le_prop
a70e18573db7da50,j_index_le_1_prop
14f4fdbe1b293b3a,j_tail_3_prop
847d08cdf2204f8e,j_strap_49
84797ccdf21d2bd3,j_strap_51
3e530ad3021f43d7,j_string_157
5a7251efde1a64b1,j_hip_le_prop
5a441ef27b342c96,j_strap_128
5a47aaf27b375051,j_strap_136
2c489e1a612a1896,j_string_68
847cfecdf2203e90,j_strap_43
3e5300d3021f32d9,j_string_159
53456ad713016337,j_military_shooting_target_cart_wheel_02
5a2fa3f27b22b28b,j_strap_141
f808855358cac2c,j_mid_ri_1_prop
baaa27c1421f810,j_tail_5_prop
84838ccdf2259b88,j_strap_61
18c409ecabe5b8bf,j_corner_5
5a2f9af27b22a340,j_strap_148
2c451f1a61270af2,j_string_51
99a3801fb03a11af,j_corner_6_b
c7d66b3da56ded16,j_ring_le_1_prop
efa94290a847dd50,j_strap_5
ffd932c490f16429,j_cosmetic_spine
84a20bcdf23f70e4,j_strap_98
84797fcdf21d30ec,j_strap_54
5a47adf27b37556a,j_strap_133
2c4c2c1a612d3fb7,j_string_70
84a200cdf23f5e33,j_strap_95
847d00cdf22041f6,j_strap_41
3e568ed3022259fa,j_string_143
f103feb13d88585,j_ankle_ri_prop
5a2fa5f27b22b5f1,j_strap_143
2c451e1a6127093f,j_string_52
a458971fb6df23c4,j_corner_7_b
d52b5223f9a3967f,j_tail_2_prop
bd3aae981714ae06,tag_support_arm
d889de9a8aec3179,j_craw_1_le_prop
5642a7be597ca712,j_cosmetic_shoulder_ri
84797ecdf21d2f39,j_strap_53
3e530cd3021f473d,j_string_155
5a47acf27b3753b7,j_strap_130
a37b0ff50fb6fb5d,j_cosmetic_knee
18896bb085c9ddc3,j_elbow_le_prop
849106cdf230f532,j_strap_23
5a40a0f27b3120a5,j_strap_110
dd0368fe2809e02d,j_metaring_ri_1_prop
56b43d8578802f45,j_clavicle_ri_prop
848393cdf225a76d,j_strap_66
848007cdf22283b2,j_strap_70
84a588cdf2427b22,j_strap_81
3e568ad30222532e,j_string_147
534568d713015fd1,j_military_shooting_target_cart_wheel_04
2c3e991a6121bb92,j_string_37
bf1809283ea25e6e,j_military_shooting_target_rail_end_01
ae96ee455601e6e5,j_projectile
ae5df94be7d2db98,tag_nvg_fx
e1eb2471ad9142c9,tag_top4
88adb386108d2f21,j_knee_ri_prop
315978a4676a0001,j_metamid_le_1_prop
848714cdf228b877,j_strap_11
84910ccdf230ff64,j_strap_29
848e01cdf22eb6dc,j_strap_36
3e3f03d3020e8ee8,j_string_130
18c405ecabe5b1f3,j_corner_1
5a3d9bf27b2ee24f,j_strap_101
7902e41f9e523d9b,j_corner_2_b
cc14b5251eb022f1,j_pinky_ri_1_prop
274a6457638e7060,j_head_prop
847d03cdf220470f,j_strap_46
84a203cdf23f634c,j_strap_90
5a2fa8f27b22bb0a,j_strap_146
a764fadcdf40578,j_ties_b
3e0e21b9abe78bd3,j_toemid_2_le_prop
847d04cdf22048c2,j_strap_45
84800fcdf222914a,j_strap_78
84a590cdf24288ba,j_strap_89
84a204cdf23f64ff,j_strap_91
3e5306d3021f3d0b,j_string_153
5a2fa9f27b22bcbd,j_strap_147
b38e381849f94655,j_ball_le_prop
a50845296342e68d,j_vaccine
1068dfbd673f7583,j_toein_1_le_prop
84a582cdf24270f0,j_strap_87
848001cdf2227980,j_strap_76
84838dcdf2259d3b,j_strap_60
3e5684d3022248fc,j_string_149
3e3f08d3020e9767,j_string_135
4a9328d5014bb1cc,j_thumb_le_1_prop
5644b8e7ddbba01c,j_metapinky_le_1_prop
18c40aecabe5ba72,j_corner_6
5a2f9bf27b22a4f3,j_strap_149
2c19131a6101bba3,j_string_81
a1700331a02be520,j_toein_2_ri_prop
efa94e90a847f1b4,j_strap_9
c2c17e9302f5d7f6,j_wristfronttwist1_ri_prop
538cf7aec8696a74,j_ring_ri_1_prop
84870fcdf228aff8,j_strap_14
849107cdf230f6e5,j_strap_22
3e48f6d30216cd56,j_string_103
b473b6d9519181cb,j_shouldertwist_le_prop
5a3d96f27b2ed9d0,j_strap_104
56c7be09b2dd1090,j_toemid_1_ri_prop
efa94390a847df03,j_strap_4
98ef2eb9e69c62fd,j_mainroot_prop
54fe41c3b2b47321,j_toein_1_ri_prop
84a20ccdf23f7297,j_strap_99
847980cdf21d329f,j_strap_55
5eae1e1b9fee76f,tag_beak_prop
5a47aef27b37571d,j_strap_132
2c48a51a612a247b,j_string_63
aacdb21fb9e76fe5,j_corner_8_b
848010cdf22292fd,j_strap_79
84a205cdf23f66b2,j_strap_92
84a591cdf2428a6d,j_strap_88
847d05cdf2204a75,j_strap_44
3e5307d3021f3ebe,j_string_150
5a47a7f27b374b38,j_strap_135
f701fc0e78ebccfe,tag_gun_attach
6e4d911f97acc592,j_corner_1_b
e1eb2671ad91462f,tag_top2
848716cdf228bbdd,j_strap_13
848e03cdf22eba42,j_strap_34
3e48fdd30216d93b,j_string_108
18c407ecabe5b559,j_corner_3
5a3d9df27b2ee5b5,j_strap_103
5a40a8f27b312e3d,j_strap_118
6c23cef4b8f70240,j_pallet
b18ccb33403fb1d5,j_thumb_ri_2_prop
eecb166f47c94d77,j_wrist_le_prop
4e628cbdae184157,j_ankle_le_prop
84870bcdf228a92c,j_strap_18
849103cdf230f019,j_strap_26
eddf72ea7ec0fba9,j_chest_prop
5a409df27b311b8c,j_strap_113
5a4429f27b343f47,j_strap_127
34e79106543504e9,j_spine4_prop
ea4b1f4ce2321bbc,j_nvg_pivot
e05f04a305431cee,j_military_shooting_target_cart_01
d0b1f2bbbfe465a1,j_cosmetic_elbow_le
84a584cdf2427456,j_strap_85
848e08cdf22ec2c1,j_strap_39
84838fcdf225a0a1,j_strap_62
848003cdf2227ce6,j_strap_74
61290cd145c29536,j_toein_2_le_prop
3e3f0ad3020e9acd,j_string_137
534564d713015905,j_military_shooting_target_cart_wheel_08
67ba2fe0eac98f5f,j_neck_prop
18c40cecabe5bdd8,j_corner_8
5a3da2f27b2eee34,j_strap_108
640755b30da5bab,tag_block_base
efa94590a847e269,j_strap_6
847982cdf21d3605,j_strap_57
5a4424f27b3436c8,j_strap_122
2c191b1a6101c93b,j_string_89
6a062d36c1eadb9a,j_hiptwist_ri_prop
e1eb2771ad9147e2,tag_top1
c3bb9abf015c4a06,j_toemid_1_le_prop
848e04cdf22ebbf5,j_strap_35
3e3f06d3020e9401,j_string_133
18c408ecabe5b70c,j_corner_4
e1eb2571ad91447c,tag_top3
848715cdf228ba2a,j_strap_12
84910dcdf2310117,j_strap_28
848e02cdf22eb88f,j_strap_37
326e3ace95b9e5b4,j_military_shooting_target_rail_01
18c406ecabe5b3a6,j_corner_2
5a40a7f27b312c8a,j_strap_119
5a3d9cf27b2ee402,j_strap_102
3f2230058cda8dbe,j_perch
b71b287e1b8e13,tag_origin_raven
304c58626b8beca,j_pinky_ri_2_prop
849105cdf230f37f,j_strap_20
3e48f4d30216c9f0,j_string_101
5a409ff27b311ef2,j_strap_111
5a442bf27b3442ad,j_strap_125
2c48a71a612a27e1,j_string_61
a3fe242885a1ab89,j_toeout_2_le_prop
71a3968d326278d9,tag_sync_prop
99e249978e1cd93b,j_index_le_2_prop
84797bcdf21d2a20,j_strap_50
5a47a9f27b374e9e,j_strap_137
2c4c291a612d3a9e,j_string_77
8a2d161fa7ff9bd1,j_corner_4_b
932206496e3dc2d4,j_tail_1_prop
84a589cdf2427cd5,j_strap_80
848008cdf2228565,j_strap_71
3e568bd3022254e1,j_string_146
3e52ffd3021f3126,j_string_158
534569d713016184,j_military_shooting_target_cart_wheel_03
7ca3c0e1be342af8,j_jaw_prop
73b376eb8af64711,j_metaindex_ri_1_prop
5a2fa2f27b22b0d8,j_strap_140
ad768118323365f7,j_mid_ri_2_prop
2c3e971a6121b82c,j_string_35
92552d1fac7975a6,j_corner_5_b
48e1d06cddcae69f,j_ring_ri_2_prop
2219db7954f22a6e,j_mid_le_1_prop
848dffcdf22eb376,j_strap_30
848712cdf228b511,j_strap_17
3e48f9d30216d26f,j_string_104
3a425fd5d873b417,j_clavicle_le_prop
5a3d99f27b2edee9,j_strap_107
2b16b244a8a415b2,tag_child
efa94490a847e0b6,j_strap_7
574e05ca35da4c2f,j_metamid_ri_1_prop
847981cdf21d3452,j_strap_56
9ab57a1ed95b3187,j_pinky_le_1_prop
7f77fb1fa15a82f0,j_corner_3_b
92d1919a8b50df76,j_tail_7_prop
848391cdf225a407,j_strap_64
848005cdf222804c,j_strap_72
84a586cdf24277bc,j_strap_83
3e5688d302224fc8,j_string_145
534566d713015c6b,j_military_shooting_target_cart_wheel_06
2c48a91a612a2b47,j_string_67
11808d5a57c50749,j_shouldertwist_ri_prop
5b06779ff6b18a93,j_metaring_le_1_prop
9f30f6cb70c2e5d5,j_cosmetic_neck
847d09cdf2205141,j_strap_48
84797dcdf21d2d86,j_strap_52
3e5000d3021cfd02,j_string_161
5a441ff27b342e49,j_strap_129
5a47abf27b375204,j_strap_131
5ec1c86bf427b19b,j_hip_ri_prop
848e07cdf22ec10e,j_strap_38
848002cdf2227b33,j_strap_77
84838ecdf2259eee,j_strap_63
84a583cdf24272a3,j_strap_86
3e3f09d3020e991a,j_string_136
3e5685d302224aaf,j_string_148
a2c2b4d5f750a7a7,j_metaindex_le_1_prop
18c40becabe5bc25,j_corner_7
33058bfc3a990080,j_cosmetic_head
f6478cbb6b7772a5,j_helmet_prop
847d02cdf220455c,j_strap_47
84a202cdf23f6199,j_strap_97
5a2fa7f27b22b957,j_strap_145
5a47a4f27b37461f,j_strap_138
2c42181a6124c936,j_string_46
efa94690a847e41c,j_strap_1
5620b7be595fdbdc,j_cosmetic_shoulder_le
847983cdf21d37b8,j_strap_58
3e458dd30213e514,j_string_112
5a4099f27b3114c0,j_strap_117
5a4425f27b34387b,j_strap_123
9b8482234fba2144,j_eyeball_le_prop
fbc6bfb7cc86481d,j_spineupper_prop
848004cdf2227e99,j_strap_75
84a585cdf2427609,j_strap_84
848390cdf225a254,j_strap_65
534565d713015ab8,j_military_shooting_target_cart_wheel_07
5a3da3f27b2eefe7,j_strap_109
b4f36e12f0a838be,j_metapinky_ri_1_prop
cf57cd177e7078e0,j_craw_2_le_prop
6ad0da8d31bb60ce,j_thumb_ri_1_prop
848e00cdf22eb529,j_strap_31
848713cdf228b6c4,j_strap_10
3e48fad30216d422,j_string_107
5a3d9af27b2ee09c,j_strap_100
847ab3029f967dac,j_chute_c_mid_cord_2
31233507f454fa4c,tag_akimbo_fx
5f96021b49792466,j_key_d
541a703fb72751cc,j_carribeaner
5b6dee510585a820,j_rope_41
5b670151057fa9bb,j_rope_62
5b637551057c8600,j_rope_78
fb2d1d60bd542e2d,j_cosmetic_antenna1_b
71d9a67cb2ed0321,j_thumb_ri_0
4fe03e948b79346f,j_flag_dyn_mid_3
fb1819ac70897eba,j_rope_153
d83c0baef63eec17,j_sword_le
d09e67f77b679bd2,tag_ik_loc_le_pointconstraint1
9ad156ff5d8c755a,j_cosmetic_rwrist_buckleb
e155d0265a33d2ff,j_offhand_briefcase_bomb_fuse_button
5b5cf65105774285,j_rope_95
cd9bf951899eee8a,tag_light_l_wing1
e0a4760c873134b,j_cosmetic_antenna3_b
4a71e86ba860215f,tag_pedal_r_rot
39fa6a7d50602626,j_left_latch
75dc288dd3c71be6,tag_fastrope_ri
e80744920e2256f1,tag_pedal_l_rot
fb0a82ac707df3c9,j_rope_112
fb0395ac7077f564,j_rope_137
fb0e0eac70811784,j_rope_168
9da155b744b50738,j_throwing_knife_03
7427bfc8a346f69b,j_cosmetic_gunbeltd
af53cad9cbc8ce85,tag_seat_wm_0
e8f9fded7fae6fcd,j_carry_neck
3a4468f005a834a7,j_rotor_fr
996baaf1c02bb5c1,j_interior_hand_ring2
732933f1de004bb2,tag_tail_rotor_blade04_rot
205dc9f4e48ff173,tag_ik_foot_loc_ri_seat_0
febd92fb2db0c941,j_chute_a_10
4fd00c0114d976cf,tag_guy2
5f96531b4979ae09,j_key_5
c8b9b034ca3e56a3,j_carry_ankle_ri
5b7175510588c35c,j_rope_30
5b6a88510582c4f7,j_rope_53
e8c522679c96bd7a,tag_headlight
ccc0ee6809481d30,tag_pilot2
5a3e3975ff6b6dc3,j_knife_01
aa3ec97c21cb6678,j_ringpalm_ri
aa851c830312b32b,j_pinkypalm_ri
fb1814ac7089763b,j_rope_154
faef88ac70673643,j_rope_198
6c15ccacd81e3b5b,tag_left_tail_fx
7b56dbc4083e222f,j_disc_01
2b5c5fccbbb9d6c2,tag_passenger2
b7ff7ad2b32eca67,j_chute_b_2
ac46de012e09b1,j_keypad9
bf60d8fd80bf8cee,j_chute_b_top
4fd0090114d971b6,tag_guy5
36c3220dbc96113e,tag_seat_4
5f96501b4979a8f0,j_key_6
5b6a85510582bfde,j_rope_54
5b7172510588be43,j_rope_35
84eb775926c34e2b,tag_tail_rotor_blade_04_blur
9e1ec55dc26aa9a0,tag_fastrope_hook_ri
1cfc45631132f63c,tag_missile
e87107722c09d84f,j_bracket_upper02
73567b99b20f23d6,j_wires2
fb0095ac7075bf8d,j_rope_127
b7ff77d2b32ec54e,j_chute_b_5
d18f1dd60ebc5b4d,tag_gun_l
2cc2d2e08fd0dc05,tag_carry_pin_ik_loc_le
3d847a2167c72825,tag_carry_ik_loc_le
639462340d07873c,tag_tail_rotor_motion
9ddbaf365b4d13d7,tag_main_rotor_blade_01
ff14b94555895031,j_cosmetic_larmpadbuckle
5b5cef51057736a0,j_rope_92
27f16f6058395d4b,j_chute_a_bottom
3c6cb6795224c76c,j_chute_a_mid_cord_4
8da01b9b71ff286c,tag_light_1
a0af2d9f3825cf29,tag_headlight_l
212188aa0182be0c,j_cosmetic_rwrist_strapaa
fb071aac707b0d3a,j_rope_100
fb0e07ac70810b9f,j_rope_161
fb1193ac70842f5a,j_rope_179
faec12ac706437ea,j_rope_188
36c3210dbc960f8b,tag_seat_7
3c4a55245e3101e4,tag_light_top_left
60d474270aeccd21,tag_undercam
e8bf583639ceb1d7,j_carry_hip_le
5b7171510588bc90,j_rope_34
5b6a84510582be2b,j_rope_57
58f7cb6b0f3ee0cd,j_offhand_briefcase_bomb_phone
1e8074882bfc600f,j_bullet_08
73567a99b20f2223,j_wires1
add055a303854c2d,j_sleave_reshape_top_ri_1
fb0094ac7075bdda,j_rope_126
fb1810ac70896f6f,j_rope_158
827abae61065fb6,j_cosmetic_belta
a50295b4be0f77ac,j_flag_base_1
2b5c5bccbbb9cff6,tag_passenger6
b895a1cdb5efdcdf,j_fan_front_top_le
b7ff76d2b32ec39b,j_chute_b_6
6f578fda64cf42a1,j_hook
ac42de012e02e5,j_keypad5
fd61baf8316dec37,tag_ground
97a226fc1e5b11e1,tag_cockpit
9ddbab365b4d0d0b,tag_main_rotor_blade_05
ff6c29372d3d2d1d,tag_gasmask2
5b638251057c9c17,j_rope_75
5b607751057a538f,j_rope_80
4379b45447e13979,tag_light_top_body
35de7961e0d26904,j_rope_3
f81e8761a0d01e7c,tag_fin_fx
f91bbf75a153d1d8,j_leg_front_le
fb0716ac707b066e,j_rope_104
fb0e03ac708104d3,j_rope_165
c2983c7ce594916,tag_spedometer_arrow
7d0965d01bb6e877,j_cosmetci_heavy_bag_strap_ri
ad4a49d2ac898c24,j_chute_a_4
6eae45d81ab0f31c,j_chute_b_mid_cord_1
847ab2029f967bf9,j_chute_c_mid_cord_5
5f96571b4979b4d5,j_key_1
5181f925a7074e40,tag_light_l_navi
2f275f26019b7947,tag_turret_right
5b670051057fa808,j_rope_63
4fe03d948b7932bc,j_flag_dyn_mid_2
fb1818ac70897d07,j_rope_150
a575afec3301503b,j_carry_spineupper
9ad155ff5d8c73a7,j_cosmetic_rwrist_bucklea
4fd00a0114d97369,tag_guy4
36c3230dbc9612f1,tag_seat_5
54d565109c4488f8,tag_main_rotor_blade_04_blur
5f96511b4979aaa3,j_key_7
69bc8b1d96817687,tag_antenna
fdfcfd4916f7e004,j_webbing_le
5b7173510588bff6,j_rope_36
5b6a86510582c191,j_rope_55
5b66fa51057f9dd6,j_rope_69
1f34b660d220d928,j_cosmetic_antenna5_a
15596160cc350179,j_cosmetic_antenna2_a
d4ff91712099be05,tag_clip_02
4c5cf8966cb266d0,j_strap_left
95425ab4230c972a,tag_wing_right
a32bf2c79963d904,j_cosmetic_lpadflap
b7ff78d2b32ec701,j_chute_b_4
600d75e602e04711,tag_tail_rotor_blade_02_blur
c4842619e123bd07,j_cosmetic_lpadbuckleb
9ddbb1365b4d173d,tag_main_rotor_blade_03
5b5cf15105773a06,j_rope_90
5b77f951058e0f56,j_rope_18
d218a5602c2a6bfb,j_left_lock
a883256eb1337c75,tag_light_cargo02
3c6cb8795224cad2,j_chute_a_mid_cord_6
37d5e88aa3e6628c,j_cosmetic_rarmpadflap
2afc62a141831ba1,tag_turret_rear
fb0e09ac70810f05,j_rope_163
61e00ab8c8ae37bb,j_mag_box
af53c5d9cbc8c606,tag_seat_wm_5
59b78edb869f661c,j_cosmetic_lpadstrapbc
d47d581e21100868,j_antenna_2
1c069d40c2b2323e,j_shaft
7894084d619dbff6,tag_leg_back_left
d331d74fc695bab5,tag_tail_light
5b780051058e1b3b,j_rope_13
5b747451058af780,j_rope_27
d9316756d5bb56cf,j_knife
211799aa017a866a,j_cosmetic_rwrist_strapbb
fb0a84ac707df72f,j_rope_114
fb0397ac7077f8ca,j_rope_135
9da157b744b50a9e,j_throwing_knife_01
3c3146bbfbefdfe9,j_cosmetic_antenna2
f35b8fc24d464ed0,j_chute_b_bottom
be748ed2b6370aa3,j_chute_c_7
59ba75db86a17178,j_cosmetic_lpadstrapab
e663d1ea74648d0a,j_sleave_reshape_top_le_2
996bacf1c02bb927,j_interior_hand_ring4
dbe7b11ebb8ada97,tag_gunner_barrel1
5ed6cc42adf20712,j_cosmetic_wires_01
a883226eb133775c,tag_light_cargo01
3c6cb5795224c5b9,j_chute_a_mid_cord_3
eed051a41e5270bd,tag_light_r_wing
fb0719ac707b0b87,j_rope_103
fb0e06ac708109ec,j_rope_160
ad4a4cd2ac89913d,j_chute_a_7
f00029d6299089d0,tag_spotlight
6eae48d81ab0f835,j_chute_b_mid_cord_2
eadfd9d90f488495,j_pistol
7a55a6e5a3f125d9,j_straps_jiggler_bottomfront
3bd34008e2ee856a,tag_main_rotor_blade_02_blur
5f965f1b4979c26d,j_key_9
9d82e1463a2bcbbe,j_bracket_lower02
5b6df5510585b405,j_rope_46
7729f5607f016fd2,j_flag_dyn_up_3
35de7361e0d25ed2,j_rope_9
faec08ac706426ec,j_rope_182
faef94ac70674aa7,j_rope_194
fb1189ac70841e5c,j_rope_173
fb1494ac708666e4,j_rope_146
b57a9fb93feac915,j_straps_bottomfrontleft
c2ff1ebff6cee9a4,tag_mg
7ff53eef61c51174,j_cosmetic_brokenstrapc
affe3dfb521b7c49,j_wing_le
d47d5b1e21100d81,j_antenna_1
dcd41b23fe0b6a5a,j_kalisticks_le
dc96f323fdd77844,j_kalisticks_ri
9e8a8f32f8ced3f6,tag_door_rear_top_right
5875554604134757,tag_sling_target
acc6a250617331e7,tag_bumper_front_damaged
5b780351058e2054,j_rope_16
5b747751058afc99,j_rope_24
3f445a51d62d5210,j_cosmetci_heavy_bag_03
ab79d98e227f2a09,j_carry_knee_le
fb008fac7075b55b,j_rope_121
fb0a87ac707dfc48,j_rope_119
7427c4c8a346ff1a,j_cosmetic_gunbeltc
90566dd0023e7018,tag_missile_center
be7491d2b6370fbc,j_chute_c_2
d51f49d8567092b1,tag_light_top_right
59ba78db86a17691,j_cosmetic_lpadstrapaa
296c59e0654fda39,tag_gunner_flash1
5e472512e26a9679,j_right_latch
9ddbb0365b4d158a,tag_main_rotor_blade_02
5b5cf05105773853,j_rope_93
8f68f35eac24a14d,j_index_ri_0
3c6cb7795224c91f,j_chute_a_mid_cord_5
66852e82552e7fd3,j_carry_clavicle_ri
faec13ac7064399d,j_rope_189
fb0e08ac70810d52,j_rope_162
fb1194ac7084310d,j_rope_178
fb071bac707b0eed,j_rope_101
b6393bef5391ce1,j_tool_execution_cinderblock_piece_01
c34113d48ddaeb6d,j_straps_top
59b78ddb869f6469,j_cosmetic_lpadstrapbd
a63e0cdc6e9c7c08,tag_light
2c92f2e08fa7eea3,tag_carry_pin_ik_loc_ri
5b780251058e1ea1,j_rope_11
5b747651058afae6,j_rope_25
5b5cfa5105774951,j_rope_99
c26b6a8ef85e6425,tag_light_cockpit01
11691591841629b6,tag_fx_prod
75ee4593c3bc9848,tag_left_wing_fx
a494da9c9d79d5f4,tag_missile_left
4d2a53a0c702b605,tag_turret_fx
50f54a1d78fe8b9,j_flag_dyn_lo_2
fb0a86ac707dfa95,j_rope_116
fb008eac7075b3a8,j_rope_120
3c3148bbfbefe34f,j_cosmetic_antenna4
be7490d2b6370e09,j_chute_c_5
ac3cde012df8b3,j_keypad3
f717efed23407d00,tag_tail_rotor_blade02_rot
996baef1c02bbc8d,j_interior_hand_ring6
4fd00e0114d97a35,tag_guy0
847ab0029f967893,j_chute_c_mid_cord_7
5f96551b4979b16f,j_key_3
f30de1368720b042,j_fan_mid_ri
5b748251058b0f4a,j_rope_29
5b7177510588c6c2,j_rope_32
5b6a8a510582c85d,j_rope_51
10f03255b4837529,j_dead_silence_disc_2
fb2d1a60bd542914,j_cosmetic_antenna1_a
2fe77c7127045ab0,j_ee_electric_cattle_prod
1e807a882bfc6a41,j_bullet_06
bf864091978e7b23,j_straps_bottombackleft
fb1816ac708979a1,j_rope_156
fb148aac708655e6,j_rope_148
7b56ddc4083e2595,j_disc_03
be749cd2b637226d,j_chute_c_9
3f83eaeb8d6e0ba0,j_fuse_switch
28c76a29e2ea1f27,tag_main_rotor_blade_03_blur
3b546a4e25e2340c,j_dogtag
5b638351057c9dca,j_rope_76
5b607851057a5542,j_rope_83
35de7a61e0d26ab7,j_rope_2
3c6cb3795224c253,j_chute_a_mid_cord_1
cc32cc823cab78d0,tag_seat_wm_turret_hole
1d016584178041e8,j_ammo_cover
fb0e04ac70810686,j_rope_166
fb038bac7077e466,j_rope_139
fb0717ac707b0821,j_rope_105
a69e86b7c9f9aae5,tag_stick_l_rot
470550bd5fd7b0fc,tag_right_tail_fx
ad4a4ad2ac898dd7,j_chute_a_5
1e88c5da83b99104,j_balton_lower
847ab6029f9682c5,j_chute_c_mid_cord_1
5f96051b4979297f,j_key_c
c9975b4300e44c02,tag_gunner1
b8f8ef48265de624,tag_window_cockpit_left2
5b717d510588d0f4,j_rope_38
5b6df1510585ad39,j_rope_42
5b670451057faed4,j_rope_67
20b24c53bd4fc34d,j_wall_cable_02_ri
3346516cad542021,tag_tail_rotor_blade_04
1e7cf4882bf950b8,j_bullet_12
d651938d43f95076,j_cosmetci_heavy_bag_zipper_02
be9b9f958435a78e,j_carry_spinelower
fb1490ac70866018,j_rope_142
faec04ac70642020,j_rope_186
faef90ac706743db,j_rope_190
fb1185ac70841790,j_rope_177
741beab1fe35d3d9,tag_gunner_left
3c6c17da2383e03f,j_carry_spine4
3a3750f0059d8183,j_rotor_br
aba86620a9913818,j_device
29afc3233466b008,j_carry_head
5b607f51057a6127,j_rope_88
5b5cf35105773d6c,j_rope_96
3c6cba795224ce38,j_chute_a_mid_cord_8
336059abd4e261d,tag_wingtip_right
fb0a7fac707deeb0,j_rope_111
fb0087ac7075a7c3,j_rope_129
fb0392ac7077f04b,j_rope_132
d7ff23aef60b66c1,j_sword_ri
c5074db1aeeaf6d9,j_dead_silence_button
59d87cc8de9a61ec,j_cosmetic_front_ring_ri
b8fbc9cdb646d409,j_fan_front_top_ri
4661bad5c1cbb971,tag_broken
6eae4dd81ab100b4,j_chute_b_mid_cord_9
af53c7d9cbc8c96c,tag_seat_wm_3
8bb97ae3ba5936a5,j_strap_right
996ba7f1c02bb0a8,j_interior_hand_ring1
725b9814677d3701,j_mid_le_0
719c5819ef8927f3,j_interior_hand_ring6_end
5b5cf45105773f1f,j_rope_97
3c6cbb795224cfeb,j_chute_a_mid_cord_9
96649a7fd2df3277,j_straps_topbackleft
68a5b396b8e71b86,j_fan_rear_ri
e653e5a59ec49d9a,tag_tail_rotor_blade_01_blur
fb0393ac7077f1fe,j_rope_131
fb0a80ac707df063,j_rope_110
6eae4ed81ab10267,j_chute_b_mid_cord_8
af53c8d9cbc8cb1f,tag_seat_wm_2
4678b8ee8f8e416d,j_fan_front_ri
b84979f795796aed,j_key_asterik
b2b51c1abab004a8,j_cosmetic_bobblehead
5b480a37c7ccdccd,j_straps_jiggler_bottomback
262a0438941507bd,j_chute_c_bottom
52aafb3c012377f8,j_keypad11
bd207c43e7108507,j_mid_ri_0
5b607251057a4b10,j_rope_85
5b6df6510585b5b8,j_rope_49
5b637d51057c9398,j_rope_70
bb69175dc3660b78,j_button_3
7729f6607f017185,j_flag_dyn_up_2
35de7461e0d26085,j_rope_8
a0bd326ce77d4b0e,tag_personnel_platform
204f8e8f4af3be38,tag_ik_loc_ri_pointconstraint1
faec09ac7064289f,j_rope_183
faef95ac70674c5a,j_rope_197
fb1495ac70866897,j_rope_147
fb118aac7084200f,j_rope_172
5bc4f1afd9c2885c,tag_tail_rotor_static
1e6b45df86153de4,tag_light_r_wing1
7ff53fef61c51327,j_cosmetic_brokenstrapb
d8c0e4f789d89a02,tag_weapon_platform
847ab1029f967a46,j_chute_c_mid_cord_4
bf6cf6183e2694ad,tag_leg_front_right
5f96561b4979b322,j_key_0
5b748351058b10fd,j_rope_28
5b7178510588c875,j_rope_33
ccc0f16809482249,tag_pilot1
a184f474f5c673d0,tag_left_turbine_fx
fb148bac70865799,j_rope_149
fb1817ac70897b54,j_rope_151
6c2846c966f74f23,tag_light_belly
3a444ef005a80879,j_rotor_fl
dc64d61c7c37312f,tag_tail_rotor_rot
cbd7202eb1f3a481,tag_right_turbine_fx
702d8c450f621c7a,j_interior_hand_ring1_end
81df5b46a243567f,tag_exhaust_top_r
5b780451058e2207,j_rope_17
5b747851058afe4c,j_rope_23
3f445b51d62d53c3,j_cosmetci_heavy_bag_02
2bd59a5440c14557,j_straps_jiggler_topfront
6a592a91d4d50700,tag_window_cover
fb0090ac7075b70e,j_rope_122
fb0a88ac707dfdfb,j_rope_118
3e5838bab5d9aec7,tag_gunner
7427c5c8a34700cd,j_cosmetic_gunbeltb
be7492d2b637116f,j_chute_c_3
ac3ede012dfc19,j_keypad1
38d817f7527172d3,j_wire
d683d4186bc7ef43,tag_tail_rotor_blade03_rot
a7a0022a8b662a99,tag_detach_left_offset
f12d5b3a54519b65,tag_detach_left
9740e46ac99e674,j_carry_shoulder_le
5b5cf551057740d2,j_rope_94
998cbb6358319578,tag_leg_front_left
eed3879a6f202e7b,tag_light_rop_right
cceef2a2bb7bf9b3,tag_light_tail
fb0a81ac707df216,j_rope_113
fb0394ac7077f3b1,j_rope_130
3c3143bbfbefdad0,j_cosmetic_antenna1
7427bec8a346f4e8,j_cosmetic_gunbelte
af53c9d9cbc8ccd2,tag_seat_wm_1
39c1a6e96015ee2c,j_straps_bottombackright
996ba9f1c02bb40e,j_interior_hand_ring3
3d371bfb95e43fc9,tag_wing_left
29b6700e4dad2904,tag_tail_rotor_blade_03_blur
5f96071b49792ce5,j_key_a
d1775a2694764e39,j_chute_a_mid_cord_10
c3bccb40f31b1cb2,j_sleave_reshape_bottom_le_2
a0dd8a4e95b23cdb,tag_bumper_back_damaged
64feeb4ffc3a03f8,tag_flare
5b6df3510585b09f,j_rope_44
5b670651057fb23a,j_rope_65
7729f3607f016c6c,j_flag_dyn_up_1
2683d060d5e2c756,j_cosmetic_antenna4_b
3346536cad542387,tag_tail_rotor_blade_02
1e7cf6882bf9541e,j_bullet_10
d651958d43f953dc,j_cosmetci_heavy_bag_zipper_04
238c61a91ff9c473,tag_window_cockpit_right2
faef92ac70674741,j_rope_192
faec06ac70642386,j_rope_184
fb1187ac70841af6,j_rope_175
fb1492ac7086637e,j_rope_140
4526c0c0f486dfea,j_pinky_le_0
d18effd60ebc2853,tag_gun_r
b26184f9ac7d98c5,j_carry_wrist_le
8506e2fd2317ffb4,tag_tail_rotor_blade_01_rot
4fd00b0114d9751c,tag_guy3
a001d10c1b4217c7,j_carry_elbow_ri
b2d6f319559a3eae,tag_turret_base
5f96521b4979ac56,j_key_4
5b7174510588c1a9,j_rope_37
5b6a87510582c344,j_rope_52
5b66fb51057f9f89,j_rope_68
f4370d5590ebdedc,j_pinky_ri_0
8679ae622c729304,tag_fastrope_hook
2caeb465b4745368,j_straps_topbackright
b0642a7ef8f7bb4a,tag_c4_fx
1e8077882bfc6528,j_bullet_05
95b4a8a601a55d24,j_baton
1d5157a7597c4add,tag_main_rotor_static
fb1813ac70897488,j_rope_155
faef87ac70673490,j_rope_199
2b5c5eccbbb9d50f,tag_passenger1
b7ff79d2b32ec8b4,j_chute_b_3
ac45de012e07fe,j_keypad8
17f8f3fd37dd4ed6,j_interior_hand_ring5_end
e0486d0054588ec5,tag_main_rotor_blade_05_blur
c224ae02cdac919b,tag_door_rear_top
847abd029f968eaa,j_chute_c_mid_cord_8
c313da355aad33c4,j_chute_b_mid_cord_10
4f0a3a3626b1bbd0,j_interior_hand_ring3_end
cab8e04c2241c178,j_wall_cable_03_ri
5b637f51057c96fe,j_rope_72
5b607451057a4e76,j_rope_87
51349f54a28aec2b,j_carry_mainroot
256dd95e7d072b31,j_ribbon_cable_r
35de7661e0d263eb,j_rope_6
b72d21807ebf7f86,tag_doorgun
faec0bac70642c05,j_rope_181
fb0713ac707b0155,j_rope_109
fb1497ac70866bfd,j_rope_145
fb118cac70842375,j_rope_170
7d1d7dd01bc7ba49,j_cosmetci_heavy_bag_strap_le
ad4a46d2ac89870b,j_chute_a_1
54c669d8096b272e,tag_c4attach
6eae42d81ab0ee03,j_chute_b_mid_cord_4
afea25fb520aaa77,j_wing_ri
d72dc70b9f98811f,j_chute_c_10
5b6a82510582bac5,j_rope_59
5b780651058e256d,j_rope_15
5b747a51058b01b2,j_rope_21
3f445d51d62d5729,j_cosmetci_heavy_bag_00
12892569a24e912,tag_turret_front
ed652f6ce7092ceb,tag_ik_loc_le_orientconstraint1
ab65c18e226e5837,j_carry_knee_ri
add053a3038548c7,j_sleave_reshape_top_ri_3
fb0092ac7075ba74,j_rope_124
827a9ae61065c50,j_cosmetic_beltc
e6b692bede8bf1d1,j_chute_c_top
f82624c7d320fd64,tag_main_rotor_blade_02_rot
2b5c59ccbbb9cc90,tag_passenger4
b7ff74d2b32ec035,j_chute_b_8
be7494d2b63714d5,j_chute_c_1
ac40de012dff7f,j_keypad7
3a4d8afe8d198031,tag_player_camera
3e9ff107f2958443,j_end
5f965e1b4979c0ba,j_key_8
f3d31a27ed7445cd,j_interior_hand_ring4_end
b8f8f248265deb3d,tag_window_cockpit_left1
5b6df4510585b252,j_rope_47
5b670751057fb3ed,j_rope_64
3346546cad54253a,tag_tail_rotor_blade_01
66474e8254f95515,j_carry_clavicle_le
7245f8699feb210,tag_window_left
1e7cf7882bf955d1,j_bullet_11
a4f272906d2ce95a,tag_turret_left
238c62a91ff9c626,tag_window_cockpit_right1
fb1493ac70866531,j_rope_141
faec07ac70642539,j_rope_185
fb1188ac70841ca9,j_rope_174
faef93ac706748f4,j_rope_195
26b456be3abf85b8,j_cigar
b8a5f4e1908a8a9c,j_receiver_top_lid_latch
4fd0150114d9861a,tag_guy9
7ab2021e8fd697a1,tag_battery
d4c1d21e661f832c,j_fan_rear_top_le
662fc8325039c6f2,tag_turret_npc
c3bcca40f31b1aff,j_sleave_reshape_bottom_le_1
97155f42e3248733,tag_turret_exit
b8f8f048265de7d7,tag_window_cockpit_left3
5b6df2510585aeec,j_rope_45
5b717e510588d2a7,j_rope_39
5b670551057fb087,j_rope_66
2683cf60d5e2c5a3,j_cosmetic_antenna4_a
e5f57f68a1bf5303,j_fuse
3346526cad5421d4,tag_tail_rotor_blade_03
f8b5d775a0fd476e,j_leg_front_ri
b5ffcb8493a8f633,tag_light_tail2
1e7cf5882bf9526b,j_bullet_13
d651948d43f95229,j_cosmetci_heavy_bag_zipper_03
238c60a91ff9c2c0,tag_window_cockpit_right3
faec05ac706421d3,j_rope_187
faef91ac7067458e,j_rope_193
fb1491ac708661cb,j_rope_143
fb1186ac70841943,j_rope_176
f1f0dfac6b36a96f,j_rope_200
4fd00d0114d97882,tag_guy1
847aaf029f9676e0,j_chute_c_mid_cord_6
5f96541b4979afbc,j_key_2
bc7d503f4c5ca45b,j_cosmetic_rwrist_flap
5b7176510588c50f,j_rope_31
5b6a89510582c6aa,j_rope_50
1f34b960d220de41,j_cosmetic_antenna5_b
8a461a688343cb9e,j_cosmetic_larmpadflap
5a3e3a75ff6b6f76,j_knife_02
e814a876fce60854,j_key_pound
1e8079882bfc688e,j_bullet_07
1b678f91ad08693d,tag_door_rear_top_left
fb1815ac708977ee,j_rope_157
7b56dcc4083e23e2,j_disc_02
2b5c60ccbbb9d875,tag_passenger3
b7ff7bd2b32ecc1a,j_chute_b_1
be749bd2b63720ba,j_chute_c_8
ecf4720dd763787a,tag_gunner_right
27ebd312d32ce48b,tag_stick_r_rot
8d0fea42dc1b5626,j_right_lock
5b77ff51058e1988,j_rope_12
256de85e7d0744ae,j_ribbon_cable_c
e0a4860c87314fe,j_cosmetic_antenna3_a
b3063b752cc0864f,j_chute_c_mid_cord_10
50f51a1d78fe3a0,j_flag_dyn_lo_1
5ca1d4a4c97a8a7e,tag_detach_right
fb0a83ac707df57c,j_rope_115
fb0396ac7077f717,j_rope_136
fb0e0fac70811937,j_rope_169
9da156b744b508eb,j_throwing_knife_02
3c3145bbfbefde36,j_cosmetic_antenna3
be748dd2b63708f0,j_chute_c_6
3efac2db1daa8e3f,j_ring_ri_0
e663d0ea74648b57,j_sleave_reshape_top_le_1
996babf1c02bb774,j_interior_hand_ring5
563f57f9414dab88,tag_interior_netting
e9455230602590b6,tag_lever_rot
5ed6cb42adf2055f,j_cosmetic_wires_02
a95a8a47470650c1,tag_ik_loc_ri_orientconstraint1
5b607951057a56f5,j_rope_82
5b638451057c9f7d,j_rope_77
42c89a5284848ddd,tag_gasmask
bb691e5dc366175d,j_button_4
35de7b61e0d26c6a,j_rope_1
3c6cb4795224c406,j_chute_a_mid_cord_2
58d736a5d058c0a1,tag_main_rotor_blade_01_blur
fb0718ac707b09d4,j_rope_102
fb038cac7077e619,j_rope_138
fb0e05ac70810839,j_rope_167
9970bdb158f29de3,tag_light_l_navi001
b6390bef53917c8,j_tool_execution_cinderblock_piece_02
b84f88c4921d5e31,tag_baton_fx
ad4a4bd2ac898f8a,j_chute_a_6
6eae47d81ab0f682,j_chute_b_mid_cord_3
847ab4029f967f5f,j_chute_c_mid_cord_3
5b670251057fab6e,j_rope_61
5b6def510585a9d3,j_rope_40
5b637651057c87b3,j_rope_79
36ea2d56eb9bf4e5,tag_window_right
6a3b3c716a399e36,tag_tail
81c6f6884ad4dfd3,j_index_le_0
94b7fe9eb3592a9d,tag_tail_fx
fb181aac7089806d,j_rope_152
53b2d8b46fa3480e,tag_main_rotor_blade_04_rot
4ac66bd72b7d84a,j_power_port_module2
ad4a3dd2ac8977c0,j_chute_a_8
466488ee8f7d46d3,j_fan_front_le
3a374ef0059d7e1d,j_rotor_bl
23e553f62eceee7f,tag_light_l_wing
b86361c259621bf,tag_door_rear
3372b3227bdc37aa,tag_sledgehammer_offset
6d0e8235eaf1b3f1,j_straps_topfrontleft
22fa624da86b79b0,tag_screen
5b780551058e23ba,j_rope_14
5b747951058affff,j_rope_22
5b6a81510582b912,j_rope_58
3f445c51d62d5576,j_cosmetci_heavy_bag_01
59d77379fd400aa1,tag_ik_foot_loc_le_seat_0
3a89eb8f037c1428,tag_wingtip_left
460282926a2adfb3,j_hook_main
3cc2dc9c9f67ee35,tag_main_rotor_blade_01_rot
add052a303854714,j_sleave_reshape_top_ri_2
fb0091ac7075b8c1,j_rope_123
c64ce2b933ca55c7,tag_main_rotor_blade_03_rot
b7ff73d2b32ebe82,j_chute_b_9
ac3fde012dfdcc,j_keypad6
eb3e8e39b4f2337,tag_stowed_back3_offset
592575ea95a058b0,tag_rear_tail_fx
b231a4f9ac54ab63,j_carry_wrist_ri
3b379ffc28ec4b3,j_cosmetic_innerbox
c8e99034ca674405,j_carry_ankle_le
82f94435185b4428,j_cosmetic_rwrist_flapend
e8827036399b2c81,j_carry_hip_ri
9ddbaa365b4d0b58,tag_main_rotor_blade_04
7c52de4b0b82312b,j_qamiz_cloth_simmesh_2_01
5b607651057a51dc,j_rope_81
5b638151057c9a64,j_rope_74
35de7861e0d26751,j_rope_4
fb0e02ac70810320,j_rope_164
fb0715ac707b04bb,j_rope_107
36ed96b8e20a3f2b,j_straps_jiggler_topback
ad4a48d2ac898a71,j_chute_a_3
6eae44d81ab0f169,j_chute_b_mid_cord_6
d6ebc6e6b64f128e,tag_ik_target_left_mover
48fb281e8c5efb48,tag_deathfx
d47d591e21100a1b,j_antenna_3
30fa2a353445e160,j_selector_switch
9ccee46ace5d8ea,j_carry_shoulder_ri
5b780151058e1cee,j_rope_10
5b747551058af933,j_rope_26
5b5cf9510577479e,j_rope_98
4780e155e6010caa,tag_doorgun_player
50f53a1d78fe706,j_flag_dyn_lo_3
21179aaa017a881d,j_cosmetic_rwrist_strapbc
fb0a85ac707df8e2,j_rope_117
fb0398ac7077fa7d,j_rope_134
ba6c2bbc2fd889a,j_door_ri
3c3147bbfbefe19c,j_cosmetic_antenna5
7427c2c8a346fbb4,j_cosmetic_gunbelta
746227c8377a0b52,j_straps_topfrontright
3196cdcceea81e4b,tag_leg_back_right
be748fd2b6370c56,j_chute_c_4
be4bdfdc34e8b501,tag_missile_right
ac3bde012df700,j_keypad2
e663d2ea74648ebd,j_sleave_reshape_top_le_3
6e616a1beb1bf8bb,j_balton_mid
52aafc3c012379ab,j_keypad10
81df7146a2437be1,tag_exhaust_top_l
1275bc4b161dd5cb,j_dead_silence_dial
5b607351057a4cc3,j_rope_84
5b6df7510585b76b,j_rope_48
5b637e51057c954b,j_rope_71
35de7561e0d26238,j_rope_7
1e7cfa882bf95aea,j_bullet_14
10acbe9384592f84,tag_interior
faef96ac70674e0d,j_rope_196
faec0aac70642a52,j_rope_180
fb0712ac707affa2,j_rope_108
fb118bac708421c2,j_rope_171
fb1496ac70866a4a,j_rope_144
7ab62ccd7692d4f3,j_chute_a_top
6eae41d81ab0ec50,j_chute_b_mid_cord_5
819b2deb2722cb7f,tag_right_wing_fx
7ff540ef61c514da,j_cosmetic_brokenstrapa
c4842719e123beba,j_cosmetic_lpadbucklea
17f12f2e41d68559,j_ring_le_0
5b77fa51058e1109,j_rope_19
5b607e51057a5f74,j_rope_89
5b5cf25105773bb9,j_rope_91
256de35e7d073c2f,j_ribbon_cable_l
3c6cb9795224cc85,j_chute_a_mid_cord_7
8da01e9b71ff2d85,tag_light_2
21218baa0182c325,j_cosmetic_rwrist_strapab
fb0086ac7075a610,j_rope_128
fb0391ac7077ee98,j_rope_133
af53c6d9cbc8c7b9,tag_seat_wm_4
59b78fdb869f67cf,j_cosmetic_lpadstrapbb
984d63045c7935ee,j_straps_bottomfrontright
d5eb91067884eb5e,j_chute_b_10
5bdc980be19fb5a7,j_interior_hand_ring2_end
36c3200dbc960dd8,tag_seat_6
f358b13687604a2c,j_fan_mid_le
5b6a83510582bc78,j_rope_56
5b747b51058b0365,j_rope_20
15595e60cc34fc60,j_cosmetic_antenna2_b
aaeb4c830369b7ed,j_pinkypalm_le
1e8073882bfc5e5c,j_bullet_09
c0d82390e8758c08,j_qamiz_cloth_simmesh_10_01
fb180fac70896dbc,j_rope_159
fb0093ac7075bc27,j_rope_125
827aaae61065e03,j_cosmetic_beltb
7b56d6c4083e19b0,j_disc_04
2b5c5accbbb9ce43,tag_passenger5
b7ff75d2b32ec1e8,j_chute_b_7
ac41de012e0132,j_keypad4
557541e6b7453367,j_thumb_le_0
847abe029f96905d,j_chute_c_mid_cord_9
d477021e65dfe942,j_fan_rear_top_ri
52aafe3c01237d11,j_keypad12
fde81d4916e5ba5a,j_webbing_ri
5b607551057a5029,j_rope_86
5b638051057c98b1,j_rope_73
35de7761e0d2659e,j_rope_5
760c408dd3f06870,tag_fastrope_le
68d4cb96b90eb510,j_fan_rear_le
a0af279f3825c4f7,tag_headlight_r
fb0714ac707b0308,j_rope_106
3bb8bcb1615f646c,j_leg_back_ri
263369b947d9b3d7,j_cosmetic_rarmpadbuckle
bbaa2bbc30dfb44,j_door_le
de4370c555e2ea0e,j_cosmetic_outerframe
ad4a47d2ac8988be,j_chute_a_2
6eae43d81ab0efb6,j_chute_b_mid_cord_7
9fa9a90c1af75df9,j_carry_elbow_le
5f96041b497927cc,j_key_b
387aba1e0ab95407,j_powerbutton
9b0443409a109e0d,tag_main_rotor_motion
9ed8144814ad1967,tag_knife_attach
5b6df0510585ab86,j_rope_43
5b670351057fad21,j_rope_60
f7d94c5f081dca22,j_wall_cable_01_ri
bccaf65d0777bdd,tag_knife_fx_2
a9f3f97c218bcc8e,j_ringpalm_le
d651928d43f94ec3,j_cosmetci_heavy_bag_zipper_01
4fe040948b7937d5,j_flag_dyn_mid_1
faef8fac70674228,j_rope_191
3b52d4b16108da02,j_leg_back_le
ad4a3ed2ac897973,j_chute_a_9
dc55f66762014ee9,door
7d96d6fc74c77ab9,container_fertilizer_bag_01_open
1e30d1f9a2ae0d11,container_water_jug_01
7133c7e4f0158585,ee_furniture_chair_patio_02
96c62e15882fed13,uk_janitor_mop_bucket_01
6ed9a6571608feb7,uk_tire_stack_01
6ef52271d8193e64,uk_tool_box_large_03b
53777d04711c886,body_animate_jnt
e071d3406764b8ed,j_head_mid
61aa87aa2446637b,j_prop_1
3b27d01ba39ab6be,j_prop_11
3b27cf1ba39ab50b,j_prop_12
3b27ce1ba39ab358,j_prop_13
3b27d51ba39abf3d,j_prop_14
3b27d21ba39aba24,j_prop_17
61aa88aa2446652e,j_prop_2
61aa89aa244666e1,j_prop_3
61aa8aaa24466894,j_prop_4
61aa8baa24466a47,j_prop_5
61aa8caa24466bfa,j_prop_6
61aa8daa24466dad,j_prop_7
eadd1f5ada932e4,tag_fx_01
21a6a1fb48f3acd6,tag_fx_head_center_throat
31f31305be5d5c7c,tag_fx_head_le_throat
8c483d2735d894d2,tag_fx_head_ri_throat
2767641f4289a57,tag_gunner_weapon1
2767741f4289c0a,tag_gunner_weapon2
2767841f4289dbd,tag_gunner_weapon3
d840a64dc26936fd,tag_hint
952657c43a3cffec,cp_elite_cbt_dead_b
cd4de79bc6c93295,body
27ddbfbd6e7deb3,bracket
2ce3645817543897,gloves
8a11c11961161949,rig
56f9bc194465a83c,top
59af764d40626987,j_hair_back1
59af774d40626b3a,j_hair_back2
59af784d40626ced,j_hair_back3
59af714d40626108,j_hair_back4
c87971b9d1334f0e,j_hair_side_l1
c87970b9d1334d5b,j_hair_side_l2
c8796fb9d1334ba8,j_hair_side_l3
c87976b9d133578d,j_hair_side_l4
c87975b9d13355da,j_hair_side_l5
c8a8e5b9d15b84ec,j_hair_side_r1
c8a8e8b9d15b8a05,j_hair_side_r2
c8a8e7b9d15b8852,j_hair_side_r3
e8e6746cd970f93a,ct_lowerlip_jnt
2f0a7a66e6c5e03,lt_upperjaw_jnt
1ffc4a3fc3082999,rt_upperjaw_jnt
6d9855d6c7aca0da,tag_flashlight
16b84502c23786b5,j_proc_collar_l
40d7aa4fa54e0d54,j_dyn_collar_l
16b83702c2376eeb,j_proc_collar_r
40d7904fa54de126,j_dyn_collar_r
c882776a25355e99,j_ankle_le_twist
2ce0982ba038066b,j_ankle_ri_twist
d453cc032214b380,j_proc_hip_back_le
d490f4032248a596,j_proc_hip_back_ri
7e83bcc618f561b,j_dyn_knife
856b207839fd2b1d,tag_ik_hand_loc_le
857130783a01b1fb,tag_ik_hand_loc_ri
7f47958270cf2cfa,tag_light_front_right_d0
f6696bd42db1ac7b,tag_light_fog_right_d0
40e5f8db5850d93b,tag_light_parking_front_right_d0
77aab026bd9e1341,tag_light_front_left_d0
2c2f21d8faaaba8e,tag_light_parking_front_left_d0
b9312e2c0c79170,tag_light_mirror_right_d0
9169fa938d193663,tag_light_roof_front_right_d0
ba3275940c5f860d,tag_light_front_center_d0
335ae9ab8f50438d,tag_light_interior
a082350a51a7be48,tag_light_front
3ca602010d852582,tag_light_lightbar_right_d0
8cc1a4bce303aff9,tag_light_hatch_right_d0
7fe28a62808b5e84,tag_light_front_top_middle
cca335526898c7f,tag_light_mirror_left_d0
a6ec2f6ec913809f,tag_light_back_left_d0
ee95341042933b76,tag_light_roof_front_left_d0
35d1d781a51b88e9,tag_light_lightbar_left_d0
6e5fcf61a2ed439c,tag_light_hatch_left_d0
5f56371d75fe6f10,tag_light_back_right_d0
9593ca5c80a1b590,tag_light_trunk_left_d0
c2a893bf73c9518f,tag_light_parking_back_right_d0
f9d5e480c23a3075,tag_light_brake_center_d0
1378321ee72444fa,tag_light_parking_back_left_d0
3211b17b4a0444ce,tag_light_fog_left_d0
558ee819edec73d5,tag_light_trunk_right_d0
b969c5674992872,tag_light_back
e6af18cb9d8ac621,tag_light_lightbar_d0
54c226930ddaec69,tag_drone_attach_003_d0
9941de95d8a39a9d,tag_drone_attach_014_d0
b1003eb17dc21fed,tag_drone_attach_007_d0
866eccac38acb92,tag_drone_attach_004_d0
6bf4d48f7624c24e,tag_drone_attach_013_d0
247e246955cd80a6,tag_drone_attach_008_d0
d8236aa10b7e394f,tag_drone_attach_001_d0
44d1889fe868728c,tag_drone_attach_015_d0
14578676302d7759,tag_drone_attach_010_d0
4db63a5e0b5033b7,tag_drone_attach_009_d0
3f18907c9082ca68,tag_drone_attach_011_d0
87c8a8bcc840465c,tag_drone_attach_006_d0
aabaf09aa8e7daf8,tag_drone_attach_002_d0
720382a64ad067f3,tag_drone_attach_016_d0
de7fe2c463ef1c43,tag_drone_attach_005_d0
98924a842e898e7f,tag_drone_attach_012_d0
28e4b3d5ed1cabf7,j_carabiner_gate
db3efd4f333a150b,j_chest_flesh_b_01_le
3b27d11ba39ab871,j_prop_10
3b27d41ba39abd8a,j_prop_15
3b2b571ba39dd1fa,j_prop_20
3b2b4f1ba39dc462,j_prop_28
3b2b501ba39dc615,j_prop_29
61aa7eaa24465430,j_prop_8
61aa7faa244655e3,j_prop_9
ab79e710f5c7a67c,tag_chest_weakpoint
ced20043fc186d4,tag_eye_lookat
1d60f8cfc7175632,tag_fx_center
44e2a1f43de50960,tag_fx_hand_le
451fc9f43e18fb76,tag_fx_hand_ri
db855a081021ce71,tag_fx_jaw_center
a46c6b6ad351036b,tag_fx_jaw_le
a4b66b6ad38f3be5,tag_fx_jaw_ri
d54500dedb2648ef,tag_head_weakpoint
c5f7beb115bd26e,tag_mouth_fx
5be05ca14e7bec01,tag_shoulder_weakpoint
88e733215dc62e12,tag_spine_weakpoint
f9f17765010b8748,tag_tongue
812ae31ecb156053,j_contrainer_1
812ae51ecb1563b9,j_contrainer_3
812ae71ecb15671f,j_contrainer_5
812ae41ecb156206,j_contrainer_2
812ae61ecb15656c,j_contrainer_4
812ae81ecb1568d2,j_contrainer_6
e3cb0f57f0ff37dc,j_drone_03
e3cb1057f0ff398f,j_drone_02
e3cb1157f0ff3b42,j_drone_01
d55146ef7fe6efe4,tag_cockpit_glass_dmg1
d55149ef7fe6f4fd,tag_cockpit_glass_dmg2
f98d70776944a863,tag_cockpit_glass_front_right_dmg1
f98d71776944aa16,tag_cockpit_glass_front_right_dmg2
47a3dc2e4344f402,tag_cockpit_glass_rear_right_dmg1
47a3db2e4344f24f,tag_cockpit_glass_rear_right_dmg2
dae06203ee3f413e,tag_camera_turret
8fc635579bd39b05,tag_enabled
4cf8205940ba396c,tag_disabled
789ed021a4e771bc,tag_grenade_01
789ed321a4e776d5,tag_grenade_02
789ed221a4e77522,tag_grenade_03
789ecd21a4e76ca3,tag_grenade_04
789ecc21a4e76af0,tag_grenade_05
789ecf21a4e77009,tag_grenade_06
94dbe5104222aa45,tag_origin_fx
d7fddd4db96fdf34,tag_booster
f42ffa92c7d761e6,tag_micro_missile1
f42ff992c7d76033,tag_micro_missile2
f42ff892c7d75e80,tag_micro_missile3
23fadf6b92215886,tag_cover_panel_1
23fade6b922156d3,tag_cover_panel_2
23fadd6b92215520,tag_cover_panel_3
23fae46b92216105,tag_cover_panel_4
d3750604310a5040,tag_small_missile_a
d3750904310a5559,tag_small_missile_b
d3750b04310a58bf,tag_small_missile_d
d3750804310a53a6,tag_small_missile_c
3535fd7200d9c9ec,tag_geo_hellstorm_rear_engine
ec5529f87420df4c,j_leg_back_01_lower
c4ca4ecb874b1355,j_leg_back_02_lower
e00e844461f3b631,j_leg_back_01_upper
29f70c50981e0a2c,j_leg_back_02_upper
6b60a050479319f0,j_leg_front_knee
df0e56d805281c38,tag_shaft
83ca1e41cb491a70,tag_red_dot_stencil
36f88fe1095e05ca,j_b_010
36f890e1095e077d,j_b_011
36f88de1095e0264,j_b_012
36f88ee1095e0417,j_b_013
50cf549bd433522e,tag_engine
1baf109a7ed1afd3,tag_wheel_back_right_d0
cf60a99ac3d2ac08,tag_headlight_right_d0
70c81beab21dde04,tag_wheel_middle_left_d0
6289b3dc8bd493d,tag_glass_overhead_rear_left_d0
844fec40e0f8eeb5,tag_glass_under_right_d0
1823121c52fd5756,tag_wheel_front_left_spin
e57a6f116c10880,tag_glass_back_right_d0
75be06350f7f2d75,tag_bumper_guard
7340c33efcf5d591,tag_glass_front_left_d0
71421212e4e81d97,tag_glass_windshield_d0
852eb6358b64c03,tag_wheel_back_right_spin
95701b50f0a0f261,tag_wheel_middle_right_d0
a2d1a560184c7dd2,tag_wheel_front_left_d0
57777a9359aa579a,tag_door_rear_right_animate
f927a2e1a31b4eee,tag_glass_overhead_rear_right_d0
8d209df272ce1b43,tag_light_left_back_d0
7b068f9d168801cf,tag_glass_back_left_d0
c6c34ded5655e9f1,tag_door_front_right_animate
3f2a9cc12a45318a,tag_wheel_back_left_spin
2d019969db5945e4,tag_glass_overhead_front_left_d0
cf381c499eed6862,tag_light_right_back_d0
b35908005ce28709,tag_door_rear_left_animate
9a4e37254888d070,tag_glass_under_left_d0
d0d147347a3dd94f,tag_glass_rear_right_d0
aacc583dc00b5f9c,tag_door_front_left_animate
814870a247be79b7,tag_headlight_left_d0
3eea7f361bdb8541,tag_glass_overhead_front_right_d0
ebf2794079de29f7,tag_wheel_front_right_spin
c2cc3c03f7eac23f,tag_heel_plate_left
fd7e35b5464fdfe7,tag_wheel_front_right_d0
5f8b5dd1e2f2c2f0,tag_heel_plate_right
603a87838af2570f,tag_wheel_spare
645396ea7ac8088a,tag_glass_front_right_d0
b45a522865c2e26,tag_wheel_back_left_d0
51fdfca0ab349097,tag_trunk_panel
67fca9b64857a4ba,tag_glass_rear_left_d0
dc19d9f3e3e6683b,tag_glass_windshield_left_d0
c80820c30ba5e114,tag_glass_windshield_right_d0
e12a19cfc57e216,tag_glass_quarter_left_d0
b1d23a7153f3ad83,tag_glass_quarter_right_d0
850aff2f21671a13,tag_glass_side_left_d0
2d6f7e4c8f9b7e0c,tag_glass_side_right_d0
ccdc0e17e6574861,tag_body_d0
dc19d8f3e3e66688,tag_glass_windshield_left_d1
dc19dbf3e3e66ba1,tag_glass_windshield_left_d2
dc19daf3e3e669ee,tag_glass_windshield_left_d3
dc19ddf3e3e66f07,tag_glass_windshield_left_d4
dc19dcf3e3e66d54,tag_glass_windshield_left_d5
71421112e4e81be4,tag_glass_windshield_d1
71421412e4e820fd,tag_glass_windshield_d2
71421312e4e81f4a,tag_glass_windshield_d3
71420e12e4e816cb,tag_glass_windshield_d4
71420d12e4e81518,tag_glass_windshield_d5
c80821c30ba5e2c7,tag_glass_windshield_right_d1
c80822c30ba5e47a,tag_glass_windshield_right_d2
c80823c30ba5e62d,tag_glass_windshield_right_d3
c8081cc30ba5da48,tag_glass_windshield_right_d4
c8081dc30ba5dbfb,tag_glass_windshield_right_d5
7340c23efcf5d3de,tag_glass_front_left_d1
7340c13efcf5d22b,tag_glass_front_left_d2
7340c03efcf5d078,tag_glass_front_left_d3
7340c73efcf5dc5d,tag_glass_front_left_d4
7340c63efcf5daaa,tag_glass_front_left_d5
e12a29cfc57e3c9,tag_glass_quarter_left_d1
e129f9cfc57deb0,tag_glass_quarter_left_d2
e12a09cfc57e063,tag_glass_quarter_left_d3
e12a59cfc57e8e2,tag_glass_quarter_left_d4
e12a69cfc57ea95,tag_glass_quarter_left_d5
850afe2f21671860,tag_glass_side_left_d1
850b012f21671d79,tag_glass_side_left_d2
850b002f21671bc6,tag_glass_side_left_d3
850b032f216720df,tag_glass_side_left_d4
850b022f21671f2c,tag_glass_side_left_d5
67fcaab64857a66d,tag_glass_rear_left_d1
67fca7b64857a154,tag_glass_rear_left_d2
67fca8b64857a307,tag_glass_rear_left_d3
67fca5b648579dee,tag_glass_rear_left_d4
67fca6b648579fa1,tag_glass_rear_left_d5
645397ea7ac80a3d,tag_glass_front_right_d1
645394ea7ac80524,tag_glass_front_right_d2
645395ea7ac806d7,tag_glass_front_right_d3
645392ea7ac801be,tag_glass_front_right_d4
645393ea7ac80371,tag_glass_front_right_d5
b1d2397153f3abd0,tag_glass_quarter_right_d1
b1d23c7153f3b0e9,tag_glass_quarter_right_d2
b1d23b7153f3af36,tag_glass_quarter_right_d3
b1d23e7153f3b44f,tag_glass_quarter_right_d4
b1d23d7153f3b29c,tag_glass_quarter_right_d5
2d6f7f4c8f9b7fbf,tag_glass_side_right_d1
2d6f804c8f9b8172,tag_glass_side_right_d2
2d6f814c8f9b8325,tag_glass_side_right_d3
2d6f7a4c8f9b7740,tag_glass_side_right_d4
2d6f7b4c8f9b78f3,tag_glass_side_right_d5
d0d146347a3dd79c,tag_glass_rear_right_d1
d0d149347a3ddcb5,tag_glass_rear_right_d2
d0d148347a3ddb02,tag_glass_rear_right_d3
d0d143347a3dd283,tag_glass_rear_right_d4
d0d142347a3dd0d0,tag_glass_rear_right_d5
2d019a69db594797,tag_glass_overhead_front_left_d1
2d019b69db59494a,tag_glass_overhead_front_left_d2
2d019c69db594afd,tag_glass_overhead_front_left_d3
2d019569db593f18,tag_glass_overhead_front_left_d4
2d019669db5940cb,tag_glass_overhead_front_left_d5
3eea7e361bdb838e,tag_glass_overhead_front_right_d1
3eea7d361bdb81db,tag_glass_overhead_front_right_d2
3eea7c361bdb8028,tag_glass_overhead_front_right_d3
3eea83361bdb8c0d,tag_glass_overhead_front_right_d4
3eea82361bdb8a5a,tag_glass_overhead_front_right_d5
6289a3dc8bd478a,tag_glass_overhead_rear_left_d1
628993dc8bd45d7,tag_glass_overhead_rear_left_d2
f927a3e1a31b50a1,tag_glass_overhead_rear_right_d1
f927a0e1a31b4b88,tag_glass_overhead_rear_right_d2
9a4e38254888d223,tag_glass_under_left_d1
9a4e39254888d3d6,tag_glass_under_left_d2
9a4e3a254888d589,tag_glass_under_left_d3
9a4e3b254888d73c,tag_glass_under_left_d4
9a4e3c254888d8ef,tag_glass_under_left_d5
844feb40e0f8ed02,tag_glass_under_right_d1
844fea40e0f8eb4f,tag_glass_under_right_d2
844fe940e0f8e99c,tag_glass_under_right_d3
844fe840e0f8e7e9,tag_glass_under_right_d4
844fe740e0f8e636,tag_glass_under_right_d5
d928c947f14136da,tag_bumper_guard_d0
a1e87eb385eef0e2,tag_bumper_guard_damaged_d0
16ab0e806bb35974,tag_heel_plate_left_d0
a9b44b77dcd2d651,tag_heel_plate_right_d0
522f37e247e9fb8c,tag_trunk_panel_d0
2671e45dc0b7f01a,tag_light_back_center
730ad04c0a12303b,tag_wheel_back_left_attach
fec5b3ee2bf3142a,tag_wheel_center_middle1_left
ccbee87d922622c7,tag_roof_light_center
cc9b05b2ec401a1f,tag_hood_light_left
7b4222111aae3c0,tag_roof_light_right
cba53d63ff80432f,tag_wheel_front_left_attach
5f44321b0ff78150,tag_hood_light_right
6c072d45fe3f834f,tag_roof_light_left
56ac7c1c9954db97,tag_wheel_center_middle1_right
239a6afd8273d2b4,tag_light_front_center
36c31e0dbc960a72,tag_seat_8
c9975a4300e44a4f,tag_gunner2
98e567e238c102c6,tag_mirror_left_d0
a218efc4fbdb1df3,tag_mirror_right_d0
77aaaf26bd9e118e,tag_light_front_left_d1
77aaae26bd9e0fdb,tag_light_front_left_d2
7f47968270cf2ead,tag_light_front_right_d1
7f47938270cf2994,tag_light_front_right_d2
a6ec2e6ec9137eec,tag_light_back_left_d1
a6ec316ec9138405,tag_light_back_left_d2
5f56381d75fe70c3,tag_light_back_right_d1
5f56391d75fe7276,tag_light_back_right_d2
7b068e9d1688001c,tag_glass_back_left_d1
7b06919d16880535,tag_glass_back_left_d2
7b06909d16880382,tag_glass_back_left_d3
7b068b9d1687fb03,tag_glass_back_left_d4
7b068a9d1687f950,tag_glass_back_left_d5
e57a7f116c10a33,tag_glass_back_right_d1
e57a8f116c10be6,tag_glass_back_right_d2
e57a9f116c10d99,tag_glass_back_right_d3
e57aaf116c10f4c,tag_glass_back_right_d4
e57abf116c110ff,tag_glass_back_right_d5
2c2f22d8faaabc41,tag_light_parking_front_left_d1
2c2f1fd8faaab728,tag_light_parking_front_left_d2
40e5f7db5850d788,tag_light_parking_front_right_d1
40e5fadb5850dca1,tag_light_parking_front_right_d2
f6696ad42db1aac8,tag_light_fog_right_d1
f6696dd42db1afe1,tag_light_fog_right_d2
3211b27b4a044681,tag_light_fog_left_d1
3211af7b4a044168,tag_light_fog_left_d2
7c128377321426f5,tag_light_disabled
6053c16a65cd7cac,tag_light_enabled_normal
f63525cfb4028c9a,tag_light_enabled_publicevent
5b46d3cc20f7fde8,tag_canopy
fef6eb5b7c389c62,tag_screen_off
50fb32dce6643b08,tag_screen_on
8cc67beaf7269851,j_laptop_screen_on
5bc1d741f67df8ed,j_laptop_screen_off
a2cbf300176baca4,j_ball_front_ce
4e02afb5a117bbc1,tag_armor_14
4dff2bb5a114a59e,tag_armor_06
b9b22f1ef8fb02cc,tag_light_front_top
4dff2cb5a114a751,tag_armor_07
4dff30b5a114ae1d,tag_armor_03
6359e132bb7fac36,tag_light_back_top
4dff29b5a114a238,tag_armor_04
4e02abb5a117b4f5,tag_armor_18
4dff2fb5a114ac6a,tag_armor_02
4dff2ab5a114a3eb,tag_armor_05
4e02aeb5a117ba0e,tag_armor_15
4dff2eb5a114aab7,tag_armor_01
c84ede6170a40c28,tag_light_front_middle
4e02b2b5a117c0da,tag_armor_11
4e02b1b5a117bf27,tag_armor_12
4e02aab5a117b342,tag_armor_19
9228acc904f32f27,j_weapon_spin
4e02b3b5a117c28d,tag_armor_10
301f9e0081aca1cc,j_wristtwist4_ri
cb1bf9de03c6ca32,j_head_le
cb1521de03c0ef7c,j_head_ri
bd2106bb69d2469e,tag_remoterobot_1
bd2105bb69d244eb,tag_remoterobot_2
7aa8965fbe3c954a,tag_fx_helmet
cbacaf433396c218,tag_fx_chestplate
72b5ad1cebc2a55f,tag_fx_shoulder_le
14ec04a6b7aa6b3,tag_fx_thigh_ri
111e04a6b472ef5,tag_fx_thigh_le
ea5ef239a6da0101,tag_door_fl_slide_animate
a4149200714ddc5b,tag_door_fr_slide_animate
de159dd3ce53a9dc,tag_stage_01
de15a0d3ce53aef5,tag_stage_02
de159fd3ce53ad42,tag_stage_03
de159ad3ce53a4c3,tag_stage_04
de1599d3ce53a310,tag_stage_05
de159cd3ce53a829,tag_stage_06
971901f80681923a,tag_light_off
a5a8eb22b418f620,tag_light_on
6cf892dd59444a4f,tag_rocket_left1
6cf893dd59444c02,tag_rocket_left2
3b7f9aff02307660,tag_rocket_right1
3b7f9dff02307b79,tag_rocket_right2
f8f19501f53220e2,tag_main_rotor_blur
c6d783e2d95b7b1f,tag_tail_rotor_blur
c9a0554dbae4a683,tag_hook
d1d9812ec4b8b67,tag_missile_06
d1a1412ec487544,tag_missile_14
b75a972d7a12c18a,tag_ai_linkto_front
7a10aa444458cbaf,tag_ai_linkto_rear_left
d1a1512ec4876f7,tag_missile_15
d1d9412ec4b849b,tag_missile_02
bb97807ea037b90c,tag_ai_linkto_back_left
42dfb58c1eab8ebf,tag_ai_linkto_right
d1d8e12ec4b7a69,tag_missile_08
d1d9312ec4b82e8,tag_missile_03
d1a0812ec4860e0,tag_missile_18
d1a1312ec487391,tag_missile_13
d5c25bef5705f372,tag_ai_linkto_left
d240112ec50a980,tag_missile_21
99764ad37760a59b,tag_ai_linkto_front_right
862e890052a05cc6,tag_ai_linkto_front_left
a8af2ae6b4091462,tag_ai_linkto_front_center
d1a0912ec486293,tag_missile_19
24997878d7866bdc,j_tongue11
d1a1712ec487a5d,tag_missile_17
d1d8d12ec4b78b6,tag_missile_09
d1d9912ec4b8d1a,tag_missile_05
d1d9a12ec4b8ecd,tag_missile_04
89498d35a493eef9,tag_ai_linkto_back_right
d240212ec50ab33,tag_missile_20
d1d9512ec4b864e,tag_missile_01
d1a1612ec4878aa,tag_missile_16
d1d9712ec4b89b4,tag_missile_07
9f432e8d4c5c87a0,tag_ai_linkto_rear_right
52aac44ecdffecd9,j_head_pilot
a58fe6667a53c74c,tag_fx_chest
97fd74eb48406bcc,tag_fx_headcam
501061dce59c73f2,tag_screen_01
501060dce59c723f,tag_screen_02
50105fdce59c708c,tag_screen_03
a956cfbb7e7d4fb,j_magic_box
5e8e68bd438d320b,j_light_yellow
72975cce9f403ba6,j_light_red
a10d86d9130ff7c6,j_light_green
75d6d5ce0fa69abc,j_light_off
80c99ed877434b93,tag_animate
f773e06a2ba647e,j_bunny
83a828863375dcac,j_trunk
3054da10edd3b544,j_trunk_left
25b2c7d067e7cb91,j_trunk_right
1378331ee72446ad,tag_light_parking_back_left_d1
1378301ee7244194,tag_light_parking_back_left_d2
c2a892bf73c94fdc,tag_light_parking_back_right_d1
c2a895bf73c954f5,tag_light_parking_back_right_d2
1bf2dd305b25b8e5,tag_lid
92f1d427fff9ac51,tag_fracture_02
92f1d327fff9aa9e,tag_fracture_03
92f1d127fff9a738,tag_fracture_01
92f1d627fff9afb7,tag_fracture_04
92f1d527fff9ae04,tag_fracture_05
63c9bc384d2bccd9,tag_broken2
63c9bb384d2bcb26,tag_broken3
c30637bff6d532cd,tag_on
63c9b9384d2bc7c0,tag_broken1
63c9be384d2bd03f,tag_broken4
79b198c965240494,tag_broken_02
79b199c965240647,tag_broken_03
c6a8eab5c7a61e75,tag_door_front_left_d0
2606b63c3a8c83de,tag_door_rear_left_d0
3960c19a3de46a24,tag_door_back_right_d0
31878eb60c222acb,tag_door_rear_right_d0
666636b40309e04b,tag_door_back_left_d0
1a8b277ab81686c6,tag_door_front_right_d0
2cb8ed67ec0262b2,tag_hood_animate
6e5fd061a2ed454f,tag_light_hatch_left_d1
8cc1a3bce303ae46,tag_light_hatch_right_d1
a442349e3a338dc4,tag_screen_1
bb503fab213058e1,tag_broken_1
bb503cab213053c8,tag_broken_2
a442379e3a3392dd,tag_screen_2
bb503dab2130557b,tag_broken_3
bb5042ab21305dfa,tag_broken_4
cab858be4c68d406,tag_tailgate_d0
4e68613d1ee45eb,tag_glass_back_d0
4e68513d1ee4438,tag_glass_back_d1
4e68813d1ee4951,tag_glass_back_d2
4e68713d1ee479e,tag_glass_back_d3
4e68a13d1ee4cb7,tag_glass_back_d4
4e68913d1ee4b04,tag_glass_back_d5
c1757856e26642c3,tag_hatch_d0
3abc2cbb7fbf9d9e,tag_glass_hatch_d0
3abc2dbb7fbf9f51,tag_glass_hatch_d1
3abc2abb7fbf9a38,tag_glass_hatch_d2
3abc2bbb7fbf9beb,tag_glass_hatch_d3
3abc30bb7fbfa46a,tag_glass_hatch_d4
3abc31bb7fbfa61d,tag_glass_hatch_d5
558ee719edec7222,tag_light_trunk_right_d1
558ee619edec706f,tag_light_trunk_right_d2
9593cb5c80a1b743,tag_light_trunk_left_d1
9593cc5c80a1b8f6,tag_light_trunk_left_d2
ca63bf0ec1d1a4f3,tag_trunk_d0
b9313e2c0c79323,tag_light_mirror_right_d1
cca325526898acc,tag_light_mirror_left_d1
f9d5e380c23a2ec2,tag_light_brake_center_d1
f9d5e280c23a2d0f,tag_light_brake_center_d2
9a8cd8383790f4f0,tag_glass_sunroof_d0
9a8cd9383790f6a3,tag_glass_sunroof_d1
9a8cda383790f856,tag_glass_sunroof_d2
9a8cdb383790fa09,tag_glass_sunroof_d3
9a8cdc383790fbbc,tag_glass_sunroof_d4
9a8cdd383790fd6f,tag_glass_sunroof_d5
acbff5963db682f1,tag_glass_lightbar_d0
acbff4963db6813e,tag_glass_lightbar_d1
acbff3963db67f8b,tag_glass_lightbar_d2
acbff2963db67dd8,tag_glass_lightbar_d3
acbff9963db689bd,tag_glass_lightbar_d4
6485f2c737ce5cbd,tag_taxi_sign_d0
6485f1c737ce5b0a,tag_taxi_sign_d1
6485f0c737ce5957,tag_taxi_sign_d2
9169f9938d1934b0,tag_light_roof_front_right_d1
9169fc938d1939c9,tag_light_roof_front_right_d2
ba3274940c5f845a,tag_light_front_center_d1
ba3273940c5f82a7,tag_light_front_center_d2
ee95351042933d29,tag_light_roof_front_left_d1
ee95321042933810,tag_light_roof_front_left_d2
4cdf71d23ff368df,tag_light_emergency_red_03_d0
4cdf70d23ff3672c,tag_light_emergency_red_03_d1
774d2dc1d07b2539,tag_light_emergency_red_01_d0
774d2cc1d07b2386,tag_light_emergency_red_01_d1
158bbd8008db35e1,tag_light_emergency_red_09_d0
158bbc8008db342e,tag_light_emergency_red_09_d1
59b9f8ce3699584,tag_light_emergency_red_13_d0
59ba08ce3699737,tag_light_emergency_red_13_d1
a7c72feb88b6206c,tag_light_emergency_red_04_d0
a7c730eb88b6221f,tag_light_emergency_red_04_d1
50f485e3ecefc47d,tag_light_emergency_red_05_d0
50f484e3ecefc2ca,tag_light_emergency_red_05_d1
32cd999345d18aeb,tag_light_emergency_red_10_d0
32cd989345d18938,tag_light_emergency_red_10_d1
ae19e1739d8a06f7,tag_light_emergency_red_14_d0
ae19e0739d8a0544,tag_light_emergency_red_14_d1
d4f929f1eb1e15d3,tag_light_emergency_red_07_d0
d4f928f1eb1e1420,tag_light_emergency_red_07_d1
7faf73fbfa2a59e2,tag_light_emergency_red_06_d0
7faf74fbfa2a5b95,tag_light_emergency_red_06_d1
16c767852fe97210,tag_light_emergency_red_08_d0
16c768852fe973c3,tag_light_emergency_red_08_d1
de5d639d5596993a,tag_light_emergency_red_11_d0
de5d649d55969aed,tag_light_emergency_red_11_d1
7a2c7bd8a272412e,tag_light_emergency_red_02_d0
7a2c7cd8a27242e1,tag_light_emergency_red_02_d1
2ed3958198ec1235,tag_light_emergency_red_12_d0
2ed3948198ec1082,tag_light_emergency_red_12_d1
7d23768abfd7f2bc,tag_mirror_rearview_d0
725f6fd346e71dac,tag_fx_lights_emissive_red
9c18c9d612affecc,tag_fx_lights_emissive_green
62cfe7fd47c126b9,tag_fx_lights_emissive_yellow
e80fdc81081358be,tag_glass_side_back_right_d0
17d78dac84818b8d,tag_glass_side_back_left_d0
67d8bfb434294ae3,tag_hood_d0
d5289614aeef9eb4,j_head_back_le
d5807614af39de2a,j_head_back_ri
b4be26ed37240862,j_head_front_le
b5240eed377a92cc,j_head_front_ri
e38ead8ac43b59c2,j_head_middle_le
e3f4958ac491e42c,j_head_middle_ri
2b004936435c06fb,j_hip_back_le
2ade4936433f2095,j_hip_back_ri
2fde0cef23a8aa2f,j_hip_front_le
2fd7f4ef23a415b9,j_hip_front_ri
4f7be770e8a0f51d,j_hip_middle_le
4f81f770e8a57bfb,j_hip_middle_ri
36347cad1585ffd6,j_weakspot
56d14ea493603826,j_screen_green
21ef07f9b4588606,j_screen_red
26a102463deaaf6a,tag_light_on1_fx
d4cac4504fe572bd,tag_light_on2_fx
feb1be56af8106dc,tag_light_on3_fx
5592005e4b52ef6f,tag_light_on4_fx
2c59fa6995d0578e,tag_light_on5_fx
597dfc6ff82c1d31,tag_light_on6_fx
50eb67a07f2c350,tag_light_on7_fx
3268b8806a7c1863,tag_light_on8_fx
28cfb53c0f63d45f,tag_light_red_fx
7c613961e37cb08c,tag_light_yellow_fx
81e63d378fdb9abf,tag_light_green_fx
c105a2b1c959685,tag_left
96ea4e7f0a1f8818,tag_left_02
96ea4f7f0a1f89cb,tag_left_03
96ea547f0a1f924a,tag_left_04
6b36dcdc6c3e98cb,tag_left_off
f9cfe7cdfcfe331e,tag_right
8897a6c977c34151,tag_right_02
8897a5c977c33f9e,tag_right_03
8897a8c977c344b7,tag_right_04
8c225e55c24bccf0,tag_right_off
27cee31e09e34daf,tag_back
6ee49e3335e74a16,tag_back_02
6ee49f3335e74bc9,tag_back_03
6ee4a03335e74d7c,tag_back_04
3958fa03f752b875,tag_back_off
aff0246a35feb027,tag_ai_linkto_rear_center
eada7e6e7107b8d7,j_screen_b
eada7d6e7107b724,j_screen_c
eada7f6e7107ba8a,j_screen_a
ef963290edc25c7b,j_light_blue
8a7b87884beb01eb,j_screen_yellow
206f594c5281f146,tag_on_00
206f574c5281ede0,tag_on_02
206f5d4c5281f812,tag_on_04
206f5b4c5281f4ac,tag_on_06
206f5c4c5281f65f,tag_on_07
206f614c5281fede,tag_on_08
2072df4c52850acf,tag_on_10
2072de4c5285091c,tag_on_11
2072e04c52850c82,tag_on_13
2072db4c52850403,tag_on_14
2072da4c52850250,tag_on_15
2072dc4c528505b6,tag_on_17
2072e64c528516b4,tag_on_19
20686d4c527bf494,tag_on_20
20686f4c527bf7fa,tag_on_22
d6f01b2d1c1978b9,tag_num_00
d6f0192d1c197553,tag_num_02
d6f01f2d1c197f85,tag_num_04
d6f01d2d1c197c1f,tag_num_06
d6f01c2d1c197a6c,tag_num_07
d6f0232d1c198651,tag_num_08
d6ec952d1c165f30,tag_num_10
d6ec962d1c1660e3,tag_num_11
d6ec982d1c166449,tag_num_13
d6ec992d1c1665fc,tag_num_14
d6ec9a2d1c1667af,tag_num_15
d6ec9c2d1c166b15,tag_num_17
d6ec9e2d1c166e7b,tag_num_19
d6f6a72d1c1ed24b,tag_num_20
d6f6a92d1c1ed5b1,tag_num_22
221c90a7d51c37c8,j_vine_side
897ba81e41e444e8,tag_blue
77d2266f214417f0,tag_brown
6df3cad01f2dae6f,tag_green
1d308bfa4b2fe69e,tag_orange
963a1730a0b17593,tag_red
6690997e02dbfa1e,tag_fx_armor_trap_le
a3869beca7ebe2e4,tag_fx_armor_bicep_le
9be5c73bcb727475,tag_fx_armor_forearm_le
67fa4b86cd516d81,tag_fx_armor_ribs_le
f6bd0d83f8ed8890,tag_fx_armor_stomach_ri
4a8a6dc0c228deac,tag_fx_armor_chest_ri
f045ef67e01c830d,tag_fx_armor_shoulder_ri
9c22a73bcba5ec33,tag_fx_armor_forearm_ri
35e5846b69d38c9,tag_gunner_turret1
ba57d8843f8342dd,tag_screen_on_00
ba57d7843f83412a,tag_screen_on_01
ba57d6843f833f77,tag_screen_on_02
ba57d5843f833dc4,tag_screen_on_03
ba57d4843f833c11,tag_screen_on_04
ba57d3843f833a5e,tag_screen_on_05
15709bd4748c3a53,tag_pipe_long
904d4d8f63144bf5,tag_pipe_short
4b87f4ff87e5a396,tag_light_one_on_0
4b87f5ff87e5a549,tag_light_one_on_1
4b87f2ff87e5a030,tag_light_one_on_2
4b87f3ff87e5a1e3,tag_light_one_on_3
4b87f8ff87e5aa62,tag_light_one_on_4
4b87f9ff87e5ac15,tag_light_one_on_5
4b87f6ff87e5a6fc,tag_light_one_on_6
4b87f7ff87e5a8af,tag_light_one_on_7
4b87fcff87e5b12e,tag_light_one_on_8
4b87fdff87e5b2e1,tag_light_one_on_9
7cc3f303957050c4,tag_light_two_on_0
7cc3f40395705277,tag_light_two_on_1
7cc3f5039570542a,tag_light_two_on_2
7cc3f603957055dd,tag_light_two_on_3
7cc3ef03957049f8,tag_light_two_on_4
7cc3f00395704bab,tag_light_two_on_5
7cc3f10395704d5e,tag_light_two_on_6
7cc3f20395704f11,tag_light_two_on_7
7cc3eb039570432c,tag_light_two_on_8
7cc3ec03957044df,tag_light_two_on_9
8dfccd2bc79b8352,tag_light_three_on_0
8dfcce2bc79b8505,tag_light_three_on_1
8dfccb2bc79b7fec,tag_light_three_on_2
8dfccc2bc79b819f,tag_light_three_on_3
8dfcc92bc79b7c86,tag_light_three_on_4
8dfcca2bc79b7e39,tag_light_three_on_5
8dfcc72bc79b7920,tag_light_three_on_6
8dfcc82bc79b7ad3,tag_light_three_on_7
8dfcd52bc79b90ea,tag_light_three_on_8
8dfcd62bc79b929d,tag_light_three_on_9
38cb941e47798f56,tag_light_three_off_0
38cb951e47799109,tag_light_three_off_1
38cb921e47798bf0,tag_light_three_off_2
38cb931e47798da3,tag_light_three_off_3
38cb981e47799622,tag_light_three_off_4
38cb991e477997d5,tag_light_three_off_5
38cb961e477992bc,tag_light_three_off_6
38cb971e4779946f,tag_light_three_off_7
38cb9c1e47799cee,tag_light_three_off_8
38cb9d1e47799ea1,tag_light_three_off_9
ed03f675deaf02cd,tag_light_one_off_1
ed03f375deaefdb4,tag_light_one_off_2
ed03f475deaeff67,tag_light_one_off_3
ed03f175deaefa4e,tag_light_one_off_4
ed03f275deaefc01,tag_light_one_off_5
ed03ef75deaef6e8,tag_light_one_off_6
ed03f075deaef89b,tag_light_one_off_7
ed03ed75deaef382,tag_light_one_off_8
ed03ee75deaef535,tag_light_one_off_9
48f1acd4b5eecdb3,tag_light_two_off_1
48f1add4b5eecf66,tag_light_two_off_2
48f1aed4b5eed119,tag_light_two_off_3
48f1afd4b5eed2cc,tag_light_two_off_4
48f1b0d4b5eed47f,tag_light_two_off_5
48f1b1d4b5eed632,tag_light_two_off_6
48f1b2d4b5eed7e5,tag_light_two_off_7
48f1b3d4b5eed998,tag_light_two_off_8
48f1b4d4b5eedb4b,tag_light_two_off_9
28d22c018877fde8,tag_screen02_off
7f17801555e94939,tag_screen01_off
ca78daee689b9c00,tag_screen02_on_01
ca78ddee689ba119,tag_screen02_on_02
ca78dcee689b9f66,tag_screen02_on_03
ca78dfee689ba47f,tag_screen02_on_04
123b5eacca942989,tag_screen01_on_01
123b5bacca942470,tag_screen01_on_02
123b5cacca942623,tag_screen01_on_03
123b61acca942ea2,tag_screen01_on_04
123b62acca943055,tag_screen01_on_05
123b5facca942b3c,tag_screen01_on_06
123b60acca942cef,tag_screen01_on_07
123b65acca94356e,tag_screen01_on_08
123b66acca943721,tag_screen01_on_09
123ee3acca97415f,tag_screen01_on_10
bc5b86a1eccacc2b,j_zb_1_root
804bf23868d74ca8,j_zb_2_root
8a42a8da5e31eb21,j_zb_3_root
21fe5fdf831ace56,j_zb_4_root
1083d4087350b607,j_zb_5_root
5e42308e04d87d64,j_zb_6_root
4cc79cb6f50e577d,j_zb_7_root
1859ce7af98e3d62,j_zb_8_root
c39a972bd3c4d2a0,j_tongue6
e8dea794412c9d38,j_shoulder_armor_le
e878bf9440d612ce,j_shoulder_armor_ri
a5767e2dbacc1a72,j_beard_front_01
b1b2fe7e39addf56,tag_turret_null
e82ada7120847f54,tag_tree
5f9d1139105b9f13,tag_decorations
17ec558ff3e78501,tag_lights
24f42d2672189433,tag_lights_on
1cb773329675447,tag_present
941d63a7afda1aac,tag_star
9a7ce19baa54c278,base
5d1846ebb1f1c78,military_debris_bullet_casing_39mm
a8b859de0c73baaa,t10_mtx_d20_die
a0017f284105e589,lawn_chair_01
e0163c8c67ad1df3,medical_jar_cottonball_03
818eb610411c5a2d,medical_jar_pack_06
ebc44feedf078435,medical_jar_pad_04
9a78efcd2a1557f1,medical_jar_pills_05
d09b2311b7c503c4,medical_jar_swab_01
31b68fd121f0d271,medical_jar_therm_07
e671d82959be9946,un_office_desk_phone
979361a037df2f86,un_office_desk_phone_base
1238d2a26c5ad04b,misc_tools_wrench_01
3a6da8c0231d0bd,toy_plush_lochness_monster_01
8aab2202fa5801c6,toy_stuffed_animal_bear_dmg_01
5cea2a3b3514b8d7,toy_stuffed_animal_duck_dmg_01
50f6db779d7d5e57,toy_stuffed_animal_monkey_dmg_01
bc12b82fe07700ef,toy_stuffed_animal_unicorn_01
fcaa117710eae580,equipment_military_radio_old_02
39656e4062f3d203,military_debris_bullet_casing_223
1d5764f49d0e5c6d,red_component_bin_filled_01_empty
e923ecec62045a87,misc_tools_pliers_01
c0de7c496c185d4d,un_office_pencil_01
113040d2d15c4ae9,uk_janitor_mop_bucket_01_full
d31d315d992a93bd,un_backgammon_game_01_closed
ee1487c79c02467a,toy_stuffed_animal_elephant_01
48d41b09a11f75f2,toy_stuffed_animal_giraffe_dmg_01
ef515ced46a2b845,s4_rus_vase_01
37093fe006507fc3,me_kitchen_tea_cup_01_plate
39c398f079c50af8,trash_plastic_bin_green_lid_01
fb713983ff26124a,misc_interior_chess_game_black_horse
cc5dd5d811037494,ee_machinery_industrial_fan
6232c2ba9d3926ae,ee_utility_pole_sign_frag
f0db1ddf0b1b5a3e,me_barber_shave_kit_razor
43dcb83f0ba3d9c5,x1_rcxd_controller_01
dcff5c09dba38c23,camcorder_01
5827266f2b54ffb5,uk_ladder_metal_worn_01
6e506e5c7c2d0c0e,ee_book_office_folder_02
8dc0d65074f06ba9,bathroom_toiletries_bottle_01
5d1155e3aa1631f0,uk_misc_hand_towel_dirty_02
969c2f8de3ecad0a,bathroom_toiletries_bottle_pump_01
d13a52b1e798c91a,ee_book_office_folder_pile_01
c77986689d38f475,ee_pot_clay_small
3aec52443d75ed1,ee_plant_potted_large_02
c68a1578e556351d,ee_pot_clay_medium
e923edec62045c3a,misc_tools_pliers_02
cbcdb9d3d796cd46,toy_stuffed_animal_duck_01
785196b0f32940f,decor_misc_props_01_bucket_metal
ee0fd04496f52b31,uk_plastic_container_filled_01_empty
d0080d0c987d9f20,me_kitchen_coffee_cup_01
6314e45e8bd0decb,t10_storage_case_gun_hardshell_01_medium_open
ca4249618e8f5034,me_tool_harvest_tray_02
1baf859d75c1c3b,un_office_marker_yellow_01
ba2ac548160a635,jup_decor_security_cctv_ceiling_dome_interior_01
ed939c8983e2c804,t10_clothing_bags_purse_ekasmall_01
ef8b6c341e0e3d61,uk_yellow_component_bin_filled_01
3a6ba3da70d9318f,electronics_fire_alarm_01
c3debf26e2eafb02,uk_automotive_car_battery_01
c7b1273cd8888a06,un_office_pen_02
4e3732081c7d5c,un_office_clipboard_01
39d5b46a205b521,t10_stationary_paper_tray_black_01
7ca84de69ec4e7d8,un_office_passport_01
c7b1283cd8888bb9,un_office_pen_03
c7b1263cd8888853,un_office_pen_01
8118186ec9f472b6,trash_bin_metal_02
969c2e8de3ecab57,bathroom_toiletries_bottle_pump_02
a554e4d9da570406,me_barber_shave_kit_brush
a60ec68d877e5a37,bathroom_toiletries_tube_01
8aec77a50a870e43,bathroom_toiletries_tub_02
8aec78a50a870ff6,bathroom_toiletries_tub_01
fe1b82adc7d638b6,kitchen_plastic_kid_cup_01
a903687587079e0c,ee_food_fruit_apple_01
c778fd0f83f38f57,toy_stuffed_animal_giraffe_01
3aec22443d759b8,ee_plant_potted_large_01
a168399770154e2e,electrical_security_number_pad_01
d5bb04f6eeee49f1,uk_foliage_plant_potted_grass_01
5c21de353b7d24b7,military_cp_crafting_crate_military
d13a51b1e798c767,ee_book_office_folder_pile_02
eefb5e350d5fc4b9,electronics_fire_alarm_bell_01
750d1ad586a6f70e,uk_spray_bottle_01
ca2589c90330865b,lighting_fixtures_security_lamp_withcage_01
f7b0f5c66b5c0a2d,security_camera_small_white_01
575b7a1c757c1b6b,kitchen_plastic_pint_cup_01
65d5f6936416cfda,uk_misc_car_parts_assorted_03
8f74da1065475d56,uk_bottle_oil_small_02b
2bc43c9247e457ba,s4_ger_food_can_08
2bc4339247e4486f,s4_ger_food_can_03
63b30ac3889dbb4a,decor_misc_props_01_jar_small
d4bdc1dd7d87f925,me_communication_cctv_mic_01
63ed42213ef1f8ad,decor_misc_props_01_bottle
920b56d7916c7ad4,me_food_spice_sack_tall_01
955ef9d96dce1a13,ee_gym_weight_metal_plate
19d78d072f8af711,military_cp_crafting_crate_wood
1c32bafc54ed360e,uk_foliage_plant_potted_fern_01
635ff9b5a09ac3a4,me_electrical_garage_numpad_01
d979417b6a0bd097,cp_disco_street_barricade
ae362317509be1f,electrical_box_multi_port_01
79701b8b1927278,door_glass_metal_01_mp
e44d3f326abaa63b,medical_centrifuge_01
6e506d5c7c2d0a5b,ee_book_office_folder_01
132fa967161eec,construction_hardhat_lowres_01
42958bfe9f9a9ebe,tool_electric_chisel
a82a4556da1820f3,tool_wood_handle_hammer_01
7542bfbc54785ea6,ee_light_fixture_lamp_short_01
6e506f5c7c2d0dc1,ee_book_office_folder_03
373e4ddd93217c0a,uk_electrical_geiger_meter_01
c98088d39feeb6eb,ee_furniture_bench_wood_poolside
ddbbfde7129ddac6,toy_stuffed_animal_monkey_01
6ef3c36f184472a8,me_gas_lantern_01
3957f7b91f568f4f,cardboard_box_small_01
d01307bc3a0ffc2b,toy_stuffed_animal_bear_01
90a0c32b61c44fa4,medical_cabinet_short_01
3a9c49c7d7fb494a,un_propane_gas_tank_tall_med
d0376de4dd799f3f,toy_stuffed_animal_bunny_01
b3692ce2e079c7ab,red_component_bin_filled_01
9d5c415d5fe8388,ee_furniture_table_pool_cue
344dc86f8c457cb7,jup_tool_shovel_snow_01
a5410888e5cb0690,ee_furniture_table_pool
e4b983eebfb6a1c,uk_tool_box_small_01
439e2b5dd5892b08,uk_tool_box_large_01
7c1f74fc6a35c48c,military_radio_crate_01
1a8120a973b26c0,un_office_desk_phone_01
adac90cbf455049,un_office_paper_stack_01
85c4125faed654fe,debris_junk_tire_01
8fb957218ab751a9,uk_industrial_light_02
ced636269ad61f93,hay_pile_low_01
758fa5cba45ef452,furniture_milk_bucket_01
ebdcda700c128f83,t10_street_trash_green_dumpster_02
2c64da5347460fa2,london_coffee_machine
15d9454939df3091,london_coffee_machine_cup
5609420b19025dd1,misc_tools_hatchet_01
64cdffecd4175d68,uk_townhouse_vertical_mailbox_01
d95885f79867b2f5,decor_barbed_wire_razor_64_01
9a46ff9baa276602,back
24b070ada2041cb0,left
76aaaa535714d805,right
7641b97040a5af4c,j_screen_left_05
4a7095d6351c8d52,j_screen_middle_03
7641ba7040a5b0ff,j_screen_left_04
7efd0944138d2db2,j_screen_right_02
7641b87040a5ad99,j_screen_left_02
4a7093d6351c89ec,j_screen_middle_01
7efd0444138d2533,j_screen_right_05
4a7090d6351c84d3,j_screen_middle_04
7efd0344138d2380,j_screen_right_04
4a7096d6351c8f05,j_screen_middle_02
7641b57040a5a880,j_screen_left_01
7efd0a44138d2f65,j_screen_right_03
4a708fd6351c8320,j_screen_middle_05
7efd0844138d2bff,j_screen_right_01
7641b77040a5abe6,j_screen_left_03
235a0978d6770b4d,j_tongue_4
235a0878d677099a,j_tongue_5
3ca603010d852735,tag_light_lightbar_right_d1
27ee0d4e4b9a4056,tag_interior_light_control_ambient
3d8ea749e98b7dd3,tag_weakpoint3
2dc25e17e7718fc2,tag_casing_panel_03
124a64191daacf06,lid
e9b561b418fee68c,j_lid_front_ri_2_show
f650311a3c1d75f4,chevron_1
d492bf9e16079d18,j_lid_front_le_4_show
b51afb05cd34709f,rotation
2a9bd2d39c67955c,tag_wall_01_c
b59bee865b3e0f5d,ee_stool_wood_01
950694d16e7cd320,tag_piece_01
3d8eb149e98b8ed1,tag_weakpoint9
332db59505825968,jup_comp_sn_01
950697d16e7cd839,tag_piece_02
9de543933e6e703a,model
548107a2ed0977e2,mg01
a07f3a2dc3f7b266,j_lid_rear_le_3
e756c0190570ccb5,arm
74bd71c61ebf84d6,tag_snack
2dc25917e7718743,tag_casing_panel_04
e77769f9c062796f,j_lid_front_ri_1_show
5e1ad671457ea90,receiver
2a8ef9fd27a5552c,tag_foam_02
7c3d4cc9ac318ab4,me_kitchen_tea_cup_01_pot_double
3d8ea649e98b7c20,tag_weakpoint2
35d1d681a51b8736,tag_light_lightbar_left_d1
a691bca22c8d4db7,j_canister
874e3324535494e4,tag_wing_04_animate
6bdaf998486ef5ed,blinking_lights
d8183e88d983d9d7,tag_interior_light_control_white
634181d4f67a8639,tag_interior_light_control_red
468fdd0e27cdc6e5,tag_interior_light_control_amber
966f5fff8006ce28,tag_light_accessory1
dd9a703a210b7d3d,tag_interior_light_control_green
a354fd1ff0c467c5,root
a07f3d2dc3f7b77f,j_lid_rear_le_4
66eda7d123d0b506,blades
eadcef5ada92dcb,tag_fx_04
1fe781d395c3d3b9,tag_wall_02_c
a07f3b2dc3f7b419,j_lid_rear_le_2
23fda8e7c9a2e0ed,sat_debris_glass_shard_07
17b5dd4cfb0d02c4,t10_signage_wood_welcome
1f71d5a9cecc1b0f,light
f650341a3c1d7b0d,chevron_2
89e9bd1960f4c069,rec
3d8eab49e98b849f,tag_weakpoint7
d953d44f4c9baf6,j_lid_front_le_2_show
950696d16e7cd686,tag_piece_03
860b081b982ca311,misc_car_parts_assorted_01_detail_01
ffd56de3748a3631,uk_portable_radio_01
2e9d7f912b1dc690,tag_control_bomb_deploy
eadd0f5ada93131,tag_fx_06
860b061b982c9fab,misc_car_parts_assorted_01_detail_03
ea7e760b4e34339d,me_tools_pick
3aec42443d75d1e,ee_plant_potted_large_03
23fda6e7c9a2dd87,sat_debris_glass_shard_05
daba6f3caae7cb4f,tag_nose
e517541b40e36213,j_lid_front_le_2_hide
eadd3f5ada9364a,tag_fx_03
3d8eb049e98b8d1e,tag_weakpoint8
fadd5dedd9688d7a,debris
e8a304427f6c1d67,tag_light_front_signal_left_d1
eadcdf5ada92c18,tag_fx_05
eadcaf5ada926ff,tag_fx_08
eadcff5ada92f7e,tag_fx_07
d0244f1ec39668a8,me_container_gas_plastic_melted
631082c83d91b238,tag_prop_r_null
50703a714eb57d26,tag_prop_l_null
a28dc35d82e8ab29,j_lid_front_le_4_hide
c6a0ab42a863a0ca,j_lid_front_ri_1_hide
ae2135042547707a,j_lid_rear_ri_1
c115d04f5b23a84c,j_lid_front_ri_3_hide
c2f00c31a8807105,j_lid_front_ri_3_show
ae21330425476d14,j_lid_rear_ri_3
181fb5729a8e671d,j_lid_front_ri_2_hide
ae21340425476ec7,j_lid_rear_ri_2
ce5c858eecbcacef,j_lid_front_ri_4_hide
23772e3478e59eb2,j_lid_front_ri_4_show
ae21320425476b61,j_lid_rear_ri_4
4752bcb37aaf0e8a,j_lid_front_le_3_hide
bead7b65aaad892f,j_lid_front_le_3_show
452de1c030523f0c,j_lid_front_le_1_hide
47071da27dad54c5,j_lid_front_le_1_show
a07f382dc3f7af00,j_lid_rear_le_1
2dc25c17e7718c5c,tag_casing_panel_01
2dc25f17e7719175,tag_casing_panel_02
e216be303b292919,tag_end
2a8efcfd27a55a45,tag_foam_01
2a8efafd27a556df,tag_foam_03
b1a6815ac10a082b,tag_wing_01_animate
9b6adeed6a8ea45e,tag_wing_02_animate
f6e58a4d53f3ae99,tag_wing_03_animate
197169d392b9d9b1,tag_wall_03_b
a9036b758707a325,ee_food_fruit_apple_02
4c91e491b9b3434a,patio_umbrella_open_01
f650331a3c1d795a,chevron_3
899d4e1aaa645812,t10_decor_easel_ornate_01_standing_hinge
a78bd2f27698a81d,debris_wheel_rim_01
2a9bd4d39c6798c2,tag_wall_01_a
3d8ea949e98b8139,tag_weakpoint1
3d8eac49e98b8652,tag_weakpoint4
3d8ead49e98b8805,tag_weakpoint5
3d8eaa49e98b82ec,tag_weakpoint6
c3152418f072a45a,eye
860b0c1b982ca9dd,misc_car_parts_assorted_01_detail_05
6b06663088417936,tag_usb
950699d16e7cdb9f,tag_piece_04
23fda5e7c9a2dbd4,sat_debris_glass_shard_04
a20db7c830cf9ec8,tag_light_emergency_red_00_d0
860b051b982c9df8,misc_car_parts_assorted_01_detail_02
950698d16e7cd9ec,tag_piece_05
f6e1849d03192808,cp_disco_monitor_speaker
2256bb86c73d6146,t10_electronics_pitch_camera_standing_01
cc3910c7aa4be8fa,ee_food_fruit_banana_bunch
7afd48dc9a682b8c,uk_foliage_small_weeds_03
b3882d705e6efe02,debris_concrete_rubble_floor_slab_chunk_medium_08
18b4bd046312acad,me_kitchen_tea_cup_01_pot_single
87abe059ff931c27,me_kitchen_tea_cup_01_merge
ef7d990601308ebb,toy_stuffed_animal_elephant_dmg_01
e6af17cb9d8ac46e,tag_light_lightbar_d1
9210c8a82b41ca91,tag_light_front_signal_right_d0
9210c7a82b41c8de,tag_light_front_signal_right_d1
e8a303427f6c1bb4,tag_light_front_signal_left_d0
a20db8c830cfa07b,tag_light_emergency_red_00_d1
beb25e8c52b80133,ee_furniture_table_patio
ebd6b4990f317b08,container_fertilizer_bag_stack_02
2c15556fbe528351,ee_book_office_folder_02_confidential
ea6f672381c77653,electronics_control_units_04
4d290749288b71c1,shell
e5e9da3bb5406bc3,tentacle
93a2ab909e5fb7b2,tag_tube_top
2a9bd3d39c67970f,tag_wall_01_b
1fe77fd395c3d053,tag_wall_02_a
1fe780d395c3d206,tag_wall_02_b
197166d392b9d498,tag_wall_03_a
197168d392b9d7fe,tag_wall_03_c
d6803410ae51a8e6,tag_tube_base
