460550c21ceb76d8,amb_computer_loop_1
460553c21ceb7bf1,amb_computer_loop_2
5312120b6535abd8,amb_fire
729cd56ad8ae96b8,amb_large_fire
23b0991f9e05a62c,amb_metal_creak
6f0c75281e45a588,amb_sprinkler
5f0cf846c1e5f92e,amb_wind_interior_2d
7ccc0d8d49bc9724,evt_door_close
1b2199f9127d2b68,evt_door_open
c9e0250c7ad3925,zmb_step_standard_walk
79d857062d2bcd5f,zmb_vocals_zombie_ambient
5a0c8349f0b7b30f,mus_titlescreen_loop_0
444caaf0e07327e0,mpl_crate_enemy_steals
284db2719b821693,mpl_crate_friendly_steals
24c3739bb992183e,uin_aar_bar_fill_main
32188c6c1a4e7025,uin_aar_bar_fill_tail
198a0a42a0d2717e,uin_accolade
4951483392800ab8,uin_alert_slideout
2f6cea8979b97818,uin_gamble
60d69bbe0b2127d,uin_gamble_perk
4cbc2b82bf47c62,uin_notify_data
3a6b3bb4e203f2ed,uin_notify_data_loop
339c0a10af56146d,uin_objective_completed
5913bf76da7ee303,uin_objective_updated
55bda92cd43d71ff,uin_out_of_bounds_loop
7d38fd2c15614622,uin_rank_demotion
3f10f598fb385a0,uin_rank_promotion
3df12add6a488c0d,uin_start_count_down
202fe28cad164bb4,amb_rattle_bottles
1aa253e57e5a8369,amb_rattle_car_alarm
3986c505c98c47a6,amb_rattle_car_alarm_dist
279844e4aa6a8358,amb_rattle_chainlink
3f739ab172e61dc1,amb_rattle_chains
70a54fb8dcf57b51,amb_rattle_corrugated
4497b5b7032cee5e,amb_rattle_foliage
7e613aa91b86deac,amb_rattle_glass_crack
709738299162b5f5,amb_rattle_glasses
5488c87640a38f2e,amb_rattle_hanging_light
616508ba1d710a58,amb_rattle_lockers
4806e7b4904c0b94,amb_rattle_plastic_junk
467ecd3748004cf8,amb_rattle_porcelain
4c389d1dab65c7d3,amb_rattle_stuff
3b8cc606af40a58e,amb_rattle_tin
1d9e34ab0716449c,amb_rattle_vending
3dc76d5ca29e6142,amb_rattle_water
2fb92543b2e55122,amb_rattle_wood
547493248c5f6a50,chr_burn_loop_overlay
29bc06a7333e4bc2,chr_burn_npc_loop1
1314c1b55c53623,chr_burn_start
3653cc1222e196ea,chr_burn_start_loop
41c3b569f6556871,chr_swimming_drown
4008c8a6b77a436d,chr_swimming_drown_bubbles
4f50d17bb11eb86a,chr_swimming_ow_enter_npc
78a4387b8002e26f,chr_swimming_ow_enter_plr
4f52ba0b01f25de8,chr_swimming_ow_exit_npc
197da50ae2ed75a9,chr_swimming_ow_exit_plr
6e2ee6cf0075c6fe,chr_swimming_ow_float_npc
5c7d95cef6564d83,chr_swimming_ow_float_plr
1a6a4ccfee8f530c,chr_swimming_ow_stroke_left_npc
1bfbc790f9ccd5f4,chr_swimming_ow_stroke_npc
711526ec424d84af,chr_swimming_stroke_left_ow_plr
692d8d38879cfb9,chr_swimming_stroke_left_uw_plr
39eb0be2f6af7cc1,chr_swimming_stroke_ow_plr
2a6f5f60aa33a5e7,chr_swimming_stroke_uw_plr
120613d74c9d5ed6,chr_swimming_uw_ambience
6b24a3d77c1f0b1c,chr_swimming_uw_enter_npc
7cd5f6d7863e87fd,chr_swimming_uw_enter_plr
71860e5c277b190e,chr_swimming_uw_exit_npc
756fbd5cbab5f0b3,chr_swimming_uw_exit_plr
4f0838a8b8c76fe,chr_swimming_uw_stroke_left_npc
27e266ccebf89cd2,chr_swimming_uw_stroke_npc
6cccf7a1525c07e,chr_water_impact_f
1493ae13191ef147,chr_water_impact_f_plr
6ccc67a1525b133,chr_water_impact_m
753c5277d2727446,chr_water_impact_m_plr
6cce37a1525e27a,chr_water_impact_r
3c60dda520325943,chr_water_impact_r_plr
6cce47a1525e42d,chr_water_impact_s
2fb1add4b360bc18,chr_water_impact_s_plr
76044e39a40d4db5,dst_car_bullet_impact
3574dad779b1b3ec,dst_car_bullet_rico
76e527de2e37948f,dst_car_cooldown
5eb690639ce50eba,dst_car_fire
94b5f3bad73031,dst_car_fire_frnt
2730ba20330dff4a,dst_car_glass_break
267821e3be703ce7,dst_car_glass_crack
14e6aa140485ba14,dst_car_glass_light_crack
56a06f69284e9d8f,dst_car_glass_piece
17b03792068cf144,dst_car_headlight_break
68b8beb0257da073,dst_car_headlight_smash
79041053f1a7e71c,dst_car_oil_drip
2292879155c54477,dst_car_parts_tiny
2250c1fa4b3ba63b,dst_car_rad_sputter
21d849eee4d897a,dst_car_rad_steam
2748aa2e6dc57ae0,dst_car_tire_deflate
55c5ee20773ca615,dst_car_wheel
31f777916298d72,dst_cover_concrete
59e128a5a58e7d49,dst_dest_gascan_01_dp_d0
6dadd9af1b59c7de,dst_electronics_elc_sm
419e84642ebe554,dst_gas_pipe_lp
58218bc4f7624185,dst_steam_pipe_lp
b63902d771b1953,evt_annihilation
7b05a99cd966ddab,evt_annihilation_npc
51b2429d0a82b3a6,evt_annihilation_plr
716b32c0c8c4f545,evt_carpenter
52ae8d90634b318b,evt_carpenter_end
63f92b413bcc4638,evt_gen_hend_bot_melee
79e6a67b0bdd745f,evt_gen_react_retreat
308f5ce9fefb97a9,evt_incendiary_fire_barrel_lg
303a62e9feb361dc,evt_incendiary_fire_barrel_sm
31571a7c4ecff15e,evt_melee_robot_choke_throw
f7d2c02235024a9,evt_nuke_dew
197dc26f9f023b7,evt_nuke_flash
44f7c09518521ce2,evt_nuked
19677d28e54b8635,evt_player_swiped
2e238dcf55815da4,evt_traverse_mobilewall
55faa40126d5c75,exp_armor_close_layer
6d60852ef9ecfe86,exp_armor_debris
208f0fa01c042df2,exp_armor_lfe
2149db0c502305e3,exp_armor_vehicle
1a5d88f8e2660141,exp_barrel
310e1517e8130d26,exp_barrel_close
7fe19ceed35907ce,exp_barrel_dist
48bc31e222aa7c3e,exp_barrel_fire
3e8d50aeefef2d0e,exp_barrel_flux_l
3e8d3aaeefef07ac,exp_barrel_flux_r
8ef0ca7881f8aab,exp_barrel_lfe
cc693b3173e7565,exp_concussive_large
101aa41260505836,exp_concussive_large_concussion
6799f17d17bd52a,exp_concussive_large_flux_l
679a117d17bd890,exp_concussive_large_flux_r
58fcf7a3669ca93f,exp_concussive_large_lfe
3060ca18584fade9,exp_concussive_small
26bf012beaa38162,exp_concussive_small_concussion
4c17282e41a38373,exp_concussive_small_lfe
264fa42b96407715,exp_dart_rocket
49901e9015e6a38d,exp_dart_rocket_blend
6e41cae49b1e300a,exp_dart_rocket_close
2f0302eb1ebd21e4,exp_dart_rocket_decay
745611c36222c1cf,exp_dart_rocket_lfe
5241882a79fff7a3,exp_electrical_large
a701893a7d70ea0,exp_electrical_large_flux_l
a703693a7d7419a,exp_electrical_large_flux_r
60c935d4c50a3d7d,exp_electrical_large_lfe
58e24f4b7ee415d9,exp_electrical_large_spark
12b24433ad0bb1f0,exp_electrical_large_sweet
499a124f56b6f71b,exp_electrical_small
77a39cb220d8ab15,exp_electrical_small_lfe
358280be0b200bd1,exp_electrical_small_spark
370e1ce399c50796,exp_emp_rocket
204bd2e571fe1f4a,exp_emp_rocket_blend
4314f2e86ff56291,exp_emp_rocket_close
caad31cda4e16cb,exp_emp_rocket_decay
3bd19d88b15d2ed4,exp_emp_rocket_lfe
319a4588ab22f35f,exp_emp_rocket_mid
739a027c1e0d8cf5,exp_hero_bolt
2ea57c6bd476072d,exp_hero_bolt_blend
535728c059ad93aa,exp_hero_bolt_close
ec5691d130ac984,exp_hero_bolt_decay
4a504ebd5b257b6f,exp_hero_bolt_lfe
66aa6b049c23fa3f,exp_incindiary_large
7e17e533381a8506,exp_incindiary_large_decay
77ae18c6b0d66864,exp_incindiary_large_flux_l
77ae1ec6b0d67296,exp_incindiary_large_flux_r
aba5ed6b60d87b2,exp_incindiary_large_hdr
2e25f1d6ca55e5d9,exp_incindiary_large_lfe
22d01da9a5078de7,exp_incindiary_small
67e1b634a1e1c1ba,exp_incindiary_small_hdr
c266934b6e24701,exp_incindiary_small_lfe
2ec3de3874855810,exp_redbarrel
402e8367af29bcd5,exp_rocket_wasp
1a72ac567f42be4d,exp_rocket_wasp_blend
6df25059b6bab1ca,exp_rocket_wasp_close
7fe590b188193ca4,exp_rocket_wasp_decay
3e9854a530cf608f,exp_rocket_wasp_lfe
23a8d14db44a77a5,exp_veh_close_layer
127c91df9b564016,exp_veh_debris
712e3703787e4a71,exp_veh_decay
7332c548b8e60625,exp_veh_flux_l
7332d748b8e624bb,exp_veh_flux_r
482f855f2f3c6a20,exp_veh_large
680a1ca45380de2,exp_veh_lfe
7c2e59ca3ee725e5,exp_veh_med
43ad48046fb206c8,exp_veh_small
386faec808407064,fly_acnt_plr
1bc17039b026276b,fly_acnt_run_npc
726d0939e1404a66,fly_acnt_run_plr
ffd408edc4f5056,fly_acnt_sprint_npc
74565f8e8438d0db,fly_acnt_sprint_plr
754cd18fcfe44843,fly_acnt_walk_npc
25b2e06c0b790592,fly_ammo_crate_refill
a19251b0164f081,fly_ammo_crate_refill_fast
2be9f5fd506f9030,fly_body_scoot
61ff8ea437252f09,fly_body_scoot_plr
760669b30bc8712c,fly_boot_land_medium_plr
3f55e7b18efcd39d,fly_boot_land_npc
5f3cccb1105f5c04,fly_boot_land_plr
1a65fdd6b0484495,fly_boot_land_rapid_plr
732ac13ddf12e0a,fly_boot_land_soft_npc
30861313acd5580f,fly_boot_land_soft_plr
160730662dc16f53,fly_boot_npc
763b7966ac75fcce,fly_boot_plr
454c71dc08d950d,fly_boot_run_npc
374bac1ddd229c54,fly_boot_run_plr
26020d6cb2982434,fly_boot_soft_npc
2b32b06c6c989275,fly_boot_soft_plr
5e5239ee55e5e68a,fly_boot_soft_run_npc
7a5a0ee24ca108f,fly_boot_soft_run_plr
47fdd4af3f6a154d,fly_boot_soft_sprint_npc
7af3b9af5bfd6994,fly_boot_soft_sprint_plr
38967f24dfd97738,fly_boot_sprint_npc
185daa255e30ffd9,fly_boot_sprint_plr
1ede54ef2a21a656,fly_cloth_land_medium_plr
792f76451d14eff3,fly_cloth_land_npc
5963bf459bc97d6e,fly_cloth_land_plr
abbdb80ad88de57,fly_cloth_land_rapid_plr
58058affbf2355c6,fly_equipment_pickup
2384a7da8328e2f0,fly_fall_wind_default_lp
55320a8d2502835d,fly_fall_wind_fast_lp
62d820d0d720e321,fly_fall_wind_med_lp
35bdb05c51baddd9,fly_fall_wind_rapid_lp
6ae2861b19a6ae81,fly_fall_wind_rapid_npc_lp
4cfca68175c2a8dc,fly_fall_wind_slow_lp
68bce601e648e469,fly_fall_zombie
2d1f97bc9e0205a5,fly_gear_pickup
65b34597ad68e016,fly_gear_plant_npc
4a0d64975554139b,fly_gear_plant_plr
685a7e693bc34711,fly_gear_plr
765be3fe95e6fee5,fly_gear_pull_out
41096e0d9fb1030e,fly_gear_run_npc
44f31d0e32ebdab3,fly_gear_run_plr
1adf42b89021af09,fly_gear_run_start_npc
1f50ffb923d03810,fly_gear_run_start_plr
658e52c8b16b2b6f,fly_gear_run_stop_npc
6b2c13c86bc89e8a,fly_gear_run_stop_plr
2dcb0110d98948b9,fly_gear_sprint_npc
1f2cbe10d20552e0,fly_gear_sprint_plr
3d3afbf82f828552,fly_gear_sprint_start_npc
6fa912f84ba294f7,fly_gear_sprint_start_plr
131f6e20807d721a,fly_gear_sprint_stop_npc
520ed520ecbda03f,fly_gear_sprint_stop_plr
6d2ceb5e7ce46b88,fly_gear_walk_npc
43065bee2857e57f,fly_gear_walk_start_npc
61a65cee82f4f27a,fly_gear_walk_start_plr
275ab11e68505cb1,fly_gear_walk_stop_npc
8d5de1e0dca6598,fly_gear_walk_stop_plr
3da48130e32430ba,fly_generic_ads_lower_plr
4dc18ef56be2947c,fly_generic_ads_plr
2324e2f3792e1359,fly_generic_down_med_plr
40ea903bc552f379,fly_generic_down_npc
29c027d8a26caf4e,fly_generic_down_shrt_plr
68a6954141c52f32,fly_generic_first_raise_npc
1e7bac4160ca1ad7,fly_generic_first_raise_plr
6dcbaf1814c26a49,fly_generic_pickup_npc
723e6c18a872a650,fly_generic_pickup_plr
6dbd7db4898b9103,fly_generic_raise_med_plr
34bebd376d1c437b,fly_generic_raise_npc
72ff53583e6c54dc,fly_generic_raise_shrt_plr
4c88ed043ae7788f,fly_gl_close
1b99400653ee4cab,fly_gl_gren_in
41c151c09393cf98,fly_gl_gren_out
161027223794bf2d,fly_gl_open
6a41222843aa388f,fly_gl_raise_rotate
5a01c2ef76de3bbc,fly_gl_raise_switch
bc90e5f728d2e9a,fly_gl_reload_rotate
78a219795bb77726,fly_gl_rotate
1e2509d3b207c9da,fly_impact_land_medium_plr
421b1b211ea60a6a,fly_impact_land_plr
6ef9aefd41fd9073,fly_impact_land_rapid_plr
47b6160627bf8e0f,fly_jump_takeoff_cloth_npc
4d53d705e21d012a,fly_jump_takeoff_cloth_plr
5c69178e0bb58a7d,fly_knuckle_crack
672c1186ddc27472,fly_land_damage_npc
199a2886f9e28417,fly_land_damage_plr
3a3085ebfc5a81f3,fly_land_imp_fast_plr_asphalt
500c2e732f689aaa,fly_land_imp_fast_plr_bark
22d561c35d6c597b,fly_land_imp_fast_plr_bodyarmor
209d131dc06853ed,fly_land_imp_fast_plr_brick
5dbf8219ed057dcb,fly_land_imp_fast_plr_carpet
25cdd69bb6fc2dc4,fly_land_imp_fast_plr_ceramic
2a4b598e03b855ec,fly_land_imp_fast_plr_cloth
3cff3c9e88adb59b,fly_land_imp_fast_plr_concrete
1ccb6fd68fcd033,fly_land_imp_fast_plr_cushion
49a0cb4b0ca0074d,fly_land_imp_fast_plr_default
7573d984eee51389,fly_land_imp_fast_plr_dirt
7783b3d3e7f498c6,fly_land_imp_fast_plr_flesh
bfe184b26ee5163,fly_land_imp_fast_plr_foliage
582e1be580aa1ec2,fly_land_imp_fast_plr_fruit
26dcdba87d0d1a5c,fly_land_imp_fast_plr_glass
3aeae0b5f507fad2,fly_land_imp_fast_plr_glassbulletproof
6eb81da33b71802,fly_land_imp_fast_plr_glasscar
69d6df126f7bca5a,fly_land_imp_fast_plr_grass
285473535697d5e7,fly_land_imp_fast_plr_gravel
62e733f4a1a82997,fly_land_imp_fast_plr_ice
740b002f17f2983b,fly_land_imp_fast_plr_metal
36f9db808ab299fb,fly_land_imp_fast_plr_metalcar
ce96caa2f333d98,fly_land_imp_fast_plr_metalcatwalk
772ba664cc0ca80,fly_land_imp_fast_plr_metalhollow
4b7d71f3f2e4454,fly_land_imp_fast_plr_metalthin
330eaf4b34768b6,fly_land_imp_fast_plr_mud
72f5b66d546fa9d4,fly_land_imp_fast_plr_paintedmetal
4eee96bb7cba0bf2,fly_land_imp_fast_plr_paper
713e6188c6225987,fly_land_imp_fast_plr_plaster
714b6888c62cefc8,fly_land_imp_fast_plr_plastic
b5f77ef0f4433e9,fly_land_imp_fast_plr_rock
6439e12cd163a882,fly_land_imp_fast_plr_rubber
60e4e6f61a06c2c2,fly_land_imp_fast_plr_sand
56a0bcf613c24b1b,fly_land_imp_fast_plr_snow
57b5d9bb960a96e3,fly_land_imp_fast_plr_tallgrass
574932ea52dccbff,fly_land_imp_fast_plr_water
4398eb7db6d7dc85,fly_land_imp_fast_plr_watershallow
3f025718ca2e6e85,fly_land_imp_fast_plr_wood
1fc7aefdb4567e8b,fly_land_imp_med_plr_asphalt
84f2de24c76ab62,fly_land_imp_med_plr_bark
58212c805930efb3,fly_land_imp_med_plr_bodyarmor
7b54d5f86d41fa45,fly_land_imp_med_plr_brick
7bc49535932eba93,fly_land_imp_med_plr_carpet
43a302e332f768bc,fly_land_imp_med_plr_ceramic
2d5c443abf78fc74,fly_land_imp_med_plr_cloth
6e50f312765edae3,fly_land_imp_med_plr_concrete
c7b9fe8eb7717eb,fly_land_imp_med_plr_cushion
42e25b5b4f1bb9f5,fly_land_imp_med_plr_default
3a0158f45be451e1,fly_land_imp_med_plr_dirt
20b8e73621a2db3e,fly_land_imp_med_plr_flesh
42491ebc09551a0b,fly_land_imp_med_plr_foliage
2a377ebfe0a3864a,fly_land_imp_med_plr_fruit
7af61cf2b3da9044,fly_land_imp_med_plr_glass
356b50be2386ca6a,fly_land_imp_med_plr_glassbulletproof
217fa209acd708ba,fly_land_imp_med_plr_glasscar
3baa21eccf476c12,fly_land_imp_med_plr_grass
7e5d34641df77ebf,fly_land_imp_med_plr_gravel
6a79a1ba522f035f,fly_land_imp_med_plr_ice
620e4381587cfb73,fly_land_imp_med_plr_metal
603b3de4e8652a23,fly_land_imp_med_plr_metalcar
38632cd8923cf3c0,fly_land_imp_med_plr_metalcatwalk
2625e2b3140dd128,fly_land_imp_med_plr_metalhollow
32ab2fa98b00c69c,fly_land_imp_med_plr_metalthin
b9c58ba6486333e,fly_land_imp_med_plr_mud
504906d3b945d27c,fly_land_imp_med_plr_paintedmetal
4b4ffaa1ddf657ea,fly_land_imp_med_plr_paper
a2f44bad1b6b36f,fly_land_imp_med_plr_plaster
a062bbad19383e0,fly_land_imp_med_plr_plastic
65f5e75f19fc2d11,fly_land_imp_med_plr_rock
3a42d23d98c3a2ea,fly_land_imp_med_plr_rubber
195ed6653743faba,fly_land_imp_med_plr_sand
1af81c658093c3a3,fly_land_imp_med_plr_snow
7259883a8455b59b,fly_land_imp_med_plr_tallgrass
3da176d016600b97,fly_land_imp_med_plr_water
6f04175c71a90d2d,fly_land_imp_med_plr_watershallow
16691688d231560d,fly_land_imp_med_plr_wood
16504e13c775329f,fly_land_imp_rapid_plr_asphalt
7424675fd6a3691e,fly_land_imp_rapid_plr_bark
749cd6f9bfe08b67,fly_land_imp_rapid_plr_bodyarmor
79f4c138b0aba6a9,fly_land_imp_rapid_plr_brick
4829ae645a50900f,fly_land_imp_rapid_plr_carpet
2742139bcbadb0b0,fly_land_imp_rapid_plr_ceramic
3e742fef2d673620,fly_land_imp_rapid_plr_cloth
c2d7490a4b9ee77,fly_land_imp_rapid_plr_concrete
3eff50a5a7d53477,fly_land_imp_rapid_plr_cushion
3501f00ca1c8ef19,fly_land_imp_rapid_plr_default
21540a2f3069487d,fly_land_imp_rapid_plr_dirt
75aefa199317689a,fly_land_imp_rapid_plr_flesh
71e8c8b6a2dbd4d7,fly_land_imp_rapid_plr_foliage
2b62aa6ca31dc0f6,fly_land_imp_rapid_plr_fruit
3be712434c4136d8,fly_land_imp_rapid_plr_glass
7f45b36878ba8b16,fly_land_imp_rapid_plr_glassbulletproof
1db1314ff23a4c16,fly_land_imp_rapid_plr_glasscar
7c96b5efee8fd1be,fly_land_imp_rapid_plr_grass
5d4f71b26c99ba7b,fly_land_imp_rapid_plr_gravel
52deb20de48b079b,fly_land_imp_rapid_plr_ice
4a9b77531d96ebd7,fly_land_imp_rapid_plr_metal
4b5d8abe00bed56f,fly_land_imp_rapid_plr_metalcar
5a12425453df5454,fly_land_imp_rapid_plr_metalcatwalk
30161464f79feea4,fly_land_imp_rapid_plr_metalhollow
3503784c230501b0,fly_land_imp_rapid_plr_metalthin
2ed0110dcfb8305a,fly_land_imp_rapid_plr_mud
3f1aa7163e2a9918,fly_land_imp_rapid_plr_paintedmetal
48b2b5fef70327a6,fly_land_imp_rapid_plr_paper
73a7802e51f349bb,fly_land_imp_rapid_plr_plaster
7399972e51e73374,fly_land_imp_rapid_plr_plastic
756909e2f6d31535,fly_land_imp_rapid_plr_rock
fef4eae5a1b3d86,fly_land_imp_rapid_plr_rubber
2c7628eec01340d6,fly_land_imp_rapid_plr_sand
696646eee2acedc7,fly_land_imp_rapid_plr_snow
603965bb962dc33f,fly_land_imp_rapid_plr_tallgrass
5dd810d7975da273,fly_land_imp_rapid_plr_water
638d981b8782aa91,fly_land_imp_rapid_plr_watershallow
46c1e0cae9a8c499,fly_land_imp_rapid_plr_wood
54c0e7fd9b2b9d32,fly_land_npc_asphalt
7c5ec2544cab5995,fly_land_npc_bark
5a743160b483df4a,fly_land_npc_bodyarmor
2378febb3202acc4,fly_land_npc_brick
661b47619670ca50,fly_land_npc_carpet
4260babc9a1afabd,fly_land_npc_ceramic
7faad8ac5e1bec85,fly_land_npc_cloth
80cc08a7f4f99d0,fly_land_npc_concrete
7f791db1834708f2,fly_land_npc_cushion
5492689aef8e8204,fly_land_npc_default
1fab38a284d6ab2,fly_land_npc_dirt
3729cb35017183ef,fly_land_npc_dirt_big
1ba4e5b8a6e61a97,fly_land_npc_flesh
3a50d30f6069c52e,fly_land_npc_foliage
77217e94054bacfb,fly_land_npc_fruit
2cb70f6440a49819,fly_land_npc_glass
5ccce693c230ad39,fly_land_npc_glassbulletproof
168bd01faf7155d,fly_land_npc_glasscar
42de2b525aa2dbcf,fly_land_npc_grass
6d6b06f01b0a05a4,fly_land_npc_gravel
133dbfa8af3f98f6,fly_land_npc_ice
2a4a119b151fcc66,fly_land_npc_metal
293f7f6dd4146918,fly_land_npc_metalcar
5dfd9bcf14fbac63,fly_land_npc_metalcatwalk
1c2eeddff6eeb7e5,fly_land_npc_metalhollow
1acc6f0f9bd99665,fly_land_npc_metalthin
340e70a8c150b47b,fly_land_npc_mud
299949b0670db2ab,fly_land_npc_paintedmetal
5d1c642c1fc3b8ff,fly_land_npc_paper
b4add62ca6679ce,fly_land_npc_plaster
b3cf662ca5a66ed,fly_land_npc_plastic
28c47bd18ef7f7fa,fly_land_npc_rock
4faddf62068112a1,fly_land_npc_rubber
6df4f4ca4b96ea59,fly_land_npc_sand
5d8326ca8a79c598,fly_land_npc_snow
5bbd2b3ca4ef363e,fly_land_npc_tallgrass
7642073b7f6d3272,fly_land_npc_water
1c40ee3d30fc4e06,fly_land_npc_watershallow
417d30e8fe7f7532,fly_land_npc_wood
1c6715b10a67e52f,fly_land_plr_asphalt
7b377d0073b392b5,fly_land_plr_asphalt_sec
481df6413d25864e,fly_land_plr_bark
c40be30116d06e4,fly_land_plr_bark_sec
1c1738af3f59a977,fly_land_plr_bodyarmor
6a505b467c08bcf9,fly_land_plr_brick
cd9c663011e6513,fly_land_plr_brick_sec
398aea33a4689a3f,fly_land_plr_carpet
796a6a8221d42d85,fly_land_plr_carpet_sec
66df63cf9972e2c0,fly_land_plr_ceramic
6e692d298e3c124a,fly_land_plr_ceramic_sec
58f00b08f9d6a830,fly_land_plr_cloth
268acf0edba21dfa,fly_land_plr_cloth_sec
47f925272e698787,fly_land_plr_concrete
270e9584ae9532fd,fly_land_plr_concrete_sec
416c4dc6d617e267,fly_land_plr_cushion
2733f38a6dddb49d,fly_land_plr_cushion_sec
348465eca96bd889,fly_land_plr_default
185f8a53d89d2463,fly_land_plr_default_sec
77e4b90cea5e9d0d,fly_land_plr_dirt
52a8b36d68476137,fly_land_plr_dirt_sec
10fa55370ef7dc2a,fly_land_plr_flesh
67069a35142c6280,fly_land_plr_flesh_sec
4a0b7a0effae57c7,fly_land_plr_foliage
4ee1d987cc6fce3d,fly_land_plr_foliage_sec
3296447ebba3d546,fly_land_plr_fruit
7199cedbe9629f4c,fly_land_plr_fruit_sec
2e28cb4a00b311c8,fly_land_plr_glass
16179522d1b3d7e2,fly_land_plr_glass_sec
36c219f9521acb66,fly_land_plr_glassbulletproof
735f79fbc1837546,fly_land_plr_glasscar
6d5530016901bace,fly_land_plr_grass
499e46787e34c364,fly_land_plr_grass_sec
6275ad657bcd350b,fly_land_plr_gravel
50cdaf6c724f68d1,fly_land_plr_gravel_sec
711c74fbc2bc74b,fly_land_plr_ice
b500ae892373311,fly_land_plr_ice_sec
5208326c4ed55ba7,fly_land_plr_metal
5b036e0d35e6e6dd,fly_land_plr_metal_sec
573c7c853884ee3f,fly_land_plr_metalcar
60481ac24a9bd144,fly_land_plr_metalcatwalk
2871d6f31a428814,fly_land_plr_metalhollow
51ec5edbea6edda0,fly_land_plr_metalthin
6371264fa7b774ea,fly_land_plr_mud
3081d822c7326240,fly_land_plr_mud_sec
393b9f45f993ed48,fly_land_plr_paintedmetal
6db59dea5bc22b62,fly_land_plr_paintedmetal_sec
62d16ff4d3eb3ef6,fly_land_plr_paper
10589756672b2e3c,fly_land_plr_paper_sec
2fee1694f179fbeb,fly_land_plr_plaster
48d1b82112016371,fly_land_plr_plaster_sec
2fe00d94f16daf44,fly_land_plr_plastic
58323e081bc34ffe,fly_land_plr_plastic_sec
4a7997b996f998a5,fly_land_plr_rock
3e42cbde245f7e3f,fly_land_plr_rock_sec
1bf7aef6bb9deb36,fly_land_plr_rubber
1b381195a88a437c,fly_land_plr_rubber_sec
58db76c427ac8786,fly_land_plr_sand
54a236071e3788c,fly_land_plr_sand_sec
133eb4c4481b3297,fly_land_plr_snow
21eec510a871604d,fly_land_plr_snow_sec
1ff307873829a0ef,fly_land_plr_tallgrass
4fd9c48f3f3ed843,fly_land_plr_water
6a429312b7578459,fly_land_plr_water_sec
377a6d3f88c4ea01,fly_land_plr_watershallow
1bd2aea189cfb4c9,fly_land_plr_wood
7c36c0ccfdd8ba3,fly_land_plr_wood_sec
70d52a08f32b58b4,fly_mag_pouch_pat
7ac96416771e9895,fly_mag_velcrp_rip
988fbb4ff0b17b3,fly_melee_bat_crowd
1b012d288c1c5190,fly_melee_bat_crowd_taunt
47f74ad456e1d7ed,fly_melee_hit_bot_1_npc
7aee2fd47376df34,fly_melee_hit_bot_1_plr
23827e5f021d9fc9,fly_melee_hit_human_1_npc
27f53b5f95cddbd0,fly_melee_hit_human_1_plr
2f1fbd08cf796311,fly_melee_hit_human_gore_1_npc
1400ea0877d694f8,fly_melee_hit_human_gore_1_plr
4d4e11f39186210,fly_melee_imp_bat_surface
2fbbdd6776bdad70,fly_melee_imp_fist_glass
81943721a57afff,fly_melee_imp_fist_metal
ecfef387fab0927,fly_melee_imp_fist_metalcar
72c2ff48d059a388,fly_melee_imp_fist_npc_glass
16a2666b1e7bed67,fly_melee_imp_fist_npc_metal
79564353403305ff,fly_melee_imp_fist_npc_metalcar
337bfb2356257204,fly_melee_imp_fist_npc_plastic
483594fa7ddf0f1a,fly_melee_imp_fist_npc_riot
5a2ad1fa88383365,fly_melee_imp_fist_npc_rock
2b84e8e27b100289,fly_melee_imp_fist_npc_wood
72f2ffdd27a4b97c,fly_melee_imp_fist_plastic
6f2f9646491c12cd,fly_melee_imp_fist_rock
565b9d2ed97d5a51,fly_melee_imp_fist_wood
1c1b4712a34f59e7,fly_melee_imp_glass
7ec4813113442d2e,fly_melee_imp_knife
7d0a79bd61740149,fly_melee_imp_knife_glass
66bebbefeb4cfb76,fly_melee_imp_knife_metal
1af3fa1b71d7c9e8,fly_melee_imp_knife_metalcar
6635e1dd619f9672,fly_melee_imp_knife_npc
6f51d9300377db25,fly_melee_imp_knife_npc_glass
70c01a5a5f50c7e2,fly_melee_imp_knife_npc_metal
27edacf1daa76e2c,fly_melee_imp_knife_npc_metalcar
66b94a4b7dc4af29,fly_melee_imp_knife_npc_plastic
b01f945bdbe5d39,fly_melee_imp_knife_npc_riot
58a0f445a1a8f686,fly_melee_imp_knife_npc_rock
3c5df120345b1656,fly_melee_imp_knife_npc_wood
4df35c221ef1707d,fly_melee_imp_knife_plastic
3f531a4fe66c4535,fly_melee_imp_knife_riot
50dc654ff06a626a,fly_melee_imp_knife_rock
12409a68987f8922,fly_melee_imp_knife_wood
60b3bd761f6cf078,fly_melee_imp_metal
6970af624a296beb,fly_melee_imp_metal_glass
350ad65437d6ed5c,fly_melee_imp_metal_metal
419a094d9ce10902,fly_melee_imp_metal_metalcar
3233237b211124e3,fly_melee_imp_metal_npc_glass
87f8a62a0bdccc4,fly_melee_imp_metal_npc_metal
252496d3f627723a,fly_melee_imp_metal_npc_metalcar
7f4b076d55a68beb,fly_melee_imp_metal_npc_plastic
160801e44c950fe7,fly_melee_imp_metal_npc_riot
3f69ce442232cec,fly_melee_imp_metal_npc_rock
4e1c1e88e9d99964,fly_melee_imp_metal_npc_surface
53b98dba8a1bc9c0,fly_melee_imp_metal_npc_wood
2b44a2bb5a625483,fly_melee_imp_metal_plastic
4d25f81ff2c564f,fly_melee_imp_metal_riot
728a2a81f48b8274,fly_melee_imp_metal_rock
464ba308386bacbc,fly_melee_imp_metal_surface
3f8a2b583a2b72c8,fly_melee_imp_metal_wood
6c0595222744db36,fly_melee_imp_metalcar
2d929a119bbf361f,fly_melee_imp_npc_glass
2678f6be595737e0,fly_melee_imp_npc_metal
7d2f255b5a9cd62e,fly_melee_imp_npc_metalcar
3a6543d6a211d8a7,fly_melee_imp_npc_plastic
11618ed1fb75568b,fly_melee_imp_npc_riot
444a69d217fe0f78,fly_melee_imp_npc_rock
732772ea2555b924,fly_melee_imp_npc_wood
38c60237435c3edf,fly_melee_imp_plastic
1b0cbda3501b52d3,fly_melee_imp_riot
50b8a8a36efceea0,fly_melee_imp_rock
1567c1bc19de470c,fly_melee_imp_wood
660b1c1f328e8f56,fly_melee_impact_lfe
1f91ecf8c3907009,fly_melee_lunge_bat
4ff4959591362224,fly_melee_lunge_fist
30a4fafe64f76cbf,fly_melee_lunge_knife
6e8ccc52337bdf85,fly_melee_lunge_pistol
428b8048ea4a1943,fly_melee_lunge_player_bat
78dc510a117f42a6,fly_melee_lunge_player_fist
7397116e97cfa21,fly_melee_lunge_player_knife
3a28f5f07e5a1a47,fly_melee_lunge_player_pistol
2998b3d75a5cd046,fly_melee_lunge_player_rifle
428b728bf4573790,fly_melee_lunge_rifle
65b077d27ccc67c6,fly_melee_lunge_victim_bat
7cc1dec8cc97c015,fly_melee_lunge_victim_fist
62e2ed31b2adf230,fly_melee_lunge_victim_knife
3e9d6a4dbe137a5c,fly_melee_lunge_victim_pistol
77ac00b6825bf50b,fly_melee_lunge_victim_rifle
12075d45c7af0b73,fly_melee_lungealt_fist
f10fa50d01945ab,fly_melee_lungealt_player_fist
2b1eb40ad6540f60,fly_melee_lungealt_victim_fist
4b28c7fa0ff69048,fly_melee_swipe_bat
307d752150702967,fly_melee_swipe_bat_h
3cf22bc66598f7b7,fly_melee_swipe_fist
734ec4e143289b5a,fly_melee_swipe_knife
2ed5cd211ae32d76,fly_melee_swipe_pistol
1e81ae76d7e01600,fly_melee_swipe_player_bat
496c74347377217f,fly_melee_swipe_player_bat_h
511459d2149dd4af,fly_melee_swipe_player_fist
4419c3fdd130542,fly_melee_swipe_player_knife
5a550740b2cce36e,fly_melee_swipe_player_pistol
22f545cc99d45721,fly_melee_swipe_victim_bat
431c59d49b9352b6,fly_melee_swipe_victim_bat_h
4887cd8a55ee299c,fly_melee_swipe_victim_fist
30ec896d76fe2607,fly_melee_swipe_victim_knife
3662776ca75525dd,fly_melee_swipe_victim_pistol
27dedf27911661a,fly_melee_swipealt_fist
387e1d211f8269e0,fly_melee_swipealt_player_fist
44c88e53d236504b,fly_melee_swipealt_victim_fist
573ee9a5169f0e6b,fly_pineapple_bolt_back
1d9e1396dd7959ad,fly_pineapple_bolt_release
4d2a1cdbf7ae51d7,fly_pineapple_futz
33ac43706777be53,fly_pineapple_mag_in
33b866ffc64e8f60,fly_pineapple_mag_out
2fdc1e5dbbe6d8d9,fly_pineapple_tap
2d2d47c52b9bf65f,fly_prone_mud_plr
4a6d6e04e4ff66bf,fly_prone_water
5ccf299f16afbdd3,fly_reload_cloth_lg
6bac935390e59e10,fly_reload_cloth_med
5d2a339f16fc7a7e,fly_reload_cloth_sm
5ceedfe08d577574,fly_reload_equip_grab
530b73cf78456db9,fly_reload_wpn_grab
53a04e61d528304d,fly_riotshield_impact_knife
8bc9eaf79c76c1c,fly_riotshield_melee_disable
269be20f24ea7beb,fly_riotshield_melee_impact_flesh
6c817b910f4972c3,fly_riotshield_melee_impact_other
7a2578826b2c4c44,fly_riotshield_melee_recover
a4ef2e6435d93c6,fly_riotshield_melee_swing
3febf463d31acb2d,fly_riotshield_melee_swing_cloth
14f53cf6790e140d,fly_scope_zoom
4e1b3895c5a26766,fly_siegebot_step
4614a6bd1db7bb5c,fly_slide_npc_asphalt
7673c803b86fbf0b,fly_slide_npc_bark
7ab06c12d946986c,fly_slide_npc_bodyarmor
5691f5edd2a2d3c2,fly_slide_npc_brick
160c9ba5a50312a,fly_slide_npc_carpet
3a20f00d5e97eedf,fly_slide_npc_ceramic
3ba4f6e1352668a3,fly_slide_npc_cloth
7870c02bdd3d8a96,fly_slide_npc_concrete
628bc002301a16c8,fly_slide_npc_cushion
1fef51601a77cfb6,fly_slide_npc_default
1ce914cf183e1048,fly_slide_npc_dirt
8f84fea7f62e755,fly_slide_npc_flesh
141b875757da2040,fly_slide_npc_foliage
42a3901a853f1029,fly_slide_npc_fruit
42d1521ebbab7a3,fly_slide_npc_glass
32b8ee87d0600dfb,fly_slide_npc_glassbulletproof
21ff99e685f03fd3,fly_slide_npc_glasscar
1a0f99f973dd41a5,fly_slide_npc_grass
cd812dfd3262882,fly_slide_npc_gravel
ee477d98a1610d8,fly_slide_npc_ice
2d987c0480858b84,fly_slide_npc_metal
78f2e63734866cfa,fly_slide_npc_metalcar
b9690cfdf659d89,fly_slide_npc_metalcatwalk
649fff347b913297,fly_slide_npc_metalhollow
258fbd1701a03fc7,fly_slide_npc_metalthin
6dc1f8d977bf4021,fly_slide_npc_mud
187ef426a44721e1,fly_slide_npc_paintedmetal
69c5326c53ced881,fly_slide_npc_paper
6bc33d2b4bd9e57c,fly_slide_npc_plaster
6bec362b4bfcdeab,fly_slide_npc_plastic
4c05557bb08610ac,fly_slide_npc_rock
5de11ad290e3a753,fly_slide_npc_rubber
3e8e2e74cf5b4a2b,fly_slide_npc_sand
c42074ac0814aa,fly_slide_npc_snow
bc1a94bb070dcbc,fly_slide_npc_tallgrass
3abc2ebb926fa958,fly_slide_npc_water
3846b858b74eb45c,fly_slide_npc_watershallow
18624651f59b8480,fly_slide_npc_wood
227e33ab2c255da5,fly_slide_plr_asphalt
508172ee56beb380,fly_slide_plr_bark
15f5855e468457ad,fly_slide_plr_bodyarmor
c1dee809071640b,fly_slide_plr_brick
2bbf0c0a5386e45d,fly_slide_plr_carpet
7389cbf36ea340a6,fly_slide_plr_ceramic
6d549cd116e68b42,fly_slide_plr_cloth
5fa784069c1d899,fly_slide_plr_concrete
723520fe5f1db1f9,fly_slide_plr_cushion
344f778a72e1a2f7,fly_slide_plr_default
73d9ba1dbea3d9bf,fly_slide_plr_dirt
68df8a8026b8f17c,fly_slide_plr_flesh
6aaf527fc77c4ca5,fly_slide_plr_foliage
3688f2f18043fcc0,fly_slide_plr_fruit
3f5eceeb306a28ce,fly_slide_plr_glass
af5143b85ebda7c,fly_slide_plr_glassbulletproof
b121090124733b0,fly_slide_plr_glasscar
326a33c81b7fc8,fly_slide_plr_grass
d7cbafd176e270d,fly_slide_plr_gravel
7901d17590910591,fly_slide_plr_ice
df70760f7e7f5b1,fly_slide_plr_metal
640793e3d5fb5265,fly_slide_plr_metalcar
3a0a749f66c994be,fly_slide_plr_metalcatwalk
5a694f7a4f134e82,fly_slide_plr_metalhollow
3201e5b9481ef8ae,fly_slide_plr_metalthin
193d8075a223f9bc,fly_slide_plr_mud
4985c0fc862bfd32,fly_slide_plr_paintedmetal
582c69e378cb074c,fly_slide_plr_paper
50285f2cd07b3455,fly_slide_plr_plaster
5035662cd085ca96,fly_slide_plr_plastic
68aa21713b11d61b,fly_slide_plr_rock
3e0d1b48dd6c2a1c,fly_slide_plr_rubber
5eec107857d4842c,fly_slide_plr_sand
339956783f49c7f5,fly_slide_plr_snow
62ca609f5ec3e729,fly_slide_plr_tallgrass
cbf653e049b34e5,fly_slide_plr_water
6dfdad9fe44680a3,fly_slide_plr_watershallow
19021c9af32fdf03,fly_slide_plr_wood
e05dc16ccb220a8,fly_stance_2prone_npc
5b97c716b0921469,fly_stance_2prone_plr
574d50282f03d6be,fly_stance_2stand_npc_npc
4213762c3daf39f2,fly_stance_2stand_plr_plr
5be185c2585a4d1a,fly_stance_prone2crouch_npc
1ad0ecc2c49a7b3f,fly_stance_prone2crouch_plr
1bdeb8ec096103c0,fly_stance_stand2crouch_npc
5cef53eb9d20d901,fly_stance_stand2crouch_plr
7dfe4a134dd58e0a,fly_step_crawler
64a6a4e523d785ee,fly_step_crouch_run_npc_asphalt
2793888f46c56cd9,fly_step_crouch_run_npc_bark
44f9cbb02301dba6,fly_step_crouch_run_npc_bodyarmor
283988f22c5227a0,fly_step_crouch_run_npc_brick
480c96c93c247d24,fly_step_crouch_run_npc_carpet
601e5d3bee62e39,fly_step_crouch_run_npc_ceramic
74843a18f5d14b09,fly_step_crouch_run_npc_cloth
1d0f6b699843513c,fly_step_crouch_run_npc_concrete
42ea0feebea16cc6,fly_step_crouch_run_npc_cushion
81bbe8ebf4f2900,fly_step_crouch_run_npc_default
2255618221dccf46,fly_step_crouch_run_npc_dirt
76692f63a599b1eb,fly_step_crouch_run_npc_flesh
69b104df53476502,fly_step_crouch_run_npc_foliage
545bf74c6edf8ff,fly_step_crouch_run_npc_fruit
48f3b10f63575065,fly_step_crouch_run_npc_glass
514e58176a90873d,fly_step_crouch_run_npc_glassbulletproof
7ebe04e14a827201,fly_step_crouch_run_npc_glasscar
9962c32f3361b63,fly_step_crouch_run_npc_grass
66fca89336ce81f8,fly_step_crouch_run_npc_gravel
1574de606557bba,fly_step_crouch_run_npc_ice
4dc8f239c2151922,fly_step_crouch_run_npc_metal
247773945fb5ce6c,fly_step_crouch_run_npc_metalcar
70e049d89efd084f,fly_step_crouch_run_npc_metalcatwalk
6b59404959a3c289,fly_step_crouch_run_npc_metalhollow
6e5688d053e44f41,fly_step_crouch_run_npc_metalthin
5d2d76e5f16b80ff,fly_step_crouch_run_npc_mud
44739e96795bdbdf,fly_step_crouch_run_npc_paintedmetal
36faec4fffd3d323,fly_step_crouch_run_npc_paper
1546e11cf6383332,fly_step_crouch_run_npc_plaster
151eea1cf616f069,fly_step_crouch_run_npc_plastic
2626a0c11e00ec6,fly_step_crouch_run_npc_rock
4b098f8b4f56f1f5,fly_step_crouch_run_npc_rubber
190e13054599186d,fly_step_crouch_run_npc_sand
3aa23d05105c1114,fly_step_crouch_run_npc_snow
5473275bec622a2a,fly_step_crouch_run_npc_tallgrass
2dc6502128f76f56,fly_step_crouch_run_npc_water
2397537425651cc2,fly_step_crouch_run_npc_watershallow
3ca466e1bc938396,fly_step_crouch_run_npc_wood
22cd80c2d1dba5eb,fly_step_crouch_run_plr_asphalt
1a39f56a351efc42,fly_step_crouch_run_plr_bark
2545c94974e79513,fly_step_crouch_run_plr_bodyarmor
6c1c01e3db4528a5,fly_step_crouch_run_plr_brick
1c0ede97b8538573,fly_step_crouch_run_plr_carpet
7038a1cfe073c81c,fly_step_crouch_run_plr_ceramic
479e702b157ad5d4,fly_step_crouch_run_plr_cloth
7ff7d215addaf6c3,fly_step_crouch_run_plr_concrete
f8071ae08fa8c4b,fly_step_crouch_run_plr_cushion
45e82d206ca0e155,fly_step_crouch_run_plr_default
4bec207c448ca2c1,fly_step_crouch_run_plr_dirt
3afb132677a4b49e,fly_step_crouch_run_plr_flesh
4aa2e82af11db06b,fly_step_crouch_run_plr_foliage
4479aab036a55faa,fly_step_crouch_run_plr_fruit
153848e309dc69a4,fly_step_crouch_run_plr_glass
743a00f8d703e9d1,fly_step_crouch_run_plr_glassbroken
7979c64a1df2004a,fly_step_crouch_run_plr_glassbulletproof
498ab3fad6195d9a,fly_step_crouch_run_plr_glasscar
55ec4ddd25494572,fly_step_crouch_run_plr_grass
1ea77dc6431c499f,fly_step_crouch_run_plr_gravel
1ec7b797e9603ebf,fly_step_crouch_run_plr_ice
7c506f71ae7ed4d3,fly_step_crouch_run_plr_metal
8464fd611a77f03,fly_step_crouch_run_plr_metalcar
4a5bed1341ab8ca0,fly_step_crouch_run_plr_metalcatwalk
3b9889e3d989d088,fly_step_crouch_run_plr_metalhollow
7c68cc72a3d28ffc,fly_step_crouch_run_plr_metalthin
3fea6e97fbb76e9e,fly_step_crouch_run_plr_mud
6795beb832f7da5c,fly_step_crouch_run_plr_paintedmetal
622b26923113554a,fly_step_crouch_run_plr_paper
d35167fef3bdacf,fly_step_crouch_run_plr_plaster
d0bfd7fef18ab40,fly_step_crouch_run_plr_plastic
77e0aee702a47df1,fly_step_crouch_run_plr_rock
57261b9fbb0391ca,fly_step_crouch_run_plr_rubber
2b499ded1fec4b9a,fly_step_crouch_run_plr_sand
2ce2e3ed693c1483,fly_step_crouch_run_plr_snow
7a35c7985eda0bfb,fly_step_crouch_run_plr_tallgrass
57e3a2c06c61e4f7,fly_step_crouch_run_plr_water
2b1b4d454a61a20d,fly_step_crouch_run_plr_watershallow
2853de10bad9a6ed,fly_step_crouch_run_plr_wood
7003bab2aa0090f8,fly_step_crouch_walk_npc_asphalt
66fc444042c79f9f,fly_step_crouch_walk_npc_bark
8da141204ac1518,fly_step_crouch_walk_npc_bodyarmor
71cc03c61ca3e00e,fly_step_crouch_walk_npc_brick
4b4d46ce82cde96e,fly_step_crouch_walk_npc_carpet
6505dd60de1df8b,fly_step_crouch_walk_npc_ceramic
4a5264459f2a5ec7,fly_step_crouch_walk_npc_cloth
3549cfe7cf5462e2,fly_step_crouch_walk_npc_concrete
62ab305ac24c26c,fly_step_crouch_walk_npc_cushion
3ac62e53afb12c92,fly_step_crouch_walk_npc_default
bf6e95201e73c6c,fly_step_crouch_walk_npc_dirt
4055f61b9b9b57e9,fly_step_crouch_walk_npc_flesh
2962083fd8386574,fly_step_crouch_walk_npc_foliage
5b554e8d68ba08ad,fly_step_crouch_walk_npc_fruit
49e4c4601b0d123f,fly_step_crouch_walk_npc_glass
4a4815064a3aff0f,fly_step_crouch_walk_npc_glassbulletproof
4ff06c1e0a9dc467,fly_step_crouch_walk_npc_glasscar
5d1f6764c42fa7e9,fly_step_crouch_walk_npc_grass
147604397312c1a6,fly_step_crouch_walk_npc_gravel
a9472b8722e3bcc,fly_step_crouch_walk_npc_ice
481f18b6a2e88300,fly_step_crouch_walk_npc_metal
3a88b67d9e5b40ce,fly_step_crouch_walk_npc_metalcar
61ccff5cba1b7d05,fly_step_crouch_walk_npc_metalcatwalk
4930f9c02566adbb,fly_step_crouch_walk_npc_metalhollow
5e9b9102e5ffda93,fly_step_crouch_walk_npc_metalthin
2e361bb886a44ec5,fly_step_crouch_walk_npc_mud
3b17806ccb171c95,fly_step_crouch_walk_npc_paintedmetal
63ac9699d5e1f375,fly_step_crouch_walk_npc_paper
4ce91525504945c0,fly_step_crouch_walk_npc_plaster
4cf63e25505415c7,fly_step_crouch_walk_npc_plastic
28f6cac80f61ec18,fly_step_crouch_walk_npc_rock
2568c9488ebbc917,fly_step_crouch_walk_npc_rubber
598993bd5b0cae1f,fly_step_crouch_walk_npc_sand
6067cdbd5e6e17f6,fly_step_crouch_walk_npc_snow
409a1adc1d85ddd8,fly_step_crouch_walk_npc_tallgrass
47b54a7d32cfdf8c,fly_step_crouch_walk_npc_water
aa565d8755cb858,fly_step_crouch_walk_npc_watershallow
57d3d3e01cb995c4,fly_step_crouch_walk_npc_wood
27fa57c8cd1badb1,fly_step_crouch_walk_plr_asphalt
212112419e352d74,fly_step_crouch_walk_plr_bark
61331934d675b09,fly_step_crouch_walk_plr_bodyarmor
8fe2e0e11a1f5e7,fly_step_crouch_walk_plr_brick
35f6156bbedd44f1,fly_step_crouch_walk_plr_carpet
16e7d7babd76d2f2,fly_step_crouch_walk_plr_ceramic
518715ad25da2656,fly_step_crouch_walk_plr_cloth
33b15e98d69f0895,fly_step_crouch_walk_plr_concrete
1c16ac892eec410d,fly_step_crouch_walk_plr_cushion
42e17080484b8df3,fly_step_crouch_walk_plr_default
1b140130c9dc8d43,fly_step_crouch_walk_plr_dirt
6510b95b1f50430,fly_step_crouch_walk_plr_flesh
750d6814599f8c29,fly_step_crouch_walk_plr_foliage
3dfa1b4207189214,fly_step_crouch_walk_plr_fruit
760ea5edc7a7fbba,fly_step_crouch_walk_plr_glass
69735b199486c2f0,fly_step_crouch_walk_plr_glassbulletproof
15c3d570ae3e7e94,fly_step_crouch_walk_plr_glasscar
367aa283d81c74bc,fly_step_crouch_walk_plr_grass
36c2f081fbb1941,fly_step_crouch_walk_plr_gravel
41a73a33d7f0af15,fly_step_crouch_walk_plr_ice
6b18b0fa0f24668d,fly_step_crouch_walk_plr_metal
2461f82d320b759,fly_step_crouch_walk_plr_metalcar
562b64eae19c4efa,fly_step_crouch_walk_plr_metalcatwalk
36b1536d8b7406f6,fly_step_crouch_walk_plr_metalhollow
d29a1abf55b48ea,fly_step_crouch_walk_plr_metalthin
1df87133c36fdb60,fly_step_crouch_walk_plr_mud
6524f49f46b8a606,fly_step_crouch_walk_plr_paintedmetal
c000a7d4b73cc00,fly_step_crouch_walk_plr_paper
5eabc9b9f0a3b1a9,fly_step_crouch_walk_plr_plaster
5e9de0b9f0979b62,fly_step_crouch_walk_plr_plastic
29cd08c5e47f58f7,fly_step_crouch_walk_plr_rock
34898f10dbe61090,fly_step_crouch_walk_plr_rubber
5957a7d0878df2b0,fly_step_crouch_walk_plr_sand
724125d0955c9bc1,fly_step_crouch_walk_plr_snow
56aff8ebfe502125,fly_step_crouch_walk_plr_tallgrass
15287695a4caa299,fly_step_crouch_walk_plr_water
4ef35669271d3e4f,fly_step_crouch_walk_plr_watershallow
7baf0badd7ca9fb7,fly_step_crouch_walk_plr_wood
11a5e6524684c9e,fly_step_ladder_hand_npc_metal
6054a7801704105f,fly_step_ladder_hand_plr_metal
12299ecc26624b68,fly_step_prone_npc_asphalt
2fac2ae13908ae2f,fly_step_prone_npc_bark
4a441853f0e6997e,fly_step_prone_npc_brick
5fd08c44edf8eafe,fly_step_prone_npc_carpet
1474ecb0dc07283b,fly_step_prone_npc_ceramic
505279df77659637,fly_step_prone_npc_cloth
250249779ad17292,fly_step_prone_npc_concrete
4ecc7935edc896fc,fly_step_prone_npc_cushion
1bad06bf24088ee2,fly_step_prone_npc_default
54a7aff2f829c79c,fly_step_prone_npc_dirt
6f004bb6ac621919,fly_step_prone_npc_flesh
71a3b806ba94c4c4,fly_step_prone_npc_foliage
7351a320c2b4afdd,fly_step_prone_npc_fruit
1cef8bbaab074f,fly_step_prone_npc_glass
69f5d39da0acc399,fly_step_prone_npc_grass
64e458d81e2eb816,fly_step_prone_npc_gravel
6c611fcb0f4bf51c,fly_step_prone_npc_ice
612e8e5116552970,fly_step_prone_npc_metal
106ec8cb241d26f5,fly_step_prone_npc_mud
299420a6f789b4a5,fly_step_prone_npc_paintedmetal
406204cdda1c3a25,fly_step_prone_npc_paper
310bfb40ae508e90,fly_step_prone_npc_plaster
311a0440ae5cdb37,fly_step_prone_npc_plastic
7624f05e422ca9a8,fly_step_prone_npc_rock
7c2b7b8f8339bba7,fly_step_prone_npc_rubber
773f79524f8229ef,fly_step_prone_npc_sand
25d935256802a26,fly_step_prone_npc_snow
49a5b8b61b6c047c,fly_step_prone_npc_water
2501f9764f845354,fly_step_prone_npc_wood
3eb4a3b333815a01,fly_step_prone_plr_asphalt
4128c9f961313da4,fly_step_prone_plr_bark
4a8b71a23d09919,fly_step_prone_plr_bodyarmor
5da62a4300393677,fly_step_prone_plr_brick
4de953418a893e21,fly_step_prone_plr_carpet
1d969b138108aac2,fly_step_prone_plr_ceramic
258910dafb5c6fe6,fly_step_prone_plr_cloth
1d2530d22ccf55e5,fly_step_prone_plr_concrete
60d0101e982262bd,fly_step_prone_plr_cushion
42baf0bde0a5b363,fly_step_prone_plr_default
126f98e75449e413,fly_step_prone_plr_dirt
31a7c6c24eea1100,fly_step_prone_plr_flesh
641a0a44e0243959,fly_step_prone_plr_foliage
2615177b3ff75aa4,fly_step_prone_plr_fruit
7b05bad88250276a,fly_step_prone_plr_glass
4984c6b28d87a900,fly_step_prone_plr_glassbulletproof
66df71d9ef0463c4,fly_step_prone_plr_glasscar
64d1766155e213cc,fly_step_prone_plr_grass
7020064d6e4c691,fly_step_prone_plr_gravel
710381939a99e285,fly_step_prone_plr_ice
297f8c27474c289d,fly_step_prone_plr_metal
727a3f5726d639e9,fly_step_prone_plr_metalcar
44e77b8e73d7f5ea,fly_step_prone_plr_metalcatwalk
7c3475d019c411a6,fly_step_prone_plr_metalhollow
6ef606641126e6da,fly_step_prone_plr_metalthin
4ce6f89385baf6b0,fly_step_prone_plr_mud
4bba397da6e835f6,fly_step_prone_plr_paintedmetal
aa71e4411867210,fly_step_prone_plr_paper
6a37a8b1eeecc4d9,fly_step_prone_plr_plaster
6a299fb1eee07832,fly_step_prone_plr_plastic
7707bf706dd94427,fly_step_prone_plr_rock
172ef7d7a8218300,fly_step_prone_plr_rubber
51cb5e7c4ba19920,fly_step_prone_plr_sand
6b8dfc7c5a286951,fly_step_prone_plr_snow
1b2a0340a5f784d5,fly_step_prone_plr_tallgrass
13cf8a5c6add48a9,fly_step_prone_plr_water
58f9ac770a13f1bf,fly_step_prone_plr_watershallow
480fc258606ae727,fly_step_prone_plr_wood
58c528ed4a706253,fly_step_run_npc_asphalt
531abbe519033d8a,fly_step_run_npc_bark
6c057d3b8feae0db,fly_step_run_npc_bodyarmor
40198ba8c749af4d,fly_step_run_npc_brick
3f9bf6569df42eab,fly_step_run_npc_carpet
5ac6ac8af6d84724,fly_step_run_npc_ceramic
76a7d21df579d24c,fly_step_run_npc_cloth
3cac6a832683a07b,fly_step_run_npc_concrete
3a175a1e0e93c993,fly_step_run_npc_cushion
663243d3f62ba5ad,fly_step_run_npc_default
4f0766f1f0810b69,fly_step_run_npc_dirt
4935240da3fb3726,fly_step_run_npc_flesh
5773bb515fe605c3,fly_step_run_npc_foliage
29df8c1f3cb0bd22,fly_step_run_npc_fruit
733a54386ed049bc,fly_step_run_npc_glass
18f057f1def216b2,fly_step_run_npc_glassbulletproof
698afbed18d02e2,fly_step_run_npc_glasscar
32ce57a25e5bd0ba,fly_step_run_npc_grass
4dbefe63d4164c7,fly_step_run_npc_gravel
7fad00b6801da1f7,fly_step_run_npc_ice
3d0278bf06d29e9b,fly_step_run_npc_metal
7c4dee7d91fd4db,fly_step_run_npc_metalcar
6ebdff410ad61c78,fly_step_run_npc_metalcatwalk
204219b4eafa3fe0,fly_step_run_npc_metalhollow
6464bfae6ac866b4,fly_step_run_npc_metalthin
235bb7b6949e5716,fly_step_run_npc_mud
26a0af096d6471b4,fly_step_run_npc_paintedmetal
17e60f4b6b9a1252,fly_step_run_npc_paper
5318377cf0e046e7,fly_step_run_npc_plaster
53253e7cf0eadd28,fly_step_run_npc_plastic
64f2055c10de78c9,fly_step_run_npc_rock
37f333474dbe5662,fly_step_run_npc_rubber
608d746800be3ca2,fly_step_run_npc_sand
59ae4a67fd5b3afb,fly_step_run_npc_snow
64e737f8edd1de43,fly_step_run_npc_tallgrass
28faa3240ee36a5f,fly_step_run_npc_water
6cc41675f4f34965,fly_step_run_npc_watershallow
152ee485c8e58a65,fly_step_run_npc_wood
11caee15557ec956,fly_step_run_plr_asphalt
1a825f06f1e792a1,fly_step_run_plr_bark
739a13100b1f17ce,fly_step_run_plr_bodyarmor
a5efd3ee080c508,fly_step_run_plr_brick
3b62d53568026c9c,fly_step_run_plr_carpet
2b683c575628981,fly_step_run_plr_ceramic
37d6de18271c3c1,fly_step_run_plr_cloth
69d61d1a278306f4,fly_step_run_plr_concrete
34c64f50c2c01d8e,fly_step_run_plr_cushion
8020e9cebcd3518,fly_step_run_plr_default
1f02b7fa1ac69d6e,fly_step_run_plr_dirt
d2fb43745a37773,fly_step_run_plr_flesh
3e14b081b28d479a,fly_step_run_plr_foliage
8de94cd2f513fd7,fly_step_run_plr_fruit
625185df56d49edd,fly_step_run_plr_glass
71084b6b7d49ddc5,fly_step_run_plr_glassbulletproof
3c7492ac2a9ef329,fly_step_run_plr_glasscar
236e218bf97ffe0b,fly_step_run_plr_grass
1a68e6d8e5fefea0,fly_step_run_plr_gravel
7fc2719bd824c3d2,fly_step_run_plr_ice
45c6a6fe0c1f3eea,fly_step_run_plr_metal
6fdb83e4aa2a1644,fly_step_run_plr_metalcar
16e7c1be82d71927,fly_step_run_plr_metalcatwalk
727a3900e1305d81,fly_step_run_plr_metalhollow
76b4f93add53ee79,fly_step_run_plr_metalthin
5b98da9bc33b35d7,fly_step_run_plr_mud
26d6f2f993e3b477,fly_step_run_plr_paintedmetal
6480890e3cc0ef6b,fly_step_run_plr_paper
5cac14ae6401e58a,fly_step_run_plr_plaster
5cb9fdae640dfbd1,fly_step_run_plr_plastic
f1718ed3ab45de,fly_step_run_plr_rock
52dcc7666486594d,fly_step_run_plr_rubber
cd8ba8409fd7315,fly_step_run_plr_sand
382b748422882f4c,fly_step_run_plr_snow
33194f68917f5572,fly_step_run_plr_tallgrass
6dee0ce000b8bbfe,fly_step_run_plr_water
1f75571f836592da,fly_step_run_plr_watershallow
50999e651b8d80ee,fly_step_run_plr_wood
74502df94a90346e,fly_step_sprint_npc_asphalt
10466623d71d7859,fly_step_sprint_npc_bark
4edcebb176514e26,fly_step_sprint_npc_bodyarmor
68338c6371edb220,fly_step_sprint_npc_brick
196af0428370d4a4,fly_step_sprint_npc_carpet
15ab6ee7e59edcb9,fly_step_sprint_npc_ceramic
347e3d8a3b6cd589,fly_step_sprint_npc_cloth
72d1d8a76413d4bc,fly_step_sprint_npc_concrete
52939902e55a1b46,fly_step_sprint_npc_cushion
17c547a2e607d780,fly_step_sprint_npc_default
b083f16b234dac6,fly_step_sprint_npc_dirt
366332d4eb353c6b,fly_step_sprint_npc_flesh
795a8df37a001382,fly_step_sprint_npc_foliage
453fc2e60c89837f,fly_step_sprint_npc_fruit
8edb480a8f2dae5,fly_step_sprint_npc_glass
2526d646baf47abd,fly_step_sprint_npc_glassbulletproof
5480721f1652f581,fly_step_sprint_npc_glasscar
49902fa438d1a5e3,fly_step_sprint_npc_grass
385b020c7e1ad978,fly_step_sprint_npc_gravel
343209422c54823a,fly_step_sprint_npc_ice
dc2f5ab07b0a3a2,fly_step_sprint_npc_metal
7a39e0d22b8651ec,fly_step_sprint_npc_metalcar
e5ae5de6a2983cf,fly_step_sprint_npc_metalcatwalk
253c33fe08e49909,fly_step_sprint_npc_metalhollow
7839a8d1a733c1c1,fly_step_sprint_npc_metalthin
10083242176a877f,fly_step_sprint_npc_mud
61ee3a9c4488575f,fly_step_sprint_npc_paintedmetal
76f4efc1456f5da3,fly_step_sprint_npc_paper
24f06a311cf0e1b2,fly_step_sprint_npc_plaster
24c873311ccf9ee9,fly_step_sprint_npc_plastic
6b1547a0a2381a46,fly_step_sprint_npc_rock
1c67e90496a34975,fly_step_sprint_npc_rubber
1c0f099d5f123ed,fly_step_sprint_npc_sand
23551a99a0b41c94,fly_step_sprint_npc_snow
5e56475d3fb19caa,fly_step_sprint_npc_tallgrass
6dc053926e92f9d6,fly_step_sprint_npc_water
4111ef79f0919842,fly_step_sprint_npc_watershallow
255744764ceb8f16,fly_step_sprint_npc_wood
327709d6f894546b,fly_step_sprint_plr_asphalt
2ecd2fec57707c2,fly_step_sprint_plr_bark
2f28e94ac8370793,fly_step_sprint_plr_bodyarmor
2c16055520e0b325,fly_step_sprint_plr_brick
6d6d3810ff9fdcf3,fly_step_sprint_plr_carpet
7fe22ae4072c769c,fly_step_sprint_plr_ceramic
798739c5b166054,fly_step_sprint_plr_cloth
55ba3f5379ab7a43,fly_step_sprint_plr_concrete
1f29fac22fb33acb,fly_step_sprint_plr_cushion
5591b63493598fd5,fly_step_sprint_plr_default
349efe10d4e4ae41,fly_step_sprint_plr_dirt
7af51697bd403f1e,fly_step_sprint_plr_flesh
5a4c713f17d65eeb,fly_step_sprint_plr_foliage
473ae217c40ea2a,fly_step_sprint_plr_fruit
55324c544f77f424,fly_step_sprint_plr_glass
4d5244796e55f3ca,fly_step_sprint_plr_glassbulletproof
1f4d2138a1e9e11a,fly_step_sprint_plr_glasscar
15e6514e6ae4cff2,fly_step_sprint_plr_grass
7005d73f8a68a11f,fly_step_sprint_plr_gravel
51a272f40f5f453f,fly_step_sprint_plr_ice
3c4a72e2f41a5f53,fly_step_sprint_plr_metal
5e08bd13dd780283,fly_step_sprint_plr_metalcar
67d689190cd80820,fly_step_sprint_plr_metalcatwalk
757b7d9888caa708,fly_step_sprint_plr_metalhollow
64bec73f722027c,fly_step_sprint_plr_metalthin
72c529f421b6751e,fly_step_sprint_plr_mud
5105abdfe2455dc,fly_step_sprint_plr_paintedmetal
22252a0376aedfca,fly_step_sprint_plr_paper
1cde9f9415f4894f,fly_step_sprint_plr_plaster
1cb5869415d159c0,fly_step_sprint_plr_plastic
60938c7b92fc8971,fly_step_sprint_plr_rock
28847519024fe94a,fly_step_sprint_plr_rubber
13fc7b81b044571a,fly_step_sprint_plr_sand
1595c181f9942003,fly_step_sprint_plr_snow
418e799b2297e7b,fly_step_sprint_plr_tallgrass
17dda631b1fd6f77,fly_step_sprint_plr_water
4895e94b158e1d8d,fly_step_sprint_plr_watershallow
1106bba54b31b26d,fly_step_sprint_plr_wood
3aed144d0ccbb943,fly_step_walk_npc_asphalt
680a2a0c3cf2d59a,fly_step_walk_npc_bark
2c40252c2c07884b,fly_step_walk_npc_bodyarmor
246a93775d8823d,fly_step_walk_npc_brick
1c0f70a19925117b,fly_step_walk_npc_carpet
2aab82a85db2a954,fly_step_walk_npc_ceramic
2f03f90d9d3da6fc,fly_step_walk_npc_cloth
70c0c078eedff5ab,fly_step_walk_npc_concrete
47bc8ffb1d7690e3,fly_step_walk_npc_cushion
6291bf3757302e7d,fly_step_walk_npc_default
d70b51dfc6d6519,fly_step_walk_npc_dirt
2da28afe872f7196,fly_step_walk_npc_flesh
67996a0854ac5bd3,fly_step_walk_npc_foliage
50afb20383434b12,fly_step_walk_npc_fruit
5f3450b9e0d9984c,fly_step_walk_npc_glass
49f13c0751698122,fly_step_walk_npc_glassbulletproof
39fca4fa24604632,fly_step_walk_npc_glasscar
756895310d47abea,fly_step_walk_npc_grass
1d3b3959786482b7,fly_step_walk_npc_gravel
17b8d40e4a0060c7,fly_step_walk_npc_ice
e607faf4ed56a0b,fly_step_walk_npc_metal
56c8de8e0c58a38b,fly_step_walk_npc_metalcar
7a673c94955d0508,fly_step_walk_npc_metalcatwalk
f088eff325ee0f0,fly_step_walk_npc_metalhollow
366c181d52ab4444,fly_step_walk_npc_metalthin
3bd54b0e5edf2e06,fly_step_walk_npc_mud
1c722dedb44b0044,fly_step_walk_npc_paintedmetal
2e58154beff5d582,fly_step_walk_npc_paper
19361410cf2c2f7,fly_step_walk_npc_plaster
1a148410cfed5d8,fly_step_walk_npc_plastic
7a6874955a09fa99,fly_step_walk_npc_rock
28197a462cce0932,fly_step_walk_npc_rubber
2076a39b2678fab2,fly_step_walk_npc_sand
18be999b225e3eab,fly_step_walk_npc_snow
5ca142480d54fdd3,fly_step_walk_npc_tallgrass
378cb17ac6d2394f,fly_step_walk_npc_water
59995e00a58e7cf5,fly_step_walk_npc_watershallow
29cc93bf11598835,fly_step_walk_npc_wood
6c390c90172d1126,fly_step_walk_plr_asphalt
7315704f62fd8c51,fly_step_walk_plr_bark
6c786bd7af8f30de,fly_step_walk_plr_bodyarmor
379d6c626d483cd8,fly_step_walk_plr_brick
a2b7c92260c3acc,fly_step_walk_plr_carpet
7283227ba42661d1,fly_step_walk_plr_ceramic
5ccad5bad7ad2391,fly_step_walk_plr_cloth
40e4511589687044,fly_step_walk_plr_concrete
12df85719e883efe,fly_step_walk_plr_cushion
7b1894b1190e1d08,fly_step_walk_plr_default
4e19e93da3dc6f7e,fly_step_walk_plr_dirt
69139c0cee50fec3,fly_step_walk_plr_flesh
3dad78b2a3391f0a,fly_step_walk_plr_foliage
4e143b9b21324067,fly_step_walk_plr_fruit
e1113fbc9cf654d,fly_step_walk_plr_glass
7dc211ad420b7d55,fly_step_walk_plr_glassbulletproof
3001552498ccc719,fly_step_walk_plr_glasscar
4cd9b0af8307b15b,fly_step_walk_plr_grass
44cf03b97f0a7f0,fly_step_walk_plr_gravel
7e9e94d934443882,fly_step_walk_plr_ice
34af6ed7feb592fa,fly_step_walk_plr_metal
71321020f5b3f5d4,fly_step_walk_plr_metalcar
1ed66776fa35fed7,fly_step_walk_plr_metalcatwalk
5f1544aa6d2a8f71,fly_step_walk_plr_metalhollow
191392a6e35bcfa9,fly_step_walk_plr_metalthin
5ae1fdd91fb77c67,fly_step_walk_plr_mud
30fe1cd173111c27,fly_step_walk_plr_paintedmetal
6a2f497cd544c2bb,fly_step_walk_plr_paper
79fb7527595794fa,fly_step_walk_plr_plaster
7a097e275963e1a1,fly_step_walk_plr_plastic
312101c79667d44e,fly_step_walk_plr_rock
3b73933c3942da3d,fly_step_walk_plr_rubber
3b4acac079ffcac5,fly_step_walk_plr_sand
669da4c0928abd5c,fly_step_walk_plr_snow
4ae209f71e5d05e2,fly_step_walk_plr_tallgrass
7476cd4e99f6330e,fly_step_walk_plr_water
1e3f9ac72495394a,fly_step_walk_plr_watershallow
1a1ee9ddf01935e,fly_step_walk_plr_wood
4fc7c20a6ced049,fly_takeoff_npc_asphalt
4ea386219339010c,fly_takeoff_npc_bark
1ee6f6344a3544a1,fly_takeoff_npc_bodyarmor
4448ea8fb68a015f,fly_takeoff_npc_brick
5a18ff2a46141fb9,fly_takeoff_npc_carpet
27eebd731677ec0a,fly_takeoff_npc_ceramic
33f0f09fd712c47e,fly_takeoff_npc_cloth
6fe8d06e3e2cc41d,fly_takeoff_npc_concrete
448b4d7e6bfb20c5,fly_takeoff_npc_cushion
7264c84b6b83f73b,fly_takeoff_npc_default
29a8f50fd419863b,fly_takeoff_npc_dirt
73ef5793797c0188,fly_takeoff_npc_flesh
3ce2c62c6bc2ed91,fly_takeoff_npc_foliage
6ad856bc41b826dc,fly_takeoff_npc_fruit
fbe21ecca9f43a2,fly_takeoff_npc_glass
80122ff8e3fd208,fly_takeoff_npc_glassbulletproof
402c4ffa83ab31ec,fly_takeoff_npc_glasscar
50ebddfd7813ebf4,fly_takeoff_npc_grass
694be6b2f13b6bb9,fly_takeoff_npc_gravel
48db4864540ea3bd,fly_takeoff_npc_ice
5f97f347390e3725,fly_takeoff_npc_metal
408a99e02e6dfbc1,fly_takeoff_npc_metalcar
1514b31bfc51a262,fly_takeoff_npc_metalcatwalk
58d57360e956f6be,fly_takeoff_npc_metalhollow
9a5764d2eb06892,fly_takeoff_npc_metalthin
2825bf64421493e8,fly_takeoff_npc_mud
100613ffccfdb4ce,fly_takeoff_npc_paintedmetal
10379e91b29e8458,fly_takeoff_npc_paper
479210656be37551,fly_takeoff_npc_plaster
47ba27656c04ee7a,fly_takeoff_npc_plastic
7b9dcb9852d2b15f,fly_takeoff_npc_rock
21e4c4c77af32b98,fly_takeoff_npc_rubber
5fe94aa47e340f68,fly_takeoff_npc_sand
6f8118a43e979069,fly_takeoff_npc_snow
2c77f997155f145d,fly_takeoff_npc_tallgrass
27deaa96d845dd1,fly_takeoff_npc_water
40d8edcbba5caa37,fly_takeoff_npc_watershallow
5f7ede80e067abff,fly_takeoff_npc_wood
570ac7c5dd6d49eb,fly_trav_high
1824643f71e83bc,fly_trav_high_loud_npc
3d9692b097f7f9a3,fly_trav_high_npc
709bbb7b8beeb08c,fly_trav_impact_fast
7ca7226fba68c4b8,fly_trav_impact_med
4e9be337518f5c0,fly_trav_impact_rapid
774e77220dd2badf,fly_trav_impact_slow
3dc6b2847034fece,fly_trav_low_no_hands
4a9ec189b243b85f,fly_trav_low_no_hands_loud_npc
392db76e3df3c052,fly_trav_low_no_hands_npc
41d1b352ef50ff64,fly_trav_low_one_hand
6c16aa8f5adc00bd,fly_trav_low_one_hand_loud_npc
721bb01358abbc7c,fly_trav_low_one_hand_npc
273840cbb03806c5,fly_trav_low_over_no_hands
698fb469a04f831e,fly_trav_low_over_no_hands_loud_npc
3818ec69669932e9,fly_trav_low_over_no_hands_npc
70b9d10860b5da50,fly_trav_mid_one_hand
21aa427744050ac9,fly_trav_mid_one_hand_loud_npc
476e1d217a00a5a8,fly_trav_mid_one_hand_npc
3d1357744c4540eb,fly_trav_mid_two_hands
54b1d2704e7fd8bc,fly_trav_mid_two_hands_loud_npc
710145941caee0a3,fly_trav_mid_two_hands_npc
78e3436f789118b,fly_trav_over_sideways_left
5e528ba76f44c75c,fly_trav_over_sideways_left_loud_npc
23a60be93204b583,fly_trav_over_sideways_left_npc
784460dfcd41d414,fly_trav_over_sideways_right
5eeaf7080b7f828d,fly_trav_over_sideways_right_loud_npc
5871f2c82df2f56c,fly_trav_over_sideways_right_npc
64c734b85b7b1944,fly_weight_land_medium_plr
4e3cc59b8d4eefac,fly_weight_land_plr
62f45926440bb45d,fly_weight_land_rapid_plr
63e19a034a485a76,fly_weight_plr
31c9f88d8c42139c,fly_weight_run_plr
3851bb1a2f1f2c21,fly_weight_sprint_plr
fea47fafeaf32ff,fly_wpn_gear_rattle
e67467853d94d12,fly_wpn_gear_rattle_ads
6c0705788868c6f2,fly_wpn_gear_rattle_low
12ccd4b2cb9f41c,fly_wpn_grab_rattle
68a1c85cc4bd629c,fxa_vent_spin_fast
6d6d850a5d8b2baf,fxa_vent_spin_slow
2549cc0c1d5fe7a3,fxa_vent_spin_wobble
3ff4ba9a9d5e626c,mpl_hit_alert_air
3685707701af92b6,mpl_promotion
7436e9aea553469b,mpl_splash_death
6237aeae59de41f1,p_dest_paper_stack01
6237abae59de3cd8,p_dest_paper_stack02
533740b652024d5c,pfx_ac_fan
2eeb684ddd684d4,pfx_ac_fan_dirt
61052179ec121e08,pfx_backdraft
752d1dbd064586d1,pfx_dirt_fall
54a0dc115c0e15fa,pfx_dirt_impact
94be46bbdb2a343,pfx_dirt_metal_gust
402e6af29fd7bc51,pfx_fire_ceiling_sml
476db5b303ec9b9f,pfx_fire_embers
1ce2ee8fafd2e832,pfx_fire_fall
1c53966e25ac17ba,pfx_fire_fall_follow
7fcac0ff98c6dbc,pfx_fire_fuel_sm
4511b9b264a4d191,pfx_fire_incendiary
4aa948a13f77a9dd,pfx_fire_lantern
296a0bc26a231636,pfx_fire_lrg
91f5f55fac70264,pfx_fire_lrg_no_occ
2246e1c2668647c3,pfx_fire_med
3d3ccfc2be063ea9,pfx_fire_sml
2e47ae82e0a8408e,pfx_fire_sprinkler_celing
6bf00ebf3095c9b0,pfx_fire_xlrg
44b444a70fbf1583,pfx_flares
2d8014504990f6e7,pfx_gas_pipe_sweet
4538c3d9b150793e,pfx_light_buzz
761e97afc6f3b522,pfx_lrg_rock_impact
e8e30753840766e,pfx_mud_drip
265b52afd87713d1,pfx_sml_rock_impact
118d0be273930087,pfx_spark_blue_loop
622247a143f35620,pfx_spark_blue_loop_loud
21cfccc8ada14c68,pfx_spark_bounce
568c7e7592bb887d,pfx_spark_bounce_blue
44c55a442909d57d,pfx_spark_generic
633bcc488ff36c4f,pfx_spark_lrg
6db6d6489666f006,pfx_spark_med
1e74a799d96a6c35,pfx_spark_orange_loop
7114534806e65377,pfx_spark_pop
648df838ffb718fe,pfx_spark_shower_lng
20b25322abf4095a,pfx_spark_shower_shrt
accd04815649710,pfx_spark_sml
2656e6ba93d3392,pfx_spark_sub_ramses
188fc58714beb0e3,pfx_spark_thin
672528a60ddbd2d7,pfx_spark_xlrg
62f54761cea0b5ed,pfx_splash_lrg
6a176d61d23bca94,pfx_splash_med
719101b9755130ca,pfx_steam
1cf9664d9072e692,pfx_steam_hiss
3eccdf10c504f62c,pfx_steam_hollow
3ed40a388a9e748,pfx_steam_sputter
8ef954de078544d,pfx_water_drip_concrete
577306bb1c5f2b37,pfx_water_drip_hit
100ebd26c748043c,pfx_water_runoff
61119a4e4576895f,pfx_wave_crash
2426c299759451c,pfx_wood_fire_lrg
18d7a5a9e758db99,phy_impact_default
21ace9a5fc014a3,phy_impact_flesh_flesh
778db4161194c19e,phy_impact_foliage_flesh
10e057ea8e16c56b,phy_impact_foliage_foliage
5656257164eadad,phy_impact_glass_flesh
6714eadceb60e0c8,phy_impact_glass_foliage
7726e2d86ebad0b,phy_impact_glass_glass
6442706fdb0be468,phy_impact_glass_wood
6f5da1bb966c1f44,phy_impact_hard_flesh
36ba34ddeea8131d,phy_impact_hard_foliage
73dc2dd1a2ee1d86,phy_impact_hard_glass
218cfd40c81f802b,phy_impact_hard_hard
8a26fb54ab0c2b9,phy_impact_hard_metal
44bca17b492c64f6,phy_impact_hard_soft
4a94bf9ea12cfe3b,phy_impact_hard_wood
78975a6cdc432c9e,phy_impact_metal_flesh
563a86e682e6e86b,phy_impact_metal_foliage
52d490296e7ae1a4,phy_impact_metal_glass
39ecb6b8131d4cd3,phy_impact_metal_metal
5bade1c29ed54eed,phy_impact_metal_wood
52aff63f9baf7de9,phy_impact_soft_flesh
6157fa3e05247b74,phy_impact_soft_foliage
5c3ec4841b21383f,phy_impact_soft_glass
5a7918daa2fca900,phy_impact_soft_metal
70f3c26baa723629,phy_impact_soft_soft
60859c8e6485d7c4,phy_impact_soft_wood
403061a9073755e7,phy_impact_supply
22b7fa2419392934,phy_impact_wood_flesh
d03216ea7bafb2d,phy_impact_wood_foliage
4125284d6ba8c9cb,phy_impact_wood_wood
11e2b447906186b3,prj_acidball_impact
68b24164a2e389ff,prj_acidball_loop
e2d1d31dfb07bca,prj_bolt_impact_armor_heavy
619492ec41eec93,prj_bolt_impact_armor_heavy_fatal
777514a954418ce9,prj_bolt_impact_headshot
183c11d74c82362,prj_bolt_impact_player
cdd7f47b35b7379,prj_bolt_impact_robot
634ae3384575b1fc,prj_bolt_impact_robot_fatal
7292e19b5bcd8dbc,prj_bolt_impact_robot_headshot
24db08faf35699e1,prj_bolt_whizby
de6b2a24529b3dd,prj_brass_gren_case
5a3ae1aaa8b94194,prj_brass_impact_gren_case_asphalt
48a249b9cdd1abc3,prj_brass_impact_gren_case_bark
138136596026885a,prj_brass_impact_gren_case_brick
6ab3a274f86db612,prj_brass_impact_gren_case_carpet
c6fb4534efdbd7,prj_brass_impact_gren_case_ceramic
30632026823b59cb,prj_brass_impact_gren_case_cloth
79c2a78870c1bbde,prj_brass_impact_gren_case_concrete
2e3ae63b7ff20da0,prj_brass_impact_gren_case_cushion
4bfa0fae805d09be,prj_brass_impact_gren_case_default
21e4f68a630afb20,prj_brass_impact_gren_case_dirt
5f6eea35fac5d9ad,prj_brass_impact_gren_case_flesh
555c1b13867aecc8,prj_brass_impact_gren_case_foliage
5b5439e27642da71,prj_brass_impact_gren_case_fruit
617bf60c6b62d90b,prj_brass_impact_gren_case_glass
205f5a5fc8b779dd,prj_brass_impact_gren_case_grass
1fbac8c2013b009a,prj_brass_impact_gren_case_gravel
68ada43b5faaf800,prj_brass_impact_gren_case_ice
27c225548ecceb7c,prj_brass_impact_gren_case_metal
4865253b4e0dcb09,prj_brass_impact_gren_case_mud
8e0ee51ced00809,prj_brass_impact_gren_case_paintedmetal
2fd4ba391abe2cb9,prj_brass_impact_gren_case_paper
1a1e18e371e98de4,prj_brass_impact_gren_case_plaster
1a1111e371def7a3,prj_brass_impact_gren_case_plastic
7b216842fc653c14,prj_brass_impact_gren_case_rock
60addc32d157407b,prj_brass_impact_gren_case_rubber
3b14a136e6000023,prj_brass_impact_gren_case_sand
69c0337101785f2,prj_brass_impact_gren_case_snow
656e9eddf1628230,prj_brass_impact_gren_case_water
4b88691944ea0868,prj_brass_impact_gren_case_wood
49397331fcc4930c,prj_brass_impact_large_asphalt
369d25b2d0a92d1b,prj_brass_impact_large_bark
2b40156d807fafb2,prj_brass_impact_large_brick
740f81b909aa8cba,prj_brass_impact_large_carpet
41b16f34c538980f,prj_brass_impact_large_ceramic
60051dab16f442d3,prj_brass_impact_large_cloth
34f7835a37663806,prj_brass_impact_large_concrete
2d84c9e252828c58,prj_brass_impact_large_cushion
1ef9eb238ae1e06,prj_brass_impact_large_default
5de21281dfe8b638,prj_brass_impact_large_dirt
323b30700ae45485,prj_brass_impact_large_flesh
6fa123d84a9a6dd0,prj_brass_impact_large_foliage
3d5af99978e4e59,prj_brass_impact_large_fruit
561b55a8afc997f3,prj_brass_impact_large_glass
423f9977e5ed1c55,prj_brass_impact_large_grass
65d466bba3b91632,prj_brass_impact_large_gravel
3bf274f05048b0e8,prj_brass_impact_large_ice
4515ba77921c7cf4,prj_brass_impact_large_metal
17d6b5f03b6b1c51,prj_brass_impact_large_mud
17dfbf2972f38631,prj_brass_impact_large_paintedmetal
13473840ebdf6e31,prj_brass_impact_large_paper
2e92c7a1f968dacc,prj_brass_impact_large_plaster
2ebbe0a1f98c0a5b,prj_brass_impact_large_plastic
a3d74358e6107fc,prj_brass_impact_large_rock
3816796ca1837463,prj_brass_impact_large_rubber
28d88d2fe8a85a3b,prj_brass_impact_large_sand
6be85f2fc60e921a,prj_brass_impact_large_snow
643f34902a81f208,prj_brass_impact_large_water
5ada650bd7134890,prj_brass_impact_large_wood
1e115f93b894c7c1,prj_brass_impact_plr_gren_case_asphalt
13ff78c3255d7f64,prj_brass_impact_plr_gren_case_bark
50196b1b5a50f237,prj_brass_impact_plr_gren_case_brick
6a37e504d28b92e1,prj_brass_impact_plr_gren_case_carpet
3981bcb57a27cf82,prj_brass_impact_plr_gren_case_ceramic
65c75a04a04ee8a6,prj_brass_impact_plr_gren_case_cloth
564f971164ba4ca5,prj_brass_impact_plr_gren_case_concrete
7cba31c0913fd47d,prj_brass_impact_plr_gren_case_cushion
50fbd71bb5253723,prj_brass_impact_plr_gren_case_default
61e147b11594afd3,prj_brass_impact_plr_gren_case_dirt
71e60febf3dc89c0,prj_brass_impact_plr_gren_case_flesh
5582390a3851a19,prj_brass_impact_plr_gren_case_foliage
665260a4e4e82064,prj_brass_impact_plr_gren_case_fruit
3b4304022740ed2a,prj_brass_impact_plr_gren_case_glass
51f0bf8fe5b6608c,prj_brass_impact_plr_gren_case_grass
47789a833ca40a51,prj_brass_impact_plr_gren_case_gravel
1af7076c0ca08745,prj_brass_impact_plr_gren_case_ice
1337d555d43b995d,prj_brass_impact_plr_gren_case_metal
7a417e6bfaa67770,prj_brass_impact_plr_gren_case_mud
75b36c2574f01fb6,prj_brass_impact_plr_gren_case_paintedmetal
4e4b676db95c13d0,prj_brass_impact_plr_gren_case_paper
5aa49fd69b82fc99,prj_brass_impact_plr_gren_case_plaster
5a9796d69b7862f2,prj_brass_impact_plr_gren_case_plastic
6ff46e3f1722bae7,prj_brass_impact_plr_gren_case_rock
2ac491f122fef2c0,prj_brass_impact_plr_gren_case_rubber
213c0d460ceab1e0,prj_brass_impact_plr_gren_case_sand
3afeab461b718211,prj_brass_impact_plr_gren_case_snow
eed38afab19569,prj_brass_impact_plr_gren_case_water
40fc712709b45de7,prj_brass_impact_plr_gren_case_wood
31d3e727eec83659,prj_brass_impact_shell_asphalt
4c505d634e0bc9fc,prj_brass_impact_shell_bark
6381004cc925ba6f,prj_brass_impact_shell_brick
32addd75bd50b969,prj_brass_impact_shell_carpet
19d6d336ca616d9a,prj_brass_impact_shell_ceramic
5577c767b2ecd38e,prj_brass_impact_shell_cloth
51c327bdaea2dbad,prj_brass_impact_shell_concrete
19d36e072bfb6a75,prj_brass_impact_shell_cushion
14281d3677e3edab,prj_brass_impact_shell_default
2755ac518eec18cb,prj_brass_impact_shell_dirt
6480f49e702ff818,prj_brass_impact_shell_flesh
259965c3a7bc7c1,prj_brass_impact_shell_foliage
6f8d34ceed10d1ec,prj_brass_impact_shell_fruit
463d8afbb974852,prj_brass_impact_shell_glass
4715d3b5a30d9584,prj_brass_impact_shell_grass
2bd4fea3f719b989,prj_brass_impact_shell_gravel
45f5fe2eeda106ad,prj_brass_impact_shell_ice
142dea0fb0194875,prj_brass_impact_shell_metal
24d4352edb4b6b38,prj_brass_impact_shell_mud
42237b593c323b3e,prj_brass_impact_shell_paintedmetal
2e985aa89825d928,prj_brass_impact_shell_paper
5ee96aa686eca301,prj_brass_impact_shell_plaster
5f1161a6870de5ca,prj_brass_impact_shell_plastic
4c17e3e747480c0f,prj_brass_impact_shell_rock
93f760edb12ccc8,prj_brass_impact_shell_rubber
7b6e2f23a1a0d98,prj_brass_impact_shell_sand
14c2d0f1f8543fb9,prj_brass_impact_shell_snow
251da6c056a6cc61,prj_brass_impact_shell_water
74db6ce9c4fc9ef,prj_brass_impact_shell_wood
4f38d8eca20db064,prj_brass_impact_small_asphalt
31eb8b61ef15933,prj_brass_impact_small_bark
576f1c0a9cb5996a,prj_brass_impact_small_brick
ceeedc2d3091882,prj_brass_impact_small_carpet
6bb7a9f1e1c8bfe7,prj_brass_impact_small_ceramic
4f843c7587faa49b,prj_brass_impact_small_cloth
1f80509edd1cfe2e,prj_brass_impact_small_concrete
5ad61fa495d7add0,prj_brass_impact_small_cushion
63685d6ac9aa342e,prj_brass_impact_small_default
6d4458090ba1b30,prj_brass_impact_small_dirt
2aa106863bf51d7d,prj_brass_impact_small_flesh
2b59312082b19678,prj_brass_impact_small_foliage
3812573e18a36501,prj_brass_impact_small_fruit
4cfdfcc9a6da8a3b,prj_brass_impact_small_glass
64b9601105a1e02d,prj_brass_impact_small_grass
2f8504ec83e2662a,prj_brass_impact_small_gravel
48917fbe0375b370,prj_brass_impact_small_ice
5d5821a4329ff4cc,prj_brass_impact_small_metal
2475c0bdee981ed9,prj_brass_impact_small_mud
1f211a1744572f9,prj_brass_impact_small_paintedmetal
4de4f13564797ac9,prj_brass_impact_small_paper
36327232ba08bf14,prj_brass_impact_small_plaster
36254b32b9fdf273,prj_brass_impact_small_plastic
35f0962d290236c4,prj_brass_impact_small_rock
17705cdfe01133ab,prj_brass_impact_small_rubber
4a970f2735541ad3,prj_brass_impact_small_sand
16f791276023c7c2,prj_brass_impact_small_snow
5a6bd3c722687ec0,prj_brass_impact_small_water
57d970370cd5f58,prj_brass_impact_small_wood
11d889f21d68f6ce,prj_brass_impact_wraith_asphalt
5366573fa3064d39,prj_brass_impact_wraith_bark
604e5e9eee8e2480,prj_brass_impact_wraith_brick
54c4c30112570984,prj_brass_impact_wraith_carpet
9b7cadbd0774119,prj_brass_impact_wraith_ceramic
2c9a0fc5b80efae9,prj_brass_impact_wraith_cloth
63e48d87b8a0519c,prj_brass_impact_wraith_concrete
1269d2cfb68660a6,prj_brass_impact_wraith_cushion
468b462b8fb152e0,prj_brass_impact_wraith_default
24ad302d961f04a6,prj_brass_impact_wraith_dirt
2b18051064f285cb,prj_brass_impact_wraith_flesh
118df2428293b3e2,prj_brass_impact_wraith_foliage
3d5b9521892ba8df,prj_brass_impact_wraith_fruit
578e86b73d965545,prj_brass_impact_wraith_glass
41ac01dfb573cb43,prj_brass_impact_wraith_grass
71c6dd2145a0c858,prj_brass_impact_wraith_gravel
46e082ad5859299a,prj_brass_impact_wraith_ice
5dec7e68452c902,prj_brass_impact_wraith_metal
22b6abad436f2edf,prj_brass_impact_wraith_mud
435afed8470d773f,prj_brass_impact_wraith_paintedmetal
4595c1f7da12d803,prj_brass_impact_wraith_paper
13959baca05f4112,prj_brass_impact_wraith_plaster
136ca4aca03c4b49,prj_brass_impact_wraith_plastic
2e3538bc6e20ef26,prj_brass_impact_wraith_rock
55d3c4195e293855,prj_brass_impact_wraith_rubber
1b65e1b0b9db4dcd,prj_brass_impact_wraith_sand
39940bb081bb1d74,prj_brass_impact_wraith_snow
38fb25c900534b36,prj_brass_impact_wraith_water
6877359218d463f6,prj_brass_impact_wraith_wood
769dda65549ad6ee,prj_bullet_debris_dirt
132682129a72535d,prj_bullet_debris_glass
54431dbf3d1db28b,prj_bullet_debris_grass
769ba3314fbcf36a,prj_bullet_debris_metal
4286ac673fa991da,prj_bullet_debris_metal_solid
47d3fc86d2aa5657,prj_bullet_debris_mud
763b751478514e0a,prj_bullet_debris_plaster
588c93fa0d7f7f5e,prj_bullet_debris_rock
6473dcef43d1ac95,prj_bullet_debris_sand
2834c0d05561ba6e,prj_bullet_debris_wood
5366406ac71462c,prj_bullet_dirt_ricochet
61617773122f848b,prj_bullet_grass_ricochet
1c9ab9dc0c0e0a3b,prj_bullet_impact_asphalt
50671ce80133a58a,prj_bullet_impact_asphault
5861ccdb6f1e8232,prj_bullet_impact_bark
47c9788002ec7c38,prj_bullet_impact_bottle
4cfe263ccce978b5,prj_bullet_impact_brick
80101b9e1a111e4,prj_bullet_impact_canvas
c8051d106fc0b63,prj_bullet_impact_carpet
7e7fcdfe3051c1ac,prj_bullet_impact_ceramic
4f3b5590054f3224,prj_bullet_impact_cloth
90762c760c2f593,prj_bullet_impact_concrete
2a21dbb4c6669e43,prj_bullet_impact_crate
39da027248290afb,prj_bullet_impact_cushion
34f59236a8d332c5,prj_bullet_impact_default
5e02d7ec431bf951,prj_bullet_impact_dirt
198d7674a008fbae,prj_bullet_impact_flesh
1f2d5596c60d609b,prj_bullet_impact_foliage
3a8acf09c548e1fa,prj_bullet_impact_fruit
735a4e4311b25154,prj_bullet_impact_glass
359292326720d202,prj_bullet_impact_grass
7d4d2aa52403506f,prj_bullet_impact_gravel
3b1048441fef3b82,prj_bullet_impact_headshot
3f938bf61f4d99b2,prj_bullet_impact_headshot_helmet_nodie
4dbfb4e37fd8ef61,prj_bullet_impact_headshot_helmet_nodie_2d
44152e6a44b8ccaf,prj_bullet_impact_ice
1988b4d73bae2563,prj_bullet_impact_metal
7497502ac7327a6a,prj_bullet_impact_metal_car
1169a8d9449ecb67,prj_bullet_impact_metal_hollow
3d45f4f0e775b857,prj_bullet_impact_metal_thin
64cae56a56b32aae,prj_bullet_impact_mud
1e57cdc5d57b900c,prj_bullet_impact_paintedmetal
6d6f3146305d691a,prj_bullet_impact_paper
4b3ed0465444285,prj_bullet_impact_piano
4cd578911ba283bf,prj_bullet_impact_plaster
4cac7f911b7f8a90,prj_bullet_impact_plastic
4a73271c36bc3b94,prj_bullet_impact_plate
1ee92ff13948a73d,prj_bullet_impact_player
318b8763001c74a1,prj_bullet_impact_rock
59cea1d146bc30ba,prj_bullet_impact_rubber
678036691f8d5aca,prj_bullet_impact_sand
182dd27dbfe35094,prj_bullet_impact_sandbag
668d9c6966b3d4d3,prj_bullet_impact_snow
343ad22b7ba0c7fc,prj_bullet_impact_teddybear
56419b8229de12e9,prj_bullet_impact_vase
609aad746980c087,prj_bullet_impact_water
648b768cba7c691d,prj_bullet_impact_wood
77749498f368f1a0,prj_bullet_metal_ricochet
55ae635c597ef742,prj_bullet_metal_ricochet_power_armor
3245b6db20f296d2,prj_bullet_metal_ricochet_warlord
6318c5bbff9a2428,prj_bullet_rock_ricochet
63c10ddeda9ac0a4,prj_bullet_wood_ricochet
2c5c35d3c834ab37,prj_bulletspray_debris_dirt
5959b3dc72de4f96,prj_bulletspray_debris_glass
5b10f5bf7f7028e9,prj_bulletspray_debris_metal
65a4e7ec566240dd,prj_bulletspray_debris_plaster
77778c1b43ea0943,prj_bulletspray_debris_rock
3d3597459936a20b,prj_bulletspray_debris_wood
2fea68a95ebcfd20,prj_bulletspray_impact_asphalt
5ea18ecb8836e227,prj_bulletspray_impact_asphault
70f0d9658ec666a7,prj_bulletspray_impact_bark
3fc172a16c60b035,prj_bulletspray_impact_bottle
524adb2d0a0c6d56,prj_bulletspray_impact_brick
2d4182508441a015,prj_bulletspray_impact_canvas
39c2d12d36f0ad06,prj_bulletspray_impact_carpet
6abe87dd9d68ac53,prj_bulletspray_impact_ceramic
1a9613decbe9ac7f,prj_bulletspray_impact_cloth
196c49dfbb4e1c1a,prj_bulletspray_impact_concrete
1e3f31b64978fe0c,prj_bulletspray_impact_crate
64fa030f2b73ef34,prj_bulletspray_impact_cushion
51c83df4be8277ea,prj_bulletspray_impact_default
762efe72b3af00d4,prj_bulletspray_impact_dirt
2f8755b5b321d1d1,prj_bulletspray_impact_flesh
3ebbd36cb5e8cacc,prj_bulletspray_impact_foliage
315bbeaff2436d25,prj_bulletspray_impact_fruit
d7113f8f77e96d7,prj_bulletspray_impact_glass
234f17830682a991,prj_bulletspray_impact_grass
2d78bfa428a497ae,prj_bulletspray_impact_gravel
72deb578a92e72a4,prj_bulletspray_impact_ice
3f04ca5829b39708,prj_bulletspray_impact_metal
76e3d34c786d88b1,prj_bulletspray_impact_metal_car
2ddfb4f624e10b8e,prj_bulletspray_impact_metal_hollow
674c784428754d22,prj_bulletspray_impact_metal_thin
16ec5e78bdffa47d,prj_bulletspray_impact_mud
19a1429c28482e6d,prj_bulletspray_impact_paintedmetal
54143f510868495d,prj_bulletspray_impact_paper
66aa4b0ea96d01ba,prj_bulletspray_impact_piano
72cd669b9deb0038,prj_bulletspray_impact_plaster
72a46f9b9dc80a6f,prj_bulletspray_impact_plastic
762a8d384f73c2d7,prj_bulletspray_impact_plate
24cc2eaef3988684,prj_bulletspray_impact_player
14b32eddfb2b7090,prj_bulletspray_impact_rock
698fa07c16771c4f,prj_bulletspray_impact_rubber
616577d7ddfac9c7,prj_bulletspray_impact_sand
34f77e2a219eda7,prj_bulletspray_impact_sandbag
57d98ea9cf4d9a9c,prj_bulletspray_impact_shield
5fcd01d794ac624e,prj_bulletspray_impact_snow
38195831355019cb,prj_bulletspray_impact_teddybear
70c7a30183e86640,prj_bulletspray_impact_vase
4b8ed338af9bd414,prj_bulletspray_impact_water
2d5107f56a9c633c,prj_bulletspray_impact_wood
7d91a2256aaf0fe,prj_crack
4bfa1d38b4c6f7ca,prj_crack_annihilator
4295abbcf2c1be9e,prj_hatchet_impact_asphalt
31b02f10a961e931,prj_hatchet_impact_asphault
a0a6cc8a2e82369,prj_hatchet_impact_bark
399c4070cd759b2b,prj_hatchet_impact_bottle
2fec05633f95a1d0,prj_hatchet_impact_brick
3850c3ca790c3e03,prj_hatchet_impact_canvas
24cdca23b0d2c8f4,prj_hatchet_impact_carpet
1c964101bb8e029,prj_hatchet_impact_ceramic
252a357ccbd6acf9,prj_hatchet_impact_cloth
1479857e8c7189ec,prj_hatchet_impact_concrete
17065777dc9faa9e,prj_hatchet_impact_crate
20e376c2ded41156,prj_hatchet_impact_cushion
533497816fa61650,prj_hatchet_impact_default
4cc25bb7dff4f76,prj_hatchet_impact_dirt
52af6cda96800a5b,prj_hatchet_impact_flesh
1ab6e415bce96d52,prj_hatchet_impact_foliage
4d74fbe0547b386f,prj_hatchet_impact_fruit
77acd4c971fe55b5,prj_hatchet_impact_glass
b8890fa3bdad153,prj_hatchet_impact_grass
579b1733a429be68,prj_hatchet_impact_gravel
258db3a6240595ad,prj_hatchet_impact_headshot
8c6872d5cecdb8a,prj_hatchet_impact_ice
3fac0fb15058f252,prj_hatchet_impact_metal
1ca3ed941832b0af,prj_hatchet_impact_metal_car
39fb1323a770bbe4,prj_hatchet_impact_metal_hollow
46df2a15ffc691f0,prj_hatchet_impact_metal_thin
6509f02d48601f6f,prj_hatchet_impact_mud
37950349dddcf02f,prj_hatchet_impact_paintedmetal
689d112e002b8213,prj_hatchet_impact_paper
4ea3556fc8f81e54,prj_hatchet_impact_piano
4d183c4600be002,prj_hatchet_impact_plaster
4a86cc45fe8b3d9,prj_hatchet_impact_plastic
8f12b57f78acad1,prj_hatchet_impact_plate
2007cc798fee9ea6,prj_hatchet_impact_player
664e0f5036877796,prj_hatchet_impact_rock
12c25c53740f9ec5,prj_hatchet_impact_rubber
7c2ab845bad0593d,prj_hatchet_impact_sand
4292b754a1783d19,prj_hatchet_impact_sandbag
1e990245864d2c04,prj_hatchet_impact_snow
93b2eb3194b2ae5,prj_hatchet_impact_teddybear
a3a632cadcbd5be,prj_hatchet_impact_vase
5cdc74ff27259906,prj_hatchet_impact_water
493c0c2719c96f66,prj_hatchet_impact_wood
962fa406cdc070f,prj_pineapple_bounce
dbcc656c2516108,prj_underwater_metal_swt
70b7a3780120b975,prj_whizby
79fd650219f51795,uin_alert_lockon
7d009c8ab7d042ce,uin_alert_lockon_start
bbafec33c2adca2,veh_explo_dist
632c0ba5996f64e8,wpn_ammo_pickup
6de970b5882a6aa2,wpn_ammo_pickup_oldschool
416f43b0840cccc7,wpn_annihilator_act_npc
407f54aff3599282,wpn_annihilator_act_plr
6aaa5645d01f586f,wpn_annihilator_dryfire_plr
1b854c1caea8c3e1,wpn_annihilator_fire_npc
1603791cf463ace8,wpn_annihilator_fire_plr
79e4521b6d9f2afe,wpn_annihilator_lfe_npc
6833011b637fb183,wpn_annihilator_lfe_plr
6f5b1b109fd81b76,wpn_ar_accurate_act_killcam_npc
53b43a1047c19bfb,wpn_ar_accurate_act_killcam_plr
76e8cd3e53c05bca,wpn_ar_accurate_act_npc
203d343e22a638cf,wpn_ar_accurate_act_plr
1c98452f54001f25,wpn_ar_accurate_ads_killcam_plr
2abd55f36cda12ad,wpn_ar_accurate_ads_plr
1330433fe10305be,wpn_ar_accurate_fire_killcam_npc
17df23fd6e1d943,wpn_ar_accurate_fire_killcam_plr
484b3fdda59d6cd2,wpn_ar_accurate_fire_npc
7ab956ddc1bd7c77,wpn_ar_accurate_fire_plr
76c03145fc5e19be,wpn_ar_accurate_lfe_killcam_plr
79afcdfcb14329ae,wpn_ar_accurate_lfe_plr
56da6c3879ea0d72,wpn_ar_accurate_silencer_act_killcam_npc
9488338960a1d17,wpn_ar_accurate_silencer_act_killcam_plr
7f95c248a3ad9936,wpn_ar_accurate_silencer_act_npc
1d9b3223a2d3ef0,wpn_ar_accurate_silencer_ads_killcam_npc
58864e226b491851,wpn_ar_accurate_silencer_ads_killcam_plr
476cfc23cf513638,wpn_ar_accurate_silencer_ads_npc
7bf3dad7b9ba0f48,wpn_ar_accurate_silencer_fire_act_plr
4a36e52c34a5385e,wpn_ar_accurate_silencer_fire_ads_plr
12a676b5b10453a,wpn_ar_accurate_silencer_fire_killcam_npc
4019ce6bc750735f,wpn_ar_accurate_silencer_fire_killcam_plr
5e401ffdb13915c1,wpn_ar_accurate_silencer_fire_lfe_plr
7d7e44957d89a51e,wpn_ar_accurate_silencer_fire_npc
6bcbf395736878a3,wpn_ar_accurate_silencer_fire_plr
7d8e1055289651aa,wpn_ar_accurate_silencer_lfe_killcam_plr
388923af3f1c39ed,wpn_ar_damage_act_killcam_npc
6b8008af5bb14134,wpn_ar_damage_act_killcam_plr
7d2e43e67ce7ad01,wpn_ar_damage_act_npc
77ab70e6c2a0e308,wpn_ar_damage_act_plr
7a18e1089725a453,wpn_ar_damage_ads_killcam_npc
5a4d2a0915da31ce,wpn_ar_damage_ads_killcam_plr
7c2f723b5cebe043,wpn_ar_damage_ads_npc
45ee7b3b3d8c0c1e,wpn_ar_damage_ads_plr
780359c72d573f53,wpn_ar_damage_fire_killcam_npc
5837a2c7ac0bccce,wpn_ar_damage_fire_killcam_plr
4bdbb80321881b43,wpn_ar_damage_fire_npc
7b55c2b1a0afc501,wpn_ar_damage_fire_pap_npc
75d2efb1e668fb08,wpn_ar_damage_fire_pap_plr
159ac1030228471e,wpn_ar_damage_fire_plr
642cd1f79ad0aa79,wpn_ar_damage_lfe_killcam_plr
184be67dabe4e81,wpn_ar_damage_lfe_plr
1f6849c548b05e37,wpn_ar_int_augment_loop
7f82329ac07c108f,wpn_ar_int_augment_loop_npc
3662717c3a76fc0d,wpn_ar_standard_act_killcam_npc
6959567c570c0354,wpn_ar_standard_act_killcam_plr
131058fe75d57461,wpn_ar_standard_act_npc
765279c9c8d40f3,wpn_ar_standard_ads_killcam_npc
6799709d1b41ce6e,wpn_ar_standard_ads_killcam_plr
115683283819e923,wpn_ar_standard_ads_npc
318e411042e79841,wpn_ar_standard_fire_act_plr
7db16cb719740ae7,wpn_ar_standard_fire_ads_plr
1aad7a76e0d83373,wpn_ar_standard_fire_killcam_npc
7ae1c3775f8cc0ee,wpn_ar_standard_fire_killcam_plr
cf8afc44522afb0,wpn_ar_standard_fire_lfe_plr
7f76c55af2378ba3,wpn_ar_standard_fire_npc
4c9ace5ad5b92d7e,wpn_ar_standard_fire_plr
5136d6fb5b12fc99,wpn_ar_standard_lfe_killcam_plr
2d91430e83ac179f,wpn_ar_standard_silencer_act_killcam_npc
48cb440edb65fb9a,wpn_ar_standard_silencer_act_killcam_plr
5f2b3130f92a545f,wpn_ar_standard_silencer_act_npc
185d42d5e0c47ccd,wpn_ar_standard_silencer_ads_killcam_npc
4b5327d5fd57d114,wpn_ar_standard_silencer_ads_killcam_plr
164edcace6fd1c21,wpn_ar_standard_silencer_ads_npc
68cbd98bde106583,wpn_ar_standard_silencer_fire_act_plr
69e3238d7548d221,wpn_ar_standard_silencer_fire_ads_plr
79b65396291ba945,wpn_ar_standard_silencer_fire_killcam_npc
2324c895f816b2cc,wpn_ar_standard_silencer_fire_killcam_plr
53f89ad5a47ff262,wpn_ar_standard_silencer_fire_lfe_plr
764c2cb3ce6b0699,wpn_ar_standard_silencer_fire_npc
6448e9b3c4059ac0,wpn_ar_standard_silencer_fire_plr
15987c0ad5a4c327,wpn_ar_standard_silencer_lfe_killcam_plr
65d9cd190f18b6f5,wpn_arrow_loop
6e290f765a99faab,wpn_bow_launcher_fire_full_npc
44d5a8768bb5d0a6,wpn_bow_launcher_fire_full_plr
314898765c6d1e5,wpn_bow_launcher_fire_npc
2c83fe8734c38e6c,wpn_bow_launcher_fire_plr
5c0bcf92c4bd68ee,wpn_bow_launcher_lfe
6aa957863d9b6232,wpn_bow_launcher_lfe_npc
4665f7a5c480c131,wpn_c4_click_npc
27e124a569faca18,wpn_c4_click_plr
264da797309048ee,wpn_concussion_bounce_asphalt
5190cc002e13b5d9,wpn_concussion_bounce_bark
4fdc21cb365832a0,wpn_concussion_bounce_brick
27614f9544692e24,wpn_concussion_bounce_carpet
47a8e885cb9ef139,wpn_concussion_bounce_ceramic
1c26d2f1ffd75609,wpn_concussion_bounce_cloth
649bfff53636aa3c,wpn_concussion_bounce_concrete
49112a0cb5a2fc6,wpn_concussion_bounce_cushion
49c2c140cc07ec00,wpn_concussion_bounce_default
4c52a4f3092b1846,wpn_concussion_bounce_dirt
1e0bc83caf9fbceb,wpn_concussion_bounce_flesh
2b58079160002802,wpn_concussion_bounce_foliage
2ce8584dd0f403ff,wpn_concussion_bounce_fruit
709649e86d5d5b65,wpn_concussion_bounce_glass
3138c50bfd3c2663,wpn_concussion_bounce_grass
4651615f3f1332f8,wpn_concussion_bounce_gravel
6b4f03e6df6f8eba,wpn_concussion_bounce_ice
756b8b12cc1b2422,wpn_concussion_bounce_metal
47252ce6ca8593ff,wpn_concussion_bounce_mud
98884f1128d44df,wpn_concussion_bounce_paintedmetal
5e9d852909d9de23,wpn_concussion_bounce_paper
56ede3cf02f0f632,wpn_concussion_bounce_plaster
56c5eccf02cfb369,wpn_concussion_bounce_plastic
2c5fad7cf92e57c6,wpn_concussion_bounce_rock
2a5e4857579ba2f5,wpn_concussion_bounce_rubber
430b56762ce7616d,wpn_concussion_bounce_sand
649f8075f7aa5a14,wpn_concussion_bounce_snow
5568e8fa32fd7a56,wpn_concussion_bounce_water
66a1aa52a3e1cc96,wpn_concussion_bounce_wood
120db8330a68be06,wpn_concussion_grenade_explode
6444f1f7a8881724,wpn_concussion_grenade_explode_lfe
47e81dfdbf749958,wpn_flame_thrower_cooldown
1469367df1b84e9b,wpn_flame_thrower_dryfire_plr
1d9b77bcbffb3a15,wpn_flame_thrower_hit_loop
14845081736e15c7,wpn_flame_thrower_hit_stop
4610b00e78a604c0,wpn_flame_thrower_loop_lfe_plr
6f21ddfc19f9f7f3,wpn_flame_thrower_loop_npc
4f5626fc98ae856e,wpn_flame_thrower_loop_plr
14da5290cfee92d4,wpn_flame_thrower_start_lfe_plr
639c5bc114d49927,wpn_flame_thrower_start_npc
5f456cc0813c82e2,wpn_flame_thrower_start_plr
32bb69fd6e0406b9,wpn_flame_thrower_stop_npc
241d26fd668010e0,wpn_flame_thrower_stop_plr
6700d4a613697eba,wpn_flash_grenade_explode
3e23cbf4467513c8,wpn_flash_grenade_explode_lfe
6a3540c0525107f0,wpn_flash_phosphorus_loop
1b96de798764b82,wpn_generic_clip_bounce_asphalt
a7bfceda06edbc5,wpn_generic_clip_bounce_bark
779ba03e0b7fbb14,wpn_generic_clip_bounce_brick
b1097f11a65c180,wpn_generic_clip_bounce_carpet
35617a21ec034d8d,wpn_generic_clip_bounce_ceramic
7d9a3921fb134015,wpn_generic_clip_bounce_cloth
6929d76189656d60,wpn_generic_clip_bounce_concrete
5737c5ae9ab8d3a2,wpn_generic_clip_bounce_cushion
4757409f55190374,wpn_generic_clip_bounce_default
676cce224383e682,wpn_generic_clip_bounce_dirt
453648415ec15de7,wpn_generic_clip_bounce_flesh
1453ad2f53b6d55e,wpn_generic_clip_bounce_foliage
bc0e0115912808b,wpn_generic_clip_bounce_fruit
2aa74fd9dd9d6849,wpn_generic_clip_bounce_glass
6a8cacd0499ab19f,wpn_generic_clip_bounce_grass
53335fed2a864e74,wpn_generic_clip_bounce_gravel
763d6742a314df66,wpn_generic_clip_bounce_ice
145b920c67766276,wpn_generic_clip_bounce_metal
16a21842b4cadc0b,wpn_generic_clip_bounce_mud
4384199ddddbd0db,wpn_generic_clip_bounce_paintedmetal
3696a3b2972b28cf,wpn_generic_clip_bounce_paper
e3de81d85f438be,wpn_generic_clip_bounce_plaster
e2fe11d85e7ef7d,wpn_generic_clip_bounce_plastic
38577775ab41df6a,wpn_generic_clip_bounce_rock
596dd1b56f850b11,wpn_generic_clip_bounce_rubber
7cb7706ab86e1d49,wpn_generic_clip_bounce_sand
6d20826af80c18e8,wpn_generic_clip_bounce_snow
71c8512b43d4f042,wpn_generic_clip_bounce_water
79bbac8e53570622,wpn_generic_clip_bounce_wood
631a067190b54300,wpn_generic_dryfire_npc
242aa17124751841,wpn_generic_dryfire_plr
30472ce292992737,wpn_generic_wpn_bounce_asphalt
5a606e7d80f82356,wpn_generic_wpn_bounce_bark
3a5831ad6d512ba1,wpn_generic_wpn_bounce_brick
3f30a3a32ea9de97,wpn_generic_wpn_bounce_carpet
71d0c248ad6a9ea8,wpn_generic_wpn_bounce_ceramic
3ef3c0e776682a88,wpn_generic_wpn_bounce_cloth
74b7afe1d80c5c9f,wpn_generic_wpn_bounce_concrete
262d874028d5802f,wpn_generic_wpn_bounce_cushion
76c03fec51f1f9a1,wpn_generic_wpn_bounce_default
2a51914dc8c68b35,wpn_generic_wpn_bounce_dirt
16c4bb1677087b72,wpn_generic_wpn_bounce_flesh
78d53cc7f11dc87f,wpn_generic_wpn_bounce_foliage
623d9ae112292cfe,wpn_generic_wpn_bounce_fruit
3202e2342e66d220,wpn_generic_wpn_bounce_glass
1f23a558fa12e256,wpn_generic_wpn_bounce_grass
16478930fcab36b3,wpn_generic_wpn_bounce_gravel
7d4e3330f581d003,wpn_generic_wpn_bounce_ice
1ffc883f6f5d458f,wpn_generic_wpn_bounce_metal
5c389230e3354fe2,wpn_generic_wpn_bounce_mud
3899e35525a1eb80,wpn_generic_wpn_bounce_paintedmetal
68e4cdbe3ac956be,wpn_generic_wpn_bounce_paper
1b7b4412594c7bc3,wpn_generic_wpn_bounce_plaster
1ba43b12596f718c,wpn_generic_wpn_bounce_plastic
7aff81018c4b60bd,wpn_generic_wpn_bounce_rock
77f2553c88ccc04e,wpn_generic_wpn_bounce_rubber
127c200c6a3a506e,wpn_generic_wpn_bounce_sand
438e8e0c3d3f500f,wpn_generic_wpn_bounce_snow
17aa0044f06682eb,wpn_generic_wpn_bounce_water
361987e8e13afc41,wpn_generic_wpn_bounce_wood
37a59ac503655f59,wpn_gren_1straise_plr
5084f8a283399c6d,wpn_gren_raise_plr
61f1b71eec7ffb3e,wpn_grenade_bounce_asphalt
1d1904bd30b8a989,wpn_grenade_bounce_bark
38c319eb50ea7270,wpn_grenade_bounce_brick
77bfeb36f524de14,wpn_grenade_bounce_carpet
1bbd44f9ae0b64c9,wpn_grenade_bounce_ceramic
603641b39250c099,wpn_grenade_bounce_cloth
1c1d3cf9eab2210c,wpn_grenade_bounce_concrete
c085ffdbee47bf6,wpn_grenade_bounce_cushion
6d28786b01f89af0,wpn_grenade_bounce_default
6af9bdab20ee0196,wpn_grenade_bounce_dirt
2b7cd151ae803903,wpn_grenade_bounce_far_earth
63c569f527fb1bf8,wpn_grenade_bounce_far_metal
441fc39a427ead8c,wpn_grenade_bounce_far_wood
a5579115a16f4fb,wpn_grenade_bounce_flesh
34aac4ff4f3bf1f2,wpn_grenade_bounce_foliage
51b08171812230f,wpn_grenade_bounce_fruit
5d7e0fb4d969555,wpn_grenade_bounce_glass
19b39d2c177310f3,wpn_grenade_bounce_grass
6662febcac09788,wpn_grenade_bounce_gravel
104d47289e09112a,wpn_grenade_bounce_ice
71fe243e49ac6df2,wpn_grenade_bounce_metal
6ff6b0288c5f7e0f,wpn_grenade_bounce_mud
320d72eba0c56d4f,wpn_grenade_bounce_paintedmetal
76c81d5fdbc3c1b3,wpn_grenade_bounce_paper
754a64a90a5fb9a2,wpn_grenade_bounce_plaster
75214da90a3c8d79,wpn_grenade_bounce_plastic
4c7ca73fd977dcb6,wpn_grenade_bounce_rock
624e7d66b57e8ae5,wpn_grenade_bounce_rubber
bd3503a45bdb65d,wpn_grenade_bounce_sand
2e419a3a113a8924,wpn_grenade_bounce_snow
6b07813102bdd8a6,wpn_grenade_bounce_water
32d0a416bf9cfd86,wpn_grenade_bounce_wood
4406af7441e1b12b,wpn_grenade_explode_asphalt
359c521e4193c82,wpn_grenade_explode_bark
769b7022e7f7be5,wpn_grenade_explode_brick
11dd2e4b9f472db3,wpn_grenade_explode_carpet
6d35fb038ac60a5c,wpn_grenade_explode_ceramic
3b5f1cee4816c414,wpn_grenade_explode_cloth
34b924e017a26303,wpn_grenade_explode_concrete
5f89980e2b44648b,wpn_grenade_explode_cushion
6c75537ba6ea5b95,wpn_grenade_explode_default
82af02f08a50f01,wpn_grenade_explode_dirt
2ebbbfe9aa40a2de,wpn_grenade_explode_flesh
1abf4159b08e1eab,wpn_grenade_explode_foliage
3ba157736c2629ea,wpn_grenade_explode_fruit
3a4fdfc7234e8e4,wpn_grenade_explode_glass
445902f68da1c4b2,wpn_grenade_explode_grass
19ddf7f2917ba9df,wpn_grenade_explode_gravel
1d4e79d61d9d80ff,wpn_grenade_explode_ice
179e249001b92813,wpn_grenade_explode_metal
41d730d632d7d9de,wpn_grenade_explode_mud
6da6ba40b971dc9c,wpn_grenade_explode_paintedmetal
5952d35566941f8a,wpn_grenade_explode_paper
33c23cdb2985550f,wpn_grenade_explode_plaster
339923db29622580,wpn_grenade_explode_plastic
3e5e00d5bc55174d,wpn_grenade_explode_player
341e7e99c6bb3731,wpn_grenade_explode_rock
218c73a4f299fc0a,wpn_grenade_explode_rubber
11026da4cc01afda,wpn_grenade_explode_sand
129bb3a5155178c3,wpn_grenade_explode_snow
1040ab384601d23b,wpn_grenade_explode_tallgrass
4f0b4f83a1e2af37,wpn_grenade_explode_water
2f73fa664da7017e,wpn_grenade_explode_water_2
6491adc37ef0602d,wpn_grenade_explode_wood
57e7165e2e367932,wpn_grenade_launch_bounce_asphalt
2b0ba0e1681bed95,wpn_grenade_launch_bounce_bark
63cb2880d24e28c4,wpn_grenade_launch_bounce_brick
7d344230f6b47e50,wpn_grenade_launch_bounce_carpet
4586e91d2d25d6bd,wpn_grenade_launch_bounce_ceramic
3ffd0271fe676885,wpn_grenade_launch_bounce_cloth
6cc98ea45ac36dd0,wpn_grenade_launch_bounce_concrete
29f4c121651e4f2,wpn_grenade_launch_bounce_cushion
57b896fb82995e04,wpn_grenade_launch_bounce_default
30a7921743bdfeb2,wpn_grenade_launch_bounce_dirt
5bf70f7e47319697,wpn_grenade_launch_bounce_flesh
3d77016ff374a12e,wpn_grenade_launch_bounce_foliage
3773a859a59728fb,wpn_grenade_launch_bounce_fruit
6d093929e0f01419,wpn_grenade_launch_bounce_glass
3305517faee57cf,wpn_grenade_launch_bounce_grass
48401bf7b4db9a4,wpn_grenade_launch_bounce_gravel
28b16dc79c7ab4f6,wpn_grenade_launch_bounce_ice
6a9c3b60b56b4866,wpn_grenade_launch_bounce_metal
49821ec7ae8bd07b,wpn_grenade_launch_bounce_mud
7106fbb1a758c6ab,wpn_grenade_launch_bounce_paintedmetal
1d6e8df1c00f34ff,wpn_grenade_launch_bounce_paper
e710bc35d7155ce,wpn_grenade_launch_bounce_plaster
e6324c35d6542ed,wpn_grenade_launch_bounce_plastic
57715a5eaa688bfa,wpn_grenade_launch_bounce_rock
66c6da3166c4c6a1,wpn_grenade_launch_bounce_rubber
1ca1d35767077e59,wpn_grenade_launch_bounce_sand
c300557a5ea5998,wpn_grenade_launch_bounce_snow
369431011fb8ae72,wpn_grenade_launch_bounce_water
702a0f7619f00932,wpn_grenade_launch_bounce_wood
69acb760c1a05692,wpn_grenade_throw
2819d3a869e6f5d3,wpn_hatchet_throw_npc
84e1ca8e89b834e,wpn_hatchet_throw_plr
39ca16a02ae92d4,wpn_lmg_int_augment_loop
782689bba20e9f2c,wpn_lmg_int_augment_loop_npc
63929e4d47dbebc,wpn_lmg_int_augment_loop_slow
16fca4ea0d0bd774,wpn_lmg_int_augment_loop_slow_npc
2ceee5be4c9e72fb,wpn_lmg_light_act_killcam_npc
708c3ebde2891056,wpn_lmg_light_act_killcam_plr
77ff1ec5eb2b7eb,wpn_lmg_light_act_npc
5e2b8aec8fccdae6,wpn_lmg_light_act_plr
7eb6ce93884bd200,wpn_lmg_light_ads_killcam_plr
7b73bfab8c3af57d,wpn_lmg_light_ads_npc
17f4a4ab0aba54e4,wpn_lmg_light_ads_plr
561834929f0bad61,wpn_lmg_light_fire_killcam_npc
50966192e4c69668,wpn_lmg_light_fire_killcam_plr
9b2836ce6e04685,wpn_lmg_light_fire_npc
3320f86cb5db500c,wpn_lmg_light_fire_plr
7c5e635ef7c6f243,wpn_lmg_light_lfe_killcam_plr
2f4ce96568297577,wpn_lmg_light_lfe_plr
5b8dea73bb03ea82,wpn_lmg_npc_decay
37f6d8a818664e23,wpn_lmg_plr_decay
51bafbeba16de4a2,wpn_lmg_slowfire_act_killcam_npc
6e8dd2eb20333667,wpn_lmg_slowfire_act_killcam_plr
5ccfe59c7f14ab86,wpn_lmg_slowfire_act_npc
5438449cc22f64ab,wpn_lmg_slowfire_act_plr
3af9e4e9a2c2e021,wpn_lmg_slowfire_ads_killcam_plr
72e2a5b716219b48,wpn_lmg_slowfire_ads_npc
407490b6fa018f09,wpn_lmg_slowfire_ads_plr
43909d59728af34a,wpn_lmg_slowfire_fire_killcam_npc
6ce504594170d04f,wpn_lmg_slowfire_fire_killcam_plr
7688d13d2f55b9ce,wpn_lmg_slowfire_fire_npc
4f01e2ee7b25d934,wpn_lmg_slowfire_fire_pap_npc
543285ee35264775,wpn_lmg_slowfire_fire_pap_plr
7a72803dc2909173,wpn_lmg_slowfire_fire_plr
5c3f833f5f81009f,wpn_lmg_slowfire_lfe_killcam_npc
7779843fb73ae49a,wpn_lmg_slowfire_lfe_killcam_plr
d05e5a3f166015a,wpn_lmg_slowfire_lfe_plr
6a64e3e894799cc7,wpn_melee_cknife_flourish_npc
6974f4e803c66282,wpn_melee_cknife_flourish_plr
24144de9e229054f,wpn_melee_fist_flourish_npc
2d180ee99f69a16a,wpn_melee_fist_flourish_plr
5d8b8a0160976fe5,wpn_melee_fist_whoosh_npc
6faff012f942c6c,wpn_melee_fist_whoosh_plr
682ae38c2190e748,wpn_melee_impact_generic_npc
35bcce8c0570db09,wpn_melee_impact_generic_plr
72d9f45576dd1490,wpn_melee_knife_whoosh_npc
49868f55a7f8edf1,wpn_melee_knife_whoosh_plr
56b82a21188bbd82,wpn_melee_pistol_whoosh_npc
76f001209a328547,wpn_melee_pistol_whoosh_plr
724b421b7bc97a45,wpn_melee_rifle_whoosh_npc
1bb9b71b4ac483cc,wpn_melee_rifle_whoosh_plr
63754f72f78c2433,wpn_melee_shield_npc_default
605e96639e8582f7,wpn_melee_shield_npc_knife
4f5907552f027c7a,wpn_melee_shield_plr_default
7b00f62500577b6e,wpn_melee_shield_plr_knife
795fb26288a08c6c,wpn_mg42_fire_npc
75750561f564052d,wpn_mg42_fire_plr
4ac30185cadc8894,wpn_mg42_lfe_plr
7c5e9915dc612c8e,wpn_optic_zoom_in
23d5b6256ea9a2af,wpn_optic_zoom_out
5b676a284a3b37f2,wpn_pineapple_1straise_npc
dd58128665b4797,wpn_pineapple_1straise_plr
6c966070485a3bfe,wpn_pineapple_act_npc
5ae50f703e3ac283,wpn_pineapple_act_plr
5ec7774d8af63fab,wpn_pineapple_dryfire_npc
3574104dbc1215a6,wpn_pineapple_dryfire_plr
c0e87a12dcdbe86,wpn_pineapple_fire_npc
376e6a170e877ab,wpn_pineapple_fire_plr
6e38e8c9f68963ab,wpn_pineapple_grenade_explode_flesh
4a68bfba984265a7,wpn_pineapple_lfe_npc
4611d0ba04aa4f62,wpn_pineapple_lfe_plr
30811ca009af27a4,wpn_pineapple_loop
28da5e9c8c6fdb90,wpn_pineapple_mini_loop
70b021eb176a16ee,wpn_pineapple_pickup_npc
7499d0ebaaa4ee93,wpn_pineapple_pickup_plr
74a66ccf80aa2f6,wpn_pineapple_raise_npc
6ba385cc9ff4237b,wpn_pineapple_raise_plr
425100d805855d28,wpn_pistol_burst_act_killcam_npc
fe2ebd7e96550e9,wpn_pistol_burst_act_killcam_plr
4d24490882fa9ab0,wpn_pistol_burst_act_npc
23d0e408b4167411,wpn_pistol_burst_act_plr
6cd9f0b85c41f3be,wpn_pistol_burst_ads_killcam_npc
5b279fb85220c743,wpn_pistol_burst_ads_killcam_plr
14a3253fd5ea9ad2,wpn_pistol_burst_ads_npc
47113c3ff20aaa77,wpn_pistol_burst_ads_plr
695cf76c11b56450,wpn_pistol_burst_fire_killcam_npc
4008926c42cf8ab1,wpn_pistol_burst_fire_killcam_plr
4a6c36c05dd253d8,wpn_pistol_burst_fire_npc
3c83cd8ff2c29a4a,wpn_pistol_burst_fire_pap_npc
65d8348fc1a8774f,wpn_pistol_burst_fire_pap_plr
2d9961c0df0d0579,wpn_pistol_burst_fire_plr
174f8051dda90795,wpn_pistol_burst_lfe
68e4ef443079142c,wpn_pistol_burst_lfe_killcam_plr
51f84b78f855a453,wpn_pistol_burst_sup_act_npc
322c9479770a31ce,wpn_pistol_burst_sup_act_plr
180f1b5026387285,wpn_pistol_burst_sup_ads_npc
417d904ff5337c0c,wpn_pistol_burst_sup_ads_plr
32749da1b0cc552d,wpn_pistol_burst_sup_fire_npc
68d182a1d0448574,wpn_pistol_burst_sup_fire_plr
7544d2007b1339a6,wpn_pistol_burst_sup_lfe
2cbb97e63465ac6a,wpn_pistol_burst_sup_lfe_npc
25901ea2e5c69f3a,wpn_pistol_fullauto_act_killcam_npc
647f85a35206cd5f,wpn_pistol_fullauto_act_killcam_plr
533d3fff3ad8bf1e,wpn_pistol_fullauto_act_npc
418aeeff30b792a3,wpn_pistol_fullauto_act_plr
140e7b2091fadf18,wpn_pistol_fullauto_ads_killcam_npc
73d6a62110541ab9,wpn_pistol_fullauto_ads_killcam_plr
43b99d61951e180,wpn_pistol_fullauto_ads_npc
454c34d5ad11b6c1,wpn_pistol_fullauto_ads_plr
5cd16589aa0ac902,wpn_pistol_fullauto_fire_killcam_npc
7d093c892bb190c7,wpn_pistol_fullauto_fire_killcam_plr
1f1d143c192cb526,wpn_pistol_fullauto_fire_npc
1e03a423ee6b26fc,wpn_pistol_fullauto_fire_pap_npc
2fb5f723f88c56dd,wpn_pistol_fullauto_fire_pap_plr
1685733c5c476e4b,wpn_pistol_fullauto_fire_plr
1636f37501656182,wpn_pistol_fullauto_lfe_killcam_plr
301eb048fa0bfb82,wpn_pistol_fullauto_lfe_plr
231a3d6996199a63,wpn_pistol_int_augment_loop
125223042f2bb03b,wpn_pistol_int_augment_loop_npc
45da1f4a52bcac53,wpn_pistol_npc_decay
426029946914f4b2,wpn_pistol_plr_decay
310edd14ec621bd8,wpn_rifle_npc_decay
4157ed3e200567ed,wpn_rifle_plr_decay
3ce723f8b120ae09,wpn_rocket_blend
2df38f63a878934,wpn_rocket_blend_plr
347fbe348869aaa7,wpn_rocket_explode
140d5966ccbb60fc,wpn_rocket_explode_close
509cc9eb2ef0fbf5,wpn_rocket_explode_close_plr
752e1fe7d31dcaae,wpn_rocket_explode_decay
7eecd23a932bdb97,wpn_rocket_explode_decay_plr
4d0ae92b6e64248,wpn_rocket_explode_dist
5d5af603a328ed61,wpn_rocket_explode_dist_plr
707149fca7be14c1,wpn_rocket_explode_lfe
ab4b7fcbccf9ec,wpn_rocket_explode_lfe_plr
1da86efd09d8c43a,wpn_rocket_explode_plr
7b4e047a58df9cd0,wpn_rocket_loop
126c953e9ecd8908,wpn_rocket_wasp_loop
6b8e3afa7cb43f35,wpn_rpg_1straise_npc
fc4ca27d80d6d52,wpn_rpg_dryfire_npc
4232e127f42d7cf7,wpn_rpg_dryfire_plr
c9c1777f0fba216,wpn_rpg_fire_dist_npc
4c62b2b1277d44c9,wpn_rpg_fire_npc
50d56fb1bb2d80d0,wpn_rpg_fire_plr
540a563c135f722f,wpn_rpg_loop
ba40be1a2e9054d,wpn_rpg_pickup_npc
d7aab086ddb7e67,wpn_rpg_raise_npc
4382ea72adea8a5c,wpn_rpg_whizby
35e155b216c3688a,wpn_rpg_whizby_lfe
710ef2558d35e42a,wpn_satchel_click
4789c2b7dbf79c13,wpn_satchel_click_plr
7227320f3bd6a6a6,wpn_semtex_charge
1554695ac227fd5b,wpn_shotgun_close_decay
50b5edf718623bff,wpn_shotgun_fire_npc_decay
7916a6eb298a750e,wpn_shotgun_fire_plr_decay
7bd5b023aab06fe3,wpn_shotgun_pump_fire_pap_npc
48fab9238e33c4be,wpn_shotgun_pump_fire_pap_plr
4e54c10ef431a498,wpn_smg_burst_act_npc
2e1cec0f728ae039,wpn_smg_burst_act_plr
6cdcd70811618c3a,wpn_smg_burst_ads_npc
2bcc3e087da1ba5f,wpn_smg_burst_ads_plr
27d430d399122940,wpn_smg_burst_fire_npc
7a7146973f7cf5c2,wpn_smg_burst_fire_pap_npc
17441d96be424787,wpn_smg_burst_fire_pap_plr
68e4cbd32cd1fe81,wpn_smg_burst_fire_plr
56329a0c9abd8198,wpn_smg_burst_lfe_plr
22750a3fdb2e72b0,wpn_smg_capacity_act_killcam_npc
7921a5400c4a4c11,wpn_smg_capacity_act_killcam_plr
2359227bee99ccf8,wpn_smg_capacity_act_npc
6864d7c6fd47e99,wpn_smg_capacity_act_plr
4fc579df0b3c9666,wpn_smg_capacity_ads_killcam_npc
4a94d8df513c2b8b,wpn_smg_capacity_ads_killcam_plr
13ba1222da20c31a,wpn_smg_capacity_ads_npc
52a979234660f13f,wpn_smg_capacity_ads_plr
6c8e17f0e9f801f8,wpn_smg_capacity_fire_killcam_npc
4fbb42f16b32b399,wpn_smg_capacity_fire_killcam_plr
71cb5938121f9da0,wpn_smg_capacity_fire_npc
6bb42845ceb97e62,wpn_smg_capacity_fire_pap_npc
becff455061f927,wpn_smg_capacity_fire_pap_plr
32daf437a5ddbfe1,wpn_smg_capacity_fire_plr
2d7244299a62f184,wpn_smg_capacity_lfe_killcam_plr
47ab2a3c6ef0c378,wpn_smg_capacity_lfe_plr
489b3ddd8356a5ba,wpn_smg_fastfire_act_killcam_npc
78aa4ddef96d3df,wpn_smg_fastfire_act_killcam_plr
dab392cae20f59e,wpn_smg_fastfire_act_npc
7bf8e82ca3ffc923,wpn_smg_fastfire_act_plr
37199a5b2f8ae598,wpn_smg_fastfire_ads_killcam_npc
16e1c55bade42139,wpn_smg_fastfire_ads_killcam_plr
3ea993038c9a1800,wpn_smg_fastfire_ads_npc
7fba2e032059ed41,wpn_smg_fastfire_ads_plr
78bdf62365c5d482,wpn_smg_fastfire_fire_killcam_npc
18f5cd22e76c9c47,wpn_smg_fastfire_fire_killcam_plr
3031fc76fce150a6,wpn_smg_fastfire_fire_npc
53351958bb693a7c,wpn_smg_fastfire_fire_pap_npc
64e76c58c58a6a5d,wpn_smg_fastfire_fire_pap_plr
279a5b773ffc09cb,wpn_smg_fastfire_fire_plr
394212af9ef56802,wpn_smg_fastfire_lfe_killcam_plr
6a8ca9766d543202,wpn_smg_fastfire_lfe_plr
11e93650a16033b,wpn_smg_int_augment_loop
7b40477323b24733,wpn_smg_int_augment_loop_npc
6fe5aa54b0644719,wpn_smg_standard_act_killcam_npc
5de26754a5fedb40,wpn_smg_standard_act_killcam_plr
53f6a4ecfea011bd,wpn_smg_standard_act_npc
73dd89ec80029a24,wpn_smg_standard_act_plr
125a40a4a998082f,wpn_smg_standard_ads_killcam_npc
17f801a463f57b4a,wpn_smg_standard_ads_killcam_plr
268dd8bf3a7d9d8f,wpn_smg_standard_ads_npc
2c2b99bef4db10aa,wpn_smg_standard_ads_plr
10edf0677dee8e0f,wpn_smg_standard_fire_killcam_npc
168bb167384c012a,wpn_smg_standard_fire_killcam_plr
639e47f3b01ca0af,wpn_smg_standard_fire_npc
54ada5f12bc93d95,wpn_smg_standard_fire_pap_npc
13b91af19821fe3c,wpn_smg_standard_fire_pap_plr
693c08f36a7a13ca,wpn_smg_standard_fire_plr
3d47d2022f2f4195,wpn_smg_standard_lfe_killcam_plr
4c7bf87661fec87d,wpn_smg_standard_lfe_plr
6511f4e1206fdff3,wpn_smoke_bounce_asphalt
237afe868c10b4aa,wpn_smoke_bounce_bark
e02a404320c81ed,wpn_smoke_bounce_brick
6582b9ad06ffa7cb,wpn_smoke_bounce_carpet
50af4590db118bc4,wpn_smoke_bounce_ceramic
17b0ea74755c83ec,wpn_smoke_bounce_cloth
2f6cc72ad8fc6f9b,wpn_smoke_bounce_concrete
2cae25f28d122e33,wpn_smoke_bounce_cushion
74823a4030b5654d,wpn_smoke_bounce_default
48e2a9984b8d2d89,wpn_smoke_bounce_dirt
64e944ba5998c6c6,wpn_smoke_bounce_flesh
36df87404b03af63,wpn_smoke_bounce_foliage
14426c8eeeb1485c,wpn_smoke_bounce_glass
573c6ff8e11ff85a,wpn_smoke_bounce_grass
3017aae67091ffe7,wpn_smoke_bounce_gravel
68733b7ef98ea797,wpn_smoke_bounce_ice
617091158996c63b,wpn_smoke_bounce_metal
8bcf27f0b2de6b6,wpn_smoke_bounce_mud
12351da9239f03d4,wpn_smoke_bounce_paintedmetal
3c5427a1ee5e39f2,wpn_smoke_bounce_paper
1c1fd07dea37b787,wpn_smoke_bounce_plaster
1c2cd77dea424dc8,wpn_smoke_bounce_plastic
5ece48026bec4de9,wpn_smoke_bounce_rock
6bfd18bfeb5dd282,wpn_smoke_bounce_rubber
3453b70976aedcc2,wpn_smoke_bounce_sand
2a0f8d09706a651b,wpn_smoke_bounce_snow
44aec3d0c480f9ff,wpn_smoke_bounce_water
1271272c26d68885,wpn_smoke_bounce_wood
4f8d643e3624ba4d,wpn_smoke_grenade_explode
397d8bebde816d8c,wpn_smoke_hiss_end
4bacdbab3565ae3b,wpn_smoke_hiss_lp
1cb6b3723abacbb5,wpn_smoke_hiss_start
78f893747bbeea7e,wpn_sticky_gren_bounce_asphalt
4543cf65352d16c9,wpn_sticky_gren_bounce_bark
6de6356ae2bf3cb0,wpn_sticky_gren_bounce_brick
46158f791123c554,wpn_sticky_gren_bounce_carpet
5c545422c272fb09,wpn_sticky_gren_bounce_ceramic
1006658959e3ced9,wpn_sticky_gren_bounce_cloth
252f62613aa07c4c,wpn_sticky_gren_bounce_concrete
7ed466d588715536,wpn_sticky_gren_bounce_cushion
175a54a624984530,wpn_sticky_gren_bounce_default
168b885328474ad6,wpn_sticky_gren_bounce_dirt
3a259ce721aa033b,wpn_sticky_gren_bounce_flesh
7540d42863a1d532,wpn_sticky_gren_bounce_foliage
38512bece2885a4f,wpn_sticky_gren_bounce_fruit
3afafc7adf6b5f95,wpn_sticky_gren_bounce_glass
7bb7b8b09429af33,wpn_sticky_gren_bounce_grass
49feb20bb50ea4c8,wpn_sticky_gren_bounce_gravel
49ec6fca43f4ab6a,wpn_sticky_gren_bounce_ice
2a873fbdde646132,wpn_sticky_gren_bounce_metal
262fd8ca2f67ef4f,wpn_sticky_gren_bounce_mud
65ee0c6074ffdb8f,wpn_sticky_gren_bounce_paintedmetal
2bec38df6d9a3ef3,wpn_sticky_gren_bounce_paper
1a14166bc593abe2,wpn_sticky_gren_bounce_plaster
218871ecc8ce1df6,wpn_sticky_gren_bounce_rock
340a21a8d4609b25,wpn_sticky_gren_bounce_rubber
37651ae24d16ff9d,wpn_sticky_gren_bounce_sand
566c64e215aef664,wpn_sticky_gren_bounce_snow
47b7a50bb53107e6,wpn_sticky_gren_bounce_water
4766ec3ac1015c6,wpn_sticky_gren_bounce_wood
7191bb0829771349,wpn_weap_pickup
29e300b3715f23eb,wpn_weap_pickup_oldschool
3e105dfa566b32a1,zmb_ann_vox_laugh_l
3e1047fa566b0d3f,zmb_ann_vox_laugh_r
79013bb305f60deb,zmb_attack_bones
6e9aa7303b515232,zmb_attack_fast
7a3dc9061f283d7a,zmb_attack_med
28f7bed0e71a8a21,zmb_attack_slow
4700c45c947f00aa,zmb_attack_whoosh
2d6f61e1cf07e68,zmb_box_move
32d8f9d0e729a37d,zmb_box_poof
607b61ab8f244087,zmb_box_poof_land
f914f66fc9ebe6c,zmb_box_poof_land_flux_l
f916566fc9ee3ce,zmb_box_poof_land_flux_r
43a476d738cce9a5,zmb_box_spin
4c4104637b1dcc63,zmb_death_gibs
19bc25f76345ad95,zmb_electrocute_zombie
506c492585e2647c,zmb_electrocute_zombie_swt
db1f6d13a21ba09,zmb_full_ammo
951e8239927236b,zmb_lid_close
1bbd8808099dbf01,zmb_lid_open
5532e62007d16351,zmb_step_standard_run
1b8a275555b47008,zmb_step_standard_sprint
9a0f831344c847e,zmb_vocals_dg2_death
20bb4e2797225940,zmb_vocals_parasite_attack
3e0fb2f5216eecea,zmb_vocals_zombie_attack_melee
1263257d3315dfad,zmb_vocals_zombie_behind
68585ad729f133b3,zmb_vocals_zombie_crawler
238373c36747c049,zmb_vocals_zombie_death
58a3c58b5ec40714,zmb_vocals_zombie_electrocute
52badac22262fee1,zmb_vocals_zombie_sprint
6c18e93f247c4b66,zmb_vocals_zombie_sprint_loud
1e30410f212b9527,zmb_vocals_zombie_taunt
580111ae24dbed71,zmb_vocals_zombie_taunt_v1
24f2444016e3102d,zmb_vocals_zombie_teardown
40c1b5573d941479,zmb_whoosh
1612a6cf21cdc361,zmb_zombie_head_gib
7adb9a4e334b389,zmb_zombie_spawn
53275ca0fc64314e,aml_chicken_cluck
14ba33934a647b11,aml_chicken_wing_small
6ba9ce720eb0717a,aml_dog_attack_jump
7a13143ffb6ebbaf,aml_dog_bark
97221cf3171ae49,aml_dog_die_front
34741aa23754e826,aml_dog_growl
2d5aa80199f48ab,aml_dog_idle_look
3e80eab8a292f2a1,aml_dog_run_start
65f24e989cf891b3,dst_spark_bounce
354b957df4414389,evt_skel_attack
409e6865cb74f21f,evt_skel_attack_sword
41287c4fbad0bc86,fly_dog_step_run_default
6d86f56627af0925,fly_step_run_skel_default
4bc1465f209fcc31,fly_step_run_skel_default_bones
37f3020591c18ad8,fly_step_run_zdog_asphalt
25cae25cebffb4ff,fly_step_run_zdog_bark
1b19d35b349ef0f8,fly_step_run_zdog_bodyarmor
62f84e79a6f09eee,fly_step_run_zdog_brick
fca55e76b3557ce,fly_step_run_zdog_carpet
4e3fa528f5a2d96b,fly_step_run_zdog_ceramic
3ee4aef92c5a46a7,fly_step_run_zdog_cloth
85f21c2b43ebc42,fly_step_run_zdog_concrete
4e18fa5893e4094c,fly_step_run_zdog_cushion
506c4b2945249a72,fly_step_run_zdog_default
4ac5876eab1f51cc,fly_step_run_zdog_dirt
318140cf25e663c9,fly_step_run_zdog_flesh
71514f92bff95f54,fly_step_run_zdog_foliage
4c819940f306c78d,fly_step_run_zdog_fruit
16ea06b8879e951f,fly_step_run_zdog_glass
225bd3b49abfb96f,fly_step_run_zdog_glassbulletproof
34bcd640c2819ec7,fly_step_run_zdog_glasscar
5704a9c21ba14bc9,fly_step_run_zdog_grass
2a0fe8d50c0fcd06,fly_step_run_zdog_gravel
50164f1c8ed161ac,fly_step_run_zdog_ice
fd06365453696e0,fly_step_run_zdog_metal
4855aaed42134b2e,fly_step_run_zdog_metalcar
1e191cb2143b9391,fly_step_run_zdog_metalcatrun
172b485568b64e9b,fly_step_run_zdog_metalhollow
606e8ab12fbb3d73,fly_step_run_zdog_metalthin
73b7f81ca34774a5,fly_step_run_zdog_mud
553b2bbad54da5f5,fly_step_run_zdog_paintedmetal
583ee14d6311db55,fly_step_run_zdog_paper
14d85c78380a3fa0,fly_step_run_zdog_plaster
14e5857838150fa7,fly_step_run_zdog_plastic
67c668e4b89bb478,fly_step_run_zdog_rock
69e5d86177233777,fly_step_run_zdog_rubber
14f231da01619a7f,fly_step_run_zdog_sand
1f376bda07a7e056,fly_step_run_zdog_snow
5d66c8c4287207b8,fly_step_run_zdog_tallgrass
38e19530bd1c9e6c,fly_step_run_zdog_water
7fbb10fd25cdcab8,fly_step_run_zdog_watershallow
16a371fcc5f35e24,fly_step_run_zdog_wood
662d87c049f4259f,fly_step_sprint_zdog_asphalt
43049336e984421e,fly_step_sprint_zdog_bark
4a5a104f1dae7667,fly_step_sprint_zdog_bodyarmor
61b83fadc4bc61a9,fly_step_sprint_zdog_brick
2a148f5572be510f,fly_step_sprint_zdog_carpet
771f4d484e2ca3b0,fly_step_sprint_zdog_ceramic
2637ae644177f120,fly_step_sprint_zdog_cloth
400974b26270d777,fly_step_sprint_zdog_concrete
edc8a522a542777,fly_step_sprint_zdog_cushion
4df29b92447e219,fly_step_sprint_zdog_default
70343606434a217d,fly_step_sprint_zdog_dirt
5d72788ea728239a,fly_step_sprint_zdog_flesh
41c60263255ac7d7,fly_step_sprint_zdog_foliage
132628e1b72e7bf6,fly_step_sprint_zdog_fruit
23aa90b86051f1d8,fly_step_sprint_zdog_glass
1c21ec7653a89416,fly_step_sprint_zdog_glassbulletproof
518d3171aff13516,fly_step_sprint_zdog_glasscar
645a346502a08cbe,fly_step_sprint_zdog_grass
3f3a52a385077b7b,fly_step_sprint_zdog_gravel
2ce587c85ae04a9b,fly_step_sprint_zdog_ice
325ef5c831a7a6d7,fly_step_sprint_zdog_metal
7f398adfbe75be6f,fly_step_sprint_zdog_metalcar
2c21de758954d54,fly_step_sprint_zdog_metalcatwalk
7487b0da6afb91a4,fly_step_sprint_zdog_metalhollow
ac0b1a180d2ecb0,fly_step_sprint_zdog_metalthin
8d6e6c8460d735a,fly_step_sprint_zdog_mud
67ca82a942e09218,fly_step_sprint_zdog_paintedmetal
307634740b13e2a6,fly_step_sprint_zdog_paper
4384b9dad4723cbb,fly_step_sprint_zdog_plaster
4376d0dad4662674,fly_step_sprint_zdog_plastic
444935ba09b3ee35,fly_step_sprint_zdog_rock
71da2f9f7288fe86,fly_step_sprint_zdog_rubber
7b5654c5d2f419d6,fly_step_sprint_zdog_sand
384672c5f58dc6c7,fly_step_sprint_zdog_snow
35f69f10f3fbae3f,fly_step_sprint_zdog_tallgrass
459b8f4cab6e5d73,fly_step_sprint_zdog_water
c3d73ae8c38a391,fly_step_sprint_zdog_watershallow
15a20ca1fc899d99,fly_step_sprint_zdog_wood
3bb8d7a267f85068,fly_step_walk_zdog_asphalt
718881cb2e06bd2f,fly_step_walk_zdog_bark
67b64f8bd70fe608,fly_step_walk_zdog_bodyarmor
31bac7df3c9a167e,fly_step_walk_zdog_brick
61f9d5f68ff651fe,fly_step_walk_zdog_carpet
3e0425871d9d2d3b,fly_step_walk_zdog_ceramic
37c9296ac3191337,fly_step_walk_zdog_cloth
5964dd890cbbf192,fly_step_walk_zdog_concrete
785bb20c2f5e9bfc,fly_step_walk_zdog_cushion
453c3f95659e93e2,fly_step_walk_zdog_default
168406dced27d69c,fly_step_walk_zdog_dirt
5676fb41f8159619,fly_step_walk_zdog_flesh
1b32f0dcfc2ac9c4,fly_step_walk_zdog_foliage
5ac852ac0e682cdd,fly_step_walk_zdog_fruit
67939f17065e844f,fly_step_walk_zdog_glass
489fdb9a8eae1cff,fly_step_walk_zdog_glassbulletproof
1b77ee0cfba01a77,fly_step_walk_zdog_glasscar
516c8328ec604099,fly_step_walk_zdog_grass
670da289c02c1f16,fly_step_walk_zdog_gravel
34273f2f0e182a1c,fly_step_walk_zdog_ice
48a53ddc6208a670,fly_step_walk_zdog_metal
1f0b20e03752c57e,fly_step_walk_zdog_metalcar
34a69dbc66955395,fly_step_walk_zdog_metalcatwalk
7907a1a0da8f70b,fly_step_walk_zdog_metalhollow
7826c580d3ad7b23,fly_step_walk_zdog_metalthin
5834e82f22e95bf5,fly_step_walk_zdog_mud
60b02266fd9fa3a5,fly_step_walk_zdog_paintedmetal
27d8b45925cfb725,fly_step_walk_zdog_paper
5a9b3416efe69390,fly_step_walk_zdog_plaster
5aa93d16eff2e037,fly_step_walk_zdog_plastic
38014748372ab8a8,fly_step_walk_zdog_rock
7e54c541253722a7,fly_step_walk_zdog_rubber
391bd03c448038ef,fly_step_walk_zdog_sand
4439ea3c4b7e3926,fly_step_walk_zdog_snow
9671a7753263728,fly_step_walk_zdog_tallgrass
311c6841671f817c,fly_step_walk_zdog_water
489743e14959cce8,fly_step_walk_zdog_watershallow
66de506044826254,fly_step_walk_zdog_wood
5a492b18485eb7cc,fly_step_zombie_sweetner
1e6376ae0ddacdf9,fly_step_zombie_sweetner_sprint
705d1762884ea3eb,mpl_turret_exp
4d08b19bd45c8d9d,mpl_turret_startup
7f6f22e64bed1614,mus_boss_loop_0
49de765b253a8b8c,pfx_blood_neck_spray_zmb
33ead103d7e45286,pfx_blood_torso_explo_lg_os_zmb
66b5e7524a4b1dd,pfx_blood_trail_lg_zmb
262da147a95f0b8b,pfx_blood_trail_zmb
4ebfca96d69c589c,pfx_bul_flesh_head_fatal_zmb
4caffa7bc4e81963,pfx_bul_flesh_head_nochunks_zmb
2e46ab09aac1d717,pfx_bul_flesh_neck_spurt_zmb
1edfe149b367005,pfx_electric_trap_zdo
3a387a0a2744f312,prj_bolt_impact_asphalt
b77c84134d17505,prj_bolt_impact_asphault
4eb03949d221bcf5,prj_bolt_impact_bark
4d4dec0494fd661f,prj_bolt_impact_bottle
7a49c1ecfa2df5a4,prj_bolt_impact_brick
1f3a6dd567c84d9f,prj_bolt_impact_canvas
12b914f8b5192fb0,prj_bolt_impact_carpet
3e50b285b522d29d,prj_bolt_impact_ceramic
567a9bde26458265,prj_bolt_impact_cloth
746ec91c53f45330,prj_bolt_impact_concrete
e2a1c0682031852,prj_bolt_impact_crate
24e4157f864d8bd2,prj_bolt_impact_cushion
63982d7b00cd18e4,prj_bolt_impact_default
2ad12a7ac5c52312,prj_bolt_impact_dirt
7275a8ea6f116377,prj_bolt_impact_flesh
5fbbcadd6370480e,prj_bolt_impact_foliage
247741c0e5784adb,prj_bolt_impact_fruit
387d29608cfe0f9,prj_bolt_impact_glass
1647ee841fe948af,prj_bolt_impact_grass
708ed48251b57304,prj_bolt_impact_gravel
552c19fd53837d6,prj_bolt_impact_ice
21eabb3212c71c53,prj_bolt_impact_ice_crack
11ad4ccdd4b1546,prj_bolt_impact_metal
5935bbf459219f3b,prj_bolt_impact_metal_car
4b1450d88a508fc0,prj_bolt_impact_metal_hollow
1f7afbe705d35694,prj_bolt_impact_metal_thin
2623729fe749535b,prj_bolt_impact_mud
288dc252baef1f0b,prj_bolt_impact_paintedmetal
39411f07b23270df,prj_bolt_impact_paper
61ed5ac5f0fadb28,prj_bolt_impact_piano
1a50a242dba510ae,prj_bolt_impact_plaster
1a43bb42db9ab0cd,prj_bolt_impact_plastic
717bc0ef970e16cd,prj_bolt_impact_plate
7b15f2c7146e5b5a,prj_bolt_impact_rock
7fb2acf9280e5401,prj_bolt_impact_rubber
16cb6bbae90ea2b9,prj_bolt_impact_sand
134c69d6925269c5,prj_bolt_impact_sandbag
6599dbb27f17df8,prj_bolt_impact_snow
a86ff12fdd7a4c1,prj_bolt_impact_teddybear
4e8716e5c743de8a,prj_bolt_impact_vase
49acca6d44b55252,prj_bolt_impact_water
13cea7de83f5d892,prj_bolt_impact_wood
52ccd617a7f0ba1e,wpn_bolt_countdown
216fd3b0ebf2b395,wpn_dart_alert
664c7985804bfb89,wpn_doa_rpg_explode
6c0cf030ce61cf2a,wpn_trophy_alert
245a2fca85ceee11,zmb_army_robot
510599f75c399a74,zmb_army_skeleton
7725c8526c65a73c,zmb_cow_explode
25fc204efa30aae7,zmb_cow_explode_gold
727dd4a97aba65d2,zmb_cow_explode_moo
17b0d56bc479c2e1,zmb_cow_moo_lp
5f0e6394036c0f7d,zmb_cow_run_lp
17af5c19ade95c70,zmb_enemy_impact
6ac46f3d04cd0ef2,zmb_enemy_incoming
659473305f3c40ad,zmb_enemy_smokeman_crow
6cbdbea71582ca,zmb_enemy_smokeman_poof
f9fd6fc28067292,zmb_enemy_smokeman_wings
2983f8abda4f891c,zmb_exit_open
2461c685b2284513,zmb_exit_taken
2d14c551b6583431,zmb_fated_boost_activate
6435c0a231071c69,zmb_hazard_hit
2cc5e16af7f4d873,zmb_hazard_sizzle
542a2028e6d86ec4,zmb_hellhound_explode
3004f588bf60f0ec,zmb_hellhound_loop_breath
30cbb987c2ad8a5e,zmb_hellhound_loop_fire
3582f91eaa4126c3,zmb_margwa_head_explode
c9321e035f3d7ec,zmb_margwa_smash_impact
3ae6733777c68c36,zmb_margwa_whip_attack
6377585981ae56ba,zmb_monkeybomb_cym
26691f2d8c427b35,zmb_ragdoll_launched
2f033ba79713b9a4,zmb_simianaut_chest_hit
64bd79a89fbff815,zmb_simianaut_death
598a77527a76dff4,zmb_simianaut_groundpound
56cda1e999bd69d5,zmb_simianaut_roar
589fb0dec9f274f7,zmb_simianaut_step
505050e1fdc22e56,zmb_simianaut_vocal
6342ecc85e93306a,zmb_teleporter_loop
52f5091ac17c508b,zmb_teleporter_spawn
1b4decc0dac81cbb,zmb_teleporter_tele_out
5fd8bd096ade07e4,zmb_vocals_hellhound_death
577557bfb30885c0,zmb_vocals_margwa_ambient
a8dd17373c38a4b,zmb_vocals_margwa_attack_smash
65bb6f11e5b06e92,zmb_vocals_margwa_death
609ee05f38a82000,zmb_vocals_margwa_pain
6d95b6bda37039bf,zmb_vocals_margwa_spawn
58e985e7348b7436,zmb_vocals_margwa_swing
af863151cb7088a,zmb_vocals_skel_ambient
79e7504acc931582,zmb_vocals_skel_attack
3762946bbc520356,prj_spider_fire
323e7473954f09b8,prj_spider_impact
58ef288e3c43dbce,prj_spider_lp
3faa53827a0adff,zmb_spider_death
194076193c6e002f,zmb_spider_step_default
167b1ef5dfd5426,zmb_spider_vocals_jump
66782b0925940ee6,zmb_spider_vocals_melee
8abeeabd2aa2c9c,amb_wind_exterior_2d
24341b2153efa720,dst_dest_glo_fire_extinguisher_d0
5290e69e5616b714,dst_dest_glo_paper_01_d0
9c60a4b93776bb,dst_dest_glo_paper_02_d0
4b9c2475d7229c61,dst_dest_glo_paper_04_d0
69f9f3e122dbb898,dst_dest_jun_typewriter_d0
1ff8bec27dfc1b70,dst_fern
5977d1f5f8457ae5,dst_fire_extinguisher
2fc9b1cdafb1c5db,dst_foodstand
6abe483482efa584,dst_generic_glass_crack
5f07c850bd480725,dst_generic_glass_large
6c5be5a0764e1e3c,dst_generic_glass_med
79e7070c3130f4a9,dst_generic_glass_small
501eff91f639c23e,dst_glass_pane
7b03a9cee3b85887,dst_glass_radar_pane_break
1358357952f89d8d,dst_glass_radar_pane_hit
29c72ae111177d1d,dst_paper
344ec28fee2dea4c,dst_rock_large
38c96854fb0017e,dst_typewriter
55f0be338a674cfc,dst_wood
37496dda9e94286e,evt_door_kick
262b0dd4ca203c2f,pfx_quad_spark_blue_loop
3ec9fa408c99115a,amb_random_distant_thunder_roll
a5221805986d8df,amb_tree_creak
24661aadaf57a06b,amb_water_bubbles
30b21b84dab56297,amb_water_drip
53215808d59b5bd0,fly_dart_first_raise_npc
29ccf30906b58231,fly_dart_first_raise_plr
3c518c804eeb530b,fly_dart_put_away_npc
12fe258080072906,fly_dart_put_away_plr
29cfc90b73887661,fly_dart_raise_npc
244df60bb9435f68,fly_dart_raise_plr
22fb2cef633fec18,mus_intro_intro
2ae5a87884deaf5d,pfx_snow_fall_ledge
5dfd4690ebab105c,pfx_snow_impact
530d7b1641702292,veh_dart_close_explo
50ff04c70e7a5f41,veh_dart_decay
36798f1cfbcaec95,veh_dart_explo
7aee921b1b088058,veh_dart_gibbed
32b8620451d1eedb,veh_dart_ground_death
136dc2033ae7075f,veh_dart_ground_imp
1254575647c0d4e5,veh_dart_ground_imp_layer
602903024ed9216f,veh_dart_ground_imp_water
74e5f039cd6f152,veh_dart_lfe
c77575655235ebb,veh_dart_moving
28e17bca28ae00d0,veh_dart_moving_close
5e121403ce05d5c2,veh_dart_vox
60792ec6f5dce9c,veh_dart_wall_imp
4fa13c3afb63c7b6,veh_dart_wall_imp_spark
4676d4369bb15b85,wpn_dart_pullback_npc
6fe549366aac650c,wpn_dart_pullback_plr
4e1e5837ee653283,wpn_dart_throw_npc
1b426137d1e6d45e,wpn_dart_throw_plr
3520878f2c6eace4,wpn_semtex_alert
3e5a4dbc35d1e68a,fly_step_branches_npc
3934bdfeb261556c,fly_step_broken_glass_npc
354a10fe1f24ce2d,fly_step_broken_glass_plr
4049cea29ca612c,fly_step_cardboard_npc
1aefe9968f8ced,fly_step_cardboard_plr
74aeeb59d94a469d,fly_step_foliage_npc
1495d0595aaccf04,fly_step_foliage_plr
5b5d0e67c121d845,fly_step_grate_npc
4cb8367901ce1cc,fly_step_grate_plr
633ce1c4d50c2315,fly_step_gravel_npc
54600f7468958ce3,fly_step_gravel_oneshots_npc
218518744c18e1be,fly_step_gravel_oneshots_plr
224856c54164e3bc,fly_step_gravel_plr
487be9ed2cd7cdc8,fly_step_paper_npc
160dd4ed10b7c189,fly_step_paper_plr
223da4e8f443df4b,fly_step_twig_npc
78ea3de9255fb546,fly_step_twig_plr
719f8422f355ac58,fly_step_twigs_npc
54ccaf2374905df9,fly_step_twigs_plr
18ced42f79f0d264,fly_step_wood_creak_npc
2490540890082fde,fly_step_wood_pallet_npc
12de030885e70363,fly_step_wood_pallet_plr
3e65fd5b6012894a,fly_step_wood_stairs_npc
67ba645b2ef8664f,fly_step_wood_stairs_plr
3fd2219d3df800dd,wpn_tiger_tank_turret_fire_npc
678aae7502beca2c,wpn_tiger_tank_turret_fire_npc_decay
4f0ae32473d15434,wpn_tiger_tank_turret_fire_npc_swt
7c16ae3b9a48fe14,amb_metal_stress
10aa8a9227a27051,amb_siren
1c4c102504aad736,amb_water_pump
607768b3919d39d3,fly_boot_land_bot_npc
40abb1b41051c74e,fly_boot_land_bot_plr
777bdb901691621b,fly_boot_land_medium_bot_npc
37b2348fa9972376,fly_boot_land_medium_bot_plr
7ebe4294a85667be,fly_boot_land_rapid_bot_npc
6d0bf1949e353b43,fly_boot_land_rapid_bot_plr
17eae3df4f0fa2b0,fly_boot_land_soft_bot_npc
6e977edf802b7c11,fly_boot_land_soft_bot_plr
275f27b014837f01,fly_foot_bot_npc
21dc54b05a3cb508,fly_foot_bot_plr
77d542ea1ed5bc5e,fly_foot_bot_quiet_npc
5563f623849f6947,fly_foot_land_bot_npc
54740722f3ec2f02,fly_foot_land_bot_plr
31107211b9741ac0,fly_foot_land_bot_quiet_npc
341906e8d935553c,fly_foot_land_soft_bot_npc
45cb59e8e356851d,fly_foot_land_soft_bot_plr
590c79ec495c2e5b,fly_foot_land_soft_bot_quiet_npc
2f49359e56e14097,fly_foot_run_bot_npc
4168869e615f3ef2,fly_foot_run_bot_plr
f4aa190f320b1d0,fly_foot_run_bot_quiet_npc
62a6a6e13f651052,fly_foot_soft_bot_npc
1514bde15b851ff7,fly_foot_soft_bot_plr
4baee26caf018b85,fly_foot_soft_bot_quiet_npc
4e1cdf4219c06e1c,fly_foot_soft_run_bot_npc
5fce324223dfeafd,fly_foot_soft_run_bot_plr
c5bf700a82da6fb,fly_foot_soft_run_bot_quiet_npc
3fe35ce186b8ecd7,fly_foot_soft_sprint_bot_npc
5201ade191353832,fly_foot_soft_sprint_bot_plr
323105af92e47c10,fly_foot_soft_sprint_bot_quiet_npc
59bea0115fc03256,fly_foot_sprint_bot_npc
3e17bf1107a9b2db,fly_foot_sprint_bot_plr
313d51b3ba2d5cc9,fly_foot_sprint_bot_quiet_npc
141022ba0d78f5c9,fly_impact_land_bot_npc
1882dfbaa12931d0,fly_impact_land_bot_plr
77ef0908403f0499,fly_impact_land_medium_bot_npc
65ebc60835d998c0,fly_impact_land_medium_bot_plr
3b1dee0cd695a0ac,fly_impact_land_rapid_bot_npc
3734410c435acc6d,fly_impact_land_rapid_bot_plr
467757bf77968640,fly_land_bot_npc_asphalt
4dde917665fdadca,fly_land_bot_npc_asphalt_sec
767c47a65c072547,fly_land_bot_npc_bark
76f5d37fdd2633bd,fly_land_bot_npc_bark_sec
28cfaea5db997a0,fly_land_bot_npc_bodyarmor
2870934eb70e9576,fly_land_bot_npc_brick
3194396dea352cbc,fly_land_bot_npc_brick_sec
26bc8a0ffec106a6,fly_land_bot_npc_carpet
136c263c9e33db6c,fly_land_bot_npc_carpet_sec
3df211323c71df73,fly_land_bot_npc_ceramic
2f795c397946589,fly_land_bot_npc_ceramic_sec
4741cbfb90eedc9f,fly_land_bot_npc_cloth
52fa438875c56425,fly_land_bot_npc_cloth_sec
3214af274759f1ba,fly_land_bot_npc_concrete
3d9f5fb0f4d31290,fly_land_bot_npc_concrete_sec
5c5494bee8385e54,fly_land_bot_npc_cushion
370164466affc88e,fly_land_bot_npc_cushion_sec
6a4324b49ebc470a,fly_land_bot_npc_default
61cf6c77e97565a0,fly_land_bot_npc_default_sec
25356cb868ee6a74,fly_land_bot_npc_dirt
5d2a21e2805d086e,fly_land_bot_npc_dirt_sec
5c320dd278254ef1,fly_land_bot_npc_flesh
5cf7d00a17ec5d3b,fly_land_bot_npc_flesh_sec
3ed15cc63fd584ec,fly_land_bot_npc_foliage
1f6b88c7fbcbb56,fly_land_bot_npc_foliage_sec
616c76ccba2a1345,fly_land_bot_npc_fruit
3077969defdd0c1f,fly_land_bot_npc_fruit_sec
3a1bcc15bc8213f7,fly_land_bot_npc_glass
5157b85b7825d6d,fly_land_bot_npc_glass_sec
4ec6926bd66d43b7,fly_land_bot_npc_glassbulletproof
6e77353bf3c9810f,fly_land_bot_npc_glasscar
4ff9cf9fcb8626b1,fly_land_bot_npc_grass
154ec41406415fb,fly_land_bot_npc_grass_sec
170d7886ed937b4e,fly_land_bot_npc_gravel
2d52d44b78a0cbe4,fly_land_bot_npc_gravel_sec
70efacf883fd29c4,fly_land_bot_npc_ice
39bc03ead97db27e,fly_land_bot_npc_ice_sec
6baf8274eeb71428,fly_land_bot_npc_metal
1b58920931beca02,fly_land_bot_npc_metal_sec
4fe3e17995020426,fly_land_bot_npc_metalcar
7860e53eaf90aebd,fly_land_bot_npc_metalcatwalk
46b6cf028a8db4b3,fly_land_bot_npc_metalhollow
58d0d32750f6d22b,fly_land_bot_npc_metalthin
14fe55f898d00e9d,fly_land_bot_npc_mud
8a38e20784c5147,fly_land_bot_npc_mud_sec
5c156c2b4027120d,fly_land_bot_npc_paintedmetal
3ac130696dbda637,fly_land_bot_npc_paintedmetal_sec
24e5ffc8eb27027d,fly_land_bot_npc_paper
718496586152a4e7,fly_land_bot_npc_paper_sec
b484d5b7e24cf58,fly_land_bot_npc_plaster
41a712d72cb66f32,fly_land_bot_npc_plaster_sec
b1f565b7e01d98f,fly_land_bot_npc_plastic
521e94679d67c455,fly_land_bot_npc_plastic_sec
1a3e9d1ec86c2f30,fly_land_bot_npc_rock
2a9dc96da07794fa,fly_land_bot_npc_rock_sec
5323595edb644cef,fly_land_bot_npc_rubber
2cf0c0e0842d1e75,fly_land_bot_npc_rubber_sec
66f1e618ab3d3b67,fly_land_bot_npc_sand
353dc70d02611d9d,fly_land_bot_npc_sand_sec
6558701861ed20ee,fly_land_bot_npc_snow
5958405479e1fd44,fly_land_bot_npc_snow_sec
7487d53879b13fa0,fly_land_bot_npc_tallgrass
72e693abaa5d9534,fly_land_bot_npc_water
220b144132e5c42e,fly_land_bot_npc_water_sec
7f793013d5c9bf90,fly_land_bot_npc_watershallow
5fbd763b22bef5dc,fly_land_bot_npc_wood
75c3c71f4f090206,fly_land_bot_npc_wood_sec
33779f88a9dc6119,fly_land_bot_plr_asphalt
7686c4a18abe5a73,fly_land_bot_plr_asphalt_sec
1762ecef98ca47bc,fly_land_bot_plr_bark
62e75b098f1848a6,fly_land_bot_plr_bark_sec
6ed3d10c67616331,fly_land_bot_plr_bodyarmor
2f222bafc7f1652f,fly_land_bot_plr_brick
6b0b73f2489512b5,fly_land_bot_plr_brick_sec
134d6acb1630429,fly_land_bot_plr_carpet
6c0c78c6e27f3bc3,fly_land_bot_plr_carpet_sec
674369706bc7c65a,fly_land_bot_plr_ceramic
44d1aadb3946c670,fly_land_bot_plr_ceramic_sec
2119f2cab1ba314e,fly_land_bot_plr_cloth
7b9825e1ae35e1e4,fly_land_bot_plr_cloth_sec
1c22812da305496d,fly_land_bot_plr_concrete
33a4accdff8e5957,fly_land_bot_plr_concrete_sec
44f3266ccf0ff335,fly_land_bot_plr_cushion
83e4f1583a20b0f,fly_land_bot_plr_cushion_sec
e76b375042dcd6b,fly_land_bot_plr_default
6573f46317350cf1,fly_land_bot_plr_default_sec
72683bddd9aa968b,fly_land_bot_plr_dirt
4bb1a01e5fcda251,fly_land_bot_plr_dirt_sec
f6217a6542542d8,fly_land_bot_plr_flesh
52d1ad47a149dab2,fly_land_bot_plr_flesh_sec
421cf151b7443281,fly_land_bot_plr_foliage
3b71910449a6f7cb,fly_land_bot_plr_foliage_sec
1a6d57d6d10469ac,fly_land_bot_plr_fruit
55d71143af58fa16,fly_land_bot_plr_fruit_sec
58befbbc87898b12,fly_land_bot_plr_glass
4150cdfe82421038,fly_land_bot_plr_glass_sec
2fbd99b25337f958,fly_land_bot_plr_glassbulletproof
b6f3bb39944499c,fly_land_bot_plr_glasscar
180af6c26c1caf44,fly_land_bot_plr_grass
52d6e71e1ce24ffe,fly_land_bot_plr_grass_sec
4b78cd5d9bc1a149,fly_land_bot_plr_gravel
1dd952499a128023,fly_land_bot_plr_gravel_sec
19de655accd8316d,fly_land_bot_plr_ice
627fd7b39a63c157,fly_land_bot_plr_ice_sec
3f0f0d17940e9335,fly_land_bot_plr_metal
4a6eb0f1355aab0f,fly_land_bot_plr_metal_sec
31a2411aa6e4b891,fly_land_bot_plr_metalcar
66d8d1022e6e8a52,fly_land_bot_plr_metalcatwalk
307e8a165af3feee,fly_land_bot_plr_metalhollow
3302d98321a3f82,fly_land_bot_plr_metalthin
75559c5ab79db9f8,fly_land_bot_plr_mud
663d19771459b592,fly_land_bot_plr_mud_sec
6787780e20af0fe,fly_land_bot_plr_paintedmetal
2d525a23727026d4,fly_land_bot_plr_paintedmetal_sec
54258606b1d7b4e8,fly_land_bot_plr_paper
15af0078e799f3c2,fly_land_bot_plr_paper_sec
608d23074200cdc1,fly_land_bot_plr_plaster
3b9df5c0746f8e0b,fly_land_bot_plr_plaster_sec
60b61a074223c38a,fly_land_bot_plr_plastic
29f78c863d00ea20,fly_land_bot_plr_plastic_sec
172a7373920689cf,fly_land_bot_plr_rock
6541f3c3ba6d3795,fly_land_bot_plr_rock_sec
57c76f45cf26ca88,fly_land_bot_plr_rubber
3d66ca8e24fddda2,fly_land_bot_plr_rubber_sec
25e8727999f6b758,fly_land_bot_plr_sand
34a1bbb81cfad732,fly_land_bot_plr_sand_sec
365960795b125f79,fly_land_bot_plr_snow
ab791940d696f93,fly_land_bot_plr_snow_sec
5c4e085d2fa1bbcd,fly_land_bot_plr_tallgrass
70bfd22355742a21,fly_land_bot_plr_water
3f48720958a1722b,fly_land_bot_plr_water_sec
63fc7c163ce303a7,fly_land_bot_plr_watershallow
525f465ae70c94af,fly_land_bot_plr_wood
61e1484cb35cfa35,fly_land_bot_plr_wood_sec
623b904bc20d8798,fly_land_damage_bot_npc
4203bb4c4066c339,fly_land_damage_bot_plr
415dea14c4bf1374,fly_land_imp_med_bot_npc_asphalt
43b0fa460772a023,fly_land_imp_med_bot_npc_bark
42f67344db249d04,fly_land_imp_med_bot_npc_bodyarmor
24f0d49a64a7893a,fly_land_imp_med_bot_npc_brick
5f7daaeab4c0cb72,fly_land_imp_med_bot_npc_carpet
1a332e2ca34339b7,fly_land_imp_med_bot_npc_ceramic
6b4dbe6c6ebb05ab,fly_land_imp_med_bot_npc_cloth
420a0b7fd6060e3e,fly_land_imp_med_bot_npc_concrete
47a61922ee43b880,fly_land_imp_med_bot_npc_cushion
6aba3a3fb8f3d69e,fly_land_imp_med_bot_npc_default
1cf2a7169caa3c80,fly_land_imp_med_bot_npc_dirt
1fad8025b188f48d,fly_land_imp_med_bot_npc_flesh
5f08acb9f03a8,fly_land_imp_med_bot_npc_foliage
1b92cfd22d05f551,fly_land_imp_med_bot_npc_fruit
1c66945257e284eb,fly_land_imp_med_bot_npc_glass
725bc1ca75376dd3,fly_land_imp_med_bot_npc_glassbulletproof
741ae9ab2b9e0deb,fly_land_imp_med_bot_npc_glasscar
5b49f8a5b53725bd,fly_land_imp_med_bot_npc_grass
3c10d992de2ac7fa,fly_land_imp_med_bot_npc_gravel
69f3897e327c41e0,fly_land_imp_med_bot_npc_ice
6800bb444590065c,fly_land_imp_med_bot_npc_metal
9d669adfd52bc02,fly_land_imp_med_bot_npc_metalcar
2c343e9976320b11,fly_land_imp_med_bot_npc_metalcatwalk
993c4989c264e5f,fly_land_imp_med_bot_npc_metalhollow
6dd586e1e397f4ef,fly_land_imp_med_bot_npc_metalthin
46450a7e1dfbebe9,fly_land_imp_med_bot_npc_mud
230bc6d2696c669,fly_land_imp_med_bot_npc_paintedmetal
4143587a1f3d7a99,fly_land_imp_med_bot_npc_paper
338a4bcae03cebc4,fly_land_imp_med_bot_npc_plaster
337d44cae0325583,fly_land_imp_med_bot_npc_plastic
4cb518ca4e078574,fly_land_imp_med_bot_npc_rock
4abbc2865bfb2edb,fly_land_imp_med_bot_npc_rubber
32bd51c31cbdcb83,fly_land_imp_med_bot_npc_sand
1aab3c349b87a52,fly_land_imp_med_bot_npc_snow
19fc6536884f76d4,fly_land_imp_med_bot_npc_tallgrass
25ad34cda8259d10,fly_land_imp_med_bot_npc_water
1b2fbd20bb84af44,fly_land_imp_med_bot_npc_watershallow
19b519a093a775c8,fly_land_imp_med_bot_npc_wood
1790e03cb3b6595d,fly_land_imp_med_bot_plr_asphalt
57eb8af0c6f574d8,fly_land_imp_med_bot_plr_bark
6e5b14ea6a7e0645,fly_land_imp_med_bot_plr_bodyarmor
4fa4f2a4ed5c1fa3,fly_land_imp_med_bot_plr_brick
14606e57c235c5a5,fly_land_imp_med_bot_plr_carpet
212b6c80f164057e,fly_land_imp_med_bot_plr_ceramic
1d0aa17a3b9fdeea,fly_land_imp_med_bot_plr_cloth
74c0f1a112bb9681,fly_land_imp_med_bot_plr_concrete
49eb920ed083ee51,fly_land_imp_med_bot_plr_cushion
3bc78b1a83df451f,fly_land_imp_med_bot_plr_default
7fa72207f271df7,fly_land_imp_med_bot_plr_dirt
20d000345f389a34,fly_land_imp_med_bot_plr_flesh
3263141a40d7142d,fly_land_imp_med_bot_plr_foliage
43549822c936fac8,fly_land_imp_med_bot_plr_fruit
4e447288a1793456,fly_land_imp_med_bot_plr_glass
55429f5c2c26f4d4,fly_land_imp_med_bot_plr_glassbulletproof
980a9a90ea73648,fly_land_imp_med_bot_plr_glasscar
6123af63d5cd2420,fly_land_imp_med_bot_plr_grass
7620d3a459c26305,fly_land_imp_med_bot_plr_gravel
677dcda299064219,fly_land_imp_med_bot_plr_ice
4c94b46bab2631a9,fly_land_imp_med_bot_plr_metal
36e145f94d8e71ad,fly_land_imp_med_bot_plr_metalcar
764eaaa10b8194c6,fly_land_imp_med_bot_plr_metalcatwalk
3f2d3bde559748ca,fly_land_imp_med_bot_plr_metalhollow
1808893e8d3cc4b6,fly_land_imp_med_bot_plr_metalthin
bf97ca2ae360304,fly_land_imp_med_bot_plr_mud
608979caffc3e39a,fly_land_imp_med_bot_plr_paintedmetal
683f06a1b3935124,fly_land_imp_med_bot_plr_paper
145c491aff33589d,fly_land_imp_med_bot_plr_plaster
1433501aff105f6e,fly_land_imp_med_bot_plr_plastic
7c91c86ce2dcda03,fly_land_imp_med_bot_plr_rock
286d60b25b99724,fly_land_imp_med_bot_plr_rubber
65e63773af23f924,fly_land_imp_med_bot_plr_sand
46de0d73e68a85bd,fly_land_imp_med_bot_plr_snow
5e89c697b77b40e1,fly_land_imp_med_bot_plr_tallgrass
5b15240ff519ebdd,fly_land_imp_med_bot_plr_water
6e7569df98e4ce6b,fly_land_imp_med_bot_plr_watershallow
18d3d392502914cb,fly_land_imp_med_bot_plr_wood
54443a05f0055550,fly_land_imp_rapid_bot_npc_asphalt
460fc109499e6f7,fly_land_imp_rapid_bot_npc_bark
21d5a677294777b0,fly_land_imp_rapid_bot_npc_bodyarmor
3fbf72c1728bed46,fly_land_imp_rapid_bot_npc_brick
626a38b98564ee56,fly_land_imp_rapid_bot_npc_carpet
1c2d5fb9ef2e92c3,fly_land_imp_rapid_bot_npc_ceramic
8b0ec7a4d7e902f,fly_land_imp_rapid_bot_npc_cloth
4ac77febb6b6a58a,fly_land_imp_rapid_bot_npc_concrete
5938baaed8500904,fly_land_imp_rapid_bot_npc_cushion
32dae175fe4ffeba,fly_land_imp_rapid_bot_npc_default
99f411db982b784,fly_land_imp_rapid_bot_npc_dirt
74f5ee4ffc27c5c1,fly_land_imp_rapid_bot_npc_flesh
30ba52b3293571dc,fly_land_imp_rapid_bot_npc_foliage
62b2563ed7ee9515,fly_land_imp_rapid_bot_npc_fruit
29d6ca7c79173867,fly_land_imp_rapid_bot_npc_glass
192e75a4e18fdf07,fly_land_imp_rapid_bot_npc_glassbulletproof
79ba821d87581eff,fly_land_imp_rapid_bot_npc_glasscar
67ab8f1636185141,fly_land_imp_rapid_bot_npc_grass
6bd31ebe03948f5e,fly_land_imp_rapid_bot_npc_gravel
6840d12c8ba3eeb4,fly_land_imp_rapid_bot_npc_ice
6e6f40dff534cef8,fly_land_imp_rapid_bot_npc_metal
4ae7e5c408097ab6,fly_land_imp_rapid_bot_npc_metalcar
2745b603ae78ed,fly_land_imp_rapid_bot_npc_metalcatwalk
2b3b49dfafa89be3,fly_land_imp_rapid_bot_npc_metalhollow
3d20ac9cc4d9b61b,fly_land_imp_rapid_bot_npc_metalthin
cbb7a2ca0d1f26d,fly_land_imp_rapid_bot_npc_mud
4a7ef64ac1b9423d,fly_land_imp_rapid_bot_npc_paintedmetal
1933bf574997e28d,fly_land_imp_rapid_bot_npc_paper
7678a94a77cd8d88,fly_land_imp_rapid_bot_npc_plaster
764f924a77aa615f,fly_land_imp_rapid_bot_npc_plastic
29991293c9855620,fly_land_imp_rapid_bot_npc_rock
53e90c674b9ad95f,fly_land_imp_rapid_bot_npc_rubber
77245b8dad0ca017,fly_land_imp_rapid_bot_npc_sand
74b2058d6304cb3e,fly_land_imp_rapid_bot_npc_snow
382bf975d7bd1850,fly_land_imp_rapid_bot_npc_tallgrass
665a533a0814d184,fly_land_imp_rapid_bot_npc_water
41da4c1674d0b800,fly_land_imp_rapid_bot_npc_watershallow
6e482bac7466ae8c,fly_land_imp_rapid_bot_npc_wood
4b3cb247520a9d89,fly_land_imp_rapid_bot_plr_asphalt
799ea86f19fe64c,fly_land_imp_rapid_bot_plr_bark
62570fc567f365e1,fly_land_imp_rapid_bot_plr_bodyarmor
75db42cf1f62669f,fly_land_imp_rapid_bot_plr_brick
2260d510877523f9,fly_land_imp_rapid_bot_plr_carpet
7f82687b65b684a,fly_land_imp_rapid_bot_plr_ceramic
63955135788ae3be,fly_land_imp_rapid_bot_plr_cloth
5f3b161ecffccf5d,fly_land_imp_rapid_bot_plr_concrete
75b28c15bc75ed05,fly_land_imp_rapid_bot_plr_cushion
68ffcb99ac7b9b7b,fly_land_imp_rapid_bot_plr_default
629f597532806b7b,fly_land_imp_rapid_bot_plr_dirt
2392b8291af26dc8,fly_land_imp_rapid_bot_plr_flesh
412904bed15be5d1,fly_land_imp_rapid_bot_plr_foliage
1716b751e04d1d1c,fly_land_imp_rapid_bot_plr_fruit
17d47a274b774ae2,fly_land_imp_rapid_bot_plr_glass
47490f83b7a4e748,fly_land_imp_rapid_bot_plr_glassbulletproof
1b21adee035aef2c,fly_land_imp_rapid_bot_plr_glasscar
59033637f8eda634,fly_land_imp_rapid_bot_plr_grass
2b0921be3320cf9,fly_land_imp_rapid_bot_plr_gravel
681e7b61a14e7ffd,fly_land_imp_rapid_bot_plr_ice
148f4b86a4c81265,fly_land_imp_rapid_bot_plr_metal
60c8553eef500801,fly_land_imp_rapid_bot_plr_metalcar
43f5a62ea12d0da2,fly_land_imp_rapid_bot_plr_metalcatwalk
1082eadd6b0e50fe,fly_land_imp_rapid_bot_plr_metalhollow
b1c984a06cd67d2,fly_land_imp_rapid_bot_plr_metalthin
4402f2618c714728,fly_land_imp_rapid_bot_plr_mud
29abfbab63f8840e,fly_land_imp_rapid_bot_plr_paintedmetal
12f9ff2269331c98,fly_land_imp_rapid_bot_plr_paper
279b797a0bc6f191,fly_land_imp_rapid_bot_plr_plaster
27c4907a0bea1dba,fly_land_imp_rapid_bot_plr_plastic
5aaa30029656cb9f,fly_land_imp_rapid_bot_plr_rock
e54a308da111ed8,fly_land_imp_rapid_bot_plr_rubber
1579af09d9b7cba8,fly_land_imp_rapid_bot_plr_sand
25117d099a1b4ca9,fly_land_imp_rapid_bot_plr_snow
2e7dc41a86ced79d,fly_land_imp_rapid_bot_plr_tallgrass
32214b3f0efaca11,fly_land_imp_rapid_bot_plr_water
43f9412a40ba4d77,fly_land_imp_rapid_bot_plr_watershallow
41f142eb26ceef3f,fly_land_imp_rapid_bot_plr_wood
4659991c254dbf4f,fly_lstep_run_bot_npc_asphalt
5cfb271e84650f3a,fly_lstep_run_bot_npc_asphalt_swt
3ffe4bc682d147ee,fly_lstep_run_bot_npc_bark
257362008074ca97,fly_lstep_run_bot_npc_bodyarmor
75240cc0c9c42719,fly_lstep_run_bot_npc_brick
54c5a159d03a0a68,fly_lstep_run_bot_npc_brick_swt
39ea54aa9f056edf,fly_lstep_run_bot_npc_carpet
7c5aabf689f116e0,fly_lstep_run_bot_npc_ceramic
36e3bc7e5cb1f150,fly_lstep_run_bot_npc_cloth
46a89f51d4dbad27,fly_lstep_run_bot_npc_concrete
5cac06b16007987,fly_lstep_run_bot_npc_cushion
6063e1018bb045a9,fly_lstep_run_bot_npc_default
1ca60e971aec32ad,fly_lstep_run_bot_npc_dirt
6eed06ac71d1724a,fly_lstep_run_bot_npc_flesh
5a33ca8c25eacfe7,fly_lstep_run_bot_npc_foliage
1088f5f41e7d6b66,fly_lstep_run_bot_npc_fruit
c1c7cbf638e5ae8,fly_lstep_run_bot_npc_glass
67d86db73af96306,fly_lstep_run_bot_npc_glassbulletproof
6cbafc7c9db22be6,fly_lstep_run_bot_npc_glasscar
4b47e176cbdb50ee,fly_lstep_run_bot_npc_grass
5f6f17dc7386e0ab,fly_lstep_run_bot_npc_gravel
7f499ad9d25a26b,fly_lstep_run_bot_npc_ice
2ffae3e1b1aef1c7,fly_lstep_run_bot_npc_metal
55ebf6afdef713df,fly_lstep_run_bot_npc_metalcar
7abd985529bfc3e4,fly_lstep_run_bot_npc_metalcatwalk
4d711c2ac27f3b34,fly_lstep_run_bot_npc_metalhollow
83e5554be645fc0,fly_lstep_run_bot_npc_metalthin
6452f8ad88af9d0a,fly_lstep_run_bot_npc_mud
504c1cd8d5d669e8,fly_lstep_run_bot_npc_paintedmetal
40c4216a36c4d516,fly_lstep_run_bot_npc_paper
4015671217b4c10b,fly_lstep_run_bot_npc_plaster
40075e1217a87464,fly_lstep_run_bot_npc_plastic
6bd4ed43c4a40545,fly_lstep_run_bot_npc_rock
6762d74786ce9e2c,fly_lstep_run_bot_npc_rock_swt
6f614c4623605ed6,fly_lstep_run_bot_npc_rubber
50bbcc496d584926,fly_lstep_run_bot_npc_sand
e860a4990abd037,fly_lstep_run_bot_npc_snow
2dcc7604a2186e63,fly_lstep_run_bot_npc_water
7d6d154fb47016a1,fly_lstep_run_bot_npc_watershallow
13b40426cf7d2969,fly_lstep_run_bot_npc_wood
24571f3740357556,fly_lstep_sprint_bot_npc_asphalt
4085ab1c847d3e7b,fly_lstep_sprint_bot_npc_asphalt_swt
296ba392a21b96a1,fly_lstep_sprint_bot_npc_bark
6a6ada0bf4e4a3ce,fly_lstep_sprint_bot_npc_bodyarmor
14c2769b48e39108,fly_lstep_sprint_bot_npc_brick
58978922d2fc9c51,fly_lstep_sprint_bot_npc_brick_swt
45360d3ac7e3109c,fly_lstep_sprint_bot_npc_carpet
1542b4e760193581,fly_lstep_sprint_bot_npc_ceramic
de0e73dead48fc1,fly_lstep_sprint_bot_npc_cloth
24b999bbfbe94af4,fly_lstep_sprint_bot_npc_concrete
47528072ad76c98e,fly_lstep_sprint_bot_npc_cushion
1a8e3fbed683e118,fly_lstep_sprint_bot_npc_default
2debfc85cafaa16e,fly_lstep_sprint_bot_npc_dirt
17932d93ae064373,fly_lstep_sprint_bot_npc_flesh
50a0e1a39d43f39a,fly_lstep_sprint_bot_npc_foliage
13420e2997b40bd7,fly_lstep_sprint_bot_npc_fruit
6cb4ff3bbf376add,fly_lstep_sprint_bot_npc_glass
5637d1ceea20a1c5,fly_lstep_sprint_bot_npc_glassbulletproof
77580f4dff053729,fly_lstep_sprint_bot_npc_glasscar
2dd19ae861e2ca0b,fly_lstep_sprint_bot_npc_grass
243c1ede45dfa2a0,fly_lstep_sprint_bot_npc_gravel
4557eaff9f76afd2,fly_lstep_sprint_bot_npc_ice
502a205a74820aea,fly_lstep_sprint_bot_npc_metal
2abf00867e905a44,fly_lstep_sprint_bot_npc_metalcar
6d05a566feb39d27,fly_lstep_sprint_bot_npc_metalcatwalk
21b4b2e94f7c981,fly_lstep_sprint_bot_npc_metalhollow
6d85c036c7197a79,fly_lstep_sprint_bot_npc_metalthin
212e53ff8a8d21d7,fly_lstep_sprint_bot_npc_mud
7cf4d6a20fc03877,fly_lstep_sprint_bot_npc_paintedmetal
6ee4026aa523bb6b,fly_lstep_sprint_bot_npc_paper
6f3845d04eb8918a,fly_lstep_sprint_bot_npc_plaster
6f462ed04ec4a7d1,fly_lstep_sprint_bot_npc_plastic
fdab61a83df49de,fly_lstep_sprint_bot_npc_rock
303a1ad078d58b33,fly_lstep_sprint_bot_npc_rock_swt
5cafff6bc466fd4d,fly_lstep_sprint_bot_npc_rubber
1bc1ff0fba317715,fly_lstep_sprint_bot_npc_sand
4714b90fd2bc334c,fly_lstep_sprint_bot_npc_snow
7851863c691b87fe,fly_lstep_sprint_bot_npc_water
75933ac7ff4216da,fly_lstep_sprint_bot_npc_watershallow
5f82e2f0cbc184ee,fly_lstep_sprint_bot_npc_wood
6ad0ee8aeaf70713,fly_lstep_walk_bot_npc_asphalt
2badf7d063399c4a,fly_lstep_walk_bot_npc_bark
14fe1882b77bea9b,fly_lstep_walk_bot_npc_bodyarmor
25879c7ccc8daa0d,fly_lstep_walk_bot_npc_brick
fe6f918e2c5a86b,fly_lstep_walk_bot_npc_carpet
1bb59ca5e6c94ee4,fly_lstep_walk_bot_npc_ceramic
535ceb482d98e80c,fly_lstep_walk_bot_npc_cloth
41d54add9ec7323b,fly_lstep_walk_bot_npc_concrete
4e264a3413a4b053,fly_lstep_walk_bot_npc_cushion
7a4133e9fb3c8c6d,fly_lstep_walk_bot_npc_default
5115a2e222b61529,fly_lstep_walk_bot_npc_dirt
294f3d37defbc2e6,fly_lstep_walk_bot_npc_flesh
41f37893dfcff883,fly_lstep_walk_bot_npc_foliage
5d18a5448ccf74e2,fly_lstep_walk_bot_npc_fruit
2f2d65078c15997c,fly_lstep_walk_bot_npc_glass
d840bdcbabcd472,fly_lstep_walk_bot_npc_glassbulletproof
440227e9a7ace0a2,fly_lstep_walk_bot_npc_glasscar
6ec168717ba1207a,fly_lstep_walk_bot_npc_grass
2831bfd4fa08c187,fly_lstep_walk_bot_npc_gravel
6a1c6b391cc7c4b7,fly_lstep_walk_bot_npc_ice
1d1c91e941d32a5b,fly_lstep_walk_bot_npc_metal
2e0e145274d8c69b,fly_lstep_walk_bot_npc_metalcar
fa17356f7738538,fly_lstep_walk_bot_npc_metalcatwalk
56952dbce87399a0,fly_lstep_walk_bot_npc_metalhollow
240c3d01e0bab74,fly_lstep_walk_bot_npc_metalthin
dcb2239314879d6,fly_lstep_walk_bot_npc_mud
63ec9a76bb032574,fly_lstep_walk_bot_npc_paintedmetal
7d54201f70de0d12,fly_lstep_walk_bot_npc_paper
2a98c1d181e576a7,fly_lstep_walk_bot_npc_plaster
2aa6c8d181f1bfe8,fly_lstep_walk_bot_npc_plastic
6a67414c45f85e89,fly_lstep_walk_bot_npc_rock
5ec33604aa912522,fly_lstep_walk_bot_npc_rubber
3c86b0534dd7c462,fly_lstep_walk_bot_npc_sand
3242865347934cbb,fly_lstep_walk_bot_npc_snow
5afbc4e4702801f,fly_lstep_walk_bot_npc_water
3e5fc8a554925825,fly_lstep_walk_bot_npc_watershallow
1aa42075fdff7025,fly_lstep_walk_bot_npc_wood
5d99de7d817ec9c6,fly_muscle_bot_npc
58693d7dc77e5eeb,fly_muscle_bot_plr
4d4347f30d8e3ef9,fly_muscle_bot_quiet_npc
3f496ebbfcd3b1ca,fly_muscle_land_bot_npc
689dd5bbcbb98ecf,fly_muscle_land_bot_plr
688b8abf7ddfe4bd,fly_muscle_land_bot_quiet_npc
2af80fdefd4d838,fly_muscle_run_bot_npc
6276abfe6e2c60d9,fly_muscle_run_bot_plr
685180f526882b37,fly_muscle_run_bot_quiet_npc
73837a70b3debc0b,fly_muscle_sprint_bot_npc
4a301370e4fa9206,fly_muscle_sprint_bot_plr
583aceecb8e680b4,fly_muscle_sprint_bot_quiet_npc
612e0807b0c9a2c8,fly_qstep_run_bot_npc_asphalt
64fada4625c44911,fly_qstep_run_bot_npc_asphalt_swt
283930822f00a80f,fly_qstep_run_bot_npc_bark
22b389409515a268,fly_qstep_run_bot_npc_bodyarmor
19dec8d5e5449dde,fly_qstep_run_bot_npc_brick
556826ab70ea1f33,fly_qstep_run_bot_npc_brick_swt
52cbee99da5063de,fly_qstep_run_bot_npc_carpet
239b22f98cab4e9b,fly_qstep_run_bot_npc_ceramic
21da220b33222d97,fly_qstep_run_bot_npc_cloth
6b5efc6405b56c72,fly_qstep_run_bot_npc_concrete
76daf83866b685c,fly_qstep_run_bot_npc_cushion
700667a478b50842,fly_qstep_run_bot_npc_default
4d33b593ee200e7c,fly_qstep_run_bot_npc_dirt
170df3dd8021b879,fly_qstep_run_bot_npc_flesh
2a44ee5453379624,fly_qstep_run_bot_npc_foliage
1ec54b479957783d,fly_qstep_run_bot_npc_fruit
4c50a00dac242faf,fly_qstep_run_bot_npc_glass
ee219bb5cda64df,fly_qstep_run_bot_npc_glassbulletproof
6cc29754350bb557,fly_qstep_run_bot_npc_glasscar
3990841f950ac7f9,fly_qstep_run_bot_npc_grass
6c2e5aa59f093f6,fly_qstep_run_bot_npc_gravel
1bd54e84cf1eb07c,fly_qstep_run_bot_npc_ice
ca23677ecf7f1d0,fly_qstep_run_bot_npc_metal
31053fbb304c405e,fly_qstep_run_bot_npc_metalcar
33f21a9f1aa87275,fly_qstep_run_bot_npc_metalcatwalk
1edd08707f112c6b,fly_qstep_run_bot_npc_metalhollow
7da45395e399b283,fly_qstep_run_bot_npc_metalthin
3c7df784e10e6c55,fly_qstep_run_bot_npc_mud
2a9a0a860bfa0f85,fly_qstep_run_bot_npc_paintedmetal
c96b54fcb971585,fly_qstep_run_bot_npc_paper
5696647750baedf0,fly_qstep_run_bot_npc_plaster
56a36d7750c58797,fly_qstep_run_bot_npc_plastic
41d0f5fa4d42cf88,fly_qstep_run_bot_npc_rock
77734fe12f5502d1,fly_qstep_run_bot_npc_rock_swt
7114d58e36f17a87,fly_qstep_run_bot_npc_rubber
6fcc7ef3457a23cf,fly_qstep_run_bot_npc_sand
778498f34994fb06,fly_qstep_run_bot_npc_snow
6fc5693327cb5ddc,fly_qstep_run_bot_npc_water
697b08ef1f0b2c8,fly_qstep_run_bot_npc_watershallow
1a28ff1742992434,fly_qstep_run_bot_npc_wood
7e42abd6d2d05561,fly_qstep_run_bot_plr_asphalt
60cad231f09533e0,fly_qstep_run_bot_plr_asphalt_swt
275b1255a9917884,fly_qstep_run_bot_plr_bark
64dd1369daf1a879,fly_qstep_run_bot_plr_bodyarmor
65523f11fbbdadd7,fly_qstep_run_bot_plr_brick
6ee7a3e115c32252,fly_qstep_run_bot_plr_brick_swt
fff711e064e5501,fly_qstep_run_bot_plr_carpet
5d25a33720595922,fly_qstep_run_bot_plr_ceramic
7b002dfb41bba446,fly_qstep_run_bot_plr_cloth
6ddea559e2e80fc5,fly_qstep_run_bot_plr_concrete
76e4183d4f74661d,fly_qstep_run_bot_plr_cushion
5e22f086623b25c3,fly_qstep_run_bot_plr_default
221ce14884a8c9f3,fly_qstep_run_bot_plr_dirt
3099e3e77d47f060,fly_qstep_run_bot_plr_flesh
23a912687f74e7b9,fly_qstep_run_bot_plr_foliage
7b8c349b86568f04,fly_qstep_run_bot_plr_fruit
507bd7f8c8ada8ca,fly_qstep_run_bot_plr_glass
c0db8520716b4e0,fly_qstep_run_bot_plr_glassbulletproof
77a580a02e2ff0a4,fly_qstep_run_bot_plr_glasscar
6729938687231c2c,fly_qstep_run_bot_plr_grass
43c4269788666e71,fly_qstep_run_bot_plr_gravel
57ca52e21658d8e5,fly_qstep_run_bot_plr_ice
2870a94c75a854fd,fly_qstep_run_bot_plr_metal
6cc281066ce478c9,fly_qstep_run_bot_plr_metalcar
2d0aa70a1b93cca,fly_qstep_run_bot_plr_metalcatwalk
95c001100c6fe06,fly_qstep_run_bot_plr_metalhollow
6f77c33d035ad53a,fly_qstep_run_bot_plr_metalthin
3714c9e2045ec910,fly_qstep_run_bot_plr_mud
1f8155cde59f1ed6,fly_qstep_run_bot_plr_paintedmetal
63843b645ac8cf70,fly_qstep_run_bot_plr_paper
7ae386583ed31039,fly_qstep_run_bot_plr_plaster
7ad57d583ec6c392,fly_qstep_run_bot_plr_plastic
6b507d19e382a07,fly_qstep_run_bot_plr_rock
5da8c38866aa9982,fly_qstep_run_bot_plr_rock_swt
53f11e0a59a32ae0,fly_qstep_run_bot_plr_rubber
3496a6d8911cf800,fly_qstep_run_bot_plr_sand
4e5944d89fa3c831,fly_qstep_run_bot_plr_snow
1627a7819c1e5109,fly_qstep_run_bot_plr_water
7302215abc62839f,fly_qstep_run_bot_plr_watershallow
57bd0ab990c9cd07,fly_qstep_run_bot_plr_wood
74447de54a33a273,fly_qstep_sprint_bot_npc_asphalt
20da2e80c5ea216,fly_qstep_sprint_bot_npc_asphalt_swt
496a42f84a79fc2a,fly_qstep_sprint_bot_npc_bark
794fc46a9e040dfb,fly_qstep_sprint_bot_npc_bodyarmor
6cdb714abef1006d,fly_qstep_sprint_bot_npc_brick
2e36c612cd416184,fly_qstep_sprint_bot_npc_brick_swt
7466088e6f429b4b,fly_qstep_sprint_bot_npc_carpet
5fe1ce9504d54e44,fly_qstep_sprint_bot_npc_ceramic
7689b7bb0241026c,fly_qstep_sprint_bot_npc_cloth
460e193dd09fef1b,fly_qstep_sprint_bot_npc_concrete
3be0aef6b6d5f0b3,fly_qstep_sprint_bot_npc_cushion
3b4c3445a7927cd,fly_qstep_sprint_bot_npc_default
6ed1ee0a09f67509,fly_qstep_sprint_bot_npc_dirt
43c21200e67d4546,fly_qstep_sprint_bot_npc_flesh
4612104474c771e3,fly_qstep_sprint_bot_npc_foliage
246c7a127f32cb42,fly_qstep_sprint_bot_npc_fruit
731b39d57b95c6dc,fly_qstep_sprint_bot_npc_glass
5c5582ecee606452,fly_qstep_sprint_bot_npc_glassbulletproof
ffa5e797ba95182,fly_qstep_sprint_bot_npc_glasscar
36153d3f6e0476da,fly_qstep_sprint_bot_npc_grass
3efaf9c7d8d4f367,fly_qstep_sprint_bot_npc_gravel
6cd58f83f1c18217,fly_qstep_sprint_bot_npc_ice
40495e5c167b44bb,fly_qstep_sprint_bot_npc_metal
4008b81fd2a4d37b,fly_qstep_sprint_bot_npc_metalcar
6cb26c2eb91fcf18,fly_qstep_sprint_bot_npc_metalcatwalk
3b4056a5931a3300,fly_qstep_sprint_bot_npc_metalhollow
5b3239c67fc5f8d4,fly_qstep_sprint_bot_npc_metalthin
d1f46840360c136,fly_qstep_sprint_bot_npc_mud
52beb5f1de5c3b54,fly_qstep_sprint_bot_npc_paintedmetal
1b2cf4e87b42b872,fly_qstep_sprint_bot_npc_paper
2b52598213fb7a07,fly_qstep_sprint_bot_npc_plaster
2b5f608214061048,fly_qstep_sprint_bot_npc_plastic
4bd8c742a559569,fly_qstep_sprint_bot_npc_rock
7cfbf96a88a79a78,fly_qstep_sprint_bot_npc_rock_swt
7ae067a153a0c602,fly_qstep_sprint_bot_npc_rubber
5a42fb7b35182442,fly_qstep_sprint_bot_npc_sand
4ffed17b2ed3ac9b,fly_qstep_sprint_bot_npc_snow
238791175165787f,fly_qstep_sprint_bot_npc_water
2361eb0240c46e05,fly_qstep_sprint_bot_npc_watershallow
38606b9de53fd005,fly_qstep_sprint_bot_npc_wood
391412a93a276df6,fly_qstep_sprint_bot_plr_asphalt
2cf70fd83cf972db,fly_qstep_sprint_bot_plr_asphalt_swt
1a7873078038c5c1,fly_qstep_sprint_bot_plr_bark
31b18fc86078346e,fly_qstep_sprint_bot_plr_bodyarmor
4e1bda30b75d60a8,fly_qstep_sprint_bot_plr_brick
5fc6f5e0ce68bbb1,fly_qstep_sprint_bot_plr_brick_swt
bc07151fe9aa5bc,fly_qstep_sprint_bot_plr_carpet
32b9a0032731c621,fly_qstep_sprint_bot_plr_ceramic
4928427d20aea561,fly_qstep_sprint_bot_plr_cloth
2a3471942ceb6214,fly_qstep_sprint_bot_plr_concrete
61636b8e71ac312e,fly_qstep_sprint_bot_plr_cushion
e8b2ad5b59f79b8,fly_qstep_sprint_bot_plr_default
757dcbf5c119258e,fly_qstep_sprint_bot_plr_dirt
295f88cdfbe1ae13,fly_qstep_sprint_bot_plr_flesh
4136ccba797ab03a,fly_qstep_sprint_bot_plr_foliage
250e6963e58f7677,fly_qstep_sprint_bot_plr_fruit
22a862d12ace117d,fly_qstep_sprint_bot_plr_glass
4694cabcde88bce5,fly_qstep_sprint_bot_plr_glassbulletproof
65b2a465f5a06249,fly_qstep_sprint_bot_plr_glasscar
63c4fe7dcd7970ab,fly_qstep_sprint_bot_plr_grass
6774b5c416dc57c0,fly_qstep_sprint_bot_plr_gravel
3d60048f79c51872,fly_qstep_sprint_bot_plr_ice
b717b99aa5c208a,fly_qstep_sprint_bot_plr_metal
70190b5189575564,fly_qstep_sprint_bot_plr_metalcar
40e8c8ca2f4b5447,fly_qstep_sprint_bot_plr_metalcatwalk
7bcad575639cc921,fly_qstep_sprint_bot_plr_metalhollow
35fbf73eff347019,fly_qstep_sprint_bot_plr_metalthin
19366d8f64db8a77,fly_qstep_sprint_bot_plr_mud
53e77486521f5c97,fly_qstep_sprint_bot_plr_paintedmetal
b05da4f2ff260b,fly_qstep_sprint_bot_plr_paper
3f5394248aa8a2a,fly_qstep_sprint_bot_plr_plaster
403224248b6a071,fly_qstep_sprint_bot_plr_plastic
5406858a771aa4fe,fly_qstep_sprint_bot_plr_rock
ad0f4c0acb88a13,fly_qstep_sprint_bot_plr_rock_swt
7659637e103cbe6d,fly_qstep_sprint_bot_plr_rubber
969ce84956d3035,fly_qstep_sprint_bot_plr_sand
34bc8884adf7ec6c,fly_qstep_sprint_bot_plr_snow
a1ee176b6f8a59e,fly_qstep_sprint_bot_plr_water
4bfd63b7b9e379fa,fly_qstep_sprint_bot_plr_watershallow
23aeb260befce00e,fly_qstep_sprint_bot_plr_wood
7d4792a00ec268be,fly_qstep_walk_bot_npc_asphalt
2789655d20a1f209,fly_qstep_walk_bot_npc_bark
838baf72d206f76,fly_qstep_walk_bot_npc_bodyarmor
5effc9affa50a3f0,fly_qstep_walk_bot_npc_brick
57101662cdcafa94,fly_qstep_walk_bot_npc_carpet
3713207ad04dd249,fly_qstep_walk_bot_npc_ceramic
672f1783bb6f219,fly_qstep_walk_bot_npc_cloth
516eb9672192318c,fly_qstep_walk_bot_npc_concrete
275e3b7ee126e976,fly_qstep_walk_bot_npc_cushion
87e53ec243b0870,fly_qstep_walk_bot_npc_default
756a1e4b10d74a16,fly_qstep_walk_bot_npc_dirt
309228d6037d267b,fly_qstep_walk_bot_npc_flesh
5000a080717e5f72,fly_qstep_walk_bot_npc_foliage
2b57b7dbc178548f,fly_qstep_walk_bot_npc_fruit
2c1490bff6fcc6d5,fly_qstep_walk_bot_npc_glass
3ce0302ed61f240d,fly_qstep_walk_bot_npc_glassbulletproof
47a4a27aede112b1,fly_qstep_walk_bot_npc_glasscar
3ff04cf0c0d94273,fly_qstep_walk_bot_npc_grass
65b65b17a366b408,fly_qstep_walk_bot_npc_gravel
152970ded55166aa,fly_qstep_walk_bot_npc_ice
183ad402f3129f72,fly_qstep_walk_bot_npc_metal
63785e6ea281807c,fly_qstep_walk_bot_npc_metalcar
2d7e69f60b8ef03f,fly_qstep_walk_bot_npc_metalcatwalk
26b873fac415c739,fly_qstep_walk_bot_npc_metalhollow
49aea8a50da846b1,fly_qstep_walk_bot_npc_metalthin
74d2d9dec3a7d38f,fly_qstep_walk_bot_npc_mud
eb74702ac4cc5cf,fly_qstep_walk_bot_npc_paintedmetal
1d04cd248529f333,fly_qstep_walk_bot_npc_paper
10a0402a2ca22722,fly_qstep_walk_bot_npc_plaster
1077292a2c7efaf9,fly_qstep_walk_bot_npc_plastic
56ed07dfc9612536,fly_qstep_walk_bot_npc_rock
419ea8928e24a765,fly_qstep_walk_bot_npc_rubber
1643b0da35a6fedd,fly_qstep_walk_bot_npc_sand
38b1fada0123d1a4,fly_qstep_walk_bot_npc_snow
114430f5ac240a26,fly_qstep_walk_bot_npc_water
5cd504f0a8b0eb72,fly_qstep_walk_bot_npc_watershallow
3d4104b6af864606,fly_qstep_walk_bot_npc_wood
5daeb55e33b0c49b,fly_qstep_walk_bot_plr_asphalt
6d13003c71053f12,fly_qstep_walk_bot_plr_bark
233fe006eb4a5403,fly_qstep_walk_bot_plr_bodyarmor
596e94130517fa15,fly_qstep_walk_bot_plr_brick
aed94d768e42243,fly_qstep_walk_bot_plr_carpet
3f93c98057f47c0c,fly_qstep_walk_bot_plr_ceramic
3597c3615863e484,fly_qstep_walk_bot_plr_cloth
6f998b6e09b07673,fly_qstep_walk_bot_plr_concrete
46b6dbcd561df35b,fly_qstep_walk_bot_plr_cushion
6d4f960f034f5525,fly_qstep_walk_bot_plr_default
6f4d0b4d421dda31,fly_qstep_walk_bot_plr_dirt
7fe9e445f31dae0e,fly_qstep_walk_bot_plr_flesh
5786596f2087cffb,fly_qstep_walk_bot_plr_foliage
46fc3cdffd79165a,fly_qstep_walk_bot_plr_fruit
331bc194cc5aeb4,fly_qstep_walk_bot_plr_glass
4107acf57d20e17a,fly_qstep_walk_bot_plr_glassbulletproof
3961152e8b26852a,fly_qstep_walk_bot_plr_glasscar
420300089f4f5362,fly_qstep_walk_bot_plr_grass
4ed96da69b09934f,fly_qstep_walk_bot_plr_gravel
3355131819c3ec0f,fly_qstep_walk_bot_plr_ice
296022ad76c182c3,fly_qstep_walk_bot_plr_metal
3a208859b02acc73,fly_qstep_walk_bot_plr_metalcar
61bb31c4aa5db5b0,fly_qstep_walk_bot_plr_metalcatwalk
2534e11bd4fc7118,fly_qstep_walk_bot_plr_metalhollow
bb785263974e00c,fly_qstep_walk_bot_plr_metalthin
540aca182bbe4a0e,fly_qstep_walk_bot_plr_mud
61d1c8837dab4aec,fly_qstep_walk_bot_plr_paintedmetal
7d459f1c6b6f137a,fly_qstep_walk_bot_plr_paper
52f7c69761ea61f,fly_qstep_walk_bot_plr_plaster
506836975fbacf0,fly_qstep_walk_bot_plr_plastic
463cbac402033181,fly_qstep_walk_bot_plr_rock
583be4d7a8a4479a,fly_qstep_walk_bot_plr_rubber
78cb69ca1e90eeaa,fly_qstep_walk_bot_plr_sand
7b3dcfca6898deb3,fly_qstep_walk_bot_plr_snow
70721b4aa4941de7,fly_qstep_walk_bot_plr_water
7ce2b3b7f830cb9d,fly_qstep_walk_bot_plr_watershallow
793ba9edbc6172fd,fly_qstep_walk_bot_plr_wood
767777a124eba2,fly_servo_bot_npc
1d494e771fea3d67,fly_servo_bot_plr
1656a2ed2b1da655,fly_servo_bot_quiet_npc
2dec1a0842ee4cde,fly_servo_land_bot_npc
1c39c90838cd2063,fly_servo_land_bot_plr
4071331ecb70b151,fly_servo_land_bot_quiet_npc
25e280d040124acc,fly_servo_run_bot_npc
21f8d3cfacd7768d,fly_servo_run_bot_plr
77dc8f67ae43aa2b,fly_servo_run_bot_quiet_npc
309557da9c9b2627,fly_servo_sprint_bot_npc
2c3e68da09030fe2,fly_servo_sprint_bot_plr
5802d548909ade0,fly_servo_sprint_bot_quiet_npc
492151519ecd7c14,fly_step_crouch_run_bot_npc_asphalt
259e358b76cc5b43,fly_step_crouch_run_bot_npc_bark
3dd512d355309ba4,fly_step_crouch_run_bot_npc_bodyarmor
e426b9b821ebeda,fly_step_crouch_run_bot_npc_brick
7937a1d4b1325192,fly_step_crouch_run_bot_npc_carpet
6fad6aec2b041657,fly_step_crouch_run_bot_npc_ceramic
2b245568a433904b,fly_step_crouch_run_bot_npc_cloth
7f8ce03c9521235e,fly_step_crouch_run_bot_npc_concrete
1d2155e276064820,fly_step_crouch_run_bot_npc_cushion
3ae07f557671443e,fly_step_crouch_run_bot_npc_default
7ee0e25c0c05aaa0,fly_step_crouch_run_bot_npc_dirt
5a301f781cbe102d,fly_step_crouch_run_bot_npc_flesh
44428aba7c8f2748,fly_step_crouch_run_bot_npc_foliage
56156f24983b10f1,fly_step_crouch_run_bot_npc_fruit
5c3d2b4e8d5b0f8b,fly_step_crouch_run_bot_npc_glass
14d4629e371152f3,fly_step_crouch_run_bot_npc_glassbulletproof
1d278323c053300b,fly_step_crouch_run_bot_npc_glasscar
1b208fa1eaafb05d,fly_step_crouch_run_bot_npc_grass
2e3ec821b9ff9c1a,fly_step_crouch_run_bot_npc_gravel
3cfe5cae9d42ca80,fly_step_crouch_run_bot_npc_ice
22835a96b0c521fc,fly_step_crouch_run_bot_npc_metal
5be38d737ddc0e22,fly_step_crouch_run_bot_npc_metalcar
3dd0d8ca14c10931,fly_step_crouch_run_bot_npc_metalcatwalk
456ea03e178307ff,fly_step_crouch_run_bot_npc_metalhollow
cf62f8034ecbf8f,fly_step_crouch_run_bot_npc_metalthin
1cb5ddae8ba59d89,fly_step_crouch_run_bot_npc_mud
63182795e65ba789,fly_step_crouch_run_bot_npc_paintedmetal
2a95ef7b3cb66339,fly_step_crouch_run_bot_npc_paper
904888a67fdc864,fly_step_crouch_run_bot_npc_plaster
8f7818a67f33223,fly_step_crouch_run_bot_npc_plastic
581d5414a55feb94,fly_step_crouch_run_bot_npc_rock
6f31db928a1bdbfb,fly_step_crouch_run_bot_npc_rubber
18108d088efaafa3,fly_step_crouch_run_bot_npc_sand
6397ef08b9123572,fly_step_crouch_run_bot_npc_snow
6b4b379d72643d74,fly_step_crouch_run_bot_npc_tallgrass
602fd420135ab8b0,fly_step_crouch_run_bot_npc_water
2ccc57515a13ad64,fly_step_crouch_run_bot_npc_watershallow
288454eaede4b7e8,fly_step_crouch_run_bot_npc_wood
422322c897a5007d,fly_step_crouch_run_bot_plr_asphalt
5d13394dc4568f78,fly_step_crouch_run_bot_plr_bark
25d451afaac3165,fly_step_crouch_run_bot_plr_bodyarmor
732c9aa7795bf0c3,fly_step_crouch_run_bot_plr_brick
4a23fd8415ee7a45,fly_step_crouch_run_bot_plr_carpet
6222e1fac71a989e,fly_step_crouch_run_bot_plr_ceramic
64b951d7e55aec0a,fly_step_crouch_run_bot_plr_cloth
51b1cd1276449c21,fly_step_crouch_run_bot_plr_concrete
34713a5c2b5fc271,fly_step_crouch_run_bot_plr_cushion
551c2b1690fd333f,fly_step_crouch_run_bot_plr_default
369d20826486e397,fly_step_crouch_run_bot_plr_dirt
4269b08d23d82554,fly_step_crouch_run_bot_plr_flesh
76c089941970d04d,fly_step_crouch_run_bot_plr_foliage
6189487b8af50fe8,fly_step_crouch_run_bot_plr_fruit
71cc1a8b2d790576,fly_step_crouch_run_bot_plr_glass
531ffa3ae4728c0f,fly_step_crouch_run_bot_plr_glassbroken
10c079ace3a90374,fly_step_crouch_run_bot_plr_glassbulletproof
4eaf9d5d5d2e77e8,fly_step_crouch_run_bot_plr_glasscar
4ab576661ccf540,fly_step_crouch_run_bot_plr_grass
55742ff83d724fa5,fly_step_crouch_run_bot_plr_gravel
6a149cacd3d20939,fly_step_crouch_run_bot_plr_ice
701c5c6e372602c9,fly_step_crouch_run_bot_plr_metal
7c1039ad9c15b34d,fly_step_crouch_run_bot_plr_metalcar
6fcfe2bd88e59f66,fly_step_crouch_run_bot_plr_metalcatwalk
45e666767b622cea,fly_step_crouch_run_bot_plr_metalhollow
2aac049ffa2db1d6,fly_step_crouch_run_bot_plr_metalthin
b294bace61cee24,fly_step_crouch_run_bot_plr_mud
877c9150ec5d03a,fly_step_crouch_run_bot_plr_paintedmetal
2fedb6ff5d4e5e44,fly_step_crouch_run_bot_plr_paper
435e91224529bbd,fly_step_crouch_run_bot_plr_plaster
40cf012242fa28e,fly_step_crouch_run_bot_plr_plastic
1b976c9e03df4a3,fly_step_crouch_run_bot_plr_rock
b553263f1682ec4,fly_step_crouch_run_bot_plr_rubber
6b0de5d0ac8513c4,fly_step_crouch_run_bot_plr_sand
4c05bbd0e3eba05d,fly_step_crouch_run_bot_plr_snow
20116c7673d84401,fly_step_crouch_run_bot_plr_tallgrass
22c3d46d9ed4f8fd,fly_step_crouch_run_bot_plr_water
70096ac820a4650b,fly_step_crouch_run_bot_plr_watershallow
477781f4358a8d6b,fly_step_crouch_run_bot_plr_wood
7dc036bfa17fbbe2,fly_step_crouch_walk_bot_npc_asphalt
2317bb4d520efaa5,fly_step_crouch_walk_bot_npc_bark
16979063c30d99ba,fly_step_crouch_walk_bot_npc_bodyarmor
3ee43cd3f695f374,fly_step_crouch_walk_bot_npc_brick
3c575305c6e48a60,fly_step_crouch_walk_bot_npc_carpet
6f5a7e4307730eed,fly_step_crouch_walk_bot_npc_ceramic
6e5dd5bcce282375,fly_step_crouch_walk_bot_npc_cloth
80348cabb25d140,fly_step_crouch_walk_bot_npc_concrete
131ec1797d88db02,fly_step_crouch_walk_bot_npc_cushion
6aec11d27ec28bd4,fly_step_crouch_walk_bot_npc_default
53268c7d0a407e62,fly_step_crouch_walk_bot_npc_dirt
3b4cdc85fc17fd47,fly_step_crouch_walk_bot_npc_flesh
34827e627a7d34be,fly_step_crouch_walk_bot_npc_foliage
1d87455f66ad2eb,fly_step_crouch_walk_bot_npc_fruit
71efec6fc8b3a0a9,fly_step_crouch_walk_bot_npc_glass
36c913a2abac3be9,fly_step_crouch_walk_bot_npc_glassbulletproof
3e5a666882996ad,fly_step_crouch_walk_bot_npc_glasscar
5b4f496b1cade1ff,fly_step_crouch_walk_bot_npc_grass
1141b01d421ee54,fly_step_crouch_walk_bot_npc_gravel
42b34b7f558ebc6,fly_step_crouch_walk_bot_npc_ice
51f2ea73a8b45d6,fly_step_crouch_walk_bot_npc_metal
2a2b958d0595e6c8,fly_step_crouch_walk_bot_npc_metalcar
1c54b63e45147033,fly_step_crouch_walk_bot_npc_metalcatwalk
1477ece6041920b5,fly_step_crouch_walk_bot_npc_metalhollow
58fe74ffd1177df5,fly_step_crouch_walk_bot_npc_metalthin
27f5e5b809f2116b,fly_step_crouch_walk_bot_npc_mud
65302db35ff45fbb,fly_step_crouch_walk_bot_npc_paintedmetal
7dde4048823fae2f,fly_step_crouch_walk_bot_npc_paper
44d0ec3e9e80d11e,fly_step_crouch_walk_bot_npc_plaster
44c2e53e9e7487dd,fly_step_crouch_walk_bot_npc_plastic
241135d071fe774a,fly_step_crouch_walk_bot_npc_rock
612559f696dcdff1,fly_step_crouch_walk_bot_npc_rubber
15532eca6a0e3c29,fly_step_crouch_walk_bot_npc_sand
5bb40caa9aa84c8,fly_step_crouch_walk_bot_npc_snow
5111cdc0ab51078e,fly_step_crouch_walk_bot_npc_tallgrass
67dfe56fe12d42a2,fly_step_crouch_walk_bot_npc_water
1bd8a0d2f0b0a0d6,fly_step_crouch_walk_bot_npc_watershallow
68dc6ae91cf87a02,fly_step_crouch_walk_bot_npc_wood
5e1e57486ffb96ff,fly_step_crouch_walk_bot_plr_asphalt
10156e9200afadfe,fly_step_crouch_walk_bot_plr_bark
4f79c041904e81c7,fly_step_crouch_walk_bot_plr_bodyarmor
2daa1b7b0e66f009,fly_step_crouch_walk_bot_plr_brick
609bad299f8eaaef,fly_step_crouch_walk_bot_plr_carpet
402df25324cb6510,fly_step_crouch_walk_bot_plr_ceramic
72288a318b20cc80,fly_step_crouch_walk_bot_plr_cloth
74eab0afe63ed757,fly_step_crouch_walk_bot_plr_concrete
6ce59da505d4bd7,fly_step_crouch_walk_bot_plr_cushion
3cdd937fd363d979,fly_step_crouch_walk_bot_plr_default
1731115c755bbe5d,fly_step_crouch_walk_bot_plr_dirt
2963545bf0d0fefa,fly_step_crouch_walk_bot_plr_flesh
39b7d1eb4b63ec37,fly_step_crouch_walk_bot_plr_foliage
5f1804af00d90a56,fly_step_crouch_walk_bot_plr_fruit
74f0642f743fef38,fly_step_crouch_walk_bot_plr_glass
2d16fdf8c5a9fcf6,fly_step_crouch_walk_bot_plr_glassbulletproof
5819eb787da795f6,fly_step_crouch_walk_bot_plr_glasscar
323a07dc13ab611e,fly_step_crouch_walk_bot_plr_grass
1d6345f57a6ec75b,fly_step_crouch_walk_bot_plr_gravel
755b8ca088e356fb,fly_step_crouch_walk_bot_plr_ice
7e50d1957b523537,fly_step_crouch_walk_bot_plr_metal
5841cf385ffefa4f,fly_step_crouch_walk_bot_plr_metalcar
4ada4efdec325834,fly_step_crouch_walk_bot_plr_metalcatwalk
7e301d41cfc21304,fly_step_crouch_walk_bot_plr_metalhollow
5d08f43bfd041710,fly_step_crouch_walk_bot_plr_metalthin
54b3eba076f55bba,fly_step_crouch_walk_bot_plr_mud
46448022160ba7f8,fly_step_crouch_walk_bot_plr_paintedmetal
7c68104154be7106,fly_step_crouch_walk_bot_plr_paper
3b768962fa7b611b,fly_step_crouch_walk_bot_plr_plaster
3b68a062fa6f4ad4,fly_step_crouch_walk_bot_plr_plastic
115a111520df5a15,fly_step_crouch_walk_bot_plr_rock
2db4451d699b1466,fly_step_crouch_walk_bot_plr_rubber
1eed301c02228db6,fly_step_crouch_walk_bot_plr_sand
5bdd4e1c24bc3aa7,fly_step_crouch_walk_bot_plr_snow
60b1d9504f8e739f,fly_step_crouch_walk_bot_plr_tallgrass
118d6b19f518ebd3,fly_step_crouch_walk_bot_plr_water
657e7a324eadda71,fly_step_crouch_walk_bot_plr_watershallow
62b3e7fd13b6bc79,fly_step_crouch_walk_bot_plr_wood
28b2601f62608952,fly_step_prone_bot_npc_asphalt
1658e02ba595b135,fly_step_prone_bot_npc_bark
31d113a7483524e4,fly_step_prone_bot_npc_brick
253481b2e10cdcf0,fly_step_prone_bot_npc_carpet
45345d5bb0b896dd,fly_step_prone_bot_npc_ceramic
6675e53d53afffa5,fly_step_prone_bot_npc_cloth
2026f4e2d8014b70,fly_step_prone_bot_npc_concrete
536995d34a7a4212,fly_step_prone_bot_npc_cushion
5563e0c1a1a38f24,fly_step_prone_bot_npc_default
6f13d15c9655ee52,fly_step_prone_bot_npc_dirt
5d6f2499f5f09b7,fly_step_prone_bot_npc_flesh
3b234b361280854e,fly_step_prone_bot_npc_foliage
5ded8b24fae1731b,fly_step_prone_bot_npc_fruit
e2f244b6bf6ef39,fly_step_prone_bot_npc_glass
2455403985f37fef,fly_step_prone_bot_npc_grass
5b676bbeb5107b44,fly_step_prone_bot_npc_gravel
bded7575db2f616,fly_step_prone_bot_npc_ice
bc2268240722386,fly_step_prone_bot_npc_metal
3016885772a8ed9b,fly_step_prone_bot_npc_mud
68396a3be01cc84b,fly_step_prone_bot_npc_paintedmetal
6d6370c1fd582a1f,fly_step_prone_bot_npc_paper
5f3b55849199b2ee,fly_step_prone_bot_npc_plaster
5f2d6e84918da00d,fly_step_prone_bot_npc_plastic
15dd99a3fd007b9a,fly_step_prone_bot_npc_rock
973220986d9b641,fly_step_prone_bot_npc_rubber
5b0d129cb99dbaf9,fly_step_prone_bot_npc_sand
4e02449cfb657238,fly_step_prone_bot_npc_snow
68813d15cfff092,fly_step_prone_bot_npc_water
31fc4ebb6f6b21d2,fly_step_prone_bot_npc_wood
1a0c20df3acb0ccf,fly_step_prone_bot_plr_asphalt
285fd3ea0eeb306e,fly_step_prone_bot_plr_bark
40544747a83eb417,fly_step_prone_bot_plr_bodyarmor
6cc6e127d9ca3899,fly_step_prone_bot_plr_brick
9aabfcad9552b5f,fly_step_prone_bot_plr_carpet
500d33b99f6e6460,fly_step_prone_bot_plr_ceramic
2e8690e56cb802d0,fly_step_prone_bot_plr_cloth
7c52cfcf58c65da7,fly_step_prone_bot_plr_concrete
597d482e2b7dc707,fly_step_prone_bot_plr_cushion
341668c4a12d9329,fly_step_prone_bot_plr_default
50796baa7061b2d,fly_step_prone_bot_plr_dirt
668fdb1381d783ca,fly_step_prone_bot_plr_flesh
2de6524f3b681d67,fly_step_prone_bot_plr_foliage
82bca5b2e837ce6,fly_step_prone_bot_plr_fruit
3bf512673946c68,fly_step_prone_bot_plr_glass
2095fd86dabf2386,fly_step_prone_bot_plr_glassbulletproof
22652cfa219cdc66,fly_step_prone_bot_plr_glasscar
42eab5dddbe1626e,fly_step_prone_bot_plr_grass
2f2f82fcadd69d2b,fly_step_prone_bot_plr_gravel
2720da1ecead7eb,fly_step_prone_bot_plr_ice
279db848c1b50347,fly_step_prone_bot_plr_metal
b96272d62e1c45f,fly_step_prone_bot_plr_metalcar
3af7e72ec5cbbc64,fly_step_prone_bot_plr_metalcatwalk
db3c6bfee220b4,fly_step_prone_bot_plr_metalhollow
231f3a9be62e4940,fly_step_prone_bot_plr_metalthin
5ed06ca1d874d28a,fly_step_prone_bot_plr_mud
10866bb271e26268,fly_step_prone_bot_plr_paintedmetal
3866f5d146cae696,fly_step_prone_bot_plr_paper
13c7eed52d320e8b,fly_step_prone_bot_plr_plaster
13b9e5d52d25c1e4,fly_step_prone_bot_plr_plastic
5436756750bdedc5,fly_step_prone_bot_plr_rock
3f21b7665db01b56,fly_step_prone_bot_plr_rubber
391d546cf97231a6,fly_step_prone_bot_plr_sand
76e7926d1cc5b8b7,fly_step_prone_bot_plr_snow
1aa0e34c1be7b78f,fly_step_prone_bot_plr_tallgrass
256f4a6bb21e7fe3,fly_step_prone_bot_plr_water
3da76429507c0f21,fly_step_prone_bot_plr_watershallow
7c158c4a5b9711e9,fly_step_prone_bot_plr_wood
5972a2002214c3cd,fly_step_run_bot_npc_asphalt
4a4536ab9b067d24,fly_step_run_bot_npc_asphalt_swt
6a7dcb8cee516f28,fly_step_run_bot_npc_bark
2c5d6878511463f5,fly_step_run_bot_npc_bodyarmor
50656d03851813d3,fly_step_run_bot_npc_brick
c98c0a7ac1153b6,fly_step_run_bot_npc_brick_swt
3e253bc4db692fb5,fly_step_run_bot_npc_carpet
73b0236b51fb6cee,fly_step_run_bot_npc_ceramic
462e1ce881b464da,fly_step_run_bot_npc_cloth
6c49aa206d7987b1,fly_step_run_bot_npc_concrete
63c3a062a70243a1,fly_step_run_bot_npc_cushion
6d84497ff3c85aef,fly_step_run_bot_npc_default
4338d2bddf11d1a7,fly_step_run_bot_npc_dirt
72ea41e0db0d38a4,fly_step_run_bot_npc_flesh
3cf4679cc3b0367d,fly_step_run_bot_npc_foliage
530d1adbe1aef8b8,fly_step_run_bot_npc_fruit
7767cdf6e78d83e6,fly_step_run_bot_npc_glass
12afcbe04df06c04,fly_step_run_bot_npc_glassbulletproof
6dce836ad3eefb98,fly_step_run_bot_npc_glasscar
625049c26de46d90,fly_step_run_bot_npc_grass
ca0d260c9afb7f5,fly_step_run_bot_npc_gravel
72889f414481f0e9,fly_step_run_bot_npc_ice
c2e0fda8f502919,fly_step_run_bot_npc_metal
4402192a986ef05d,fly_step_run_bot_npc_metalcar
26f3a249c9e2e756,fly_step_run_bot_npc_metalcatwalk
707f6218257af59a,fly_step_run_bot_npc_metalhollow
44fed4f5ff74da46,fly_step_run_bot_npc_metalthin
16964e4159532cf4,fly_step_run_bot_npc_mud
a5e49bf611e1d2a,fly_step_run_bot_npc_paintedmetal
3ab769721ef0fd54,fly_step_run_bot_npc_paper
64770cccaa2b82ed,fly_step_run_bot_npc_plaster
644df3ccaa08535e,fly_step_run_bot_npc_plastic
38760a115bdc4e53,fly_step_run_bot_npc_rock
9cb157d88ac7636,fly_step_run_bot_npc_rock_swt
3c843d5d82c05f34,fly_step_run_bot_npc_rubber
2299791bd7939574,fly_step_run_bot_npc_sand
1052f1c0cd0666d,fly_step_run_bot_npc_snow
55384cd487a374d,fly_step_run_bot_npc_water
1bb7d63d2a801cfb,fly_step_run_bot_npc_watershallow
5588153a789a641b,fly_step_run_bot_npc_wood
6f04dd87d7cba39c,fly_step_run_bot_plr_asphalt
760ff5ae48c984ed,fly_step_run_bot_plr_asphalt_swt
5b81c3a43ca2f54b,fly_step_run_bot_plr_bark
4983f1a634e9dac,fly_step_run_bot_plr_bodyarmor
6d6c47b3608ab002,fly_step_run_bot_plr_brick
7b69975f60fe6e5f,fly_step_run_bot_plr_brick_swt
6d19a6e7cab6ae6a,fly_step_run_bot_plr_carpet
7cdb59c60d55391f,fly_step_run_bot_plr_ceramic
49c450fcf5e5f9e3,fly_step_run_bot_plr_cloth
74561ca1ab2852d6,fly_step_run_bot_plr_concrete
542954382e41c408,fly_step_run_bot_plr_cushion
1379dd3fdffe0ff6,fly_step_run_bot_plr_default
2b7310748471a488,fly_step_run_bot_plr_dirt
6d9caa015823cd95,fly_step_run_bot_plr_flesh
5e2b13323561b580,fly_step_run_bot_plr_foliage
5429ea3648e37d69,fly_step_run_bot_plr_fruit
6e2566e28ebf0ce3,fly_step_run_bot_plr_glass
56e619de61ed513b,fly_step_run_bot_plr_glassbulletproof
1c85418d309c1713,fly_step_run_bot_plr_glasscar
2d82ebbefee041e5,fly_step_run_bot_plr_grass
1ccbc58b093ebbc2,fly_step_run_bot_plr_gravel
1f045f6c1a78b18,fly_step_run_bot_plr_ice
4471cdca0e6bb4c4,fly_step_run_bot_plr_metal
355aeb491d816a3a,fly_step_run_bot_plr_metalcar
5898123fbb3693c9,fly_step_run_bot_plr_metalcatwalk
41d40dc134b0f4d7,fly_step_run_bot_plr_metalhollow
6b631a8ac938ef07,fly_step_run_bot_plr_metalthin
5d67c6f6ac6d9161,fly_step_run_bot_plr_mud
43b23f4495b26221,fly_step_run_bot_plr_paintedmetal
53bd842cf6d32dc1,fly_step_run_bot_plr_paper
73f26b9aeb15babc,fly_step_run_bot_plr_plaster
741b649aeb38b3eb,fly_step_run_bot_plr_plastic
5a8f51211cb9a4ec,fly_step_run_bot_plr_rock
41d53f35c49a57fd,fly_step_run_bot_plr_rock_swt
4eecefa9cb8be093,fly_step_run_bot_plr_rubber
4d182a1a3b8ede6b,fly_step_run_bot_plr_sand
f4e1c1a183ba8ea,fly_step_run_bot_plr_snow
1f6088d26b308f98,fly_step_run_bot_plr_water
7fae30ab4195589c,fly_step_run_bot_plr_watershallow
2a5241f764b241c0,fly_step_run_bot_plr_wood
30445064e0e5294,fly_step_sprint_bot_npc_asphalt
7d562e01ef639f15,fly_step_sprint_bot_npc_asphalt_swt
7b60a2c9429cdec3,fly_step_sprint_bot_npc_bark
1a7b0ab91c67624,fly_step_sprint_bot_npc_bodyarmor
18258b9cd56e315a,fly_step_sprint_bot_npc_brick
2003c5ff6e5114a7,fly_step_sprint_bot_npc_brick_swt
29905ea0da44ecd7,fly_step_sprint_bot_npc_ceramic
35077569f78302cb,fly_step_sprint_bot_npc_cloth
1d077c42604d9ede,fly_step_sprint_bot_npc_concrete
5704499725471ea0,fly_step_sprint_bot_npc_cushion
74c3730a25b21abe,fly_step_sprint_bot_npc_default
54a34f99d7d62e20,fly_step_sprint_bot_npc_dirt
64133f79700d82ad,fly_step_sprint_bot_npc_flesh
7e257e6f2bcffdc8,fly_step_sprint_bot_npc_foliage
5ff88f25eb8a8371,fly_step_sprint_bot_npc_fruit
66204b4fe0aa820b,fly_step_sprint_bot_npc_glass
9a56ef290003e73,fly_step_sprint_bot_npc_glassbulletproof
3aa21f298b7fab8b,fly_step_sprint_bot_npc_glasscar
2503afa33dff22dd,fly_step_sprint_bot_npc_grass
4aa0aa6249ff2b9a,fly_step_sprint_bot_npc_gravel
4ca7e5c2c3fb7900,fly_step_sprint_bot_npc_ice
2c667a980414947c,fly_step_sprint_bot_npc_metal
795e2979490889a2,fly_step_sprint_bot_npc_metalcar
11a956f96524fcb1,fly_step_sprint_bot_npc_metalcatwalk
64601ec46142867f,fly_step_sprint_bot_npc_metalhollow
50c8cd5871829a0f,fly_step_sprint_bot_npc_metalthin
2c5f66c2b25e4c09,fly_step_sprint_bot_npc_mud
36f0a5c536bf9b09,fly_step_sprint_bot_npc_paintedmetal
34790f7c9005d5b9,fly_step_sprint_bot_npc_paper
42e77c3f173e9ee4,fly_step_sprint_bot_npc_plaster
42da753f173408a3,fly_step_sprint_bot_npc_plastic
2ddfc15271306f14,fly_step_sprint_bot_npc_rock
1bb71e91c923c395,fly_step_sprint_bot_npc_rock_swt
b93bdd31a1b6b7b,fly_step_sprint_bot_npc_rubber
6dd2fa465acb3323,fly_step_sprint_bot_npc_sand
395a5c4684e2b8f2,fly_step_sprint_bot_npc_snow
6a12f42166aa2b30,fly_step_sprint_bot_npc_water
a4d580aa77a0e4,fly_step_sprint_bot_npc_watershallow
7e46c228b9b53b68,fly_step_sprint_bot_npc_wood
7c06167d46e5d6fd,fly_step_sprint_bot_plr_asphalt
3f728cc57b1e4b14,fly_step_sprint_bot_plr_asphalt_swt
32d5a68b902712f8,fly_step_sprint_bot_plr_bark
462fe2f337420be5,fly_step_sprint_bot_plr_bodyarmor
7d0fbaa8ccab6343,fly_step_sprint_bot_plr_brick
465fe6924f1a1126,fly_step_sprint_bot_plr_brick_swt
6685dfc4a5ee09c5,fly_step_sprint_bot_plr_carpet
1c05d5af765b6f1e,fly_step_sprint_bot_plr_ceramic
6e9c71d938aa5e8a,fly_step_sprint_bot_plr_cloth
6f2c6918417117a1,fly_step_sprint_bot_plr_concrete
6e542e10daa098f1,fly_step_sprint_bot_plr_cushion
eff1ecb403e09bf,fly_step_sprint_bot_plr_default
c5f8dc030576717,fly_step_sprint_bot_plr_dirt
4c4cd08e772797d4,fly_step_sprint_bot_plr_flesh
30a37d48c8b1a6cd,fly_step_sprint_bot_plr_foliage
6b6c687cde448268,fly_step_sprint_bot_plr_fruit
7baf3a8c80c877f6,fly_step_sprint_bot_plr_glass
59186013c97eef4,fly_step_sprint_bot_plr_glassbulletproof
6c2a3963285af368,fly_step_sprint_bot_plr_glasscar
e8e7767b51c67c0,fly_step_sprint_bot_plr_grass
71d61238cd71df25,fly_step_sprint_bot_plr_gravel
79be25c0fa8ab7b9,fly_step_sprint_bot_plr_ice
79ff7c6f8a757549,fly_step_sprint_bot_plr_metal
198ad5b367422ecd,fly_step_sprint_bot_plr_metalcar
43a860ecd94992e6,fly_step_sprint_bot_plr_metalcatwalk
64d7e4fcc521ab6a,fly_step_sprint_bot_plr_metalhollow
6e7ea27836c38c56,fly_step_sprint_bot_plr_metalthin
1ad2d4c10cd59ca4,fly_step_sprint_bot_plr_mud
5c5047445f29c3ba,fly_step_sprint_bot_plr_paintedmetal
39d0d700b09dd0c4,fly_step_sprint_bot_plr_paper
3e18dcc6d393723d,fly_step_sprint_bot_plr_plaster
3defe3c6d370790e,fly_step_sprint_bot_plr_plastic
577be407ac0e7823,fly_step_sprint_bot_plr_rock
3db1350c0c12cac6,fly_step_sprint_bot_plr_rock_swt
27b714a48167be44,fly_step_sprint_bot_plr_rubber
40d0530e78559744,fly_step_sprint_bot_plr_sand
21c8290eafbc23dd,fly_step_sprint_bot_plr_snow
2ca6f46ef2246b7d,fly_step_sprint_bot_plr_water
43e1e8f77108588b,fly_step_sprint_bot_plr_watershallow
1d39ef32015b10eb,fly_step_sprint_bot_plr_wood
286bfcb72646147d,fly_step_walk_bot_npc_asphalt
5c32b1619d29cb78,fly_step_walk_bot_npc_bark
1b1bd20acf346565,fly_step_walk_bot_npc_bodyarmor
48e1a460e84ae4c3,fly_step_walk_bot_npc_brick
5bb7839b95f71645,fly_step_walk_bot_npc_carpet
486bbbe955bbac9e,fly_step_walk_bot_npc_ceramic
3a6e5b915449e00a,fly_step_walk_bot_npc_cloth
40901d6ed1f99821,fly_step_walk_bot_npc_concrete
1aba144aba00d671,fly_step_walk_bot_npc_cushion
3b6505051f9e473f,fly_step_walk_bot_npc_default
35bc98963d5a1f97,fly_step_walk_bot_npc_dirt
181eba4692c71954,fly_step_walk_bot_npc_flesh
5d096382a811e44d,fly_step_walk_bot_npc_foliage
373e5234f9e403e8,fly_step_walk_bot_npc_fruit
478124449c67f976,fly_step_walk_bot_npc_glass
41b313e64ad57f74,fly_step_walk_bot_npc_glassbulletproof
3d8dedb9b8e373e8,fly_step_walk_bot_npc_glasscar
5a60611fd0bbe940,fly_step_walk_bot_npc_grass
6707b60fbd7aeba5,fly_step_walk_bot_npc_gravel
1deb00689b3bdd39,fly_step_walk_bot_npc_ice
45d16627a614f6c9,fly_step_walk_bot_npc_metal
6aee8a09f7caaf4d,fly_step_walk_bot_npc_metalcar
37a4e3868f785b66,fly_step_walk_bot_npc_metalcatwalk
2dfb4b64b34e80ea,fly_step_walk_bot_npc_metalhollow
436a918fceb5e5d6,fly_step_walk_bot_npc_metalthin
3effaf68ad86c224,fly_step_walk_bot_npc_mud
504cc9de15588c3a,fly_step_walk_bot_npc_paintedmetal
5a2c0b8cc3d5244,fly_step_walk_bot_npc_paper
6a7ec300b2f3afbd,fly_step_walk_bot_npc_plaster
6a55ca00b2d0b68e,fly_step_walk_bot_npc_plastic
d8eeddb91130a3,fly_step_walk_bot_npc_rock
1ce8b87b7170cac4,fly_step_walk_bot_npc_rubber
6a2d5de485584fc4,fly_step_walk_bot_npc_sand
4b2533e4bcbedc5d,fly_step_walk_bot_npc_snow
7878de270dc3ecfd,fly_step_walk_bot_npc_water
37de6b912737210b,fly_step_walk_bot_npc_watershallow
4696fa080e5dc96b,fly_step_walk_bot_npc_wood
733e9aa3b94030ac,fly_step_walk_bot_plr_asphalt
7dfb3001b0a9af3b,fly_step_walk_bot_plr_bark
68c662c0adcd5c3c,fly_step_walk_bot_plr_bodyarmor
708e7974215e1252,fly_step_walk_bot_plr_brick
3cbad90148a737da,fly_step_walk_bot_plr_carpet
3ed596a196d261af,fly_step_walk_bot_plr_ceramic
255281b1b7d0f273,fly_step_walk_bot_plr_cloth
732fe1425fb76626,fly_step_walk_bot_plr_concrete
5423f1540c1b00f8,fly_step_walk_bot_plr_cushion
5583f8f77a50afa6,fly_step_walk_bot_plr_default
25401cd0bfe93858,fly_step_walk_bot_plr_dirt
72349ccce17d9525,fly_step_walk_bot_plr_flesh
301eb10696048d70,fly_step_walk_bot_plr_foliage
43cf1bf66e278ef9,fly_step_walk_bot_plr_fruit
1eceb9af53897093,fly_step_walk_bot_plr_glass
43d3fead2634f10b,fly_step_walk_bot_plr_glassbulletproof
121e67c7d312efc3,fly_step_walk_bot_plr_glasscar
78cfd7e86c9cbf5,fly_step_walk_bot_plr_grass
505bdfefab8c952,fly_step_walk_bot_plr_gravel
5ca323872703d688,fly_step_walk_bot_plr_ice
a631e7e32f92c94,fly_step_walk_bot_plr_metal
6535916ab648bb8a,fly_step_walk_bot_plr_metalcar
7f2ff358771429f9,fly_step_walk_bot_plr_metalcatwalk
347ba3de16412a07,fly_step_walk_bot_plr_metalhollow
306fb4942a45f4f7,fly_step_walk_bot_plr_metalthin
38876487122641f1,fly_step_walk_bot_plr_mud
61d2ad4df06ec751,fly_step_walk_bot_plr_paintedmetal
58959c478cbdd0d1,fly_step_walk_bot_plr_paper
2bb7ef0ecb04576c,fly_step_walk_bot_plr_plaster
2be0080ecb25d3fb,fly_step_walk_bot_plr_plastic
7e7d7e895945111c,fly_step_walk_bot_plr_rock
990fb2d4ad0b383,fly_step_walk_bot_plr_rubber
7036977ec8a8dc5b,fly_step_walk_bot_plr_sand
3346697ea60f143a,fly_step_walk_bot_plr_snow
4db3a0f1e919dda8,fly_step_walk_bot_plr_water
128e97326ee5f80c,fly_step_walk_bot_plr_watershallow
4bb36f5f9f1275b0,fly_step_walk_bot_plr_wood
6e9c9cb76925089b,fly_weight_land_bot_npc
2ed2f5b6fc2ac9f6,fly_weight_land_bot_plr
7421a70f8b049813,fly_weight_land_medium_bot_npc
5455f01009b9258e,fly_weight_land_medium_bot_plr
605eea1a5425e206,fly_weight_land_rapid_bot_npc
57c7491a97409b2b,fly_weight_land_rapid_bot_plr
65337304c8c7b0cd,amb_gust_dry
10416cef85268a23,amb_metal_stress_deep
19f4b6a3981c76fd,amb_respirator
20919b5a2195c1e1,pfx_fire_line
e9b713d8b24cb77,pfx_water_spray
15940d474e05e1f1,amb_fluorescent_light
4bc4e4618f273dd1,amb_glass_crack
6e038ff9195ff968,amb_neon_sign
1458884b3fb6df9,amb_palm_tree
2904437d186593d,dst_palet_wood
537f76b3a76e3f9e,dst_server
25a264b901d17919,dst_server_glass
2f095673f11faa44,dst_server_power
16813c3c0ec367d,dst_xlight
57316d6f255aa0f,evt_door_kick_open
b80f87a42fee4d,mus_outro_intro
b2639d31d68b170,amb_air_blend
415f3b4666fd9759,amb_generator
4ab1b159b94b3dd3,amb_gust_rand_debris
5d71820dcc6e1151,amb_light_hum
1a32dfbfe1551c6c,amb_servers
1484326ad783ce67,amb_vending_machine
239be9e4c7abb938,amb_wind_gust
66bf4dbabf6ad256,amb_wind_left
e095e483463882b,amb_wind_right
4bb27c8e5ffba747,amb_wind_whistle
2d442334a4b6698b,amb_crow
2e76b1d86d940d02,amb_crow_flutter
723caeb0e6432fef,amb_crow_foliage
768b17a7d45823d5,amb_water_lapping
8a5c860317ec33a,aml_dog_attack_kill_player
4c37db042a332449,aml_dog_death
64f62dbd1bdf48f5,aml_dog_neckbreak
65fa24ab26a39bb9,aml_dog_pain
6fe206c074b4d654,aml_dog_run_gear
5bc9ef2f683bc0cf,aml_dog_run_gear_enemy
312b55b162fbb8e,aml_dog_run_gear_enemyteam
700a483c6f2c42e8,chr_melee_dog_hit
4218b15834df0b26,amb_gust_cold
293cda1c9ebecfd3,amb_metal_creak_light
66d3a62e34378295,amb_buoy
777121e5cd64435d,amb_computer
6cc14388a8167150,amb_rain_on_metal_debris
5a106659f69232b2,amb_rain_on_tarp
21d8b6581a91e44c,amb_thunder_roll
27dbff5069e7e449,amb_thunder_strike
63bcbf23c737f161,amb_water_lap
2261f31d1887eadc,amb_birds
6c10bed0feb2f7ee,amb_bridge_creak
478553850fcabf34,amb_distant_thunder
2ca0e2b09b7db5cd,amb_monkey
56472cc54dd78903,amb_mosquito
6eb76027082c6968,amb_toilet_loop
5bbc0710afc0dff6,amb_fire_medium
633b9532cf0da169,amb_flies
6a6347742f93b78,amb_gust_leaves
4dcde93700deaaea,amb_refrigerator
5fb0f9207a4ac1fb,amb_rope_creak
43fb20713e410a4d,amb_tv_static
254c42e154b40e23,fly_step_wreckage_npc
72704be13835affe,fly_step_wreckage_plr
5f4703a1c4ae8b1b,amb_metal_stress_light
40724dde49824cbd,amb_train_engine
78e2f009b6df4890,amb_cloth
40a808198ebe44e3,amb_door_wind
7815e8cf92df5b5b,amb_gust_grate
683fa9c204fffef2,amb_paper_rustle
c36768f32b12846,amb_song_birds
3525e9f6333b2c9a,amb_wind_edge
b258a3d47ed538c,amb_light_buzz
23e5cecc18c4100f,amb_wind_high_1
23e5cfcc18c411c2,amb_wind_high_2
e3f4e729217e70,fly_bump_barrel
3d67cbb26df49c64,fly_bump_cabinet
4ff60fe70fad2082,fly_bump_cardboard
4d03aca15be68283,fly_bump_cardboard_sm
1519e3326638cc63,fly_bump_container
77198e0d2cb17d98,fly_bump_cupboard
4b4560fa80837d55,fly_bump_desk
716f951c8cc4c681,fly_bump_generic_metal
4fce9427097656c3,fly_bump_glass_pane
7f4e46b0b7809020,fly_bump_locker
16cc2afcb04da8b2,fly_bump_plastic_bin
34186a2648d3bd3,fly_bump_potedplant
7ef1f2f4e7038740,fly_bump_shelf
368d93142ae0e4c7,fly_bump_solid_metal
3b311fcab9acde02,fly_bump_stretcher
7a01a2836b20e603,fly_bump_toolbox
1b27529a48455c01,fly_bump_wood
3adf657f35d564fa,fly_bump_wood_board
6805b50b94d2e391,amb_comp_beeps
7f77e358e7f4d431,amb_insects
4e4e46156d502308,amb_seagulls
66aea52e341864a5,amb_buzz
c4a4d3584e7ac22,amb_cable_creak
7f1d6a3cee8be42b,amb_cicada
242ffbf9582b7b14,amb_dank
7eede30e6e0cbe65,amb_occ_fan
79297e901efb1bd9,amb_radio_3
380616a41ce8d365,pfx_water_splash
51680c12f4cc8412,fly_bump_car
63e1974f34df59b9,fly_bump_chainlink
300e4006285f17c4,amb_alley_wind
4f262794be05a6b7,amb_city_panic
4c179b7b8772b7d6,amb_exhaust
6e47b687bd833322,amb_metal_rattle
4312af4ca4204f9c,amb_neon
774f8d51f9abbc00,amb_power_hum
15e932d0a298c96c,amb_rand_birds
155dfde1d609b63c,amb_rand_dove
6282b08e3d0e89ab,amb_server_room
761c344d0fcb4f8b,amb_sink_drip
436a067686c4820a,amb_comp_error
217562090a15ff8f,amb_radio
18130cfc22351f13,amb_wind_dank
2817a9c9d2608ad1,exp_trophy_system
755a5f0f3fce331e,fly_bomb_armed_plr
6ea76cd7a004ef90,fly_bomb_buttons_plr
5a188a6c2eee00c4,fly_bomb_case_npc
75bf6d6c870483a5,fly_bomb_case_plr
5a15ff872987605c,fly_bomb_close_npc
6bc8528733a8903d,fly_bomb_close_plr
238182e7ce652de7,fly_bomb_defuse_plr
33a2e252abcc361e,fly_bomb_latch_npc
21f09152a1ab09a3,fly_bomb_latch_plr
2e0d89cbd292a3f5,fly_bomb_pickup_plr
6ddb8ab2cefb3e7d,fly_bomb_screen_plr
35aaa54350507086,fly_lstep_crouch_run_bot_npc_asphalt
67619ceebfb44e31,fly_lstep_crouch_run_bot_npc_bark
52713e7cf344ce3e,fly_lstep_crouch_run_bot_npc_bodyarmor
f355f2cfab74238,fly_lstep_crouch_run_bot_npc_brick
26e7aabb91b41eac,fly_lstep_crouch_run_bot_npc_carpet
68d4bb33c829e231,fly_lstep_crouch_run_bot_npc_ceramic
3462c885651c28f1,fly_lstep_crouch_run_bot_npc_cloth
2af671f5d6407e24,fly_lstep_crouch_run_bot_npc_concrete
9321e29c28d725e,fly_lstep_crouch_run_bot_npc_cushion
716b2d693d135068,fly_lstep_crouch_run_bot_npc_default
426715dd0094e45e,fly_lstep_crouch_run_bot_npc_dirt
40ab8ed77bc00423,fly_lstep_crouch_run_bot_npc_flesh
fd9090fa983166a,fly_lstep_crouch_run_bot_npc_foliage
25ab2e65ae9f92c7,fly_lstep_crouch_run_bot_npc_fruit
3c2d06c16f3e0cad,fly_lstep_crouch_run_bot_npc_glass
62067623c9457435,fly_lstep_crouch_run_bot_npc_glassbulletproof
327e3ac5a620b5f9,fly_lstep_crouch_run_bot_npc_glasscar
2471a37a1076b6bb,fly_lstep_crouch_run_bot_npc_grass
4a841e69eb9736d0,fly_lstep_crouch_run_bot_npc_gravel
7ea5afa78c290ce2,fly_lstep_crouch_run_bot_npc_ice
c4761a28c24985a,fly_lstep_crouch_run_bot_npc_metal
4bf31062a8aaeb4,fly_lstep_crouch_run_bot_npc_metalcar
64b237bde6213bb7,fly_lstep_crouch_run_bot_npc_metalcatwalk
71009e03cbb83ad1,fly_lstep_crouch_run_bot_npc_metalhollow
289b981fac386109,fly_lstep_crouch_run_bot_npc_metalthin
5ae918a7779c50c7,fly_lstep_crouch_run_bot_npc_mud
5d0fba2a6a52f707,fly_lstep_crouch_run_bot_npc_paintedmetal
41c73c4762b3c81b,fly_lstep_crouch_run_bot_npc_paper
436d0dda927af45a,fly_lstep_crouch_run_bot_npc_plaster
437b16da92874101,fly_lstep_crouch_run_bot_npc_plastic
256d2e66f31e962e,fly_lstep_crouch_run_bot_npc_rock
1aac16a8ce9691d,fly_lstep_crouch_run_bot_npc_rubber
2f97f75fd6b83fa5,fly_lstep_crouch_run_bot_npc_sand
5aead15fef43323c,fly_lstep_crouch_run_bot_npc_snow
4c0ec0192765386e,fly_lstep_crouch_run_bot_npc_water
16f3d86606f10a2a,fly_lstep_crouch_run_bot_npc_watershallow
72891b3d38d6df3e,fly_lstep_crouch_run_bot_npc_wood
605deb0a71841f68,fly_lstep_crouch_walk_bot_npc_asphalt
5ea919c0505e2a2f,fly_lstep_crouch_walk_bot_npc_bark
6ea5bec3f5010d08,fly_lstep_crouch_walk_bot_npc_bodyarmor
7789fd6897284d7e,fly_lstep_crouch_walk_bot_npc_brick
f48ce5b6f9dc6fe,fly_lstep_crouch_walk_bot_npc_carpet
62a938ef2728fc3b,fly_lstep_crouch_walk_bot_npc_ceramic
7d985ef41da74a37,fly_lstep_crouch_walk_bot_npc_cloth
29b3d751454cae92,fly_lstep_crouch_walk_bot_npc_concrete
1d00c57438ea6afc,fly_lstep_crouch_walk_bot_npc_cushion
69e152fd6f2a62e2,fly_lstep_crouch_walk_bot_npc_default
3a49ed20f7f439c,fly_lstep_crouch_walk_bot_npc_dirt
1c4630cb52a3cd19,fly_lstep_crouch_walk_bot_npc_flesh
3fd8044505b698c4,fly_lstep_crouch_walk_bot_npc_foliage
2097883568f663dd,fly_lstep_crouch_walk_bot_npc_fruit
2d62d4a060ecbb4f,fly_lstep_crouch_walk_bot_npc_glass
d260a4622f879ff,fly_lstep_crouch_walk_bot_npc_glassbulletproof
6bc6e7d53430d777,fly_lstep_crouch_walk_bot_npc_glasscar
173bb8b246ee7799,fly_lstep_crouch_walk_bot_npc_grass
145c9aee9fd39416,fly_lstep_crouch_walk_bot_npc_gravel
f10bd792e8a891c,fly_lstep_crouch_walk_bot_npc_ice
e747365bc96dd70,fly_lstep_crouch_walk_bot_npc_metal
6f5a1aa86fe3827e,fly_lstep_crouch_walk_bot_npc_metalcar
3fc75f23dc5c6095,fly_lstep_crouch_walk_bot_npc_metalcatwalk
5c824885fcdd360b,fly_lstep_crouch_walk_bot_npc_metalhollow
7f1634b8f19ea223,fly_lstep_crouch_walk_bot_npc_metalthin
331e6679435bbaf5,fly_lstep_crouch_walk_bot_npc_mud
6bd0e3ce7366b0a5,fly_lstep_crouch_walk_bot_npc_paintedmetal
6da7e9e2805dee25,fly_lstep_crouch_walk_bot_npc_paper
7f40477ef9726290,fly_lstep_crouch_walk_bot_npc_plaster
7f4e507ef97eaf37,fly_lstep_crouch_walk_bot_npc_plastic
2521df3d598225a8,fly_lstep_crouch_walk_bot_npc_rock
2ba3bda604de97a7,fly_lstep_crouch_walk_bot_npc_rubber
263c683166d7a5ef,fly_lstep_crouch_walk_bot_npc_sand
315a82316dd5a626,fly_lstep_crouch_walk_bot_npc_snow
76eb9dcac1adb87c,fly_lstep_crouch_walk_bot_npc_water
53b80548bf20d9e8,fly_lstep_crouch_walk_bot_npc_watershallow
53fee85566d9cf54,fly_lstep_crouch_walk_bot_npc_wood
2197995bda6c6c2,mpl_aar_level_up
2df04b5de098b17b,mpl_aar_reward
6dfb0de2f02a45e7,mpl_challenge_met
53a38d24fb65f1cc,mpl_flag_drop_plr
379a55d588578661,mpl_flag_pickup_plr
51f5be495a60b2fa,mpl_flagcapture_sting_enemy
3254d3d1f2792672,mpl_flagcapture_sting_friend
96836cd832175eb,mpl_flagdrop_sting_enemy
7ebb1851ec8c586d,mpl_flagdrop_sting_friend
1bf9bb41578fdd6c,mpl_flagget_sting_enemy
461a922357e5be28,mpl_flagget_sting_friend
ba5930fc0387253,mpl_flagreturn_sting
393ec7a259cc5fe7,mpl_generic_debris_dirt_l
393eada259cc33b9,mpl_generic_debris_dirt_r
104a573b5fe954cc,mpl_generic_explode
7c5f6c2c70cf100d,mpl_generic_explode_dist
7bde446049574e39,mpl_generic_explode_sub
3ed702f9e71c27f4,mpl_generic_explode_trail_l
3ed6e8f9e71bfbc6,mpl_generic_explode_trail_r
6b6cf9a873975814,mpl_hero_level_up
3e2574c49d35f985,mpl_hit_alert_burn
342e0b4d5f33197a,mpl_hq_cap_us
5b55ccae8b50b2e,mpl_killconfirm_tags_pickup
65621a7aea1d2d39,mpl_kls_artillery_impact
4ad137a36dbccb66,mpl_medal_earned
3369c019d4dea02d,mpl_minimap_beep
364c4d8fdd94bb38,mpl_minimap_scan
5ffb9f9ba62d65f5,mpl_notification_tier_up
437a60c350f5be76,mpl_phunt_char_whistle
4c849f0717a61bc6,mpl_sab_exp_flux_l
4c84b90717a647f4,mpl_sab_exp_flux_r
330d0fd9e73d1934,mpl_sab_exp_suitcase_bomb_main
23069975f682f343,mpl_sab_exp_veh_lfe
65d22847960df9ce,mpl_sab_ui_suitcasebomb_timer
2773d94f978d3369,mpl_sd_bomb_insert
2b06525de3678a13,mpl_sd_bomb_pull
3774d165267aa444,mpl_sd_bomb_throw
3a0a865d96bb0fb,mpl_sd_bomb_twist
5555e74ee700709d,mpl_sd_exp_suitcase_bomb_main
6365c96269c28e86,mpl_supply_crush
35a4edde82616f6,mpl_supply_thruster
d6542ac9eee934a,mpl_supply_thruster_distort
57546e0da864d5a9,mpl_supply_thruster_start
2e6d66368cac5fe5,mpl_turret_servo
65fbf850bc96f4dc,mpl_weapon_level_up
7250b7d5cf4de150,mus_underscore_01_intro
6a2908a96b8c3fdd,mus_underscore_02_intro
42dee070085c538a,mus_underscore_03_intro
18a18f54f239d94f,mus_underscore_04_intro
2c434f149762a404,mus_underscore_05_intro
3c7e450f8f32720b,veh_a10_engine_loop
212df56fa3827b1c,veh_a10_flyby_apex_2200
7d412f8812f335a5,veh_a10_flyby_apex_5000
4bd8e6c024346698,veh_cuav_engine_loop
23b7aab43082b6b8,veh_cuav_engine_loop_phase
386782a39e93a8ed,veh_kls_spy_afterburner
160ce3ebb137067f,veh_kls_uav_afterburner
68a76f44ec0711b6,veh_supply_drop
41903418fcd56ba1,veh_uav_engine_loop
58363f718ca79d5a,wpn_a10_drop_chaff
7f4112a51abfa60e,wpn_a10_preshot_explo
7568e7c507f18f19,wpn_a10_shot_loop_npc
3ee3cceae529ba86,wpn_crossbow_dryfire_plr
5596b8a24f607466,wpn_crossbow_fire_npc
40aec8658bee223c,wpn_crossbow_fire_pap_npc
52611b65960f521d,wpn_crossbow_fire_pap_plr
506617a29560098b,wpn_crossbow_fire_plr
2bbf7f19b525e1b8,wpn_gren_pickup
daf4d5e0f5617cf,wpn_kls_debris
2a55ebc70d7c56ca,wpn_nailgun_act_npc
53aa52c6dc6233cf,wpn_nailgun_act_plr
66b122314008edd2,wpn_nailgun_fire_npc
191f39315c28fd77,wpn_nailgun_fire_plr
2d9c8eff7f7b63cb,wpn_pistol_shotgun_fire_act_npc
44927ffb09739c6,wpn_pistol_shotgun_fire_act_plr
4d0e873bf98c8e5d,wpn_pistol_shotgun_fire_ads_npc
6cf56c3b7aef16c4,wpn_pistol_shotgun_fire_ads_plr
3e700d34be276b68,wpn_pistol_shotgun_fire_npc
89af8349f228329,wpn_pistol_shotgun_fire_plr
5f987397218aa025,wpn_pistol_shotgun_lfe
31eee2886ac78d54,wpn_remote_missile_bomblet_explode
4696ba1d63dfb5ff,wpn_remote_missile_bomblet_explode_close
7a1ab62ed88c165,wpn_remote_missile_bomblet_explode_dist
69d851b9c4c567c2,wpn_remote_missile_bomblet_explode_lfe
6332e18c8bea8d4c,wpn_remote_missile_boost_npc
38da5e5d662e1980,wpn_remote_missile_brake_npc
79eaf95cf9edeec1,wpn_remote_missile_brake_plr
2e5d3eace50886de,wpn_remote_missile_explode
2d13c1778659d389,wpn_remote_missile_explode_close
ccb8b563c77cc63,wpn_remote_missile_explode_dist
2304db1c0214f63c,wpn_remote_missile_explode_lfe
924df523b00605d,wpn_remote_missile_fire_boost_npc
290bc451bc62e8c4,wpn_remote_missile_fire_boost_plr
81365cd7f6fcc6f,wpn_remote_missile_inc
753b122527bf37eb,wpn_remote_missile_loop_npc
4be6ab2558d95ae6,wpn_remote_missile_loop_plr
632ed2a1b3984052,wpn_remote_missile_multifire_npc
159ce9a1cfb84ff7,wpn_remote_missile_multifire_plr
49ba33c966531e1c,wpn_trophy_deploy_start
59af500c63ca80ac,wpn_trophy_shot
16819fb1493c75ff,amb_comp_server
3db0381f6e09518,amb_gust_high
54251d8f5f5e7b54,amb_metal_pops
30f768616c78427,amb_snow_debris
13299213632e598a,amb_reactor
ed48b121a56b336,amb_server_hum
187a7c7154ba87be,amb_rattlesnake
78972c9406f0ec56,amb_torch
4e4ac79a536ae695,amb_waterfall_close
32182a9e77b7f4f,amb_waterfall_dist
396347cc9dae2dea,pfx_water_fountain
353c434eb51d3f25,amb_gust_dry_metal
603d8f73f6eca425,amb_tree_leaves
73279fba4bb9ec56,amb_wood_creak
134eae7f0c2c3a0b,amb_frogs
61fc72350abcc8fb,amb_city
68d360aa565ed76a,amb_ice_crack
e35d247fef5abeb,amb_vending_mach
2ce5e8e291cc8524,fly_bump_bottle
792fb19dd27becfc,pfx_exhaust
273c1ce675562cf7,fly_bump_truck
2d88141f989d14cf,fly_mann_limb_bounce_asphalt
4593834140c1486e,fly_mann_limb_bounce_bark
61b1d25188950099,fly_mann_limb_bounce_brick
7faa899edbe7035f,fly_mann_limb_bounce_carpet
638926f9fd406c60,fly_mann_limb_bounce_ceramic
2371820f1b82cad0,fly_mann_limb_bounce_cloth
69f9262ec4a9f5a7,fly_mann_limb_bounce_concrete
6cf93b6e894fcf07,fly_mann_limb_bounce_cushion
47925c04feff9b29,fly_mann_limb_bounce_default
223b4611d8dc332d,fly_mann_limb_bounce_dirt
5b7acc3d30a24bca,fly_mann_limb_bounce_flesh
4162458f993a2567,fly_mann_limb_bounce_foliage
7d16bb84dd4e44e6,fly_mann_limb_bounce_fruit
78aa4250225f3468,fly_mann_limb_bounce_glass
37d5a7078aac2a6e,fly_mann_limb_bounce_grass
252f4cd0b068752b,fly_mann_limb_bounce_gravel
1f7272ab8ac05feb,fly_mann_limb_bounce_ice
1c88a972707fcb47,fly_mann_limb_bounce_metal
7bd0d1ab764a5a8a,fly_mann_limb_bounce_mud
7c67f628296b7a68,fly_mann_limb_bounce_paintedmetal
2d51e6faf595ae96,fly_mann_limb_bounce_paper
2743e2158b04168b,fly_mann_limb_bounce_plaster
2735d9158af7c9e4,fly_mann_limb_bounce_plastic
716a24be829405c5,fly_mann_limb_bounce_rock
3521813a6041f356,fly_mann_limb_bounce_rubber
565103c42b4849a6,fly_mann_limb_bounce_sand
141b41c44e9bd0b7,fly_mann_limb_bounce_snow
1a5a3b9560e947e3,fly_mann_limb_bounce_water
a9479a726aa9deb,prj_brass_impact_large_glassbulletproof
7b87df5d7358b3a3,prj_brass_impact_large_glasscar
7d82337da5f8e26a,prj_brass_impact_large_metalcar
c51adb5aaeeb4d9,prj_brass_impact_large_metalcatwalk
7b15d8e4c6564367,prj_brass_impact_large_metalhollow
2ace3ac172987057,prj_brass_impact_large_metalthin
6a19ad69770815ec,prj_brass_impact_large_watershallow
60ee1c1411b5f898,prj_brass_impact_shell_glassbulletproof
24c90f254f856fdc,prj_brass_impact_shell_glasscar
66b53f24193139d1,prj_brass_impact_shell_metalcar
498a0fb7053e6d92,prj_brass_impact_shell_metalcatwalk
242da68294c0a92e,prj_brass_impact_shell_metalhollow
287197aa5217b0c2,prj_brass_impact_shell_metalthin
12604fae0e0b3ce7,prj_brass_impact_shell_watershallow
5db0f5717fbf8383,prj_brass_impact_small_glassbulletproof
44e2839b7fbd3ffb,prj_brass_impact_small_glasscar
10da12110b270fb2,prj_brass_impact_small_metalcar
3fdd70a5c7efca61,prj_brass_impact_small_metalcatwalk
44716776de3ffd6f,prj_brass_impact_small_metalhollow
5850984213e65fbf,prj_brass_impact_small_metalthin
52c34336e039f9d4,prj_brass_impact_small_watershallow
22386820c5d9829d,prj_brass_impact_wraith_glassbulletproof
7475517cba482261,prj_brass_impact_wraith_glasscar
3092f31dc141b7cc,prj_brass_impact_wraith_metalcar
2393e164d706a5af,prj_brass_impact_wraith_metalcatwalk
74249d12d9bb5869,prj_brass_impact_wraith_metalhollow
105fdf4117857321,prj_brass_impact_wraith_metalthin
1d45bcc0e260d922,prj_brass_impact_wraith_watershallow
179f3eb184c245d2,amb_ocean
58a86059285e0d8a,amb_waterfall
6d31351b3c83b601,fly_bump_piano
4502191ac8ccdaa5,amb_deep_metal_creak
5b2712109b7b2318,amb_grate_gusts
76a4d8d4116c4237,amb_gust_snow
44069d90346db0b3,amb_gust_swirl
138907dd04985077,amb_light_metal_creak
360ec7142641aacb,amb_wind_light_edge
224eb55f26cccaac,amb_wind_strong_edge
86ad7fe148ce4f0,amb_wolves
7e0bea318c0fa5cc,amb_wood_creak_hvy
c55588f84ee8615,amb_wood_creak_light
4dabbe752dc66fd9,amb_tarp
b4bcb7299deea2a,amb_chains
73c1eadc54e25cf8,amb_water_fountain
72886ba5161e370b,amb_banners
2131ca73e1f61068,amb_crows
7aa5257e4113bfb,amb_owls
e2054970dbe2d48,amb_spooky_wind
41e2490ce43bdaca,pfx_fire_wood
2f0951bf7b3860fe,amb_water_drain
2c0e8d94bc7ad5c0,amb_wind_debris
3f1763fd45ec2295,amb_wind_opening
369fc91126edf148,amb_crickets
6764dba4102d4249,amb_lrg_fan
6287c53be5a867dc,amb_metal_fire
2c0dfaec2e7402ff,amb_plastic_flag_flap
489948c17ecb2506,amb_vent_exhaust
6d8aafa1505e7010,fly_bump_pipe
4963815a54e65e23,fly_bump_vend_small
252662611476ef37,amb_comp_1
252663611476f0ea,amb_comp_2
78e39172a0f9395d,amb_electronic_table
4d721c5e9bf4aaf9,amb_hawk
1882eb6e5e09792c,fly_bump_barrel_large
36794b821becda02,fly_bump_tire
5bfac0b9a8265d03,amb_flag_flap_sml
13eb1a82d0249566,amb_clock_tick
103c3a992ceffa20,amb_train_cars
2b82385a27ad55ec,amb_windmill
1a98ee3af8b89642,amb_comp_loop
525fcdb9d32bbc99,amb_fire_med
47292edcf5e57af4,amb_light_flicker_spawner
174306870230ec93,amb_vent
6ee8fd24a26b0b68,amb_water_pipe
234adc17ca7628a9,amb_zombies_left
4435eaa65efa638a,amb_zombies_right
d7675d9d3520844,dst_urn
4b1c6354b1d2b17a,dst_urn_splash
b3a32763fbb2130,evt_power_on
123893cdd4254d5f,evt_toilet_flush
17c44dbf312d3d8e,fly_step_glass_npc
1badfcbfc4681533,fly_step_glass_plr
6851c7ef18c99a2f,fly_step_mattress_npc
6def88eed3270d4a,fly_step_mattress_plr
3b29e3fe25735bf6,fly_step_puddle_npc
1f8302fdcd5cdc7b,fly_step_puddle_plr
69e3f135772b5bff,mus_perks_deadshot_jingle
7a2f76092bd647f7,mus_perks_deadshot_sting
2fa7e28a033305e5,mus_perks_doubletap_jingle
25791821a46525d9,mus_perks_doubletap_sting
69b55df4f05cc327,mus_perks_jugganog_jingle
34bd69b6bce4beef,mus_perks_jugganog_sting
7c3727626f7e7e4c,mus_perks_mulekick_jingle
7a77f7f7733b90d2,mus_perks_mulekick_sting
464e58f4117dc447,mus_perks_packa_jingle
592f3f999f4e818f,mus_perks_packa_sting
741d129def97fa5e,mus_perks_revive_jingle
60d4033112662368,mus_perks_revive_sting
303c4fc1fb10db72,mus_perks_speed_jingle
4cb1cfe0c987b5c,mus_perks_speed_sting
1a7c1d6336a49d4b,mus_perks_stamin_jingle
fa0bc3824bcc9c3,mus_perks_stamin_sting
5a24ca60c5ccf542,mus_perks_tombstone_jingle
435387cc768131cc,mus_perks_tombstone_sting
779c55fe77848461,zmb_cha_ching
7762975ba439ebe6,zmb_cha_ching_loud
21850ef5b4996d33,zmb_no_cha_ching
3adda98a776d8216,zmb_perks_packa_deny
30c8c2d825e081e2,zmb_perks_packa_knuckle_0
30c8c3d825e08395,zmb_perks_packa_knuckle_1
10a19247f5f18292,zmb_perks_packa_loop
1bd59a02bf37917b,zmb_perks_packa_ready
195da293e06ce896,zmb_perks_packa_ticktock
32874f2523e83420,zmb_perks_packa_upgrade
4d7a4f67b3b6fc11,zmb_perks_packa_upgrade_crnch
1d2777f68e986622,zmb_spawn_walla
322ade9495c9dd57,zmb_switch_flip
1750c3da33ddaef3,zmb_weap_wall
32ada8b7c04d80d5,fly_zombie_ground_climbout
4103624dc73c8d1d,fly_zombie_jumpland_hard
395b046ca14ef474,fly_zombie_jumpland_hard_swt
29a8faa6f42580d8,fly_zombie_jumpland_soft
37ac9d9515ed7e04,fly_zombie_mantle_fast
4662aa46ab686497,fly_zombie_mantle_slow
3a9ca1fe599b2fdc,zmb_barrier_debris_move
c6184d5003a80f5,zmb_blocker_rockwall_break
48bad3aa79fe0934,zmb_blocker_rockwall_float
3d319c9af102b813,zmb_blocker_rockwall_repair
4131209ed9407437,zmb_blocker_rockwall_slam
250e1c3ec9a7797e,zmb_break_boards
65e2e041503905d,zmb_hit_alert
43835277e0b76d1a,zmb_repair_boards
747aa38c66568fb9,zmb_vocals_zombie_pain
79297c901efb1873,amb_radio_1
79297d901efb1a26,amb_radio_2
535f9ffc0e3aa73b,amb_rock_fall
172c7903104b9d00,amb_small_fire
74b3e7995635e54b,evt_dragonhead_gib
6ed5b7cf9d043796,evt_dragonhead_swallow
774c9ceb861a01af,fly_riotshield_zm_impact_zombies
10dec3cb406bc16b,mus_egg_intro
67c609444595f804,mus_gameover_intro
1fba77e16f0531ad,mus_hallway
7ecf0635546665e7,pfx_dragonhead_fire_breath
56c7224fda7ede58,pfx_dragonhead_fire_breath_sml
194ba50c1ad31f4b,pfx_dragonhead_fire_loop
5fd056933e8a9ba0,zmb_ai_mechz_death_explode
390cf8257f434b0e,zmb_ai_mechz_death_fall
7843b8d0f3a13327,zmb_ai_mechz_death_imp
7f2401cc63bd931a,zmb_ai_mechz_death_rise
13ad216b84529d14,zmb_ai_mechz_destruction
2d3c391ccd894d30,zmb_ai_mechz_flame_start
772fcb7ba6f459f4,zmb_ai_mechz_flame_stop
2ba4197825ef1f95,mus_fire_sale
352b68066f10a4e2,mus_raygun_stinger
169f267ba001ad70,wpn_ar_accurate_fire_pap_npc
6d4bc17bd11d86d1,wpn_ar_accurate_fire_pap_plr
88ba8aee8656ba1,wpn_ar_standard_fire_pap_npc
7fa2d5af2b3b78a8,wpn_ar_standard_fire_pap_plr
4cdabe0876d553bf,wpn_lmg_light_fire_pap_npc
6814bf08ce8f37ba,wpn_lmg_light_fire_pap_plr
1070373238c27af0,wpn_ray_1straise
2cbaef780a09adf3,wpn_ray_reload_battery_in
799617f904484f80,wpn_ray_reload_battery_out
3556f0168269756e,wpn_ray_reload_close
fa5251783ef5dda,wpn_ray_reload_open
11f01abbd7a5c6f5,wpn_rgun_exp
6104152071df5471,wpn_rgun_exp_cl
5374975e795553da,wpn_rgun_exp_flux_l
5374795e795520e0,wpn_rgun_exp_flux_r
7730030eac8459ad,wpn_rgun_fire_act_npc
2d8ce80ecbfc89f4,wpn_rgun_fire_act_plr
1ba1ed4c5853209a,wpn_rgun_fire_npc
5a91544cc4934ebf,wpn_rgun_fire_plr
685a13cb47c0539a,wpn_rgun_flux_l_npc
27497acbb40081bf,wpn_rgun_flux_l_plr
74f745cb4941bf7c,wpn_rgun_flux_r_npc
6a998cb5362ef5d,wpn_rgun_flux_r_plr
2f61dd6a758811a0,wpn_rgun_loop
343f58aaa90de3b0,zmb_bgb_abh_teleport_in
6735c5fd4cb75595,zmb_bgb_abh_teleport_out
1c29c5a8ea48b0ff,zmb_bgb_alchemical_ammoget
3faf53a136ad9643,zmb_bgb_boardtodeath_imp
3a1216e43da4067b,zmb_bgb_bullet_boost
c804bdf2c8ff564,zmb_bgb_crate_power
5271b5ba36511091,zmb_bgb_disorderly_5seconds
298d649141910cad,zmb_bgb_disorderly_weap_switch
74f4f4835486e4b6,zmb_bgb_eyecandy_0
74f4f5835486e669,zmb_bgb_eyecandy_1
74f4f2835486e150,zmb_bgb_eyecandy_2
74f4f3835486e303,zmb_bgb_eyecandy_3
21aeac9deedebb00,zmb_bgb_eyecandy_deactivate
3121290a9e0043a0,zmb_bgb_fearinheadlights_loop
74627fa46b9d0881,zmb_bgb_idleeyes_end
1ff5b615c573d7b2,zmb_bgb_idleeyes_loop
1b4762f4193d2e60,zmb_bgb_idleeyes_start
2645e80e1b395a7,zmb_bgb_mindblown_gore
7409c5ea42ed2183,zmb_bgb_mindblown_pop
76ef8983226a702b,zmb_bgb_mindblown_sizzle
3457dc494aef7aa0,zmb_bgb_mindblown_start
187fb529848ef398,zmb_bgb_nysm_end
2181ecd3163e83a9,zmb_bgb_nysm_start
443c461bb008724,zmb_bgb_plainsight_end
69e0255d3a60351d,zmb_bgb_plainsight_loop
369df1a294e6d05d,zmb_bgb_plainsight_start
746bb3fa492b0150,zmb_bgb_popshocks_impact
39f0e15283e31b5a,zmb_bgb_powerup_burnedout
adc628799cc497f,zmb_bgb_powerup_respin
3bfc05bae820b829,zmb_bgb_self_medication
74cf40c5784b5538,zmb_bgb_self_medication_swt
61a97bec48e88abd,zmb_bgb_wall_power
53e3596b0f1c87a3,zmb_board_slam
2137203403f7cd7d,zmb_board_slam_lfe
52df98daa3dc8bb4,zmb_board_slam_upgraded
5d884a9f391c648f,zmb_boards_float
4b29a27ac6d343d9,zmb_couch_slam
18d4e0dd8a87d2f4,zmb_lightning_l
18d4c6dd8a87a6c6,zmb_lightning_r
34d9b6da06ff4b90,zmb_monkey_anim_cymb
6fad08be26aca24a,zmb_monkey_anim_key
774809884c06663,zmb_vocals_zombie_death_whimsy
6349af28658d6d14,amb_fire_large
3661112ef95cbec9,amb_light_flourescent
7d14c041bdec7543,amb_wind_gust_sand
2a24ce3a41b0df92,fly_bump_metal_stall
758c0c79934f4996,amb_radio_static
30457b7fe6c77454,evt_break_stone
5aebbc03bd94bd58,fly_bump_barrelcage
f6742e8228d6692,amb_exterior_blend
43a23767ae3ebccc,amb_lantern
18a56b977173384f,amb_light_flicker
27d1a3cea9529370,amb_projector
1e832b9609c491e1,amb_spooky
4c0adf9009828754,amb_spooky_2d
74d5193c12550c30,aml_chicken_death
16f1e65bdae2b01d,fly_bump_weights
7fe2370498e67ff1,wpn_raz_mangler_pop
60f680944da2e296,amb_pump
49fad5a22a121098,wpn_aa_fire
4f5eef53599842ba,wpn_pistol_shotgun_fire_pap_npc
e4e5653c5d870df,wpn_pistol_shotgun_fire_pap_plr
6deb3ead8c6443d8,amb_light
5b322e865d1ad296,amb_mystery_light
5ee3f2a9825ff2e6,amb_room_prototype
18e7fd5f129d52,wpn_raz_mangler_charge
7c768e10fca57d34,wpn_raz_mangler_fire_lfe
7a416ee86c4f2598,wpn_raz_mangler_impact
1d56d97bd6807d56,wpn_raz_mangler_impact_lfe
21fca7ecc8cdd1e6,zmb_character_revived
33dc00af06ff36cc,amb_fire_small
6231162ed19a7ccc,amb_creak_metal
619603dc5454b758,amb_creak_wood
773f34f21c3986,amb_jungle_birds
1d269c23bcd0adc4,amb_fire_lg
1d529623bcf5de7d,amb_fire_sm
69147ba38c07e82,amb_fire_xlg
6be54ca62eaa446e,amb_wood_stress
117407bcb8b17698,amb_dock_creak
2c1de42598d93d6,amb_camp_fire
3c41909dc13f56ad,amb_chain_swing_2
796d04249a4d45,amb_fan_large
7407a6bfa237096c,amb_water_drips
29e34b222881f3b1,vox_batt_menu_select
4d4467d73ee6f040,vox_fire_menu_select
4bdc0fb5814b5ca5,vox_noma_menu_select
41c3a68b73cfc9f2,vox_outr_menu_select
456aaa7e4506def9,vox_prop_menu_select
42ac5c5ccd3389fc,vox_reap_menu_select
3798c3a8013ebb6a,vox_ruin_menu_select
7023229347b73acd,vox_sera_menu_select
39fbf53b5fca98ab,vox_spec_menu_select
68ac21f745e83112,cac_killstreak_blocked
db2d82dcc2faf47,cac_killstreak_nav
227d4f8f3b509636,evt_bonus_displayed
6690500dde31959a,evt_bonus_failed
7ad4c442f0a13c72,evt_bonus_success
3ae3a264f60805a4,evt_item_destroyed
33ea182027b3c081,evt_item_spawned
61f7e71f371e13d8,evt_item_used
7f209edbc9e8b538,tst_front_left_1
366e28d8fe521189,tst_front_right_1
4df643fe20add90a,tst_lfe_1
cb45c52e2654e59,tst_surround_left_1
209cfed42b21522a,tst_surround_right_1
7fa36f107459af83,tst_test_system
5da4eb10ea44b9f5,uin_cant_afford
43c1997220603d61,uin_chyron_disapear
192bfbec4abc116c,uin_chyron_loop
6957a2b578da8f95,uin_chyron_move_left
496a146836e612ed,uin_chyron_move_left_all
38a8c6fe834c1ca7,uin_cybercore_menu_bumpers
5e558dec27d3686b,uin_cybercore_menu_close
3c583a24288be601,uin_cybercore_menu_open
51d803b6c9758155,uin_cybercore_menu_select
47545284932b7f6a,uin_pulse_text_type
286f4dcd23e829ab,uin_purchase
d1b967f51666231,uin_resource_menu_close
240596970b800cd7,uin_resource_menu_open
4e67f42fd4d2d033,uin_rts_objective_updated
6e752420fbfa8a76,uin_sixth_sense_ping_on
52e89c5b80b0dffe,cac_cac_reenter
7cf560cf70dc3649,cac_cmn_backout
bbe3f566ca97586,cac_cmn_deny
3d0812c368a8eb6,cac_cmn_equip_item
56ffa2dd01c7a407,cac_enter
28730cc91a5591e9,cac_enter_cac
42be5f488a9f5075,cac_equipment_add
1c2df0082dd2e436,cac_equipment_add_equipment
e2e6683017a1828,cac_equipment_add_lethal
7e28b81c65289862,cac_equipment_add_mod
6cb357c56dd695d3,cac_equipment_add_tactical
4a9f86488edd42d7,cac_equipment_nav
220862a4ca76a9e2,cac_equipment_remove
17ebc743bf3ff343,cac_globe_draw
2713b5b1caf03ab2,cac_grid_equip_item
7cee4c56e2e0ea5,cac_grid_equip_item_wildcard
76d3df3d35c4ed6d,cac_grid_nav
1526060100cf0425,cac_loadout_edit_sel
55a5eaeb64c4ba46,cac_loadout_edit_select_primary
4a10695a226bd43a,cac_loadout_edit_select_secondary
4d683641514f826c,cac_loadout_edit_submenu
6bf29ca15b962136,cac_loadout_exit
791e4027013455df,cac_loadout_nav
78ea258d84fd654e,cac_loadout_wildcard_nav
2a4baf5067079ac4,cac_main_edit_loadout
74d6feb530fa0469,cac_main_exit_cac
4072db479525d2d8,cac_main_nav
114d43832bf0fe67,cac_open_wpn_cust
24b9269d4a9454ba,cac_open_wpn_cust_sub
7562f15ee47169a0,cac_overload_enter
5a39de1dd5b93b5e,cac_overload_exit
7aa992a4f16ff44e,cac_overload_select
1eac2aaa9ea6bd8,cac_perk_equip
64b6af13bb092d4,cac_perk_select
2c57b651128f897d,cac_perk_wildcard_equip
195acb15fded7e7b,cac_safearea
38d26b7786465506,cac_screen_fade
7ab5c584cd88d7bf,cac_screen_hpan
e202b35df17eb7,cac_slide_equip_item
c76a7fa31efdeac,cac_slide_equip_item_weapon
1539220a2804c06,cac_slide_nav
1c3d68b0d527497,cac_slide_nav_down
7f9a5cfe2012d7c5,cac_slide_nav_lr
7f7c64fe1ff9e7ce,cac_slide_nav_up
1b13cec7249c9bba,cac_wildcard_equip_1
1f43e663361c4b7e,cac_wildcard_equip_10
1b13cdc7249c9a07,cac_wildcard_equip_2
1b13ccc7249c9854,cac_wildcard_equip_3
1b13cbc7249c96a1,cac_wildcard_equip_4
1b13cac7249c94ee,cac_wildcard_equip_5
1b13c9c7249c933b,cac_wildcard_equip_6
1b13c8c7249c9188,cac_wildcard_equip_7
1b13c7c7249c8fd5,cac_wildcard_equip_8
1b13c6c7249c8e22,cac_wildcard_equip_9
6e6c28dfca98a5ee,cac_wildcard_remove
65ad8b14e2d79ced,cac_wpn_cust_exit
3fa60f123267b59a,cac_wpn_cust_nav
4d316a57127489,mpl_ui_timer_countdown
12ec7666ba828fc6,uin_aar_cp_fill
366de4267332239,uin_aar_unlock
1c40a0110ff8b45e,uin_aar_unlock_loud
5ecbaa6309632eaf,uin_aar_xp_fill
2d606b3846d9346b,uin_back
2788d84b543a8108,uin_back_mode_select
183d39eadae2cd6a,uin_career_view
6c0c1608ff21c6d8,uin_cmn_backout
2e19696fa70d7881,uin_cmn_deny
9d76d871fb917bb,uin_create_game
407fe049fbb4d7bc,uin_down
44587b43e569a2c6,uin_enter_mode_menu
12bba496c9f925a4,uin_equipment_add
679a4fe6d940f42d,uin_equipment_remove
17daa2de696ad29a,uin_featured_scroll
471a16728d32456a,uin_friends_left_right
58a9320aa5eafef5,uin_igc_skip
47fb428b8f29a7b1,uin_left
5e84353bfc210f5e,uin_level_up
1a72b24ac5320100,uin_level_up_cp
1a5bb34ac51f23d2,uin_level_up_zm
466cfcc1cd73d98a,uin_loadout_edit_sel
67d2bae2003a014a,uin_loadout_nav
16d8679d1005009d,uin_lobby_enter
51b1c35e1905aef5,uin_lobby_exit
57e2405b221c0e5b,uin_lobby_refind
4c8856155ca5cb43,uin_lobby_summary
3ec75db06ffb79d1,uin_lobby_wager
136d05e3bd55f2ff,uin_main_bootup
41d75c46a9f4e0ba,uin_main_edit
7fbcace2b474eb90,uin_main_enter
5026e046214ce92e,uin_main_exit
41f78d0460aefa97,uin_main_nav
c35f935053942d0,uin_main_pause
7df64972e4263734,uin_mov_skip
29898b3b0a8fb05a,uin_open_friends
2f584123f873b472,uin_options_slider
40152d31c82973b2,uin_paint_camera
46ea54622826e266,uin_paint_color_mixer
6e58fe83a8b9a48b,uin_paint_color_picker
6c7b316ab027b8c1,uin_paint_color_select
55ca97b3b206385b,uin_paint_decal_cat_nav
1f8599a26ab2d578,uin_paint_decal_nav
6adfb2cd5fefff87,uin_paint_decal_select
660b76bd1c5d55ff,uin_paint_grid_nav
32c6257dcfab32ad,uin_paint_image_flip_toggle
283a67dcbee605df,uin_paint_image_manipulate
4098debb9e56a1b4,uin_paint_image_outline_toggle
5ad992d087f1ecf6,uin_paint_layer_scroll
5c504eedf8c035e7,uin_paint_layer_select
69fd8ef30b9f8e61,uin_paint_options
d7655be3140ecc1,uin_paint_select
7d5e69a2ffaa923f,uin_paint_weapon_scroll
d788280aff41c01,uin_party_ease_slide
40a3ed35bb3e3de9,uin_party_ease_slide_back
2e221b80769bb317,uin_perk_equip
51d8df81022c6e45,uin_press_generic
4432420f4ca5cbb8,uin_reset_select
3006394e456f8a12,uin_right
3f6351f6b06dbcb8,uin_select
3ffbb39861ab612c,uin_slide_nav_down
54c1489c8d89462,uin_slide_nav_lr
56b2889c8f366ed,uin_slide_nav_up
6e14d0f7fc9c9695,uin_spinner
6ffba4e6767058f1,uin_startup
1a828f3471aeed21,uin_timer
154ac3692454c763,uin_timer_esports_beep
7e3d8db0c2d3cf94,uin_timer_esports_last_beep
7262f1fc606eb9b9,uin_timer_wager_beep
691ab1043587c896,uin_timer_wager_last_beep
61740caa80f3cff9,uin_unlock_window
a4dfbc6703ea35d,uin_up
aa97d1337005f53,amb_rattle_barrel
605aae3dc63fd376,amb_rattle_metal
391fc5adebeebda5,amb_rattle_metal_deep
53665cce8bb03f72,chr_breathing_heartbeat
42d7c6312ec60709,chr_death
1797c042e1796a11,chr_health_laststand_enter
7ab6d9a1c33fdbf,chr_health_laststand_loop
77e54d0bb0bfe3c1,chr_health_lowhealth_enter
2806e98b4fded52b,chr_health_lowhealth_enter_lfe
7d36712abe522e81,chr_health_lowhealth_exit
74927bacf8b037eb,chr_health_lowhealth_exit_lfe
345bc878173477af,chr_health_lowhealth_loop
5499f08d8b87bddc,chr_heart_beat
213444ada96ba4ac,chr_heart_beat_duck
25db78623d347958,chr_heart_beat_ingame
8f7e338ddcbdbee,chr_melee_tinitus
2cb309a832349e9e,chr_revive_end
2b6b581cca5b66bb,chr_revive_start
737c183c7d35e344,chr_tinitus_loop
1a83e892194abed0,chr_tinitus_loop_silent
4c598b4f066beb4f,evt_player_death
7af94349b785f456,evt_player_death_imp
3bb3e95843f2b192,exp_rocket_bow
7c4d47dd7cafc4f,exp_rocket_bow_decay
17b8eb45dacf1560,exp_rocket_bow_lfe
71b87fd02e4771d8,fly_annihilator_first_raise
1818e1375902c956,fly_annihilator_first_raise_3p
6b08abac6454ba93,fly_annihilator_first_raise_wpn_grab
7fce22709000a814,fly_annihilator_rechamber
4e52aa8439fdf9bd,fly_annihilator_rechamber_ads
6ef09f62f0ab7963,fly_bot_bad_step
2428a67708d8a73c,fly_bot_bodyfall
447bc7b103f51c77,fly_bot_crawl_drag
1952354b7699b794,fly_bot_crawl_hand
19771d8edec519fb,fly_bot_head_sparks_bright
282faaaca5d408a3,fly_bot_head_sparks_burst
47ad959d578b4e79,fly_bot_head_sparks_disable
5bb2f3ac1e9e9e1,fly_bot_jump
2bd41547f8ec0f48,fly_bot_land
6934f0001eeaf725,fly_bot_mech_fail
1fb205a63be1f447,fly_bot_melee_dbl_swipe
1af283c389e9401,fly_bot_melee_left
6083f82ebc236174,fly_bot_melee_right_end
31dce7db9babbc6d,fly_bot_melee_right_start
3adf3267e1bc3b23,fly_bot_move_long
1bdb32af28a59a85,fly_bot_move_short
2bc57f9168af8f5f,fly_bot_spark_lp
6a6ecf17d249b596,fly_bot_struggle
18bec3d8101abd37,fly_bow_first_raise
133866dfe86dcace,fly_bow_load
58955af9a07b6dfd,fly_foot_bot
454f3b15ef877d8f,fly_foot_land_bot
51d664130f0b2024,fly_foot_land_soft_bot
46cecf667e45b99f,fly_foot_run_bot
1b00fb8e90794ece,fly_foot_soft_bot
371e4ed91ae089c4,fly_foot_soft_run_bot
4a5b7208536d8fdf,fly_foot_soft_sprint_bot
164e9ec4e37e1f2,fly_foot_sprint_bot
101bf7415b0573bb,fly_knuckle_crack_servo
38f4c68a494dead5,fly_lacnt_run_npc
3aac115f06f09d40,fly_lacnt_sprint_npc
8b3b720768ecae9,fly_lacnt_walk_npc
5fb099720a295799,fly_land_plr_hard
731d27844d05f36e,fly_lbody_scoot
606228ee89b431c3,fly_lboot_land_npc
36938a7d59a30fa4,fly_lboot_land_soft_npc
39e05efcd4c07cd,fly_lboot_npc
3e97615aa73e4f5b,fly_lboot_run_npc
6df2c79fc98facfa,fly_lboot_soft_npc
797b0d5c956c10a4,fly_lboot_soft_run_npc
2b969644d74ee1f7,fly_lboot_soft_sprint_npc
539b8ed883a6d766,fly_lboot_sprint_npc
3f64ce679e2ba730,fly_lgear_run_npc
744830b7b426368b,fly_lgear_sprint_npc
4ef7085dab1c35de,fly_lgear_walk_npc
5864fc686d5f09a5,fly_lprone_water
7d9773da85ba0364,fly_lstep_crouch_run_npc_asphalt
38a6a5ca75da5233,fly_lstep_crouch_run_npc_bark
ff9d6867ea1e734,fly_lstep_crouch_run_npc_bodyarmor
365ff59a4a94b46a,fly_lstep_crouch_run_npc_brick
3f4b9ce74523f982,fly_lstep_crouch_run_npc_carpet
1a1644dfc57512e7,fly_lstep_crouch_run_npc_ceramic
2e75160535d9bf9b,fly_lstep_crouch_run_npc_cloth
169492d8baee072e,fly_lstep_crouch_run_npc_concrete
934ba92798400d0,fly_lstep_crouch_run_npc_cushion
11c6f858ad56872e,fly_lstep_crouch_run_npc_default
3c5c3294e7a31430,fly_lstep_crouch_run_npc_dirt
991e015e9d4387d,fly_lstep_crouch_run_npc_flesh
59b7cc0e665de978,fly_lstep_crouch_run_npc_foliage
170330cdc6828001,fly_lstep_crouch_run_npc_fruit
2beed65954b9a53b,fly_lstep_crouch_run_npc_glass
3d7aca86eb4bac83,fly_lstep_crouch_run_npc_glassbulletproof
3bf6c5d55d8e48fb,fly_lstep_crouch_run_npc_glasscar
43aa39a0b380fb2d,fly_lstep_crouch_run_npc_grass
61e1b410f5fd472a,fly_lstep_crouch_run_npc_gravel
13cea42fa4525670,fly_lstep_crouch_run_npc_ice
3c48fb33e07f0fcc,fly_lstep_crouch_run_npc_metal
7ee544ae8f818b2,fly_lstep_crouch_run_npc_metalcar
640cdf9ecaf1e361,fly_lstep_crouch_run_npc_metalcatwalk
72b079f68ecf006f,fly_lstep_crouch_run_npc_metalhollow
c62095fe18aabf,fly_lstep_crouch_run_npc_metalthin
6fb2e52f8f74c1d9,fly_lstep_crouch_run_npc_mud
2621809a77478bf9,fly_lstep_crouch_run_npc_paintedmetal
2cd5cac5125895c9,fly_lstep_crouch_run_npc_paper
64910d209db51214,fly_lstep_crouch_run_npc_plaster
6483e6209daa4573,fly_lstep_crouch_run_npc_plastic
6b7883417feb2fc4,fly_lstep_crouch_run_npc_rock
49cd0c04522c14ab,fly_lstep_crouch_run_npc_rubber
1efc3b8c3d13d3,fly_lstep_crouch_run_npc_sand
4c7f7e3bb70cc0c2,fly_lstep_crouch_run_npc_snow
3f8b3e50c689dba4,fly_lstep_crouch_run_npc_tallgrass
395cad56d04799c0,fly_lstep_crouch_run_npc_water
76f2b22fe33c12d4,fly_lstep_crouch_run_npc_watershallow
3b058417c7b65858,fly_lstep_crouch_run_npc_wood
39d4e7aff2f3803a,fly_lstep_crouch_walk_npc_asphalt
186131515dbe8bfd,fly_lstep_crouch_walk_npc_bark
107d5ca1b1b85d52,fly_lstep_crouch_walk_npc_bodyarmor
5bbbbebf861d4f2c,fly_lstep_crouch_walk_npc_brick
45f75634a8848ec8,fly_lstep_crouch_walk_npc_carpet
2214167ae4518b25,fly_lstep_crouch_walk_npc_ceramic
61c7782c8820967d,fly_lstep_crouch_walk_npc_cloth
22273b515df470a8,fly_lstep_crouch_walk_npc_concrete
5c89e6f8f12d65a,fly_lstep_crouch_walk_npc_cushion
382f29e11fc44c1c,fly_lstep_crouch_walk_npc_default
14abc286ebf5fcfa,fly_lstep_crouch_walk_npc_dirt
8f5d643e738ed5f,fly_lstep_crouch_walk_npc_flesh
2254821bf7b99246,fly_lstep_crouch_walk_npc_foliage
78559d8c07d6e813,fly_lstep_crouch_walk_npc_fruit
6844562eec621f11,fly_lstep_crouch_walk_npc_glass
2e8e140f32a344a1,fly_lstep_crouch_walk_npc_glassbulletproof
6afeb2e968fb1745,fly_lstep_crouch_walk_npc_glasscar
526652a4dd5e0c57,fly_lstep_crouch_walk_npc_grass
d6350243f7a336c,fly_lstep_crouch_walk_npc_gravel
1555f76f49f9484e,fly_lstep_crouch_walk_npc_ice
3468510a5d09f10e,fly_lstep_crouch_walk_npc_metal
5c426cfa90e339f0,fly_lstep_crouch_walk_npc_metalcar
7ef32cface325e9b,fly_lstep_crouch_walk_npc_metalcatwalk
1ae47b65282a97d,fly_lstep_crouch_walk_npc_metalhollow
619bad2f37297a1d,fly_lstep_crouch_walk_npc_metalthin
3626686f5c09f713,fly_lstep_crouch_walk_npc_mud
17c40da48d3b523,fly_lstep_crouch_walk_npc_paintedmetal
72b6982dd68ea07,fly_lstep_crouch_walk_npc_paper
4f7ea85daa5e0506,fly_lstep_crouch_walk_npc_plaster
4fa6c15daa7f8195,fly_lstep_crouch_walk_npc_plastic
66035bda5410ac92,fly_lstep_crouch_walk_npc_rock
6d65a03cf16145b9,fly_lstep_crouch_walk_npc_rubber
a66b4ce75905941,fly_lstep_crouch_walk_npc_sand
717e16ce67c32cd0,fly_lstep_crouch_walk_npc_snow
13090e168d4297a6,fly_lstep_crouch_walk_npc_tallgrass
5dba2ea5f20f2cda,fly_lstep_crouch_walk_npc_water
61e1ae7affdeafbe,fly_lstep_crouch_walk_npc_watershallow
142260f260c7266a,fly_lstep_crouch_walk_npc_wood
5630e855180385e2,fly_lstep_prone_npc_asphalt
2d96ba02331258a5,fly_lstep_prone_npc_bark
180d0a2e4f4ead74,fly_lstep_prone_npc_brick
7566438a88c89860,fly_lstep_prone_npc_carpet
47cb2fd87df6d8ed,fly_lstep_prone_npc_ceramic
4786a31726e0dd75,fly_lstep_prone_npc_cloth
534b09c31d160f40,fly_lstep_prone_npc_concrete
6b8f730ef40ca502,fly_lstep_prone_npc_cushion
435cc367f54655d4,fly_lstep_prone_npc_default
5da58b31eb43dc62,fly_lstep_prone_npc_dirt
1475a9e054d0b747,fly_lstep_prone_npc_flesh
cf32ff7f100febe,fly_lstep_prone_npc_foliage
5b0141b04f238ceb,fly_lstep_prone_npc_fruit
4b18b9ca216c5aa9,fly_lstep_prone_npc_glass
347816c575669bff,fly_lstep_prone_npc_grass
3a230b869605fc54,fly_lstep_prone_npc_gravel
7a9555155bad15c6,fly_lstep_prone_npc_ice
5e47fc019343ffd6,fly_lstep_prone_npc_metal
1e60061570463b6b,fly_lstep_prone_npc_mud
2407cde01c8f7dbb,fly_lstep_prone_npc_paintedmetal
57070da2daf8682f,fly_lstep_prone_npc_paper
1d419dd415049b1e,fly_lstep_prone_npc_plaster
1d3396d414f851dd,fly_lstep_prone_npc_plastic
2e9034855301d54a,fly_lstep_prone_npc_rock
1a344a7b58c0edf1,fly_lstep_prone_npc_rubber
1fd22d7f4b119a29,fly_lstep_prone_npc_sand
103a3f7f8aade2c8,fly_lstep_prone_npc_snow
4108b2ca39e5fca2,fly_lstep_prone_npc_water
735b699dfdfbd802,fly_lstep_prone_npc_wood
61c5e7acae7782c9,fly_lstep_run_npc_asphalt
d40ee792691188c,fly_lstep_run_npc_bark
3b3d69bd7f815b21,fly_lstep_run_npc_bodyarmor
1d8b75f1539efdf,fly_lstep_run_npc_brick
256083882b066339,fly_lstep_run_npc_carpet
4b828ff1e209e8a,fly_lstep_run_npc_ceramic
7180bd6f35c2b2fe,fly_lstep_run_npc_cloth
42dd0f5f41d4139d,fly_lstep_run_npc_concrete
2154b90a73a3d345,fly_lstep_run_npc_cushion
4f2e33d7732ca9bb,fly_lstep_run_npc_default
68465d6767719dbb,fly_lstep_run_npc_dirt
317f2462d82bf008,fly_lstep_run_npc_flesh
19ac31b8736ba011,fly_lstep_run_npc_foliage
2868238ba068155c,fly_lstep_run_npc_fruit
4d4deebc294f3222,fly_lstep_run_npc_glass
538428ed9c4c1188,fly_lstep_run_npc_glassbulletproof
13208eeb8752816c,fly_lstep_run_npc_glasscar
e7baaccd6c3da74,fly_lstep_run_npc_grass
34936b10d62daf39,fly_lstep_run_npc_gravel
7d602e717a0f6e3d,fly_lstep_run_npc_ice
1d27c01697be25a5,fly_lstep_run_npc_metal
137ed8d132154b41,fly_lstep_run_npc_metalcar
1869caa661f7a9e2,fly_lstep_run_npc_metalcatwalk
6aa0935177a113e,fly_lstep_run_npc_metalhollow
25fbe9d663fc7f12,fly_lstep_run_npc_metalthin
5caaa57168155e68,fly_lstep_run_npc_mud
135b2b8a32a3bc4e,fly_lstep_run_npc_paintedmetal
4dc76b61114e72d8,fly_lstep_run_npc_paper
245b7bf1738c27d1,fly_lstep_run_npc_plaster
248392f173ada0fa,fly_lstep_run_npc_plastic
3a3b33efe62ac8df,fly_lstep_run_npc_rock
6d2c49255fe56f18,fly_lstep_run_npc_rubber
1e86b2fc118c26e8,fly_lstep_run_npc_sand
2e1e80fbd1efa7e9,fly_lstep_run_npc_snow
48ce6d204aab2add,fly_lstep_run_npc_tallgrass
400db778cc344c51,fly_lstep_run_npc_water
442e05562002b1b7,fly_lstep_run_npc_watershallow
1e1c46d873bfc37f,fly_lstep_run_npc_wood
63b2e0f7e0f2ac74,fly_lstep_sprint_npc_asphalt
37299b128f396b23,fly_lstep_sprint_npc_bark
6139980d52131e04,fly_lstep_sprint_npc_bodyarmor
21b510251b727a3a,fly_lstep_sprint_npc_brick
2bdfd79f4f984e72,fly_lstep_sprint_npc_carpet
3c88250fbf76d2b7,fly_lstep_sprint_npc_ceramic
6811f9f72585f6ab,fly_lstep_sprint_npc_cloth
4c028f68c1b3093e,fly_lstep_sprint_npc_concrete
69fb10060a775180,fly_lstep_sprint_npc_cushion
d0f3122d5276f9e,fly_lstep_sprint_npc_default
106b47e324710780,fly_lstep_sprint_npc_dirt
1c71bbb06853e58d,fly_lstep_sprint_npc_flesh
225ae76de7d29ca8,fly_lstep_sprint_npc_foliage
18570b5ce3d0e651,fly_lstep_sprint_npc_fruit
192acfdd0ead75eb,fly_lstep_sprint_npc_glass
2f60b23d2c11c8d3,fly_lstep_sprint_npc_glassbulletproof
7e136d94174b08eb,fly_lstep_sprint_npc_glasscar
580e34306c0216bd,fly_lstep_sprint_npc_grass
873064779024afa,fly_lstep_sprint_npc_gravel
25da31963526cae0,fly_lstep_sprint_npc_ice
64c4f6cefc5af75c,fly_lstep_sprint_npc_metal
13ceed96e8ffb702,fly_lstep_sprint_npc_metalcar
1546c1bbf2803611,fly_lstep_sprint_npc_metalcatwalk
3fe9580626bbf75f,fly_lstep_sprint_npc_metalhollow
c18abaa5a8675ef,fly_lstep_sprint_npc_metalthin
22bb29620a674e9,fly_lstep_sprint_npc_mud
6b433f8fa2e4f169,fly_lstep_sprint_npc_paintedmetal
3e079404d6086b99,fly_lstep_sprint_npc_paper
55df42adfc7084c4,fly_lstep_sprint_npc_plaster
55d23badfc65ee83,fly_lstep_sprint_npc_plastic
402db996d5ce5074,fly_lstep_sprint_npc_rock
171def3af6d2b1db,fly_lstep_sprint_npc_rubber
2635f28fa4849683,fly_lstep_sprint_npc_sand
7523548fd17f4552,fly_lstep_sprint_npc_snow
383f89feff3df7d4,fly_lstep_sprint_npc_tallgrass
227170585ef08e10,fly_lstep_sprint_npc_water
442404337d2da44,fly_lstep_sprint_npc_watershallow
d2dba6d1b6e40c8,fly_lstep_sprint_npc_wood
4e00debd5f5c3275,fly_lstep_walk_npc_asphalt
681470d3030baa30,fly_lstep_walk_npc_bark
4121251330d83f7d,fly_lstep_walk_npc_bodyarmor
7b85ab1cba379b1b,fly_lstep_walk_npc_brick
3b5281d85cf8440d,fly_lstep_walk_npc_carpet
349ba1c47e2e6cb6,fly_lstep_walk_npc_ceramic
33c85a7a7dea0112,fly_lstep_walk_npc_cloth
5fe3ac85abad8ae9,fly_lstep_walk_npc_concrete
4bc2168de1072f69,fly_lstep_walk_npc_cushion
1b1e2e4aa9146ea7,fly_lstep_walk_npc_default
3ae4d803a945dbcf,fly_lstep_walk_npc_dirt
3420828524c018c,fly_lstep_walk_npc_flesh
6c0140ea64f22655,fly_lstep_walk_npc_foliage
6574af932fc1b4d0,fly_lstep_walk_npc_fruit
30b6aa7c948ced3e,fly_lstep_walk_npc_glass
43717856d6f2e20c,fly_lstep_walk_npc_glassbulletproof
619b127ab1a1ca60,fly_lstep_walk_npc_glasscar
700706cff23e5258,fly_lstep_walk_npc_grass
339c2858ae132ddd,fly_lstep_walk_npc_gravel
6c4e0b048241e581,fly_lstep_walk_npc_ice
3a8fe509bdf48401,fly_lstep_walk_npc_metal
27b70faf7b347db5,fly_lstep_walk_npc_metalcar
5542751223efeee,fly_lstep_walk_npc_metalcatwalk
74f9e5d56c6314f2,fly_lstep_walk_npc_metalhollow
6b9cd1ca1e75cc5e,fly_lstep_walk_npc_metalthin
cf57a04942f8bcc,fly_lstep_walk_npc_mud
534e6aed9072062,fly_lstep_walk_npc_paintedmetal
486b4025cfa535dc,fly_lstep_walk_npc_paper
6bb8109be0bd1785,fly_lstep_walk_npc_plaster
6bc4f79be0c77766,fly_lstep_walk_npc_plastic
22d1e4b21bb23cb,fly_lstep_walk_npc_rock
3ad5b7a7fefc29cc,fly_lstep_walk_npc_rubber
793f0d55edefacdc,fly_lstep_walk_npc_sand
4dec3355d564ba45,fly_lstep_walk_npc_snow
727c2ef55e0fb019,fly_lstep_walk_npc_tallgrass
7cfe3b805b756375,fly_lstep_walk_npc_water
17a00fd0bde79053,fly_lstep_walk_npc_watershallow
35121974dc0464f3,fly_lstep_walk_npc_wood
1abd5298d5075764,fly_melee_imp_arm_blade_npc
5c3c5406de1e403f,fly_melee_imp_arm_blade_npc_glass
5a76a85d65f9b100,fly_melee_imp_arm_blade_npc_metal
352d69a57878face,fly_melee_imp_arm_blade_npc_metalcar
62fea4f525de73c7,fly_melee_imp_arm_blade_npc_plastic
638ad764dfe04d2b,fly_melee_imp_arm_blade_npc_riot
1673b264fc690618,fly_melee_imp_arm_blade_npc_rock
4550bb7d09c0afc4,fly_melee_imp_arm_blade_npc_wood
19680790ee5d25f9,fly_melee_lunge_player_sword
58c29453db25dd69,fly_melee_lunge_player_sword_gore
1c8d78437cd66808,fly_melee_lunge_player_sword_swt
282e7f1926011e53,fly_melee_lunge_sword
1d5815346716ad40,fly_melee_lunge_victim_sword
5c3cc182f2d818f2,fly_melee_lunge_victim_sword_gore
3bee9a363d0414f9,fly_melee_lunge_victim_sword_swt
2c208e600e6ddca6,fly_melee_lungealt_knife
247fe46c7493d7aa,fly_melee_lungealt_pistol
770dde83d52e71ae,fly_melee_lungealt_player_knife
4497036f73d6e422,fly_melee_lungealt_player_pistol
448e4ed400b330e5,fly_melee_lungealt_player_rifle
460ba3f9675d904a,fly_melee_lungealt_player_sword
20633ebb366bb900,fly_melee_lungealt_player_sword_gore
50bf269b00609997,fly_melee_lungealt_player_sword_swt
7d0db5c9e25bb98d,fly_melee_lungealt_rifle
a2f9a62d7453d42,fly_melee_lungealt_sword
3980b9468d2f20fb,fly_melee_lungealt_victim_knife
5b7e7e7050e5e8b9,fly_melee_lungealt_victim_pistol
653c7fdbca0b47ec,fly_melee_lungealt_victim_rifle
127ccc2c1bfae7af,fly_melee_lungealt_victim_sword
22e9e6e04feeb6c3,fly_melee_lungealt_victim_sword_gore
31fe50e3e224d45a,fly_melee_lungealt_victim_sword_swt
2b14d3c507a540e9,fly_melee_swipe_player_rifle
3c61204e2667ff1e,fly_melee_swipe_player_sword
54aa046a6ab694ac,fly_melee_swipe_player_sword_gore
794653625c7feee1,fly_melee_swipe_player_sword_h
fe8889f0e426a41,fly_melee_swipe_player_sword_h_gore
7caa7c43a9452560,fly_melee_swipe_player_sword_h_swt
4c7d6ec59bf09573,fly_melee_swipe_player_sword_swt
2d1d9ef73e78a5f1,fly_melee_swipe_rifle
2e6e6246197e1f36,fly_melee_swipe_sword
341c86d129de7219,fly_melee_swipe_sword_h
3ac2082376a2748,fly_melee_swipe_victim_rifle
4992bc90777a541b,fly_melee_swipe_victim_sword
3287e57bb056d8c7,fly_melee_swipe_victim_sword_gore
1934ac0943d8606c,fly_melee_swipe_victim_sword_h
2590baffa05c7dd6,fly_melee_swipe_victim_sword_h_gore
756481c850348b7d,fly_melee_swipe_victim_sword_h_swt
575d27560040ecce,fly_melee_swipe_victim_sword_swt
6ff6648f0629b815,fly_melee_swipealt_knife
6ce8a6fd12da1523,fly_melee_swipealt_pistol
20faca24e6f2e87b,fly_melee_swipealt_player_knife
4cb690ba23cf0f6c,fly_melee_swipealt_player_rifle
79f6dd0a75beaf2f,fly_melee_swipealt_player_sword
659204dc27bfdd43,fly_melee_swipealt_player_sword_gore
4dddbf4dce0ad3da,fly_melee_swipealt_player_sword_swt
2bfec653759fd21a,fly_melee_swipealt_rifle
4a426280224ad16d,fly_melee_swipealt_sword
7eabfa5576a99ce,fly_melee_swipealt_victim_knife
24ab6f5fbd2b7cc2,fly_melee_swipealt_victim_pistol
556b2ff582ef5905,fly_melee_swipealt_victim_rifle
2a078515feb7e46a,fly_melee_swipealt_victim_sword
48c8a2bf83378760,fly_melee_swipealt_victim_sword_gore
3f4ef5ea75aaa177,fly_melee_swipealt_victim_sword_swt
3c0e999f487a1122,fly_muscle_bot
5f4b493d7a27f1c6,fly_muscle_land_bot
37ea08654f3f2ae0,fly_muscle_run_bot
37162ad4b6cb1bf3,fly_muscle_sprint_bot
4e8d706eb6c924d1,fly_qbody_scoot
6189a3e250a7a5da,fly_qboot_land_npc
2986601f892e24f,fly_qboot_land_soft_npc
32d9b2da061b414a,fly_qboot_npc
3e5b59d00c883d54,fly_qboot_run_npc
379b38cd1a3e077f,fly_qboot_soft_npc
1a2f22df18f91301,fly_qboot_soft_run_npc
1a5dc6a3efca6604,fly_qboot_soft_sprint_npc
2f669f7fce440bc7,fly_qboot_sprint_npc
59806337527264f6,fly_qcloth_land_npc
29e041b65d4e1afe,fly_qcloth_npc
66d185801c954630,fly_qcloth_run_npc
7709834b69756b8b,fly_qcloth_sprint_npc
57eb50b798c02bd4,fly_qimpact_land_npc
57ab226604e3b7f0,fly_qimpact_npc
234315e289e4004e,fly_qimpact_run_npc
108646aa7b8617f9,fly_qimpact_sprint_npc
29a3c409469a780f,fly_qland_npc_asphalt
5f7e3a2401c18fae,fly_qland_npc_bark
189264e8b5fbe157,fly_qland_npc_bodyarmor
4253559a941040d9,fly_qland_npc_brick
4e1e6718792e1c9f,fly_qland_npc_carpet
4ff509ccb7ea39a0,fly_qland_npc_ceramic
30f3055d11de2c10,fly_qland_npc_cloth
4bc785108d77b2e7,fly_qland_npc_concrete
5410269779b47a47,fly_qland_npc_cushion
4c7d3667174d9269,fly_qland_npc_default
f45fcefaefc596d,fly_qland_npc_dirt
4931a306cfd084d8,fly_qland_npc_dirt_big
3f824f863f00b50a,fly_qland_npc_flesh
5cb052dfa34ca2a7,fly_qland_npc_foliage
a993ed2d3ab5926,fly_qland_npc_fruit
5e9ebd42f81c30a8,fly_qland_npc_glass
27c253b171f0d1c6,fly_qland_npc_glassbulletproof
1f4a251ae5530da6,fly_qland_npc_glasscar
213021fa634c4fae,fly_qland_npc_grass
4d79f776cb6bc36b,fly_qland_npc_gravel
58f429aca3f6002b,fly_qland_npc_ice
26a52cc063f9b687,fly_qland_npc_metal
6c06e4e421ed9a9f,fly_qland_npc_metalcar
85bcd981583f9a4,fly_qland_npc_metalcatwalk
4beac48d88165cf4,fly_qland_npc_metalhollow
e875822874a7e80,fly_qland_npc_metalthin
38b888ac926323ca,fly_qland_npc_mud
28a6ea7d26f656a8,fly_qland_npc_paintedmetal
402861f2b63631d6,fly_qland_npc_paper
28c7bc77a06d31cb,fly_qland_npc_plaster
28bab377a0629824,fly_qland_npc_plastic
61dadb9c5b975505,fly_qland_npc_rock
308a2bdb9061ba96,fly_qland_npc_rubber
6cd5baa6e96567e6,fly_qland_npc_sand
2a9ff8a70cb8eef7,fly_qland_npc_snow
2063769b55d209cf,fly_qland_npc_tallgrass
27dcbee357465c23,fly_qland_npc_water
49e27da9eea17261,fly_qland_npc_watershallow
3333f2844e6d7129,fly_qland_npc_wood
317f36d2b048b018,fly_qprone_water
3cdfd548fd5bf11,fly_qstep_crouch_run_npc_asphalt
e29014b44576654,fly_qstep_crouch_run_npc_bark
61a4dcded9540d69,fly_qstep_crouch_run_npc_bodyarmor
6fb17b735dc75447,fly_qstep_crouch_run_npc_brick
37ec38873d418cd1,fly_qstep_crouch_run_npc_carpet
4b19a7c8b799f252,fly_qstep_crouch_run_npc_ceramic
383b6312720137b6,fly_qstep_crouch_run_npc_cloth
7758658e04dc575,fly_qstep_crouch_run_npc_concrete
28bb743c0870fb6d,fly_qstep_crouch_run_npc_cushion
4a324089578cd953,fly_qstep_crouch_run_npc_default
81bf03a6ffec623,fly_qstep_crouch_run_npc_dirt
6d0558fafe1c1590,fly_qstep_crouch_run_npc_flesh
7fc4381d6bc40089,fly_qstep_crouch_run_npc_foliage
214868a7505c7a74,fly_qstep_crouch_run_npc_fruit
389beaf7f613d11a,fly_qstep_crouch_run_npc_glass
6183df82cfe082d0,fly_qstep_crouch_run_npc_glassbulletproof
a83ff0f2542774,fly_qstep_crouch_run_npc_glasscar
7907e78e06884a1c,fly_qstep_crouch_run_npc_grass
54e1f5500f71821,fly_qstep_crouch_run_npc_gravel
49160f6c5cbc6275,fly_qstep_crouch_run_npc_ice
4e66fe5f58684eed,fly_qstep_crouch_run_npc_metal
7dac1cc0a5666639,fly_qstep_crouch_run_npc_metalcar
47a8a59d6408e1da,fly_qstep_crouch_run_npc_metalcatwalk
38619b7a5af09556,fly_qstep_crouch_run_npc_metalhollow
57aa11b359c37e4a,fly_qstep_crouch_run_npc_metalthin
2567466c483b8ec0,fly_qstep_crouch_run_npc_mud
69e2ea64b2c57fe6,fly_qstep_crouch_run_npc_paintedmetal
72b457e2979add60,fly_qstep_crouch_run_npc_paper
12dd99c7eac6d109,fly_qstep_crouch_run_npc_plaster
12cfb0c7eababac2,fly_qstep_crouch_run_npc_plastic
16d4f7cf8aa191d7,fly_qstep_crouch_run_npc_rock
3bd3a9d6248dc770,fly_qstep_crouch_run_npc_rubber
1ce496d545b18090,fly_qstep_crouch_run_npc_sand
35ce14d5538029a1,fly_qstep_crouch_run_npc_snow
5856a43c6f585585,fly_qstep_crouch_run_npc_tallgrass
7bdcc3faf0f1b3f9,fly_qstep_crouch_run_npc_water
62179745006a6c2f,fly_qstep_crouch_run_npc_watershallow
68b5fab77deb2597,fly_qstep_crouch_run_npc_wood
5ae1e8fa1d741a30,fly_qstep_crouch_run_plr_asphalt
4903cd44760f957,fly_qstep_crouch_run_plr_bark
18e0c473662c4c90,fly_qstep_crouch_run_plr_bodyarmor
571d1f4a3ad09326,fly_qstep_crouch_run_plr_brick
f73a74cebb908b6,fly_qstep_crouch_run_plr_carpet
22cc0eae1c9f0aa3,fly_qstep_crouch_run_plr_ceramic
1abaa1594b7fc70f,fly_qstep_crouch_run_plr_cloth
245de8d9d4d16eea,fly_qstep_crouch_run_plr_concrete
364736cf8097d9e4,fly_qstep_crouch_run_plr_cushion
dfc65ecdf393c9a,fly_qstep_crouch_run_plr_default
334881e65446c1e4,fly_qstep_crouch_run_plr_dirt
399a32ef745d3a1,fly_qstep_crouch_run_plr_flesh
375901a756a5e9bc,fly_qstep_crouch_run_plr_foliage
74bc0b1dd5efcbf5,fly_qstep_crouch_run_plr_fruit
3bdf7f5b7716bc47,fly_qstep_crouch_run_plr_glass
5753d0e34b6219ce,fly_qstep_crouch_run_plr_glassbroken
13699b66eea65667,fly_qstep_crouch_run_plr_glassbulletproof
58a4e2b56fb6575f,fly_qstep_crouch_run_plr_glasscar
503a43f04c1add21,fly_qstep_crouch_run_plr_grass
18dc8d5169e8a9be,fly_qstep_crouch_run_plr_gravel
1f4f5bc9a1d1894,fly_qstep_crouch_run_plr_ice
56fdf5ba0b375ad8,fly_qstep_crouch_run_plr_metal
e191bc4345c5816,fly_qstep_crouch_run_plr_metalcar
7a80e4a29d98a84d,fly_qstep_crouch_run_plr_metalcatwalk
36297a8a34bd2dc3,fly_qstep_crouch_run_plr_metalhollow
40020ee81889c2fb,fly_qstep_crouch_run_plr_metalthin
26709ebcaf4ccf4d,fly_qstep_crouch_run_plr_mud
42310d0b0786df9d,fly_qstep_crouch_run_plr_paintedmetal
7e5c74315cb7456d,fly_qstep_crouch_run_plr_paper
7d583ea8212e68,fly_qstep_crouch_run_plr_plaster
54413ea7fe023f,fly_qstep_crouch_run_plr_plastic
5342535c64496080,fly_qstep_crouch_run_plr_rock
7b9e8350e7ab84bf,fly_qstep_crouch_run_plr_rubber
73ed9c515cf08977,fly_qstep_crouch_run_plr_sand
74e1465115cbdd9e,fly_qstep_crouch_run_plr_snow
60a7e60e145e2c30,fly_qstep_crouch_run_plr_tallgrass
74fd081903312c64,fly_qstep_crouch_run_plr_water
27cf05eb3969db60,fly_qstep_crouch_run_plr_watershallow
148c6c750c4942ec,fly_qstep_crouch_run_plr_wood
998c0075e769c7d,fly_qstep_crouch_walk_npc_asphalt
3c30e418cc1b6378,fly_qstep_crouch_walk_npc_bark
5147ac17e7922d65,fly_qstep_crouch_walk_npc_bodyarmor
5769d1a5acd02cc3,fly_qstep_crouch_walk_npc_brick
12646f7584706e45,fly_qstep_crouch_walk_npc_carpet
29987f398dec349e,fly_qstep_crouch_walk_npc_ceramic
48f688d618cf280a,fly_qstep_crouch_walk_npc_cloth
1027febe4c70b021,fly_qstep_crouch_walk_npc_concrete
7be6d79af2315e71,fly_qstep_crouch_walk_npc_cushion
1c91c85557cecf3f,fly_qstep_crouch_walk_npc_default
15bacb4d6c4bb797,fly_qstep_crouch_walk_npc_dirt
26a6e78b574c6154,fly_qstep_crouch_walk_npc_flesh
3e3626d2e0426c4d,fly_qstep_crouch_walk_npc_foliage
45c67f79be694be8,fly_qstep_crouch_walk_npc_fruit
5609518960ed4176,fly_qstep_crouch_walk_npc_glass
313becaae91f9774,fly_qstep_crouch_walk_npc_glassbulletproof
d25cf09335a8be8,fly_qstep_crouch_walk_npc_glasscar
68e88e6495413140,fly_qstep_crouch_walk_npc_grass
1db4a1e9abf443a5,fly_qstep_crouch_walk_npc_gravel
294ae7ced6c7e539,fly_qstep_crouch_walk_npc_ice
5459936c6a9a3ec9,fly_qstep_crouch_walk_npc_metal
3a866b597241c74d,fly_qstep_crouch_walk_npc_metalcar
7692fc325a8cf366,fly_qstep_crouch_walk_npc_metalcatwalk
272504d452ab88ea,fly_qstep_crouch_walk_npc_metalhollow
79966b9ce713add6,fly_qstep_crouch_walk_npc_metalthin
4a5f96cee912ca24,fly_qstep_crouch_walk_npc_mud
f3ae289e06d243a,fly_qstep_crouch_walk_npc_paintedmetal
142aedfd90c29a44,fly_qstep_crouch_walk_npc_paper
4bab8650eb2437bd,fly_qstep_crouch_walk_npc_plaster
4b828d50eb013e8e,fly_qstep_crouch_walk_npc_plastic
60d72194e802c8a3,fly_qstep_crouch_walk_npc_rock
5395a4555fea22c4,fly_qstep_crouch_walk_npc_rubber
4a2b909bb449e7c4,fly_qstep_crouch_walk_npc_sand
2b23669bebb0745d,fly_qstep_crouch_walk_npc_snow
6efbd37360be4001,fly_qstep_crouch_walk_npc_tallgrass
7010b6bd24934fd,fly_qstep_crouch_walk_npc_water
76cc843cf24bb90b,fly_qstep_crouch_walk_npc_watershallow
26952cbf3d4f616b,fly_qstep_crouch_walk_npc_wood
546b5df3f170b8ac,fly_qstep_crouch_walk_plr_asphalt
5df962b8df9b473b,fly_qstep_crouch_walk_plr_bark
1ef23ccdc62b243c,fly_qstep_crouch_walk_plr_bodyarmor
7f16a6b8e5e35a52,fly_qstep_crouch_walk_plr_brick
7367c4db37208fda,fly_qstep_crouch_walk_plr_carpet
200259f1cf02e9af,fly_qstep_crouch_walk_plr_ceramic
33daaef67c563a73,fly_qstep_crouch_walk_plr_cloth
42c7c291da2e7e26,fly_qstep_crouch_walk_plr_concrete
3550b4a4444b88f8,fly_qstep_crouch_walk_plr_cushion
36b0bc47b28137a6,fly_qstep_crouch_walk_plr_default
53e4f87eedad058,fly_qstep_crouch_walk_plr_dirt
bcca11a602dd25,fly_qstep_crouch_walk_plr_flesh
114b7456ce351570,fly_qstep_crouch_walk_plr_foliage
5257493b32acd6f9,fly_qstep_crouch_walk_plr_fruit
2d56e6f4180eb893,fly_qstep_crouch_walk_plr_glass
335cd771c47f090b,fly_qstep_crouch_walk_plr_glassbulletproof
61b649174d8a07c3,fly_qstep_crouch_walk_plr_glasscar
16152ac34b4f13f5,fly_qstep_crouch_walk_plr_grass
3bb2a9d8e9322152,fly_qstep_crouch_walk_plr_gravel
68030aed628fde88,fly_qstep_crouch_walk_plr_ice
18eb4bc2f77e7494,fly_qstep_crouch_walk_plr_metal
34cd72ba30bfd38a,fly_qstep_crouch_walk_plr_metalcar
3e1e0c044228c1f9,fly_qstep_crouch_walk_plr_metalcatwalk
2da55d4db59e3207,fly_qstep_crouch_walk_plr_metalhollow
669b8ea142a3bcf7,fly_qstep_crouch_walk_plr_metalthin
43e74bed4db249f1,fly_qstep_crouch_walk_plr_mud
20c0c5f9bb835f51,fly_qstep_crouch_walk_plr_paintedmetal
671dc98c514318d1,fly_qstep_crouch_walk_plr_paper
ce4b25f0334df6c,fly_qstep_crouch_walk_plr_plaster
d0ccb5f03565bfb,fly_qstep_crouch_walk_plr_plastic
5e7bb1408836a91c,fly_qstep_crouch_walk_plr_rock
403de707394a0b83,fly_qstep_crouch_walk_plr_rubber
5034ca35f79a745b,fly_qstep_crouch_walk_plr_sand
13449c35d500ac3a,fly_qstep_crouch_walk_plr_snow
359d38b5045ca06c,fly_qstep_crouch_walk_plr_tallgrass
5c3bce36ad9f25a8,fly_qstep_crouch_walk_plr_water
517cafde39fa900c,fly_qstep_crouch_walk_plr_watershallow
2bb1a216ce040db0,fly_qstep_crouch_walk_plr_wood
1a9f7d54cafc2a95,fly_qstep_prone_npc_asphalt
5b3b8cd723193d0,fly_qstep_prone_npc_bark
4a3559a2acc1553b,fly_qstep_prone_npc_brick
77a3f7c9b59ed5ad,fly_qstep_prone_npc_carpet
13a405be9ce64d6,fly_qstep_prone_npc_ceramic
27809007073bb32,fly_qstep_prone_npc_cloth
5e4407d677619089,fly_qstep_prone_npc_concrete
41dbb52a34a5d289,fly_qstep_prone_npc_cushion
4380f7644f009dc7,fly_qstep_prone_npc_default
551d1ffe1586e96f,fly_qstep_prone_npc_dirt
51f1b6ae44d5bbac,fly_qstep_prone_npc_flesh
602ce7dcf1308375,fly_qstep_prone_npc_foliage
34245e19224b6ef0,fly_qstep_prone_npc_fruit
7f6659028716a75e,fly_qstep_prone_npc_glass
3eb6b555e4c80c78,fly_qstep_prone_npc_grass
71db95f3ce1a057d,fly_qstep_prone_npc_gravel
7bff818bda3191a1,fly_qstep_prone_npc_ice
ca5938fb3616721,fly_qstep_prone_npc_metal
1ca7f08bec20eaec,fly_qstep_prone_npc_mud
5946c13428c1c402,fly_qstep_prone_npc_paintedmetal
4095eeb0aa2d9afc,fly_qstep_prone_npc_paper
3668b78984fcc9a5,fly_qstep_prone_npc_plaster
36769e898508dc86,fly_qstep_prone_npc_plastic
1fcc664590e10d6b,fly_qstep_prone_npc_rock
73c22d9954c1456c,fly_qstep_prone_npc_rubber
137755505a30ba7c,fly_qstep_prone_npc_sand
68247b5041a5c7e5,fly_qstep_prone_npc_snow
4badea064dff1d95,fly_qstep_prone_npc_water
4f4a616f48457293,fly_qstep_prone_npc_wood
dff6c9a51059f64,fly_qstep_prone_plr_asphalt
74ab9b1e430d2633,fly_qstep_prone_plr_bark
47da55195111e334,fly_qstep_prone_plr_bodyarmor
65a0d2fff7f2f06a,fly_qstep_prone_plr_brick
68bfd0acdc43ed82,fly_qstep_prone_plr_carpet
2a7e3d9f90c0aee7,fly_qstep_prone_plr_ceramic
5db5f36ae337fb9b,fly_qstep_prone_plr_cloth
42dc40bf2c681b2e,fly_qstep_prone_plr_concrete
199cb35244cf9cd0,fly_qstep_prone_plr_cushion
222ef11878a2232e,fly_qstep_prone_plr_default
786127e8b4d5e830,fly_qstep_prone_plr_dirt
38d2bd7b9732747d,fly_qstep_prone_plr_flesh
6a1fc4ce31a98578,fly_qstep_prone_plr_foliage
46440e3373e0bc01,fly_qstep_prone_plr_fruit
5b2fb3bf0217e13b,fly_qstep_prone_plr_glass
70663bc981d04083,fly_qstep_prone_plr_glassbulletproof
683e73bbcf085cfb,fly_qstep_prone_plr_glasscar
72eb170660df372d,fly_qstep_prone_plr_grass
b55e7d68d1d3b2a,fly_qstep_prone_plr_gravel
2b4d43a589223270,fly_qstep_prone_plr_ice
6b89d8998ddd4bcc,fly_qstep_prone_plr_metal
343602315a722cb2,fly_qstep_prone_plr_metalcar
2070bb78dbc73761,fly_qstep_prone_plr_metalcatwalk
56e94f387325c6f,fly_qstep_prone_plr_metalhollow
38a69f28d088a6bf,fly_qstep_prone_plr_metalthin
73184a574449dd9,fly_qstep_prone_plr_mud
62855c74881cdff9,fly_qstep_prone_plr_paintedmetal
5c16a82abfb6d1c9,fly_qstep_prone_plr_paper
74f905e06900ae14,fly_qstep_prone_plr_plaster
74ebdee068f5e173,fly_qstep_prone_plr_plastic
277d78954d1e03c4,fly_qstep_prone_plr_rock
73413fc9e94c08ab,fly_qstep_prone_plr_rubber
3c23f18f596fe7d3,fly_qstep_prone_plr_sand
884738f843f94c2,fly_qstep_prone_plr_snow
776bbce398f9d7a4,fly_qstep_prone_plr_tallgrass
689d8abc7da5d5c0,fly_qstep_prone_plr_water
33568e09f41166d4,fly_qstep_prone_plr_watershallow
770a796b94e92c58,fly_qstep_prone_plr_wood
168c76ccea6de9da,fly_qstep_run_npc_asphalt
10b1f80121c4751d,fly_qstep_run_npc_bark
62b122a4967673f2,fly_qstep_run_npc_bodyarmor
4f803b699944dacc,fly_qstep_run_npc_brick
7ad4585faf9121e8,fly_qstep_run_npc_carpet
7ecba597dbcbf4c5,fly_qstep_run_npc_ceramic
3165ec7b7d8e991d,fly_qstep_run_npc_cloth
2878c989e2f57ec8,fly_qstep_run_npc_concrete
62802d8c868d3ffa,fly_qstep_run_npc_cushion
472fe37b698c41bc,fly_qstep_run_npc_default
601b8931c51a121a,fly_qstep_run_npc_dirt
58934a92dca53cff,fly_qstep_run_npc_flesh
269919940fd260e6,fly_qstep_run_npc_foliage
47f311dafd4337b3,fly_qstep_run_npc_fruit
37e1ca7de1ce6eb1,fly_qstep_run_npc_glass
58ad8e36db56b7c1,fly_qstep_run_npc_glassbulletproof
71504121edfc2565,fly_qstep_run_npc_glasscar
2203c6f3d2ca5bf7,fly_qstep_run_npc_grass
423f524f4685138c,fly_qstep_run_npc_gravel
47e55ce4cb5b0dee,fly_qstep_run_npc_ice
2d80c55e3a74ebae,fly_qstep_run_npc_metal
78f82e2107aa8110,fly_qstep_run_npc_metalcar
1376931306c3ccbb,fly_qstep_run_npc_metalcatwalk
19daa132bd58681d,fly_qstep_run_npc_metalhollow
71b9c18b0bc6e8bd,fly_qstep_run_npc_metalthin
68b5cde4dd6bbcb3,fly_qstep_run_npc_mud
70dea36f3142da43,fly_qstep_run_npc_paintedmetal
5a2eddd1d5b862a7,fly_qstep_run_npc_paper
2c36377aa1d86ea6,fly_qstep_run_npc_plaster
2c5f507aa1fb9e35,fly_qstep_run_npc_plastic
317222852d330eb2,fly_qstep_run_npc_rock
1cedaabe2e28b6d9,fly_qstep_run_npc_rubber
7f507b7e36b16661,fly_qstep_run_npc_sand
6667dd7e28e439f0,fly_qstep_run_npc_snow
1404fde207dd8146,fly_qstep_run_npc_tallgrass
5a38a2f9d25d507a,fly_qstep_run_npc_water
373f7222eb6785de,fly_qstep_run_npc_watershallow
5f91279d39e9888a,fly_qstep_run_npc_wood
297f78423968777,fly_qstep_run_plr_asphalt
18d8d7ca084069b2,fly_qstep_run_plr_asphalt_swt
6c4e367fd6789596,fly_qstep_run_plr_bark
c1075433214d7ff,fly_qstep_run_plr_bodyarmor
353acda4b9759de1,fly_qstep_run_plr_brick
7625b7c5f7f14460,fly_qstep_run_plr_brick_swt
361868d9937c03d7,fly_qstep_run_plr_carpet
5a86bfd8302feae8,fly_qstep_run_plr_ceramic
63515ce3aa8b47c8,fly_qstep_run_plr_cloth
3fc0424c6af03ddf,fly_qstep_run_plr_concrete
42762ad79eba56f,fly_qstep_run_plr_cushion
728c0a92caee04e1,fly_qstep_run_plr_default
12c4594b36485275,fly_qstep_run_plr_dirt
11a7570dc32cedb2,fly_qstep_run_plr_flesh
5b242b2919e50bf,fly_qstep_run_plr_foliage
69c36dd464dfd3e,fly_qstep_run_plr_fruit
323975d544ceb360,fly_qstep_run_plr_glass
3b5e76c3d829456e,fly_qstep_run_plr_glassbulletproof
4e0f9e09a07554ae,fly_qstep_run_plr_glasscar
456f38fef5964596,fly_qstep_run_plr_grass
2c172c3b5cedb5f3,fly_qstep_run_plr_gravel
6e82735b5637f543,fly_qstep_run_plr_ice
1cce1be082e3b0cf,fly_qstep_run_plr_metal
4dfc230c723bd3f7,fly_qstep_run_plr_metalcar
6ab601af8d215fbc,fly_qstep_run_plr_metalcatwalk
2001cf5bc477cc,fly_qstep_run_plr_metalhollow
5c8e2ea34bfa3058,fly_qstep_run_plr_metalthin
4a07d25b4109ff22,fly_qstep_run_plr_mud
638cf2de542246c0,fly_qstep_run_plr_paintedmetal
f306164364cb9fe,fly_qstep_run_plr_paper
6879170a20082003,fly_qstep_run_plr_plaster
68a10e0a202962cc,fly_qstep_run_plr_plastic
ced4903e1cbd2fd,fly_qstep_run_plr_rock
3de8390948720714,fly_qstep_run_plr_rock_swt
3ca422c43877ef8e,fly_qstep_run_plr_rubber
7aeee809d7bc17ae,fly_qstep_run_plr_sand
2f685609ada5f34f,fly_qstep_run_plr_snow
18b1b92a8db75497,fly_qstep_run_plr_tallgrass
f269c3c39a7cc2b,fly_qstep_run_plr_water
79f8a376469032b9,fly_qstep_run_plr_watershallow
4b6e4feb39a04a81,fly_qstep_run_plr_wood
2b06619659428395,fly_qstep_sprint_npc_asphalt
357986a431309ed0,fly_qstep_sprint_npc_bark
49fb73371516429d,fly_qstep_sprint_npc_bodyarmor
765d1d893821063b,fly_qstep_sprint_npc_brick
5ee6d888893898ad,fly_qstep_sprint_npc_carpet
11a1249d7814bdd6,fly_qstep_sprint_npc_ceramic
2e9fcce6fbd36c32,fly_qstep_sprint_npc_cloth
372e33b38eacb89,fly_qstep_sprint_npc_concrete
5242996bc2ec2b89,fly_qstep_sprint_npc_cushion
53e7dba5dd46f6c7,fly_qstep_sprint_npc_default
4e2edd4d485f46f,fly_qstep_sprint_npc_dirt
7e197a94d0356cac,fly_qstep_sprint_npc_flesh
7093cc1e7f76dc75,fly_qstep_sprint_npc_foliage
604c21ffadab1ff0,fly_qstep_sprint_npc_fruit
2b8e1ce91276585e,fly_qstep_sprint_npc_glass
6d55ecfa1246b6ac,fly_qstep_sprint_npc_glassbulletproof
5849492b53fd3700,fly_qstep_sprint_npc_glasscar
6ade793c7027bd78,fly_qstep_sprint_npc_grass
591e76b2a1b3c87d,fly_qstep_sprint_npc_gravel
37e0037da222daa1,fly_qstep_sprint_npc_ice
38cd57763ec11821,fly_qstep_sprint_npc_metal
4d4870dd6cfa4d55,fly_qstep_sprint_npc_metalcar
f35ec814e9e3b8e,fly_qstep_sprint_npc_metalcatwalk
7fab30a60878da12,fly_qstep_sprint_npc_metalhollow
77452dbf1952c7e,fly_qstep_sprint_npc_metalthin
5888727db41233ec,fly_qstep_sprint_npc_mud
74bd06a1c5d02f02,fly_qstep_sprint_npc_paintedmetal
6cbdb297358d4bfc,fly_qstep_sprint_npc_paper
46cf9bcb134322a5,fly_qstep_sprint_npc_plaster
46dd82cb134f3586,fly_qstep_sprint_npc_plastic
4f92341c4fe0186b,fly_qstep_sprint_npc_rock
5b050e58285b086c,fly_qstep_sprint_npc_rubber
433d2327192fc57c,fly_qstep_sprint_npc_sand
17ea492700a4d2e5,fly_qstep_sprint_npc_snow
217fafecc4917e39,fly_qstep_sprint_npc_tallgrass
77d5adecd95ece95,fly_qstep_sprint_npc_water
5cb23496904933f3,fly_qstep_sprint_npc_watershallow
7f102f4607447d93,fly_qstep_sprint_npc_wood
1e6650dbdf4bf864,fly_qstep_sprint_plr_asphalt
627ab7b2fa051a5,fly_qstep_sprint_plr_asphalt_swt
247168f5020c3133,fly_qstep_sprint_plr_bark
7fb4214e2d412434,fly_qstep_sprint_plr_bodyarmor
11c896e68352a16a,fly_qstep_sprint_plr_brick
374885ee551bae77,fly_qstep_sprint_plr_brick_swt
5002b16bafddb082,fly_qstep_sprint_plr_carpet
3ae521e11f0707e7,fly_qstep_sprint_plr_ceramic
9ddb7516e97ac9b,fly_qstep_sprint_plr_cloth
680b1c23edf1562e,fly_qstep_sprint_plr_concrete
2a039793d315f5d0,fly_qstep_sprint_plr_cushion
3295d55a06e87c2e,fly_qstep_sprint_plr_default
2826f5bf73d4f330,fly_qstep_sprint_plr_dirt
64fa81622292257d,fly_qstep_sprint_plr_flesh
7a86a90fbfefde78,fly_qstep_sprint_plr_foliage
726bd219ff406d01,fly_qstep_sprint_plr_fruit
75777a58d77923b,fly_qstep_sprint_plr_glass
222bc224348edb83,fly_qstep_sprint_plr_glassbulletproof
d6d4f20909197fb,fly_qstep_sprint_plr_glasscar
1f12daecec3ee82d,fly_qstep_sprint_plr_grass
7298c89560b6fe2a,fly_qstep_sprint_plr_gravel
672dc59751137b70,fly_qstep_sprint_plr_ice
17b19c80193cfccc,fly_qstep_sprint_plr_metal
5964dd961bfb67b2,fly_qstep_sprint_plr_metalcar
3be700e678d5a261,fly_qstep_sprint_plr_metalcatwalk
46b2e1073366c56f,fly_qstep_sprint_plr_metalhollow
70806b5dacb7e7bf,fly_qstep_sprint_plr_metalthin
431206973c35e6d9,fly_qstep_sprint_plr_mud
7dfba1e2252b4af9,fly_qstep_sprint_plr_paintedmetal
83e6c114b1682c9,fly_qstep_sprint_plr_paper
55fea21f7470714,fly_qstep_sprint_plr_plaster
552c321f73c3a73,fly_qstep_sprint_plr_plastic
5743466c0c1d0ec4,fly_qstep_sprint_plr_rock
790adadac886c545,fly_qstep_sprint_plr_rock_swt
5a842088bce5cbab,fly_qstep_sprint_plr_rubber
6be9bf66186ef2d3,fly_qstep_sprint_plr_sand
384a4166433e9fc2,fly_qstep_sprint_plr_snow
2f458918752918a4,fly_qstep_sprint_plr_tallgrass
14c54ea3090586c0,fly_qstep_sprint_plr_water
4eccd377911fd1d4,fly_qstep_sprint_plr_watershallow
26d0474253e83758,fly_qstep_sprint_plr_wood
16737c31c931a1fc,fly_qstep_walk_npc_asphalt
3c06d6258f6c982b,fly_qstep_walk_npc_bark
376a999ba3dbf90c,fly_qstep_walk_npc_bodyarmor
35c6d9730a460362,fly_qstep_walk_npc_brick
1a51ef953404144a,fly_qstep_walk_npc_carpet
450b00cb19934a7f,fly_qstep_walk_npc_ceramic
1585e2bca2862943,fly_qstep_walk_npc_cloth
4db8a3a609ef0b6,fly_qstep_walk_npc_concrete
7832f2e21cc64c68,fly_qstep_walk_npc_cushion
bf822f5d73b4768,fly_qstep_walk_npc_dirt
395e3bc104c3fcf5,fly_qstep_walk_npc_flesh
7ade8fb9f51a3fe0,fly_qstep_walk_npc_foliage
766f7bf10d834ec9,fly_qstep_walk_npc_fruit
39e6f8a23b5f3c43,fly_qstep_walk_npc_glass
8bb19964d58201b,fly_qstep_walk_npc_glassbulletproof
2d0aaf25e612b4f3,fly_qstep_walk_npc_glasscar
4fc97d79c381c645,fly_qstep_walk_npc_grass
7c3a05e727b317a2,fly_qstep_walk_npc_gravel
5a2f2d8287952c78,fly_qstep_walk_npc_ice
10335f89bb0be424,fly_qstep_walk_npc_metal
494658e1d5db311a,fly_qstep_walk_npc_metalcar
1e5dd14812e82da9,fly_qstep_walk_npc_metalcatwalk
b7da17665175d37,fly_qstep_walk_npc_metalhollow
74ba750721c79f67,fly_qstep_walk_npc_metalthin
35a6ae82725b32c1,fly_qstep_walk_npc_mud
1668a90e85475101,fly_qstep_walk_npc_paintedmetal
1f7f15eca3735d21,fly_qstep_walk_npc_paper
3f89129ffa38a81c,fly_qstep_walk_npc_plaster
3fb10b9ffa59ee4b,fly_qstep_walk_npc_plastic
3b1363a26f8194cc,fly_qstep_walk_npc_rock
7c26385734daf973,fly_qstep_walk_npc_rubber
4213c96a658234b,fly_qstep_walk_npc_sand
46572e968304edca,fly_qstep_walk_npc_snow
86fd6e9fcc3ae5c,fly_qstep_walk_npc_tallgrass
6b221a9217d0bef8,fly_qstep_walk_npc_water
4616655cda90907c,fly_qstep_walk_npc_watershallow
ad75478b77be4a0,fly_qstep_walk_npc_wood
6334e22efdd36fc5,fly_qstep_walk_plr_asphalt
55081ebf77ce4720,fly_qstep_walk_plr_bark
361c2946906928cd,fly_qstep_walk_plr_bodyarmor
492142dbbb05a72b,fly_qstep_walk_plr_brick
6caa42f3ad7486fd,fly_qstep_walk_plr_carpet
5a557a7c256cd4c6,fly_qstep_walk_plr_ceramic
2a57f12c417ace62,fly_qstep_walk_plr_cloth
462e238cf706939,fly_qstep_walk_plr_concrete
2f85cf822de89b19,fly_qstep_walk_plr_cushion
1b1b261329ab3717,fly_qstep_walk_plr_default
7bc565eee294e35f,fly_qstep_walk_plr_dirt
23f5e73189eea19c,fly_qstep_walk_plr_flesh
67df33f6700c19c5,fly_qstep_walk_plr_foliage
17b34fa7c8937be0,fly_qstep_walk_plr_fruit
7c6223465afe6bee,fly_qstep_walk_plr_glass
4bc06083a848aa1c,fly_qstep_walk_plr_glassbulletproof
97a7a8877f5c450,fly_qstep_walk_plr_glasscar
3d36be8ef2b175e8,fly_qstep_walk_plr_grass
4e67f1e6715bc9ad,fly_qstep_walk_plr_gravel
7273ad70bfb912b1,fly_qstep_walk_plr_ice
45a76412583a7cd1,fly_qstep_walk_plr_metal
2c31908442562605,fly_qstep_walk_plr_metalcar
6a57e7de419cec5e,fly_qstep_walk_plr_metalcatwalk
973c315baa0a2a2,fly_qstep_walk_plr_metalhollow
28c88a516392aece,fly_qstep_walk_plr_metalthin
16155c70d42f2fdc,fly_qstep_walk_plr_mud
2d2c3b7fe9d0b1d2,fly_qstep_walk_plr_paintedmetal
1530be3ea360fd6c,fly_qstep_walk_plr_paper
d790db09f461d75,fly_qstep_walk_plr_plaster
d8714b09f5266b6,fly_qstep_walk_plr_plastic
6d2fcd425c1fb6bb,fly_qstep_walk_plr_rock
7ef852323759ccbc,fly_qstep_walk_plr_rubber
cecbc4e60e10fcc,fly_qstep_walk_plr_sand
619a024e48565395,fly_qstep_walk_plr_snow
26a36510e69d0d49,fly_qstep_walk_plr_tallgrass
49c3b9992f312b05,fly_qstep_walk_plr_water
7743e602426f8c43,fly_qstep_walk_plr_watershallow
20edc86c1720e8a3,fly_qstep_walk_plr_wood
66d7c4e84f468e26,fly_qweight_land_npc
5704e9d9feab2fae,fly_qweight_npc
3e04089716582300,fly_qweight_run_npc
388869e4f4583b3b,fly_qweight_sprint_npc
7f74c0c0cae22cf5,fly_robo_death_fx
7da2c9753e797d5e,fly_servo_bot
677b307eed86ed5a,fly_servo_land_bot
ff66d66da4560b4,fly_servo_run_bot
2858a06599a6b6af,fly_servo_sprint_bot
482056f478a28283,fly_silent_snapshot
5c653874ef7dbef5,fly_sniper_shell_in_npc
1b70ad755bd67f9c,fly_sniper_shell_in_plr
1ccf344d5bfe276,fly_sniper_shell_out_npc
662612447da962fb,fly_sniper_shell_out_plr
3796472ffffbca51,fly_step_run_bot_asphalt
50bee69e1af5fa10,fly_step_run_bot_asphalt_swt
1d57c803e2ee1494,fly_step_run_bot_bark
78e5f2ee1b4c38a9,fly_step_run_bot_bodyarmor
5641e728dab56d87,fly_step_run_bot_brick
641d0af9a0afd502,fly_step_run_bot_brick_swt
6a05fdea82f27211,fly_step_run_bot_carpet
7b7af1a424db2192,fly_step_run_bot_ceramic
1b64cec7ec0a74f6,fly_step_run_bot_cloth
3fefbdc7cbb4bdb5,fly_step_run_bot_concrete
284b9bf05ee781ad,fly_step_run_bot_cushion
4f165fe77846ce93,fly_step_run_bot_default
174ab6f30e957463,fly_step_run_bot_dirt
502fc4b0782705d0,fly_step_run_bot_flesh
2ad18a4f0ec1c0c9,fly_step_run_bot_foliage
7d8d45ccd4a93b4,fly_step_run_bot_fruit
43525f0890bb735a,fly_step_run_bot_glass
457a8b083f94c510,fly_step_run_bot_glassbulletproof
7ddb2c448598f7b4,fly_step_run_bot_glasscar
585b9e9e4cc35c,fly_step_run_bot_grass
377c1786e3d04661,fly_step_run_bot_gravel
d349c17740f0eb5,fly_step_run_bot_ice
5e716a19bd53602d,fly_step_run_bot_metal
55437ec74fb87c79,fly_step_run_bot_metalcar
393a94c2afd0231a,fly_step_run_bot_metalcatwalk
706a6b591825d996,fly_step_run_bot_metalhollow
3626306c6234f8a,fly_step_run_bot_metalthin
6984d3175f8c8800,fly_step_run_bot_mud
cadee05d3024526,fly_step_run_bot_paintedmetal
55dec39811a5cda0,fly_step_run_bot_paper
6ae0b921209ef249,fly_step_run_bot_plaster
6ad3d02120948f02,fly_step_run_bot_plastic
2603be8829384017,fly_step_run_bot_rock
6accce14b26a692,fly_step_run_bot_rock_swt
6899778f9ffb3db0,fly_step_run_bot_rubber
558f5d92cc488cd0,fly_step_run_bot_sand
71dddb92dcf8abe1,fly_step_run_bot_snow
8822fb552fb4f39,fly_step_run_bot_water
3fdf5c62dad1f26f,fly_step_run_bot_watershallow
77e5c1701c8386d7,fly_step_run_bot_wood
13c3dddf9f3b470c,fly_step_sprint_bot_asphalt
6c06856e894dd65d,fly_step_sprint_bot_asphalt_swt
57bb5c1ee87d491b,fly_step_sprint_bot_bark
25fe5a4994aa09c,fly_step_sprint_bot_bodyarmor
45b28f19fdeb43b2,fly_step_sprint_bot_brick
726d0720873db7cf,fly_step_sprint_bot_brick_swt
502841d2277708ba,fly_step_sprint_bot_carpet
c3bd9e267af4c0f,fly_step_sprint_bot_ceramic
7a779757945fd6d3,fly_step_sprint_bot_cloth
54dec865471a1406,fly_step_sprint_bot_concrete
780f348ff4f94058,fly_step_sprint_bot_cushion
4c7a095fdb24d206,fly_step_sprint_bot_default
7f0048edf7bcd238,fly_step_sprint_bot_dirt
4cadaa1c884fe885,fly_step_sprint_bot_flesh
3a2b8e85ed1121d0,fly_step_sprint_bot_foliage
1e48294614f9e259,fly_step_sprint_bot_fruit
708dcf552d352bf3,fly_step_sprint_bot_glass
1aa0fe208e71f9eb,fly_step_sprint_bot_glassbulletproof
1b6f2468830c8fa3,fly_step_sprint_bot_glasscar
5cb213246358b055,fly_step_sprint_bot_grass
41ed26d4c1859232,fly_step_sprint_bot_gravel
3521edb51f7e24e8,fly_step_sprint_bot_ice
5f8834240f8810f4,fly_step_sprint_bot_metal
1d697888b5acbe6a,fly_step_sprint_bot_metalcar
250374a6315e50d9,fly_step_sprint_bot_metalcatwalk
60ffeb983bc23767,fly_step_sprint_bot_metalhollow
14a48c8d21374457,fly_step_sprint_bot_metalthin
11062eb50aa09051,fly_step_sprint_bot_mud
30918619f9632231,fly_step_sprint_bot_paintedmetal
2db9b1ed694b0231,fly_step_sprint_bot_paper
791d324f9bdf8ecc,fly_step_sprint_bot_plaster
79464b4f9c02be5b,fly_step_sprint_bot_plastic
2b5baaa1a63523fc,fly_step_sprint_bot_rock
2e4640ad2b1a910d,fly_step_sprint_bot_rock_swt
142f3985bf4ff063,fly_step_sprint_bot_rubber
49f6c39c007c763b,fly_step_sprint_bot_sand
d06959bdde2ae1a,fly_step_sprint_bot_snow
7eb1ae3ca7ed8608,fly_step_sprint_bot_water
2cb7459fd77b1ec,fly_step_sprint_bot_watershallow
7bf89b77eee76490,fly_step_sprint_bot_wood
44387706bf7bbe81,fly_step_walk_bot_asphalt
3e59c2d0e5d66b24,fly_step_walk_bot_bark
635abc8f5f083199,fly_step_walk_bot_bodyarmor
3d0a807964e586f7,fly_step_walk_bot_brick
11b851ae9b5607a1,fly_step_walk_bot_carpet
231a6e670d030f42,fly_step_walk_bot_ceramic
4ed67116008c066,fly_step_walk_bot_cloth
7689c7c907481b65,fly_step_walk_bot_concrete
6653e372241cc73d,fly_step_walk_bot_cushion
483ec4116ca017e3,fly_step_walk_bot_default
fa091bed8ef1193,fly_step_walk_bot_dirt
110c1cf8b3966180,fly_step_walk_bot_flesh
699ddd986c1e9dd9,fly_step_walk_bot_foliage
5796db1a4a3ab24,fly_step_walk_bot_fruit
5a6a110ee6fc77ea,fly_step_walk_bot_glass
66e3b7a302b01e80,fly_step_walk_bot_glassbulletproof
404408d0c97d2944,fly_step_walk_bot_glasscar
4435cc97ba8e644c,fly_step_walk_bot_grass
4ad0fed1e7b19011,fly_step_walk_bot_gravel
668158a8b2723f05,fly_step_walk_bot_ice
8e3e25dabf8791d,fly_step_walk_bot_metal
4bded64e014eff69,fly_step_walk_bot_metalcar
4bb63f2ac6c9d36a,fly_step_walk_bot_metalcatwalk
7cbbbf8812e4fe26,fly_step_walk_bot_metalhollow
4da80bd94c5e7f5a,fly_step_walk_bot_metalthin
4264cfa89d935330,fly_step_walk_bot_mud
5288fd19f9da1376,fly_step_walk_bot_paintedmetal
6a0b747a7632c290,fly_step_walk_bot_paper
6fbb7c057ae72959,fly_step_walk_bot_plaster
6fad73057adadcb2,fly_step_walk_bot_plastic
7438b847f27e71a7,fly_step_walk_bot_rock
5afdf644b8ee4c80,fly_step_walk_bot_rubber
4efc5753d046c6a0,fly_step_walk_bot_sand
68bef553decd96d1,fly_step_walk_bot_snow
7333e092cf899929,fly_step_walk_bot_water
5fc870135d05cf3f,fly_step_walk_bot_watershallow
4540bb2fe51014a7,fly_step_walk_bot_wood
317a639c19065ce8,fly_takeoff_plr_asphalt
410d620f4dc6e2af,fly_takeoff_plr_bark
394284a4c0656688,fly_takeoff_plr_bodyarmor
10a95ba13019cefe,fly_takeoff_plr_brick
3117688751fcd37e,fly_takeoff_plr_carpet
33c5b180ceab39bb,fly_takeoff_plr_ceramic
16b7bd2cb698cbb7,fly_takeoff_plr_cloth
7f5236d0e79b2f12,fly_takeoff_plr_concrete
6e1d3e05e06ca87c,fly_takeoff_plr_cushion
3afdcb8f16aca062,fly_takeoff_plr_default
6608e7210ce7fc1c,fly_takeoff_plr_dirt
35658f03eb954e99,fly_takeoff_plr_flesh
10f47cd6ad38d644,fly_takeoff_plr_foliage
39b6e66e01e7e55d,fly_takeoff_plr_fruit
468232d8f9de3ccf,fly_takeoff_plr_glass
3a50db73b7bc0a7f,fly_takeoff_plr_glassbulletproof
41654754d67f57f7,fly_takeoff_plr_glasscar
305b16eadfdff919,fly_takeoff_plr_grass
362b351a8232a096,fly_takeoff_plr_gravel
21b6412bae3dae9c,fly_takeoff_plr_ice
2793d19e55885ef0,fly_takeoff_plr_metal
44f87a28123202fe,fly_takeoff_plr_metalcar
5a2f0c0bb12915,fly_takeoff_plr_metalcatwalk
66fee4a93e4c0b8b,fly_takeoff_plr_metalhollow
49b2fa99bd02fba3,fly_takeoff_plr_metalthin
45c3ea2bc30ee075,fly_takeoff_plr_mud
2c63b3b6a2bb7925,fly_takeoff_plr_paintedmetal
6c7481b194f6fa5,fly_takeoff_plr_paper
505cc010a0f4a010,fly_takeoff_plr_plaster
506ac910a100ecb7,fly_takeoff_plr_plastic
786278c56eade28,fly_takeoff_plr_rock
4d7257d1e73da427,fly_takeoff_plr_rubber
8a0b08064405e6f,fly_takeoff_plr_sand
13beca806b3e5ea6,fly_takeoff_plr_snow
5af34f903c7bb7a8,fly_takeoff_plr_tallgrass
100afc035a9f39fc,fly_takeoff_plr_water
144ad530ee75a268,fly_takeoff_plr_watershallow
366330a4644287d4,fly_takeoff_plr_wood
3237e6fcf0a0236f,fly_uw_move_reload
23b67c301eb3091e,fly_uw_move_reload_deep
5d7f999a25b1cf1e,fly_vmp_bolt_back
73a9856294d5732c,fly_vmp_mag_in
2c29fe82caa5f4d9,fly_vmp_mag_out
3a8eb4b93cea0cf7,mpl_hit_alert
74d241bd6f54e62f,mpl_hit_alert_armor
739a3c9a729327f7,mpl_hit_alert_hpm
14a4fa9a84d5d1da,mpl_hit_alert_low
727e88d741115406,mpl_hit_alert_taser_low
33b8e54b3de4be2a,mpl_hit_alert_taser_spike
5bf26844ef230c7f,mpl_hit_heli_gunner
131d9097bca01b,mpl_player_heartbeat
221f959014a38fd9,pfx_gas_pipe_burst
4d41a15f53b94b91,pfx_gas_pipe_fire
6352fe67149a129f,pfx_steam_exhaust
74125cca395efd2a,pfx_steam_large
7cb2ddc3f730d3d,pfx_water_drip
2f81dbcc3010ce32,pfx_water_trickle
489e03b05507ba72,prj_bolt_impact_player_by
4416323ec17dfaf,prj_bullet_impact_player_by
537b093933ca42b0,prj_bullet_impact_robot
681e828c3e667851,prj_bullet_impact_robot_fatal
14d7d37fbf5853f1,prj_bullet_impact_shield
715ab06db3f9630e,prj_hatchet_impact_armor_heavy
249da8d1e9de8fa7,prj_hatchet_impact_armor_heavy_fatal
6ccfa9177c33635f,prj_hatchet_impact_ice_crack
566dd04ca41e376d,prj_hatchet_impact_robot
3805c57557860910,prj_hatchet_impact_robot_fatal
432007c313cff420,prj_hatchet_impact_robot_headshot
12edc9a78e263901,veh_jetpack_boost
768fdbfce0adf513,veh_jetpack_boost_full
3bb3ff070e06616b,veh_jetpack_boost_full_npc
4b2d7d6b89fbd1a5,veh_jetpack_boost_npc
3652524a98d757db,veh_jetpack_burst_loop
4e441d995e534f13,veh_jetpack_burst_loop_npc
3e59797d74687f24,veh_jetpack_empd
47e59cdb7fdc243c,veh_jetpack_empd_npc
38350a9788d5327f,veh_jetpack_end
7440e5499fb3c037,veh_jetpack_end_npc
f1622efbe99c44,wpn_ar_accurate_ads_killcam_npc
2ea802f4001699ec,wpn_ar_accurate_ads_npc
299b284618dac4e3,wpn_ar_accurate_lfe_killcam_npc
161584fc2fab7333,wpn_ar_accurate_lfe_npc
77f04f556e38de8f,wpn_ar_accurate_silencer_lfe_killcam_npc
11501c62a499e12f,wpn_ar_accurate_silencer_lfe_npc
ffa6f71995f8d8,wpn_ar_damage_lfe_killcam_npc
4074236846fe7940,wpn_ar_damage_lfe_npc
6e09abfad9d84af8,wpn_ar_standard_lfe_killcam_npc
1663d2bec900c6a0,wpn_ar_standard_lfe_npc
755fa50b53fc4862,wpn_ar_standard_silencer_lfe_killcam_npc
99cf52eb8cb3346,wpn_ar_standard_silencer_lfe_npc
627fb046dba3d9c2,wpn_assault_close_decay
2aeb1a4c6354b49a,wpn_assault_close_npc_decay
6224b7e674c8a525,wpn_assault_npc_decay
2ebac480971c1d11,wpn_assault_npc_dly_decay
19f59759d8b32d9b,wpn_assault_npc_pap_decay
44ec7a201ba280d8,wpn_assault_npc_single_decay
1cc2ba820ea93198,wpn_assault_plr_decay
3bd0dd3782d02d38,wpn_assault_plr_dly_decay
3ed7c002171466ae,wpn_assault_plr_pap_decay
3a9b236d93d222ff,wpn_assault_plr_single_decay
433d24be733caf0e,wpn_assault_silencer_npc_burst_decay
f2c6c5af3bec683,wpn_assault_silencer_npc_decay
21936f86e317c6af,wpn_assault_silencer_plr_burst_decay
dc6a33bb34d08c2,wpn_assault_silencer_plr_decay
73d2ac8bb5f422b,wpn_betty_blend
6305998e339652e5,wpn_betty_explode
6db771ef519e319a,wpn_betty_explode_close
28b8924c0a9e5f34,wpn_betty_explode_decay
247d05a73af0adb2,wpn_betty_explode_dist
1a8b6f4a34d951aa,wpn_betty_explode_flux_l
1a8b714a34d95510,wpn_betty_explode_flux_r
76f8028d68b1ebf,wpn_betty_explode_lfe
6c0e6aaef533eafe,wpn_bow_launcher_draw_cancel
7a2f969ca2b051a3,wpn_bow_launcher_draw_npc
6a0af534ca9effee,wpn_bow_launcher_dryfire_npc
b257988c172c64,wpn_bow_launcher_fire_max_npc
43e7c9718b6cb391,wpn_bow_launcher_whistle
7f96512308ddb598,wpn_concussion_grenade_blend
cda35a30a7b2a6f,wpn_concussion_grenade_explode_flux_l
cda2ba30a7b1971,wpn_concussion_grenade_explode_flux_r
4d8861905e7657d3,wpn_energypistol_npc_decay
4a0e6bda74cea032,wpn_energypistol_plr_decay
4452f4e4048889fe,wpn_fast_bolt_fire_pap_npc
32a1a3e3fa691083,wpn_fast_bolt_fire_pap_plr
3cadcf34cd9311e2,wpn_flash_phosphorus_loop_end
635af3cc50f9aac,wpn_flash_phosphorus_loop_silent
668660351f4bd597,wpn_grenade_explode
487f9a86186c0b5e,wpn_grenade_explode_decay
826ea2f08a11bf8,wpn_grenade_explode_dist
2760e78ffb5b885c,wpn_grenade_explode_flux_l
2760dd8ffb5b775e,wpn_grenade_explode_flux_r
374f08d62c5998d1,wpn_grenade_explode_lfe
41851a7f03daca29,wpn_grenade_pull_pin
5431ff68cd185629,wpn_grenade_throw_cloth
20704d2189b37508,wpn_grenade_throw_servo
294899835f15385,wpn_lightning_gun_electrocuted_burst
6414d6182fbc1e9,wpn_lightning_gun_electrocuted_burst_sizzle
62aadf08852e7513,wpn_lightning_gun_electrocuted_burst_spark
14287c0fa072f622,wpn_lightning_gun_electrocuted_ground
3e0bc515984606c3,wpn_lightning_gun_sparks
64f3d241ac3c67d5,wpn_lmg_close_decay
3bd0bfbdbcbd722d,wpn_lmg_close_npc_decay
271aeebede6fa6b6,wpn_lmg_close_quiet_decay
7f2f6992d801ffba,wpn_lmg_close_quiet_dly_decay
5219a881e72bda2e,wpn_lmg_close_quiet_npc_decay
1f9fbf562456e6f6,wpn_lmg_flux_l_npc_pap
3e781b19d4d7af97,wpn_lmg_flux_l_plr_pap
62dd136c5fb452a0,wpn_lmg_flux_r_npc_pap
5a4273a9ccc6bfd,wpn_lmg_flux_r_plr_pap
761f8b614aa48a38,wpn_lmg_heavy_act_npc
55e6b661c8fc12d9,wpn_lmg_heavy_act_plr
27710c8106f28a7f,wpn_lmg_heavy_ads_plr
3c12b459cead1fe0,wpn_lmg_heavy_fire_npc
7d234f59626cf521,wpn_lmg_heavy_fire_plr
705d3b857e95fbd1,wpn_lmg_heavy_lfe_npc
553e688526f32db8,wpn_lmg_heavy_lfe_plr
658c191f032fb0e4,wpn_lmg_npc_pap_decay
15cb669d41231c45,wpn_lmg_plr_hdly_decay
69f8432521cc88bd,wpn_lmg_plr_pap_decay
19a1be3ebfab1796,wpn_lmg_silencer_npc_decay
7f19fa283a1b75c2,wpn_lmg_silencer_npc_hdly_decay
4095091e045f267,wpn_lmg_silencer_plr_decay
570f32dbaf3585d9,wpn_lmg_silencer_plr_hdly_decay
556a1f2725a1d129,wpn_lmg_silencer_single_npc_decay
2a27e3d63e1129bc,wpn_lmg_silencer_single_plr_decay
45030fc73eb1155,wpn_lmg_single_npc_decay
3ca940a610a10728,wpn_lmg_single_plr_decay
4997ed1ee1e69ee8,wpn_melee_sword_firstraise_npc
13c2d81ec2e1b6a9,wpn_melee_sword_firstraise_plr
7ec9776b8b39afa,wpn_melee_sword_flourish_npc
46dcfe7724f57c1f,wpn_melee_sword_flourish_plr
24bcfb4300016348,wpn_melee_sword_whoosh_npc
724ee642e3e15709,wpn_melee_sword_whoosh_plr
fbeb1923683d4bb,wpn_no_decay
5dcec204c14f9ae1,wpn_pistol_auto_npc_decay
32e5d9be5c633d14,wpn_pistol_auto_plr_decay
1d09254661bbe52f,wpn_pistol_auto_silencer_npc_decay
105a4684bde0331e,wpn_pistol_auto_silencer_plr_decay
3f767a44617e0aa5,wpn_pistol_burst_lfe_killcam_npc
51e3d9137e54efb9,wpn_pistol_burst_lfe_npc
2fa28554cbd38ce2,wpn_pistol_burst_npc_decay
169962280430f183,wpn_pistol_burst_plr_decay
69364896936f0da5,wpn_pistol_burst_sup_npc_decay
23d44b322d4f9a18,wpn_pistol_burst_sup_plr_decay
1726e27592189bc7,wpn_pistol_fullauto_lfe_killcam_npc
310e9f498abf35c7,wpn_pistol_fullauto_lfe_npc
3b2202fcb577fdf3,wpn_pistol_npc_full_decay
3d2552f30c8fd950,wpn_pistol_plr_full_decay
4ac50f66cc5ec0a9,wpn_pistol_silencer_npc_decay
1f82d415e4ce193c,wpn_pistol_silencer_plr_decay
107a9258409e8382,wpn_reload_smg_clipin_npc
47ca084b122b1477,wpn_reload_smg_clipout_npc
5cd7edbd896d1dff,wpn_rifle_close_decay
305dfad0483223b7,wpn_rifle_close_decay_npc
6f5977edc09b992c,wpn_rifle_silencer_npc_decay
703afc3ffc7619c1,wpn_rifle_silencer_plr_decay
2f3a403ba7b1142c,wpn_rifle_ssw_npc_decay
301bc48de38b94c1,wpn_rifle_ssw_plr_decay
48f4a03730591776,wpn_semtex_button
589935b90767c9b5,wpn_semtex_countdown
dbd884a1598cebd,wpn_sfb_act_npc
2da46d4996fb5724,wpn_sfb_act_plr
6054bc1c51765a8f,wpn_sfb_ads_npc
65f27d1c0bd3cdaa,wpn_sfb_ads_plr
45fd424d9ee76549,wpn_sfb_dryfire_plr
94f9f21b8c5c7af,wpn_sfb_fire_npc
eed602173233aca,wpn_sfb_fire_plr
14b251ff6c7ad007,wpn_sfb_flux_npc_l
14b237ff6c7aa3d9,wpn_sfb_flux_npc_r
4861a4e3763dc0d6,wpn_sfb_flux_plr_l
48619ee3763db6a4,wpn_sfb_flux_plr_r
749188d36ed8089c,wpn_sfb_lfe_npc
642dbd378f7857d,wpn_sfb_lfe_plr
6280abd6853e86c6,wpn_sfb_silencer_fire_act
1f28354ab30a16ca,wpn_sfb_silencer_fire_act_npc
628abed68546fb94,wpn_sfb_silencer_fire_ads
56e76b005f6054ec,wpn_sfb_silencer_fire_ads_npc
25379fd66258cf95,wpn_sfb_silencer_fire_npc
644314d6ceb1903c,wpn_sfb_silencer_fire_plr
516bf18ff2f7c61e,wpn_sfb_silencer_lfe
7453dd63420b0c93,wpn_shotgun_close_decay_npc
301d7eb916e884e1,wpn_shotgun_fire_npc_pap_decay
5fee21850239fd38,wpn_shotgun_fire_plr_pap_decay
4fcc727f4a0db814,wpn_shotgun_flux_l_npc_pap
7449f2ec62cb38d1,wpn_shotgun_flux_l_plr_pap
7f6bb147aadf0342,wpn_shotgun_flux_r_npc_pap
2ef788c354a48fa3,wpn_shotgun_flux_r_plr_pap
17c8da8b1f8e9b83,wpn_shotgun_silencer_fire_npc_decay
1663116bdf1cddc2,wpn_shotgun_silencer_fire_plr_decay
d8b5f2a1900691d,wpn_smg_capacity_lfe_killcam_npc
62c9fd3cc6939191,wpn_smg_capacity_lfe_npc
11c677dc488b2c19,wpn_smg_capacity_rapid_act_killcam_npc
7fc334dc3e25c040,wpn_smg_capacity_rapid_act_killcam_plr
108f3650ea4c56bd,wpn_smg_capacity_rapid_act_npc
30761b506baedf24,wpn_smg_capacity_rapid_act_plr
343b0e2c41beed2f,wpn_smg_capacity_rapid_ads_killcam_npc
39d8cf2bfc1c604a,wpn_smg_capacity_rapid_ads_killcam_plr
63266a232629e28f,wpn_smg_capacity_rapid_ads_npc
68c42b22e08755aa,wpn_smg_capacity_rapid_ads_plr
48d02dcf0805ad0f,wpn_smg_capacity_rapid_fire_killcam_npc
4e6deecec263202a,wpn_smg_capacity_rapid_fire_killcam_plr
72254bd25d5dfaf,wpn_smg_capacity_rapid_fire_npc
cc015bce03352ca,wpn_smg_capacity_rapid_fire_plr
59f7fc8a0d55b854,wpn_smg_capacity_rapid_lfe_killcam_npc
5f289f89c7562695,wpn_smg_capacity_rapid_lfe_killcam_plr
776336da438b909c,wpn_smg_capacity_rapid_lfe_npc
91489da4dab0d7d,wpn_smg_capacity_rapid_lfe_plr
5299c91155418e8c,wpn_smg_close_decay
4116fc80c7f823b8,wpn_smg_close_npc_decay
3a3201b02fa8a247,wpn_smg_fastfire_lfe_killcam_npc
6b7c9876fe076c47,wpn_smg_fastfire_lfe_npc
a83dccb5d1a65ad,wpn_smg_flux_l_npc_pap
f9ebaa8068cf10,wpn_smg_flux_l_plr_pap
4075931fc1d627e7,wpn_smg_flux_r_npc_pap
74bd25392a9840fe,wpn_smg_flux_r_plr_pap
6d35db5c255dfe96,wpn_smg_npc_burst_decay
4dbc4a54bac5f3db,wpn_smg_npc_decay
2bd1798d45b057a5,wpn_smg_npc_pap_decay
253e4f13862b37d7,wpn_smg_plr_burst_decay
6abac088fe5e6d1a,wpn_smg_plr_decay
3e6568f12a29104c,wpn_smg_plr_pap_decay
12b4f358249ab221,wpn_smg_silencer_npc_decay
115b3de544d54854,wpn_smg_silencer_plr_decay
38172f02752ed354,wpn_smg_standard_lfe_killcam_npc
3acaa57657df4b9c,wpn_smg_standard_lfe_npc
6a4de378f0874794,wpn_smg_standard_rapid_act_killcam_npc
72e58678ad6c91d5,wpn_smg_standard_rapid_act_killcam_plr
5f1dd0b4431b1bdc,wpn_smg_standard_rapid_act_npc
70d023b44d3c4bbd,wpn_smg_standard_rapid_act_plr
1eb7e1338a99c94a,wpn_smg_standard_rapid_ads_killcam_npc
480c4833597fa64f,wpn_smg_standard_rapid_ads_killcam_plr
4cb1802ba105cfce,wpn_smg_standard_rapid_ads_npc
509b2f2c3440a773,wpn_smg_standard_rapid_ads_plr
218c78b967cb21cc,wpn_smg_standard_rapid_fire_killcam_npc
1da2cbb8d4904d8d,wpn_smg_standard_rapid_fire_killcam_plr
f15ec475b7a56d4,wpn_smg_standard_rapid_fire_npc
14468f47157ac515,wpn_smg_standard_rapid_fire_plr
66d6717c2455b7a1,wpn_smg_standard_rapid_lfe_killcam_npc
5ded9e7c672bc4a8,wpn_smg_standard_rapid_lfe_killcam_plr
3a2795d951b089c5,wpn_smg_standard_rapid_lfe_npc
63960ad920ab934c,wpn_smg_standard_rapid_lfe_plr
364040675490254b,wpn_smg_standard_silencer_act_killcam_npc
cecd96785abfb46,wpn_smg_standard_silencer_act_killcam_plr
75d60232778eef1b,wpn_smg_standard_silencer_act_npc
360c5b320a94b076,wpn_smg_standard_silencer_act_plr
4a42f510626304e9,wpn_smg_standard_silencer_ads_killcam_npc
4eb4b210f6118df0,wpn_smg_standard_silencer_ads_killcam_plr
67338ff551a571ed,wpn_smg_standard_silencer_ads_npc
1a2a74f56e3a7934,wpn_smg_standard_silencer_ads_plr
18d84f55be68b91,wpn_smg_standard_silencer_fire_killcam_npc
666eb1f50443bd78,wpn_smg_standard_silencer_fire_killcam_plr
6b2ebfcbbc50ea95,wpn_smg_standard_silencer_fire_npc
2a3a34cc28a9ab3c,wpn_smg_standard_silencer_fire_plr
3705ec01bf84af1e,wpn_smg_standard_silencer_lfe
133c7a555984526e,wpn_smg_standard_silencer_lfe_killcam_npc
17262955ecbf2a13,wpn_smg_standard_silencer_lfe_killcam_plr
53d11b00e4da1927,wpn_smg_standard_silencer_lfe_plr
305fd607570383c7,wpn_smg_versatile_act_killcam_npc
2f6fe706c6504982,wpn_smg_versatile_act_killcam_plr
1fd1dc0e8edd1dc7,wpn_smg_versatile_act_npc
1ee1ed0dfe29e382,wpn_smg_versatile_act_plr
4d1b1f67f642be55,wpn_smg_versatile_ads_killcam_npc
8bf94685fb6a2fc,wpn_smg_versatile_ads_killcam_plr
3f1629a6c9792d49,wpn_smg_versatile_ads_npc
4388e6a75d296950,wpn_smg_versatile_ads_plr
11872934907b3e8d,wpn_smg_versatile_fire_killcam_npc
447e0e34ad1045d4,wpn_smg_versatile_fire_killcam_plr
4d5f33e90ea266e1,wpn_smg_versatile_fire_npc
68994a7f75995563,wpn_smg_versatile_fire_pap_npc
35be537f591caa3e,wpn_smg_versatile_fire_pap_plr
47dd60e9545d4fe8,wpn_smg_versatile_fire_plr
3874e5e7eff42e5a,wpn_smg_versatile_lfe_killcam_npc
77644ce85c345c7f,wpn_smg_versatile_lfe_killcam_plr
5846ea79786f7bfe,wpn_smg_versatile_lfe_npc
469599796e500283,wpn_smg_versatile_lfe_plr
625b30b06a6132e2,wpn_smg_versatile_rapid_act_killcam_npc
29407afec09ada7,wpn_smg_versatile_rapid_act_killcam_plr
7b8c4409eff3cdc6,wpn_smg_versatile_rapid_act_npc
765ba30a35f362eb,wpn_smg_versatile_rapid_act_plr
392d6f8c8e69e120,wpn_smg_versatile_rapid_ads_killcam_npc
7a3d0a8c22280361,wpn_smg_versatile_rapid_ads_killcam_plr
1a59fbce54290888,wpn_smg_versatile_rapid_ads_npc
6484e6ce35242049,wpn_smg_versatile_rapid_ads_plr
622e1f62928b878a,wpn_smg_versatile_rapid_fire_killcam_npc
b818662616fb18f,wpn_smg_versatile_rapid_fire_killcam_plr
24f1504a6d82b90e,wpn_smg_versatile_rapid_fire_npc
46cab8d2f32aff74,wpn_smg_versatile_rapid_fire_pap_npc
4f625bd2b01049b5,wpn_smg_versatile_rapid_fire_pap_plr
28daff4b00bd90b3,wpn_smg_versatile_rapid_fire_plr
5ed0919048cdd2df,wpn_smg_versatile_rapid_lfe_killcam_npc
7a0a9290a087b6da,wpn_smg_versatile_rapid_lfe_killcam_plr
53fbdd4f9682ee9f,wpn_smg_versatile_rapid_lfe_npc
6f35de4fee3cd29a,wpn_smg_versatile_rapid_lfe_plr
7d85f1d6b13de6b1,wpn_smg_versatile_silencer_act_killcam_npc
5f011ed656b7ef98,wpn_smg_versatile_silencer_act_killcam_plr
4d81074a0f1366f5,wpn_smg_versatile_silencer_act_npc
c8c7c4a7b6c279c,wpn_smg_versatile_silencer_act_plr
106e0e4c2db38b07,wpn_smg_versatile_silencer_ads_killcam_npc
c171f4b9a1b74c2,wpn_smg_versatile_silencer_ads_killcam_plr
4ac171a35bb42307,wpn_smg_versatile_silencer_ads_npc
466a82a2c81c0cc2,wpn_smg_versatile_silencer_ads_plr
6b9b180208f6c347,wpn_smg_versatile_silencer_fire_killcam_npc
6aab290178438902,wpn_smg_versatile_silencer_fire_killcam_plr
35ffec5f8f8b6d47,wpn_smg_versatile_silencer_fire_npc
350ffd5efed83302,wpn_smg_versatile_silencer_fire_plr
7c44b6c39c7cd0ec,wpn_smg_versatile_silencer_lfe
8fe0731cdd8a6bc,wpn_smg_versatile_silencer_lfe_killcam_npc
1ab05a31d7f9d69d,wpn_smg_versatile_silencer_lfe_killcam_plr
26a0704336be70e4,wpn_smg_versatile_silencer_lfe_npc
4b1fd2202225562e,wpn_smg_vtile_rapid_sup_act_killcam_npc
4f0a8120b561e0d3,wpn_smg_vtile_rapid_sup_act_killcam_plr
7bfbd584329ccd22,wpn_smg_vtile_rapid_sup_act_npc
18ceac83b1621ee7,wpn_smg_vtile_rapid_sup_act_plr
1e67ef328391e29c,wpn_smg_vtile_rapid_sup_ads_killcam_npc
301942328db15f7d,wpn_smg_vtile_rapid_sup_ads_killcam_plr
5df203d2cf24ac84,wpn_smg_vtile_rapid_sup_ads_npc
7997e6d327397c65,wpn_smg_vtile_rapid_sup_ads_plr
95663320bcf7bb6,wpn_smg_vtile_rapid_sup_fire_killcam_npc
6daf8231b3b8fc3b,wpn_smg_vtile_rapid_sup_fire_killcam_plr
2d7cf22156d47f0a,wpn_smg_vtile_rapid_sup_fire_npc
56d0592125b8a90f,wpn_smg_vtile_rapid_sup_fire_plr
7a5bebbdf56d0783,wpn_smg_vtile_rapid_sup_lfe
2cddd0b1c138afcb,wpn_smg_vtile_rapid_sup_lfe_killcam_npc
38a69b1f25485c6,wpn_smg_vtile_rapid_sup_lfe_killcam_plr
4bc506ea1ec7299b,wpn_smg_vtile_rapid_sup_lfe_npc
2f3578ae1f5dc447,wpn_smoke_grenade_explode_lfe
3f0320ea6b80281a,wpn_smoke_pull_pin_plyr
79b0e1998cde023c,wpn_smoke_pull_pin_pop
5642bc79a094eac6,wpn_tac_grenade_twist
10b30bddc64bcccf,wpn_vulcan_1straise_npc
19b6ccdd838c68ea,wpn_vulcan_1straise_plr
5d7c308cc38b1658,wpn_vulcan_dryfire_npc
40a95b8d44c5c7f9,wpn_vulcan_dryfire_plr
350eb4b994cccaa9,wpn_vulcan_fire_lfe_ring_plr
55a69636148b884d,wpn_vulcan_fire_loop_lfe_plr
692880e9e194043a,wpn_vulcan_fire_loop_npc
2817e7ea4dd4325f,wpn_vulcan_fire_loop_plr
23448b44a5f8708c,wpn_vulcan_fire_start_npc
1f5ade4412bd9c4d,wpn_vulcan_fire_start_plr
a6fd0e68fc7d388,wpn_vulcan_fire_stop_npc
549abbe670c2eb49,wpn_vulcan_fire_stop_plr
3cb48dea51e8236d,wpn_vulcan_loop_npc
6fab72ea6e7d2ab4,wpn_vulcan_loop_plr
5ed013e010ad9fab,wpn_vulcan_pickup_npc
357cace041c975a6,wpn_vulcan_pickup_plr
704d47b21fd940c9,wpn_vulcan_raise_npc
74c004b2b3897cd0,wpn_vulcan_raise_plr
36f4e9e97c156f4d,wpn_vulcan_start_npc
69eacee998a8c394,wpn_vulcan_start_plr
46f65991d88004fb,wpn_vulcan_stop_npc
a93b2916e6aa256,wpn_vulcan_stop_plr
304bb30487fa1e93,zmb_double_points_loop
6c502bee59d9d0e9,zmb_double_points_loop_off
6ce6a631c6c2f786,zmb_fire_loop
7a9ce02c4729cfbe,zmb_insta_kill_loop
39bb30dc30fabc50,zmb_insta_kill_loop_off
7423fc248d50c85f,zmb_powerup_grabbed
2703924c8e1af5c9,zmb_spawn_powerup
4bdf38d25b63a20,zmb_spawn_powerup_loop
106b1a827e23a21f,fly_step_crouch_run_zdog_asphalt
30a8fc5a3e8b79e,fly_step_crouch_run_zdog_bark
2df82e0e8daee6e7,fly_step_crouch_run_zdog_bodyarmor
1059e6347d700a29,fly_step_crouch_run_zdog_brick
1a6b06414c05a28f,fly_step_crouch_run_zdog_carpet
215ce00a825c2030,fly_step_crouch_run_zdog_ceramic
54d954eafa2b99a0,fly_step_crouch_run_zdog_cloth
362654b10f2164f7,fly_step_crouch_run_zdog_concrete
391a1d145e83a3f7,fly_step_crouch_run_zdog_cushion
2f1cbc7b58775e99,fly_step_crouch_run_zdog_default
303a3294fdae96fd,fly_step_crouch_run_zdog_dirt
c141f155fdbcc1a,fly_step_crouch_run_zdog_flesh
6c039525598a4457,fly_step_crouch_run_zdog_foliage
41c7cf686fe22476,fly_step_crouch_run_zdog_fruit
524c373f19059a58,fly_step_crouch_run_zdog_glass
3f500210b9d1d196,fly_step_crouch_run_zdog_glassbulletproof
47aa11705ca1c296,fly_step_crouch_run_zdog_glasscar
12fbdaebbb54353e,fly_step_crouch_run_zdog_grass
2f90c98f5e4eccfb,fly_step_crouch_run_zdog_gravel
4432aa33ca883f1b,fly_step_crouch_run_zdog_ice
61009c4eea5b4f57,fly_step_crouch_run_zdog_metal
75566ade6b264bef,fly_step_crouch_run_zdog_metalcar
195f046919cbeb65,fly_step_crouch_run_zdog_metalcatcrouch_run
570d14d49fcf1624,fly_step_crouch_run_zdog_metalhollow
6e5ecf60f0d35d30,fly_step_crouch_run_zdog_metalthin
20240933b5b567da,fly_step_crouch_run_zdog_mud
23f7e4d1064ab798,fly_step_crouch_run_zdog_paintedmetal
5f17dafac3c78b26,fly_step_crouch_run_zdog_paper
6dc24c9d08a1b93b,fly_step_crouch_run_zdog_plaster
6db4639d0895a2f4,fly_step_crouch_run_zdog_plastic
44f3248c41863b5,fly_step_crouch_run_zdog_rock
6230a68b4bd05006,fly_step_crouch_run_zdog_rubber
3b5c51548d588f56,fly_step_crouch_run_zdog_sand
784c6f54aff23c47,fly_step_crouch_run_zdog_snow
1994bcd063fc1ebf,fly_step_crouch_run_zdog_tallgrass
743d35d3642205f3,fly_step_crouch_run_zdog_water
486ad5d64fa2c911,fly_step_crouch_run_zdog_watershallow
55a80930b6ee1319,fly_step_crouch_run_zdog_wood
49e0189c612d5c19,fly_step_crouch_walk_zdog_asphalt
3cf936a6628138bc,fly_step_crouch_walk_zdog_bark
50151f6387ea9631,fly_step_crouch_walk_zdog_bodyarmor
44726d4889cce82f,fly_step_crouch_walk_zdog_brick
14174d3e19629d29,fly_step_crouch_walk_zdog_carpet
7dabe2842318c15a,fly_step_crouch_walk_zdog_ceramic
366a34637395b44e,fly_step_crouch_walk_zdog_cloth
a33dae219fca6d,fly_step_crouch_walk_zdog_concrete
5b5b9f808660ee35,fly_step_crouch_walk_zdog_cushion
24df2c88bb7ec86b,fly_step_crouch_walk_zdog_default
17fe8594a361878b,fly_step_crouch_walk_zdog_dirt
24b2593f1600c5d8,fly_step_crouch_walk_zdog_flesh
58856a656e952d81,fly_step_crouch_walk_zdog_foliage
2fbd996f92dfecac,fly_step_crouch_walk_zdog_fruit
6e0f3d5549650e12,fly_step_crouch_walk_zdog_glass
6370cf23bd6c9a58,fly_step_crouch_walk_zdog_glassbulletproof
6feff83417deca9c,fly_step_crouch_walk_zdog_glasscar
2d5b385b2df83244,fly_step_crouch_walk_zdog_grass
5e5b43ef03c13a49,fly_step_crouch_walk_zdog_gravel
5a00ff1fc802fc6d,fly_step_crouch_walk_zdog_ice
545f4eb055ea1635,fly_step_crouch_walk_zdog_metal
1622fd9b257f3991,fly_step_crouch_walk_zdog_metalcar
1cc0dd3edda0ea4f,fly_step_crouch_walk_zdog_metalcatcrouch_walk
c6b98f69f2629ee,fly_step_crouch_walk_zdog_metalhollow
64717bef52a37282,fly_step_crouch_walk_zdog_metalthin
3578361fb2c884f8,fly_step_crouch_walk_zdog_mud
6c73be94c34a01fe,fly_step_crouch_walk_zdog_paintedmetal
6975c79f73b337e8,fly_step_crouch_walk_zdog_paper
76f59c1af951c8c1,fly_step_crouch_walk_zdog_plaster
771e931af974be8a,fly_step_crouch_walk_zdog_plastic
3cc0bd2a5bbd7acf,fly_step_crouch_walk_zdog_rock
6aa9e5d737266388,fly_step_crouch_walk_zdog_rubber
4b7ebc3063ada858,fly_step_crouch_walk_zdog_sand
5befaa3024c95079,fly_step_crouch_walk_zdog_snow
3d8f56b4502aeecd,fly_step_crouch_walk_zdog_tallgrass
61013bc174fad21,fly_step_crouch_walk_zdog_water
49f7c32a1e2214a7,fly_step_crouch_walk_zdog_watershallow
77f59011b0c385af,fly_step_crouch_walk_zdog_wood
7b1d266bb0f8ad69,fly_step_prone_zdog_asphalt
12658f4ecd68f1ac,fly_step_prone_zdog_bark
95dd21a392956c1,fly_step_prone_zdog_bodyarmor
16eee26995ff747f,fly_step_prone_zdog_brick
4849fe0ac7ccea59,fly_step_prone_zdog_carpet
77e534ea9e5c4b2a,fly_step_prone_zdog_ceramic
9fde879b96d139e,fly_step_prone_zdog_cloth
20fde373310188bd,fly_step_prone_zdog_concrete
38a8cd51119abbe5,fly_step_prone_zdog_cushion
425b3fc2f368565b,fly_step_prone_zdog_default
6d6afe3d0e4976db,fly_step_prone_zdog_dirt
49fb4f6d5bd49da8,fly_step_prone_zdog_flesh
9733da3f0c423b1,fly_step_prone_zdog_foliage
14034e91392eeefc,fly_step_prone_zdog_fruit
38e919c1c2160bc2,fly_step_prone_zdog_glass
30a26c61cba41ca8,fly_step_prone_zdog_glassbulletproof
5e433011879ce68c,fly_step_prone_zdog_glasscar
7a16d5d26f8ab414,fly_step_prone_zdog_grass
5416e59370110d59,fly_step_prone_zdog_gravel
1e579ebc9e2addd,fly_step_prone_zdog_ice
323deb211883aa45,fly_step_prone_zdog_metal
7505ace52425e961,fly_step_prone_zdog_metalcar
2b10f74d4b5b66ef,fly_step_prone_zdog_metalcatprone
24eae1acea342bde,fly_step_prone_zdog_metalhollow
489f27b5d11d40b2,fly_step_prone_zdog_metalthin
612ff0ebb7e89e08,fly_step_prone_zdog_mud
2a4e8e8fe965a66e,fly_step_prone_zdog_paintedmetal
39629666aa154c78,fly_step_prone_zdog_paper
410387e1dbc67f71,fly_step_prone_zdog_plaster
412c9ee1dbe9ab9a,fly_step_prone_zdog_plastic
6574d4ca721e23ff,fly_step_prone_zdog_rock
6320f68069d34838,fly_step_prone_zdog_rubber
204553d1b580d708,fly_step_prone_zdog_sand
2fdd21d175e45809,fly_step_prone_zdog_snow
7efe86744001c07d,fly_step_prone_zdog_tallgrass
5889e2834fdcf9f1,fly_step_prone_zdog_water
4b799edc02f026d7,fly_step_prone_zdog_watershallow
2341e7ae1a994f9f,fly_step_prone_zdog_wood
d1ff866f123df48,mpl_turret_down
794daa0692233800,mpl_turret_exp_close
305ed16c4dac6c9d,mpl_turret_micro_down
3b2c903557b05f22,mpl_turret_micro_startup
4d4649e14099ef78,mpl_turret_startup_trans
3c67c563a8271bbf,veh_raps_explode
1074cc276e2d5c85,wpn_wasp_fire_lfe
4bef609894a99c40,wpn_wasp_turret_decay
79c329413d5f7b24,zmb_hellhound_bolt
36553c55a37a2b93,zmb_hellhound_prespawn
35434d2a072ba816,zmb_hellhound_spawn
7e8a95ac35e03bf6,zmb_hellhound_spirit
6cfa41a4b04b4a0a,zmb_vocals_hellhound_ambient
4a4524a6360de923,zmb_vocals_hellhound_ambient_loud
5c5fa3958312efa9,zmb_vocals_hellhound_attack_melee
5f55df07d8c1256c,zmb_vocals_hellhound_bite
7d31677fb5261af2,zmb_vocals_hellhound_close
23c655c4e166a4a8,exp_wasp_immolated_fire
7ac2b1e6a72c8e8,prj_wasp_missile_whizby
22158465d435df59,veh_raps_explode_lfe
dcd93983f8d7d8f,veh_raps_wall_imp
36166754e88794f5,veh_wasp_close
7b2fb5263b639998,veh_wasp_close_explo
770480a047637ab,veh_wasp_close_move
2701b050f036ab27,veh_wasp_decay
4bef59007f557988,veh_wasp_direction
444c7948613f8c13,veh_wasp_dmg_hit
ade5d1fdd215160,veh_wasp_dmg_loop
1abcdb19e4a6cb83,veh_wasp_explo
1ec623ee67c9061f,veh_wasp_explo_crash
3d0407caa2f7a70b,veh_wasp_explo_immolation
6d2496ff609bc762,veh_wasp_gibbed
44f30ac3f5c6115,veh_wasp_ground_death
a0148374a011871,veh_wasp_ground_death_exp
51b410d02e6fbcb9,veh_wasp_ground_imp
68f64cee1f0d59df,veh_wasp_ground_imp_layer
3cc138b68a291f3d,veh_wasp_ground_imp_water
4737db52b250d87d,veh_wasp_idle
353ce1ae4a463eb5,veh_wasp_idle_rotate
33b64cad2519a758,veh_wasp_lfe
5f9a14e941935891,veh_wasp_moving
667b42758bdbe2f3,veh_wasp_tower_flaps
b1ae5b308e71297,veh_wasp_tower_powerup
2046bfee1fb148fa,veh_wasp_tower_release
72f3ddad919c3e2c,veh_wasp_vox
3557a51e43b8382,veh_wasp_wall_imp
2b3ecbabdae77d4,veh_wasp_wall_imp_spark
a077f74dbdf984a,wpn_quadtank_rocket_repulse
6581c0371763b170,wpn_wasp_fire_loop_lfe
7dde0494fb6174be,wpn_wasp_missile_fire
61b757765b8cc1dc,wpn_wasp_missile_fire_lfe
54500c84d2532415,wpn_wasp_missile_fire_lfe_plr
6c9ae275cffd4187,wpn_wasp_missile_fire_plr
2b8effa8395d1be0,wpn_wasp_turret_loop
4c82f9119fab993a,wpn_wasp_turret_start
383edec07b6fc01a,wpn_wasp_turret_stop
3ebc2151eb74a882,amb_cave_l
3ebc1351eb7490b8,amb_cave_r
5d7e8c76f0791e09,amb_church_bell
181e6945f49bacd7,veh_wasp_ground_imp_dirt
3b81cae8ed10f597,veh_wasp_ground_imp_qt
14863c7f0ecc6e52,zmb_hellhound_explode_lfe
76e6118cca0ad31f,zmb_hellhound_spawn_flux_l
76e6278cca0af881,zmb_hellhound_spawn_flux_r
60ac0e0cfb0de879,fly_step_shells
4f12c14c8757b7a,fly_step_shells_sweet
2cbd1a72d59eecdd,fly_step_wood_board_enter
2034803f68e04e35,fly_step_wood_board_exit
5c0f0a85eb2068e4,fly_step_wood_board_move
5ce5a1d33ac055f5,fly_step_wood_move
4a7cec89bf117a33,fly_step_wood_move_intermittent
133cb9cadd088a26,evt_security_door
15b2712dde9038ec,fly_bot_ctrl_lvl_01_loop
27e8c11b200ca16,fly_bot_ctrl_lvl_01_start
70be3ab186f2b55f,fly_bot_ctrl_lvl_02_loop
76bcb5720d06ade3,fly_bot_ctrl_lvl_02_start
18a1ce002262f736,fly_bot_ctrl_lvl_03_loop
38baca3bb1c34534,fly_bot_ctrl_lvl_03_start
75a359b0c4099b6,fly_foot_bot_loud_npc
3f2244d5f02fbc00,fly_foot_land_bot_loud_npc
21083eceed2c0f7d,fly_foot_land_soft_bot_loud_npc
374cd9430431d870,fly_foot_run_bot_loud_npc
a41dfa3dc35a85f,fly_foot_soft_bot_loud_npc
5f0706ba50b3dc9d,fly_foot_soft_run_bot_loud_npc
510ad7ac3600e5b0,fly_foot_soft_sprint_bot_loud_npc
55e353d34bb03ba3,fly_foot_sprint_bot_loud_npc
6e151ca2ea75db33,fly_muscle_bot_loud_npc
63ae9fc1ff798257,fly_muscle_land_bot_loud_npc
564843f4527556f9,fly_muscle_run_bot_loud_npc
1d836ebac0d5344,fly_muscle_sprint_bot_loud_npc
58d0bd737ef6e84f,fly_servo_bot_loud_npc
b5290d05af5e9ab,fly_servo_land_bot_loud_npc
62b194d1fb14d3ad,fly_servo_run_bot_loud_npc
218e30210ae04da0,fly_servo_sprint_bot_loud_npc
4ac5e1710d5a44ff,veh_talon_crate_exp
3bb6b6eac48c5883,amb_phone_ring
60f1403ffbe3dee1,amb_water_pipes
671d9f49327ff84,evt_crane_move
18fedfec4c02e434,aml_dog_bark_close
d6fa271e7a6116a,aml_dog_bark_mid
6d3e40e2bb74ed48,aml_dog_run_breathe
29d8008dbb14391b,amb_metal_creak_deep
175668cc7f8f0a81,amb_metal_creak_short
7547750220ab72b6,amb_wind_blend
6b62e10ae29a4a3a,amb_frog
467d4367d12ce397,amb_sludge_pipe
73939c926238a3fb,amb_wind_leaves
3c418d9dc13f5194,amb_chain_swing_1
3c418f9dc13f54fa,amb_chain_swing_3
1571afdeab748c88,amb_police_siren
6fab9a1a6259151e,amb_steam_sputter
35323df019c5844f,amb_washing_machine
1f8259f0bfc3e203,amb_ravens
45ec7508c1aa46b1,amb_snow_exterior_2d
1d690b3108e389,amb_air_raid
173f086ca3d29859,amb_cooling_tower
7ea95a1fe69ec839,amb_heart_monitor
119cbe56880349cd,amb_pipe_flow_1
119cbb56880344b4,amb_pipe_flow_2
119cbc5688034667,amb_pipe_flow_3
4ab96f39efc1de84,vox_batt_boost_loss
2687b5a63013db73,vox_batt_boost_win
19db46946027a842,vox_batt_exert_death
3fbd68e0a3061eb0,vox_batt_exert_gas_cough
14cd3731a6955673,vox_batt_exert_gas_gag
6e4ee45e0ffb1cad,vox_batt_exert_gas_gasp
5e5988356da3e190,vox_batt_exert_pain
7fbb34eabd94e301,vox_batt_exert_sniper_exhale
3ad899a4134d6c7b,vox_batt_exert_sniper_gasp
13b10f698ee19cc1,vox_batt_exert_sniper_hold
5a4985c567ca1777,vox_batt_exert_stabbed
6d5b27d0a238f7c3,vox_batt_exert_underwater_air_low
3c289d987ecfb882,vox_batt_exert_underwater_emerge_breath
53f44dd12328ef77,vox_batt_exert_underwater_emerge_gasp
ae0cc5191270066,vox_batt_exert_underwater_pain
42b346e3a8f89e6b,vox_batt_kill_reap_0
42b345e3a8f89cb8,vox_batt_kill_reap_1
42b348e3a8f8a1d1,vox_batt_kill_reap_2
42b347e3a8f8a01e,vox_batt_kill_reap_3
c3153d86ad349cb,vox_batt_kill_sniper_1
297e3ee1e53eeba,vox_batt_promotion_reaction
3a772703a4206a2d,vox_batt_threat_infantry
6ce11e93879f4cff,vox_batt_threat_sniper
575c0378fa7fcc9b,vox_fire_boost_loss
29887746d4892822,vox_fire_boost_win
787960d29bddbf0f,vox_fire_exert_death
3cad00491159c66d,vox_fire_exert_gas_cough
5d51a09002ed73a,vox_fire_exert_gas_gag
17ae8f4b4f5e138a,vox_fire_exert_gas_gasp
75c7060c23f3b32f,vox_fire_exert_pain
7e7b32d6cd1b6460,vox_fire_exert_sniper_exhale
167ab82f4615224e,vox_fire_exert_sniper_gasp
6b7f5a05481cb860,vox_fire_exert_sniper_hold
4525fb51b8d2ccbe,vox_fire_exert_stabbed
a4c7921b7f262c,vox_fire_exert_underwater_air_low
2bc55fa140809519,vox_fire_exert_underwater_emerge_breath
8479b2201aff298,vox_fire_exert_underwater_emerge_gasp
a0a8a2a4253107,vox_fire_exert_underwater_pain
8aa98a4cf69a5ae,vox_fire_kill_reap_0
8aa99a4cf69a761,vox_fire_kill_reap_1
8aa96a4cf69a248,vox_fire_kill_reap_2
8aa97a4cf69a3fb,vox_fire_kill_reap_3
1caa83fb485c98f9,vox_fire_kill_sniper_0
1caa82fb485c9746,vox_fire_kill_sniper_1
6247b23f3edbdb5,vox_fire_promotion_reaction
677c30d5bd110ca8,vox_fire_threat_infantry
57cd3bb8b1ace8fe,vox_fire_threat_sniper
6c2870dcdc06c205,vox_noma_boost_draw
2c22401ed8b794e8,vox_noma_boost_loss
77ae7700c14c126f,vox_noma_boost_win
37d79a95d816afd6,vox_noma_exert_death
32d7816055131814,vox_noma_exert_gas_cough
7edd8dc997142e3f,vox_noma_exert_gas_gag
26cf248bb76d8c89,vox_noma_exert_gas_gasp
41a86018f0d40ddc,vox_noma_exert_pain
24e48aa1234221fd,vox_noma_exert_sniper_exhale
3218e51cb7253d67,vox_noma_exert_sniper_gasp
51d60b28bbe6f3ed,vox_noma_exert_sniper_hold
551c7e0cfda6a61b,vox_noma_exert_stabbed
1b8800828449af97,vox_noma_exert_underwater_air_low
1c3c876bc5d99746,vox_noma_exert_underwater_emerge_breath
295e25e235f56403,vox_noma_exert_underwater_emerge_gasp
129618cee6bdf75a,vox_noma_exert_underwater_pain
3ba0167cf360e38f,vox_noma_kill_reap_0
6878b7b48f48c744,vox_noma_kill_sniper_0
643885961b380d26,vox_noma_promotion_reaction
69131eadc0d30719,vox_noma_threat_infantry
3b591b484d14bedb,vox_noma_threat_sniper
553d54bd0144c6d0,vox_outr_boost_draw
6b5aadff2e9c0999,vox_outr_boost_loss
147de13c292631f0,vox_outr_boost_win
162ad1a7b12d03d9,vox_outr_exert_death
480b108a4956a75f,vox_outr_exert_gas_cough
43aa5c9052615190,vox_outr_exert_gas_gag
5ba4413bfb3b4354,vox_outr_exert_gas_gasp
76b631b77d128fe9,vox_outr_exert_pain
18daca5089abb6ca,vox_outr_exert_sniper_exhale
4b252d0f7a91c220,vox_outr_exert_sniper_gasp
42c4738c4cbd1d0e,vox_outr_exert_sniper_hold
56d6820b87bc3c2c,vox_outr_exert_stabbed
1e4d838ff0f3e816,vox_outr_exert_underwater_air_low
10532762fdee62d7,vox_outr_exert_underwater_emerge_breath
16be5706e574caa6,vox_outr_exert_underwater_emerge_gasp
2d7ee6a6d2548748,vox_outr_kill_reap_0
2d7ee7a6d25488fb,vox_outr_kill_reap_1
2d7ee8a6d2548aae,vox_outr_kill_reap_2
2d7ee9a6d2548c61,vox_outr_kill_reap_3
44f6f0163b9dfdf8,vox_outr_kill_sniper_1
74e1d21d92518529,vox_outr_kls_lightning_request
1a738522ad0afdc3,vox_outr_promotion_reaction
1cbd8ea28348800a,vox_outr_threat_infantry
2e238410222cb454,vox_outr_threat_sniper
2be782a8a572b599,vox_prop_boost_draw
506fe16650ce81cc,vox_prop_boost_loss
36e1c8b09926e02b,vox_prop_boost_win
7aa195ed7b75ab7a,vox_prop_exert_death
62d9c86061acf68,vox_prop_exert_gas_cough
34f091cc0903d4cb,vox_prop_exert_gas_gag
78e070b351bc38f5,vox_prop_exert_gas_gasp
6484bd1052e90e48,vox_prop_exert_pain
205ada86fdeef909,vox_prop_exert_sniper_exhale
743627e2b01d56b3,vox_prop_exert_sniper_gasp
4100e2b6ad110c9,vox_prop_exert_sniper_hold
6e6fe8faec7855f,vox_prop_exert_stabbed
153a654a1168667b,vox_prop_exert_underwater_air_low
5e2f73ae762bc1ca,vox_prop_exert_underwater_emerge_breath
105376bc8dca16f,vox_prop_exert_underwater_emerge_gasp
4505d27724a6b4d3,vox_prop_kill_reap_0
4505d17724a6b320,vox_prop_kill_reap_1
4505d47724a6b839,vox_prop_kill_reap_2
4505d37724a6b686,vox_prop_kill_reap_3
bca2f0cedb22f20,vox_prop_kill_sniper_0
bca300cedb230d3,vox_prop_kill_sniper_1
6945fd67f30a9bde,vox_prop_kls_lightning_request
205ebf9249136eb2,vox_prop_promotion_reaction
1e04d11ebf7028d5,vox_prop_threat_infantry
31dab859a3cb52e7,vox_prop_threat_sniper
32c8646ff98dea2a,vox_reap_boost_draw
733ba52dfd3a0457,vox_reap_boost_loss
637807c4964dd1c6,vox_reap_boost_win
2dc1ba2053f3817a,vox_reap_kill_reap_0
2dc1bb2053f3832d,vox_reap_kill_reap_1
2dc1b82053f37e14,vox_reap_kill_reap_2
2dc1b92053f37fc7,vox_reap_kill_reap_3
7eff773a328654ea,vox_reap_kill_sniper_1
1e2bb7d8b01c5869,vox_reap_promotion_reaction
544826b86f0d9a9c,vox_reap_threat_infantry
478465236daab6a2,vox_reap_threat_sniper
6f828b2388c20f11,vox_ruin_boost_loss
5e238439939b3e18,vox_ruin_boost_win
4764df415623eb21,vox_ruin_exert_death
a9fd6ef429122a7,vox_ruin_exert_gas_cough
12cb2d902cc1b98,vox_ruin_exert_gas_gag
4b53c6bfc10d2a6c,vox_ruin_exert_gas_gasp
55c2be6323e02991,vox_ruin_exert_pain
427333e44debd1c2,vox_ruin_exert_sniper_exhale
4b223f767ba2d808,vox_ruin_exert_sniper_gasp
215bf570ac0a76e6,vox_ruin_exert_sniper_hold
6a6f8c0254a5d424,vox_ruin_exert_stabbed
44823fa4541c61e,vox_ruin_exert_underwater_air_low
19cb6b83c97b4af,vox_ruin_exert_underwater_emerge_breath
5b15842d6b8d5cae,vox_ruin_exert_underwater_emerge_gasp
221b19b53a7b9140,vox_ruin_kill_reap_0
221b1ab53a7b92f3,vox_ruin_kill_reap_1
221b1bb53a7b94a6,vox_ruin_kill_reap_2
221b1cb53a7b9659,vox_ruin_kill_reap_3
454f8e2e323b9ae3,vox_ruin_kill_sniper_0
454f8d2e323b9930,vox_ruin_kill_sniper_1
602c8e5d3e3223cb,vox_ruin_promotion_reaction
41e4158b7fca40e2,vox_ruin_threat_infantry
3532a82e77d2e62c,vox_ruin_threat_sniper
1c2c3c2504fb59d0,vox_sera_boost_loss
53c00d4d9374f0e7,vox_sera_boost_win
2c4681f4d7efe4ae,vox_sera_exert_death
409cfef7218f70ac,vox_sera_exert_gas_cough
3ed279146f45cd37,vox_sera_exert_gas_gag
59a0cb913bee251,vox_sera_exert_gas_gasp
4a07b1f3bac529b4,vox_sera_exert_pain
3b9ee107904b68a5,vox_sera_exert_sniper_exhale
56dab16bddd8c77f,vox_sera_exert_sniper_gasp
30c46ef204b46f5,vox_sera_exert_sniper_hold
66efbb0d43ab9f43,vox_sera_exert_stabbed
6daf1b1b85a7e3cf,vox_sera_exert_underwater_air_low
4e702f765175f4ae,vox_sera_exert_underwater_emerge_breath
1c773dfa267ae1fb,vox_sera_exert_underwater_emerge_gasp
2f5ce5f75691dfd7,vox_sera_kill_reap_0
2f5ce4f75691de24,vox_sera_kill_reap_1
2f5ce7f75691e33d,vox_sera_kill_reap_2
2f5ce6f75691e18a,vox_sera_kill_reap_3
40aa9df328c9088c,vox_sera_kill_sniper_0
40aa9ef328c90a3f,vox_sera_kill_sniper_1
3ef74ebbf0a6fbde,vox_sera_promotion_reaction
6bbd3e8a6f7b8ac1,vox_sera_threat_infantry
4cf8d18646238183,vox_sera_threat_sniper
4b36b39d56f92663,vox_spec_boost_draw
14fc1adfa17c54ca,vox_spec_boost_loss
322684851388a5c9,vox_spec_boost_win
6657f50986ebc404,vox_spec_exert_death
51e03be9da26aa4a,vox_spec_exert_gas_cough
1847e9b13c4e9b61,vox_spec_exert_gas_gag
10a44129796ea197,vox_spec_exert_gas_gasp
6cf53b9ef563ff8a,vox_spec_exert_pain
43e449fb92e59b3,vox_spec_exert_sniper_exhale
3c7b85f77e15715d,vox_spec_exert_sniper_gasp
f42e862913f5dd7,vox_spec_exert_sniper_hold
3261ded94ecab8cd,vox_spec_exert_stabbed
6ddc9d239c19516d,vox_spec_exert_underwater_air_low
14493a3a29f7e320,vox_spec_exert_underwater_emerge_breath
e4e08e8dcb9a545,vox_spec_exert_underwater_emerge_gasp
7deb6adb9f63cd65,vox_spec_kill_reap_0
7deb69db9f63cbb2,vox_spec_kill_reap_1
7deb68db9f63c9ff,vox_spec_kill_reap_2
7deb67db9f63c84c,vox_spec_kill_reap_3
79bb59949a58711a,vox_spec_kill_sniper_0
79bb5a949a5872cd,vox_spec_kill_sniper_1
5d4ed7670baae220,vox_spec_promotion_reaction
5b53646329fb5cf,vox_spec_threat_infantry
32e1300423d90425,vox_spec_threat_sniper
56dfd7cb353a725e,zmb_vox_monkey_explode
29fa4e8958e09254,zmb_vox_monkey_land
31215d506d600dc4,zmb_vox_monkey_scream
68402c92c838b7f7,zmb_vox_monkey_throw
7d5814ce1456fcb3,amb_gust_rand
4c413b1a7e20ad25,amb_pipe_flow
ebc6bb0e31e5dcf,amb_sink
21b93695e2f7845b,amb_toilet_run
18fd772f4ee1e48b,amb_bones
186d46a4e6d1c11a,amb_flourescent
99d76d1aefc29e0,dst_trophy_smash
404e9e79b5d0751e,dst_trophy_smash_lfe
29ad5ae7c0f951,exp_lightning_strike_decay
162838c5e0347ec2,exp_lightning_strike_lfe
47eb1819cbb2c588,exp_trophy_system_decay
a2e32fd78c592de,exp_trophy_system_dist
43cc37c6c250861b,exp_trophy_system_lfe
12b897f6133a37cd,fly_an94_bolt_back
34c394ba219389d7,fly_an94_bolt_release
6a9a2882e2d2655d,fly_an94_mag_in
87a4367760202c6,fly_an94_mag_out
6954d72201ac7c09,fly_claymore_plant_npc
6dc69422955b0510,fly_claymore_plant_plr
24f1b2760fac2eaf,fly_flamethrower_first_raise
42777ca55f9bdbd5,fly_m16_bolt_back
27f58745edd42e8f,fly_m16_bolt_release
2aa4f424401e4075,fly_m16_mag_in
26773e98fdb986be,fly_m16_mag_out
297fe68d3fbf68c4,fly_tablet_beep
69594feec2de5e49,fly_tablet_pullout
23e0345c1b1387dd,gdt_vision_pulse_3d
5ac5046d017be208,gdt_vision_pulse_loop
36ac7d35689603a0,gdt_vision_pulse_no_hits
3f2b01089eb51392,gdt_vision_pulse_ping
2039eaf9eabb78bb,gdt_vision_pulse_ping_plr
7219093522888c32,mpl_bad_location
2f8b8590ffced23b,mpl_ballcapture_sting_enemy
10dfd5018d3faddd,mpl_ballcapture_sting_friend
7c67dc9f0e5be5c4,mpl_balldrop_sting_enemy
7f8ef0cff9ad2b20,mpl_balldrop_sting_friend
69e1734d636ee12d,mpl_ballget_sting_enemy
23f75607fd1c2b13,mpl_ballget_sting_friend
2bc71ce0900d512c,mpl_ballreturn_sting
46ad58b427442c46,mpl_cleanse_npc
417cb7b46d43c16b,mpl_cleanse_plr
72c8f497946a3b2d,mpl_cuav_static
181c02b3a74ef1ed,mpl_fracture_core_drop
38dba5f9d1f0055e,mpl_fracture_core_loop
75afda3ce47c1cce,mpl_fracture_deposit_1
75afd93ce47c1b1b,mpl_fracture_deposit_2
75afd83ce47c1968,mpl_fracture_deposit_3
75afdf3ce47c254d,mpl_fracture_deposit_4
75afde3ce47c239a,mpl_fracture_deposit_5
4383d8bf4e12a832,mpl_fracture_enemy_pickup_l
4383d9bf4e12a9e5,mpl_fracture_enemy_pickup_m
673292a4bf9f1faa,mpl_fracture_enemy_pickup_nope
4383ebbf4e12c87b,mpl_fracture_enemy_pickup_s
6beb4bf44a679729,mpl_fracture_sting_moved
605c68a1b40ad007,mpl_fracture_sting_powerdown
7879d1140e2305bd,mpl_geiger_lv2
7879d0140e23040a,mpl_geiger_lv3
7879cb140e22fb8b,mpl_geiger_lv4
1d2111ba05dc3372,mpl_good_location
402abd92a83a78d7,mpl_hit_alert_ballholder
538e5c0f136003d5,mpl_hit_alert_clone
413d5bb6ad6b9738,mpl_hit_alert_escort
75bd770256e876dd,mpl_hit_alert_firefly
2f3cd1fb806f217b,mpl_hit_alert_heatwave
a4ac04eb078a0ea,mpl_holoscreen_close_npc
339e274e7f5ccaef,mpl_holoscreen_close_plr
7d0f6d47a78d2af0,mpl_holoscreen_handmove1_plr
3e33037c1e1c3785,mpl_holoscreen_handmove2_plr
1271bb3b7846e1a0,mpl_holoscreen_loop_npc
5381563b0c0503e1,mpl_holoscreen_loop_plr
51c0f71b22f6a8e6,mpl_holoscreen_open_npc
4c90561b68f63e0b,mpl_holoscreen_open_plr
52822fc2c68b551c,mpl_kls_mortar_whistle
28465751ac1b4d3,mpl_lightning_bomb_incoming
23f4c6086c59689e,mpl_lightning_flyover_apex
5c025ff0510e1309,mpl_lightning_flyover_boom
25ee0a92276a3531,mpl_lightning_flyover_wash
16860756bd63276b,mpl_m_turret_exp
a6b9d818ce97f80,mpl_m_turret_exp_close
52c24cbcdf13e68f,mpl_oob_static_lp
69f2e0526473883,mpl_safeguard_disabled_sting_enemy
6c16da690cc8bbe5,mpl_safeguard_disabled_sting_friend
39e5cc5a758ee6ea,mpl_safeguard_reboot_sting_enemy
656f124acc419142,mpl_safeguard_reboot_sting_friend
7b45c274c91187f,mpl_start_faction_ui_in
5ee391c739fbc924,mpl_start_faction_ui_out
5a92fe46d8367408,mpl_start_show_obj_ui_in
301ee6616ed2cdad,mpl_start_show_obj_ui_out
45b59390f6e2bfef,mpl_start_xp_ui_in
8c94a539f7b87f4,mpl_start_xp_ui_out
50f6b0ec267937fa,mpl_turret_alert
224ad7deb7fa98d0,mpl_turret_servo_plr
2959ed66e77ab506,mpl_turret_servo_stop
4569cb62f8a8560f,mpl_turret_servo_stop_plr
616bd8a161bf6a1,mus_underscore_06_intro
448a7dffef4f90ff,prj_crossbow_impact_asphalt
497c1e3c7730c4e,prj_crossbow_impact_asphault
3ee2cb583e639bfe,prj_crossbow_impact_bark
10895cb3d978e1fc,prj_crossbow_impact_bottle
688cc055e7245a09,prj_crossbow_impact_brick
d498b1ef9b21930,prj_crossbow_impact_canvas
2d23cd07e969c8ef,prj_crossbow_impact_carpet
269a190aa41f5f10,prj_crossbow_impact_ceramic
2d0b2f0c63de3680,prj_crossbow_impact_cloth
52aa7a7d41f0a557,prj_crossbow_impact_concrete
4903867ec1b9c167,prj_crossbow_impact_crate
6d3a8091cfb145d7,prj_crossbow_impact_cushion
2349ba3752b7d379,prj_crossbow_impact_default
45fe6e22b30fac5d,prj_crossbow_impact_dirt
6445f936c98e68fa,prj_crossbow_impact_flesh
2023f8a2cab7e637,prj_crossbow_impact_foliage
19faa989d9967456,prj_crossbow_impact_fruit
2fd3090a4cfd5938,prj_crossbow_impact_glass
6d1cacb6ec68cb1e,prj_crossbow_impact_grass
69eb65d3c449e55b,prj_crossbow_impact_gravel
4a39ae629bdcb0fb,prj_crossbow_impact_ice
36b6da394c8c817a,prj_crossbow_impact_ice_crack
39337670540f9f37,prj_crossbow_impact_metal
55b3264b282e576,prj_crossbow_impact_metal_car
bb3b966cdb2b0a3,prj_crossbow_impact_metal_hollow
bdc219e740c69db,prj_crossbow_impact_metal_thin
29920d6289eeb5ba,prj_crossbow_impact_mud
7c60c3cd3f0955f8,prj_crossbow_impact_paintedmetal
374ab51c2d7bdb06,prj_crossbow_impact_paper
4db588da61a93979,prj_crossbow_impact_piano
21e2b01a79cf5b1b,prj_crossbow_impact_plaster
21d4c71a79c344d4,prj_crossbow_impact_plastic
420842b0bee26c70,prj_crossbow_impact_plate
40276ddb5e934815,prj_crossbow_impact_rock
7a3c64fbb3763266,prj_crossbow_impact_rubber
4dba8ce23fd67bb6,prj_crossbow_impact_sand
196ee5f07fccee20,prj_crossbow_impact_sandbag
aaaaae2627028a7,prj_crossbow_impact_snow
3c74f0f74f30de18,prj_crossbow_impact_teddybear
41a331b89cb4eef5,prj_crossbow_impact_vase
4c700ff4cdd655d3,prj_crossbow_impact_water
118144c3516aaa79,prj_crossbow_impact_wood
226d3c9fe957042,prj_gel_gun_bounce
11402474e8c8e1b7,prj_lightning_body_sizzle
6433deffc9f8f91f,prj_lightning_impact_generic
253a462c6570939a,prj_lightning_impact_human_fatal
2f0226a11205c3a5,uin_vision_pulse_charged
1d25ce4551dc140f,veh_supply_dist
224444d62e10ec19,veh_supply_rotor
6bd077335668e083,veh_supply_rotor_lfe
2334ba33880409b9,veh_supply_rotor_phase
3bc2ee84f6e5b776,veh_supply_turbine
50f788abd1adb056,veh_supply_turbine_phase
7af26536f4947eaf,vox_reap_exert_burned
31376bda0fe0537b,vox_reap_exert_death
431d08508944667e,vox_reap_exert_electrocuted
35290ece96304f6c,vox_reap_exert_gas_purge
3251400c26552823,vox_reap_exert_pain
eae9735ad2deb62,vox_reap_exert_sniper_gasp
6092b8caaf5c9a84,vox_reap_exert_sniper_hold
2d99337c00190fea,vox_reap_exert_stabbed
6f3b283506ea258,vox_reap_exert_underwater_air_low
55133adcbe4c2bab,vox_reap_exert_underwater_death
76eb13eb5c0a2cb6,vox_reap_exert_underwater_emerge
2c071953f344c796,wpn_ar_an94_act_npc
1bf8b41c725e5468,wpn_ar_an94_fire_act_plr
72450018dd0597fe,wpn_ar_an94_fire_npc
7c5499d4b372e5c4,wpn_ar_an94_fire_pap_npc
17fb7cd50b8968a5,wpn_ar_an94_fire_pap_plr
6093af18d2e61e83,wpn_ar_an94_fire_plr
6ca59deb439d258f,wpn_ar_an94_lfe_npc
318cd6d129b1317f,wpn_ar_galil_act_killcam_npc
502cd7d1844e3e7a,wpn_ar_galil_act_killcam_plr
2161e0f9b7997f,wpn_ar_galil_act_npc
5934e2d29206e92d,wpn_ar_galil_ads_killcam_npc
f91c7d2b17f1974,wpn_ar_galil_ads_killcam_plr
5b6c15b805459d41,wpn_ar_galil_ads_npc
1f5b877efe62dde3,wpn_ar_galil_fire_act_plr
4aaad5b09b5d1a01,wpn_ar_galil_fire_ads_plr
1040f3561f6e28a5,wpn_ar_galil_fire_killcam_npc
39af6855ee69322c,wpn_ar_galil_fire_killcam_plr
664d734aff2054c2,wpn_ar_galil_fire_lfe_plr
58d8ff3af80d4db9,wpn_ar_galil_fire_npc
7f141f2b18a0976b,wpn_ar_galil_fire_pap_npc
55bfb82b49baba66,wpn_ar_galil_fire_pap_plr
4a3abc3af08957e0,wpn_ar_galil_fire_plr
1152f23c203399c2,wpn_ar_galil_lfe_killcam_npc
2e25c93b9ef8eb87,wpn_ar_galil_lfe_killcam_plr
51642a0ebc356be6,wpn_ar_galil_lfe_npc
4f05cb33a6b25ae8,wpn_ar_galil_sup_act_killcam_npc
1930b63387ad72a9,wpn_ar_galil_sup_act_killcam_plr
62939682e06b7c70,wpn_ar_galil_sup_act_npc
467efa278dec6a7e,wpn_ar_galil_sup_ads_killcam_npc
34cda92783ccf103,wpn_ar_galil_sup_ads_killcam_plr
2a1172ba3359c992,wpn_ar_galil_sup_ads_npc
73361cb9b0a9a296,wpn_ar_galil_sup_fire_act_plr
63760fa63b9ce54,wpn_ar_galil_sup_fire_ads_plr
1f55c0629b173d10,wpn_ar_galil_sup_fire_killcam_npc
76025b62cc331671,wpn_ar_galil_sup_fire_killcam_plr
50da0f7b64b3ef47,wpn_ar_galil_sup_fire_lfe_plr
788af32fd536b098,wpn_ar_galil_sup_fire_npc
58531e30538fec39,wpn_ar_galil_sup_fire_plr
72a5691cd6e24265,wpn_ar_galil_sup_lfe_killcam_npc
1c14de1ca5defeec,wpn_ar_galil_sup_lfe_killcam_plr
757448b010566e79,wpn_ar_galil_sup_lfe_npc
30dde4a1b45131c2,wpn_ar_peacekeeper_act_killcam_npc
4db0bba133168387,wpn_ar_peacekeeper_act_killcam_plr
338623a51d1003e6,wpn_ar_peacekeeper_act_npc
25f55b5cb1c68900,wpn_ar_peacekeeper_ads_killcam_npc
6705f65c45865e41,wpn_ar_peacekeeper_ads_killcam_plr
28d8db64994693a8,wpn_ar_peacekeeper_ads_npc
77d34bcfecdea16a,wpn_ar_peacekeeper_fire_killcam_npc
2126b2cfbbc2cb6f,wpn_ar_peacekeeper_fire_killcam_plr
3a9ae5308d1fd32e,wpn_ar_peacekeeper_fire_npc
3e859431205c5dd3,wpn_ar_peacekeeper_fire_plr
29c5076d95fad3f,wpn_ar_peacekeeper_lfe_killcam_npc
1dd651773119913a,wpn_ar_peacekeeper_lfe_killcam_plr
5fd0c110f67ec23f,wpn_ar_peacekeeper_lfe_npc
62f37f9672d626e5,wpn_bolt_loop
7183759d55684e8c,wpn_claymore_alert
52f9a524af265e71,wpn_crossbow_bubbles
683733eab40de48b,wpn_crossbow_dryfire_npc
481fc3c3b986034f,wpn_crossbow_lfe
48237d616355a607,wpn_crossbow_lfe_npc
1b17c0f3829bc683,wpn_glove_button_affirm
6bc5042a45af1e48,wpn_glove_button_open
779d1e349373137,wpn_glove_button_press
792172777d5265f,wpn_gravity_spikes_activate
25c57cc4130fff54,wpn_gravity_spikes_impact
5b673a64e385f9c2,wpn_gravity_spikes_impact_lfe
4dad62edcd29470,wpn_gravity_spikes_swing_npc
5b87712f0dee6dd1,wpn_gravity_spikes_swing_plr
750d5ad648d55f8c,wpn_lightning_gun_electrocuted_npc
7123add5b59a8b4d,wpn_lightning_gun_electrocuted_plr
156253a75542524d,wpn_lightning_gun_electrocuted_shock
165d4fd39d3335a1,wpn_smg_mp40_act_killcam_npc
d747cd3e00942a8,wpn_smg_mp40_act_killcam_plr
624e68b0f1599277,wpn_smg_mp40_ads_killcam_npc
7107b9b0f8f467d2,wpn_smg_mp40_ads_killcam_plr
7246a6c5f808f257,wpn_smg_mp40_fire_killcam_npc
464f7c602853db2,wpn_smg_mp40_fire_killcam_plr
37048e28fad594f7,wpn_smg_mp40_fire_npc
7db14fd42589e02d,wpn_smg_mp40_fire_pap_npc
340e34d445021074,wpn_smg_mp40_fire_pap_plr
45bddf2902706a52,wpn_smg_mp40_fire_plr
1329871a4d6b208c,wpn_smg_mp40_lfe_killcam_npc
f3fda19ba304c4d,wpn_smg_mp40_lfe_killcam_plr
330bafdc12ac63d5,wpn_smoke_sparks
7e057bd522fbe0ca,wpn_smoke_sparks_close
28bf2077a2c618a4,wpn_trophy_button_press
3383869af6988a7f,wpn_trophy_deploy
b5be51e806c19b0,wpn_trophy_fire_plr_decay
7424881aa8562673,wpn_trophy_prime
27e3f5a5259f4544,wpn_trophy_prime_open
2751220cd79f91ac,wpn_trophy_spin
670263054da1bb3b,amb_comp_sonar
16182205f3c5e3b8,amb_wind_bluster
25a8dcbd782b4f3f,amb_tropical_birds
4012ea17749beb39,amb_alarm
7b0cc91c8136ee38,amb_flag_flap
38da9ad3ee18bb26,amb_gust_sand
4cfb312917d44977,amb_waterfall_lrg_dist
53e91de942a2a3e7,amb_waterfall_med
37c743e9c473ebb5,amb_waterfall_sml
77b737b3d5bea0e9,amb_chimes
57ed023fe95323e1,amb_bird_line_l
57ecec3fe952fe7f,amb_bird_line_r
4be8d61425d69e39,fly_mann_head_bounce_asphalt
23aa2e36eced0b5c,fly_mann_head_bounce_bark
326077e3c1e83d4f,fly_mann_head_bounce_brick
516d32f987d52ac9,fly_mann_head_bounce_carpet
2e96ca79372ab37a,fly_mann_head_bounce_ceramic
20f13efea8cc2d6e,fly_mann_head_bounce_cloth
5b4c75f2c144be0d,fly_mann_head_bounce_concrete
60c95cf84deba655,fly_mann_head_bounce_cushion
26e6ea008026578b,fly_mann_head_bounce_default
7eaf7d252dcd5a2b,fly_mann_head_bounce_dirt
f3963da4b373ef8,fly_mann_head_bounce_flesh
5a8d27dd333cbca1,fly_mann_head_bounce_foliage
43bfa40fb01510cc,fly_mann_head_bounce_fruit
53425046b4581832,fly_mann_head_bounce_glass
128e4b4c98eb3c64,fly_mann_head_bounce_grass
4a955427c19fdde9,fly_mann_head_bounce_gravel
4ada5f1ad1284f8d,fly_mann_head_bounce_ice
630d61a6a8dbcb55,fly_mann_head_bounce_metal
29b7961abed10118,fly_mann_head_bounce_mud
65bc9a8d15da8b9e,fly_mann_head_bounce_paintedmetal
53fcd23aa8e9b108,fly_mann_head_bounce_paper
7c635992c0dc80e1,fly_mann_head_bounce_plaster
7c8c5092c0ff76aa,fly_mann_head_bounce_plastic
2371b4bae6294d6f,fly_mann_head_bounce_rock
4e14cb978ab47328,fly_mann_head_bounce_rubber
5baab3c5d61825f8,fly_mann_head_bounce_sand
6c1ba1c59733ce19,fly_mann_head_bounce_snow
70971e574c862641,fly_mann_head_bounce_water
5ea787a23b310b4f,fly_mann_head_bounce_wood
783bde55c7eacce5,fly_step_crouch_run_mann_carpet
1c202bc98f3511c1,fly_step_crouch_run_mann_concrete
27678f6803a0555f,fly_step_crouch_run_mann_default
77063cb73b662659,fly_step_crouch_run_mann_ice
5a2753a236379e0b,fly_step_crouch_run_mann_wood
30e33cc8d8a3e2cb,fly_step_crouch_walk_mann_carpet
7cdd14cc829ae29b,fly_step_crouch_walk_mann_concrete
2dbc02856ac5a64d,fly_step_crouch_walk_mann_default
7292e823f93f5897,fly_step_crouch_walk_mann_ice
76f4838aa0134b85,fly_step_crouch_walk_mann_wood
51dd2b961fd4f738,fly_step_run_mann_carpet
d51c11de2abb178,fly_step_run_mann_concrete
67f116ebc8abfd8c,fly_step_run_mann_default
45f5a2256d45ccfe,fly_step_run_mann_ice
5710a3680a851bda,fly_step_run_mann_wood
7e56769eea37b65,fly_step_sprint_mann_carpet
26034bcae2848441,fly_step_sprint_mann_concrete
7d29fca5cf70d8df,fly_step_sprint_mann_default
5fb91a4bcbbe31d9,fly_step_sprint_mann_ice
1a2157137bd3288b,fly_step_sprint_mann_wood
55b56a5c3d2d3488,fly_step_walk_mann_carpet
40b81d8c7bcfd768,fly_step_walk_mann_concrete
4a5fdbf63f7c0bdc,fly_step_walk_mann_default
3e501ab942ce6b0e,fly_step_walk_mann_ice
a4e97a432f0592a,fly_step_walk_mann_wood
60f9893b7fbb721d,mpl_hero_weap_lose
431da3e30e2a5bbe,mus_underscore_07_intro
459666269654d8ae,amb_bald_eagle
1bb4c31cf1260c66,amb_boat_horn
307f6d49693e34fd,amb_platform_edge
681a9247a83903fb,amb_wind_tree_creak_l
681a8047a838e565,amb_wind_tree_creak_r
35637dbe6a493bfe,amb_gust_whistle
78f9bd59da66a6b5,amb_owl_hoot
cab99574f050bc3,amb_water_fountain_sml
727a8343453e8950,amb_mosquitos
21c08b5fcd855e1f,amb_whispers
204b0051c8458493,amb_power_box
198f330af9b83c6b,amb_tree_wind
e82634d1ede3c3c,amb_monk_chant
2752c08ef27bb82f,amb_water_culvert
5d12032de66d68e5,amb_bell
884605942f40c49,amb_piano
99c18e53a6a0993,amb_morgue_vox
1f162c0ccc0631a1,amb_shower_loop
6b70f5bfb1379c0a,amb_water_drips_rand
3152b4d151ac2f9f,evt_switch_flip_trap
3c352ec74b3fcaa5,fly_metal_plank_npc
65a3a3c71a3ad42c,fly_metal_plank_plr
49be3a819df9641d,fly_step_loose_tile_npc
69a51f811f5bec84,fly_step_loose_tile_plr
28aa41f4c00a278f,fly_step_wood_debris_npc
2e4802f47a679aaa,fly_step_wood_debris_plr
275fa58d6877125e,fly_step_wood_door_debris_npc
15ad548d5e55e5e3,fly_step_wood_door_debris_plr
65cc0c19146d94fc,zmb_elec_room_sweets
77a3e5d8a14ea910,zmb_trap_ready
43d669b0cef95100,wpn_wwgrenade_cocoon_imp
6e5885d63e0768a,wpn_wwgrenade_cocoon_lp
2b8a09fbde3380e,wpn_wwgrenade_cocoon_stop
650ab341abedeb55,wpn_wwgrenade_explode
13de34fa0e93b70f,wpn_wwgrenade_explode_lfe
685556f9f5db2e3c,wpn_wwgrenade_explode_swt
7c33cef78430a7b2,wpn_wwgrenade_impact
761ae13b97c359ac,wpn_wwmelee_swing_npc
7231343b0488856d,wpn_wwmelee_swing_plr
32f36f199ed2e8d,zmb_hellhound_prespawn_lfe
b459f6cbb1cdea4,zmb_quad_attack_swing
1bca199e70fb7609,zmb_quad_attack_swing_second
4fc04ee40c30b4d,zmb_quad_explo
1077be6728625916,zmb_spawn_powerup_flux_l
1077b86728624ee4,zmb_spawn_powerup_flux_r
6cbd08e8c2cd1347,zmb_step_quad_default
1a2b829c898a43dc,zmb_step_quad_default_close
22677d12fb43112d,zmb_step_quad_default_close_swt
3a17e6ff669bffd6,zmb_vocals_hellhound_ambient_anim
46abdd96692d267a,zmb_vocals_quad_ambient
3f0ee1e9f081e6b3,zmb_vocals_quad_ambient_loud
36b7bf72aba9bcb9,zmb_vocals_quad_attack_melee
1bf8dcc38660573a,zmb_vocals_quad_behind
705e04ff274ef454,zmb_vocals_quad_death
6dead99af942e065,zmb_vocals_quad_spawn
1a47015cfc095e2a,zmb_vocals_quad_spawn_flux_l
1a47035cfc096190,zmb_vocals_quad_spawn_flux_r
4581dff10a3bdad6,zmb_vocals_quad_sprint
3b4e17608639b5bb,amb_dank_wind
214cf1ae2bd819a7,zmb_safe_open
676e226e6ce1fbf3,zmb_zod_gate_open
52f347502aff52cb,fly_38_cyclinder_close
4aa08464bb258e93,fly_38_hammer
79a43ca8c7d97919,fly_38_latch
7ab7aa2d34595a08,fly_38_open_cylinder
4a432925f169c6bc,fly_38_shells_in
6721b3791a52ea49,fly_38_shells_out
3dc5257fe6bc845,fly_38_spin
69ef7f6f6250c423,wpn_assault_flux_l_npc_pap
60a9b425ac52f1a,wpn_assault_flux_l_plr_pap
31676970cac8d191,wpn_assault_flux_r_npc_pap
85e4a605271e3d4,wpn_assault_flux_r_plr_pap
5be92dbe585abfa2,wpn_lmg_heavy_fire_pap_npc
78bc04bdd7201167,wpn_lmg_heavy_fire_pap_plr
17e0c3ff6bf8993f,wpn_rpg_fire_npc_pap
5b276531f25d74b6,wpn_rpg_fire_plr_pap
10c4f043d277120f,wpn_rpg_flux_l_npc_pap
16d9e382a821d2a6,wpn_rpg_flux_l_plr_pap
177667e574775385,wpn_rpg_flux_r_npc_pap
36eacaeb356908c8,wpn_rpg_flux_r_plr_pap
10ad07d2baed35e7,wpn_smg_versatile_fire_npc_pap
44f499ec23af4efe,wpn_smg_versatile_fire_plr_pap
4875f0859298df27,wpn_smg_versatile_flux_l_npc_pap
37772533ba2c0f3e,wpn_smg_versatile_flux_l_plr_pap
782c5ebc9fe2a9ed,wpn_smg_versatile_flux_r_npc_pap
1831a06f48580750,wpn_smg_versatile_flux_r_plr_pap
19f8940b48ed5c1f,amb_alarm_buzz
77144bc21f51c75a,amb_comp_mainframe
198ae346f3f26797,amb_elec_spark
3ab829d5a74787c1,amb_fan
5fbae788817d1a75,amb_radar_dish
16ea824519c23d08,fly_thundergun_forcehit
40130b25fea45f1c,wpn_smg_thompson_act_killcam_npc
51c45e2608c3dbfd,wpn_smg_thompson_act_killcam_plr
4223ed3f8d5c9904,wpn_smg_thompson_act_npc
5dc9d03fe57168e5,wpn_smg_thompson_act_plr
6d89ec98c1574072,wpn_smg_thompson_ads_killcam_npc
1ff80398dd775017,wpn_smg_thompson_ads_killcam_plr
6fbbef8b0e826c36,wpn_smg_thompson_ads_npc
54150e8ab66becbb,wpn_smg_thompson_ads_plr
45e877bfba7e9d14,wpn_smg_thompson_fire_killcam_npc
4e801abf7763e755,wpn_smg_thompson_fire_killcam_plr
2f4e62eb6746c15c,wpn_smg_thompson_fire_npc
6b42e374726cf3c6,wpn_smg_thompson_fire_pap_npc
66124274b86c88eb,wpn_smg_thompson_fire_pap_plr
4100b5eb7167f13d,wpn_smg_thompson_fire_plr
66e8777757a0f559,wpn_smg_thompson_lfe_killcam_npc
54e434774d39d680,wpn_smg_thompson_lfe_killcam_plr
3cf298bcc9ad69fd,wpn_smg_thompson_lfe_npc
59737dbc482cc964,wpn_smg_thompson_lfe_plr
4b5fce4bff5f84fe,wpn_thundergun_fire_npc
400d4d4b96275f33,wpn_thundergun_fire_npc_last
39ae7d4bf5400b83,wpn_thundergun_fire_plr
55fb0ea9a6d31994,wpn_thundergun_fire_plr_last
449fde9c8b036214,wpn_thundergun_proj_impact
6666cf101fb223b4,wpn_thundergun_proj_loop
236b91d9ae37da55,amb_wind_howl
5d343acd0a1d3a39,amb_sludge_loop
7bed78e1e93159d3,fly_tommy_bolt_back
736f970fd33e41c5,fly_tommy_bolt_release
5fee09f2e6edccab,fly_tommy_mag_in
5d546ebe5bba4f98,fly_tommy_mag_out
98b7c28e06a47c5,wpn_smg_mp40_act_npc
32f9f128af65514c,wpn_smg_mp40_act_plr
327fa46dd99b8a57,wpn_smg_mp40_ads_npc
449df56de417d5b2,wpn_smg_mp40_ads_plr
7dd295092ffcf094,wpn_smg_mp40_lfe_npc
66a3808ece23ad5,wpn_smg_mp40_lfe_plr
44d925def0cc9c79,fly_step_gondola_enter
1deff7f899600f59,fly_step_gondola_exit
7a62506c990443a7,fly_step_truck_move
54f9bb5621f71d07,fly_step_truck_off
7c29b9d5d359f7a3,fly_step_truck_on
1c96415bfb73a498,amb_waterfall_splash
2e0644c804b8a901,fly_step_water_wade_npc
288371c84a71df08,fly_step_water_wade_plr
217848f45394e0bc,amb_comp_tape
155fdbef9520bf33,zmb_metal_door
3190512e4f40f3d7,zmb_hellbox_amb_high
38a7568c3e12911b,zmb_hellbox_amb_low
798d5d49edf9ea51,zmb_hellbox_arrive
1d8c8658fa23688a,zmb_hellbox_close
6609dd2116c75cbd,zmb_hellbox_leave
8291e548d28b01e,zmb_hellbox_open
3b227b0d32dc4216,amb_hell_hole
1d69a11bc9a04577,amb_rain_car
46098beb7c3650cf,amb_rain_metal_barrel
34b5d99cd705efee,amb_rain_wood
3459792463dfc4c4,amb_ac
326b19d5f4aecca,exp_atv
1095117de01f5246,mus_bar
28bbbed59ce7f69e,amb_dog
2ec1619d78134da6,exp_lfe
9cb7ad5d462e8ea,amb_owl
1acc30179a63d7b4,wpn_ieu_fan
13e626a276c25f8e,wpn_shotgun_leveraction_lfe
352dd0b3bc302fba,wpn_shotgun_pump_int
73d1893e2eec25d1,wpn_tr_damagesemi_lfe
68fddcaf839c2934,wpn_sniper_standard_int
76b57ec5db1cb692,wpn_pistol_revolver_lfe
6112aeb3d537173a,wpn_shotgun_pump_lfe
3d91f61ac6559d6d,wpn_shotgun_semiauto_int
7caf5e2d8dec3b2f,wpn_sniper_accurate_int
2db980a285572f66,wpn_shotgun_leveraction_int
1250181aadd9173d,wpn_shotgun_semiauto_lfe
7193f45ddac7b719,wpn_grenade_launcher_loop
6059299ee7156f5a,fly_ar_british_end
7d9d3bb1bb0a043e,fly_ar_mobility_end
ad6267d9df1c554,fly_ar_season6_end
1b1a2e885b0ac657,fly_ar_slowhandling_end
7a7869f2d8be9bcd,fly_ar_soviet_end
60ab383670a65e18,fly_smg_season6_end
53cc4a75dc00e7e6,fly_lmg_accurate_end
416f626fb71cf174,fly_launcher_freefire_end
c434150c6cec2e5,fly_lmg_slowfire_end
29cc93948abb3ede,fly_lmg_fastfire_end
14f74a5da400bdac,fly_shotgun_leveraction_end
6f72a68e8bec08af,fly_smg_burst_tap
1a3c8dde40295308,fly_smg_spray_end
796e5f88e85b4321,fly_smg_accurate_end
768457ed4f0ffff1,fly_sniper_accurate_tap
7bfe0f5abaa72913,fly_smg_cqb_end
3834b8ee0045d93,fly_smg_burst_end
f6501cc4cd93362,fly_smg_handling_end
7e75bff46bd58955,fly_smg_fastfire_end
a8704eda31c2511,fly_sniper_accurate_end
66df18a0a42341c8,fly_ar_slowhandling_grab
26d4622906bf0a41,fly_lmg_slowfire_belt
142f5e3192123c42,fly_ar_accurate_grab
76a698bdecce615e,fly_pistol_shotgun_open
25469206a0b5f6af,fly_ar_british_start
3feaae32c76573f1,fly_ar_british_first
6560ef02959a7ca5,fly_ar_fasthandling_start
714c5d3d943079f2,fly_ar_slowhandling_start
2e499fc2bc19d630,fly_ar_slowhandling_first
adb3f05637a506e,fly_launcher_freefire_twist
5fb7376c7e6e1229,fly_smg_season6_start
2a942223fdc62693,fly_lmg_accurate_start
7947aa2d6437fafb,fly_lmg_fastfire_start
3e271241c950adf0,fly_pistol_fullauto_start
2f55476b6b9092ca,fly_pistol_shotgun_close
5d6ba0c95fb1c9d5,fly_shotgun_leveraction_start
71c1e123bdbacf5e,fly_smg_capacity_start
2a03646e663a14f4,fly_smg_fastfire_magin
69caf2c8a0f08968,fly_smg_flechette_start
842edf0aa2acf02,fly_tr_damagesemi_start
5de3031c36c4efad,fly_tr_longburst_start
4b998d3673e48682,fly_ar_british_mag_in
18bb342948d161a2,fly_ieu_pullout
81bb0f2a170f3f2,uin_default_remove
33d3ddc91ae5be6,uin_battlepass_tier_swap
20e38a5f86834d94,uin_aar_pop_up
189cd1a06db3a80e,uin_aar_slam_in
273655bac92f5f01,uin_cac_attach_base
7bd6b86327821dae,evt_ui_tv_flashback_on
65e9a6075eae234e,uin_stealth_alert
481d035678ad41bf,exp_facade_debris_concrete
5c945612be87e52f,exp_facade_debris_metal
c9d42ebdf481e4e,evt_kgb_vault_door_explo
66dafbf1a1f2afe3,evt_kgb_computer_beep_02
552eb8478ded5015,cin_kgb_frisk_plr_pickup_card
2faf45c66697173a,cin_lightsout_switch_cascade_02
584c59851dfd797c,evt_c4_elevator_close
1961af6c63751c23,uin_dt_comp_gain_focus
dc31a804bbb227f,uin_dt_action
156dc5783def2793,uin_cp_prompt_alert
381bec45045be02b,uin_default_popup_close
73b87f7313239ff3,uin_arcade_game_list_focus
2c1d193b7c25d6a2,uin_warzone_waypoint_place
312d84fead18371a,uin_default_tab_changed
4ca8f8b699de8102,uin_charactercreation_select_enter
32cf4b6fbb98d988,uin_mtx_battlepass_focus
70f9bc3fce59c959,uin_perkmachine_purchase
16329a60393f50fe,uin_perkmachine_menu_open
105b7c95663ef3aa,uin_default_mode_focus
471d170d671750ec,uin_default_mode_action
22ceb8a18237e659,uin_cac_selection_perk
58b23d0402bb26f,uin_aar_menu_open
21402484f2db725c,uin_warzone_waypoint_rmv
709e2f8c4932c2f,uin_default_goback
ccc3f0828143476,uin_default_gain_focus
50b0e43a5839ae06,uin_beacon_purchase
6ab2841e3fb6f029,uin_beacon_menu_close
62a794e3b7636bbf,uin_beacon_menu_open
4fb9805d93e8e58f,uin_weapupgrade_purchase
2629a24021e718dc,uin_weapupgrade_menu_open
3a1996e24cf0bdf5,amb_kgb_stakhanov_lp
449cedf824a935a4,evt_kgb_screen_negative
8732a509a713d0e,evt_kgb_computer_informant
7f0f61dae3077ce1,cin_kgb_poison_charkov_tea
55d05f47317f8e4c,uin_fte_dbno_stop
10daddff9651470c,uin_default_cancel
968f45cf73b8669,zmb_onslaught_zsouls_end
5805298955289e4b,uin_mtx_battlepass_back
464d56bf9dc0b640,zmb_powerup_stocking_nice
70de908525a55623,mpl_hud_notify_camo
5d07b9859109ebf4,wpn_aa_fire_fake
48621522056c6c59,mus_perks_elementalpop_sting
42b0d1969fb986a8,uin_fte_elimination_stop
1c3752ce59d64ab2,wpn_remote_missile_launch_npc
6fc5efd91e67480e,evt_kgb_intro_bootup_01
6fc5eed91e67465b,evt_kgb_intro_bootup_02
7c82e7b2e8d59822,evt_kgb_intro_door_knock
62ac80fe0500b009,amb_office_activity_med_lp_02
19f94a0d2c5ad40d,amb_walla_mailroom_lp
720b9be05dd86fe4,evt_use_computer_hum_lp
4203d3129e33cbb5,evt_obj_program_pickup_cigar
207da839ebcab5f4,evt_c4_elevator_lp
7ddc1a078f97334c,evt_c4_sldr_walla_elevator_open
28eb7f5444e22bb0,evt_c4_explo_blast
6fd28af12b96d50e,cin_exfil_car_enter
3e486c3c36896397,veh_intro_scripted_idle_lp_lr
39bca53e21a8a2b,emt_fire_lrg_lp_no_occ_outro
3815a0671d6204b8,veh_exfil_chopper_cruise_rotor
635bcab1e4442ae6,fly_pickup_snowball
35ffc8374ea4dd73,mpl_action_medal_earned
57136d1be00c034f,zmb_ai_mechz_destroy_jetpack
5f797c9c2547ee9a,zmb_plr_toast_stinger
4295b6f714f3ce59,zmb_hud_notify_milestone
14744089a187743a,mpl_hud_notify_wpn
60278fb01c60e512,evt_death_circle_strong
d5fc7d12d03275d,evt_cp_ger_hub_tv_change
7b24099c6fc9f77f,emt_tapemach_nagra_rew_lp
a41b75f964c9ea9,emt_tapemach_nagra_ff_lp
40fa0243540c8bb3,emt_tapemach_nagra_rec_lp
7d7508ac18c48d29,emt_thunder_int_cp_ger_hub
667f563cde514e29,vox_cp_chao_02000_fbro_one_22
48194ad26fab5ba,evt_fridge_hum_low
5ef66914877ac709,vox_cp_chao_02000_fbro_seven_01
7457be7b7b1b892a,uin_default_vote
269607893d158fa,veh_chop_gunner_cruise_rotor
65d7a7a0cb95109e,vox_cp_stkt_05100_adlr_no_eb
7454c42848716c61,evt_stk_blacklight_on
261a6b3233e16eb9,vox_cp_stkt_11500_gret_help_aa
64b726ff0ae19a3e,vox_cp_stkt_11400_edda_who_56
69da03c6ac7e8641,emt_rain_quad_nw_lp
4a0aeaaa48f330ac,emt_euro_siren_dist2
6018cb0f6cc1fed2,env_stk_gs_radio_static_lp
2ccec8107d8d991f,evt_stk_apt_darkroom_light_lp
56c6ab8cd8115cb6,emt_heli_distant_mono_flyover
34ddbbcdf40a0398,emt_nam_animals_bird_mystery
68ccf06ee9e1454d,emt_nam_water_lapping_short
4533e86e22b735ba,emt_wood_creaking_room
670b9e95bc3f87bc,emt_nam_animals_howler_monkey
28e53bacc4a85fc,emt_nam_animals_gibbon_monkey
364df2df73708c15,emt_nam_gunfire_distant
594e777762d627e0,env_stk_tunnel_train_dist
4a0aebaa48f3325f,emt_euro_siren_dist3
5f7c42a31ce960ad,env_stasi_walking_upstairs_01
32396b86c6a7c1d8,evt_apt_street_train_distant_04
35c4331ebcf0697a,evt_stk_apt_phone_ring_lp
46ebc6f5df4cc16,amb_hanging_chains_rattle
7fbe9ae3b2233d36,vox_burning_scream_03
77166de605e81fea,evt_stk_apt_darkroom_knockout
58a4777a1bb722f4,veh_truck_wall_imp
3cece80099a296d3,evt_zipline_wind_lp_lr
39b94824897c6295,amb_pris_river_close_lp
4cefe0209df39873,env_nam_computer_whine_04_lp
22a34c6189b3ed9d,evt_hallway_mkultra_heartbeat
4319e0de97d436b2,evt_disobey
6a189ddfaa251d6d,amb_heli_start_3
6a1896dfaa251188,amb_heli_start_4
6721c763900c9bd7,amb_rat_tunnels_zomb_amb
989e705bf606fbf,amb_pris_bridge_wind_rope_lp
2619a471fe20415d,veh_light_attack_chopper_rotor_lfe
74f2bafe546169e5,evt_zipline_end_lr
5d22d09850ffd646,uin_cp_failure
60d9320c3984262f,exp_ac130
2a4796d4b68f491,vox_cp_cbcr_02000_pilo_4321_f2
356d1f97fc0a54d0,evt_church_fine_debris_lsrs
79c81838556dbccb,evt_c4_warning_beep_02
154e07a3a064ff2b,fly_bump_foliage_rustle_hard
d87a9a4d509547d,fly_bump_foliage_palm_soft
4fa205fd3b9974ec,fly_bump_chainlink_rattle_hard
5e97eae8db8c625e,evt_adler_hallway_drone_lp
58c5f49f408958d3,wpn_prs_village_heli_m60_lp
76f17c29bc2f1a61,amb_perseus_whispers_bunker
4c4eea31cdd2a247,amb_dirtybomb_container_amb
346fbab20848440c,evt_snipercam_shot_main
1d60c9ee9393bddf,mpl_dogfight_base_quad
6cff1ca71049a043,evt_church_distant_explo
7d282381b42af0e7,evt_table_flip_left
5fb5c9bda4a4aab8,dst_escape_hallway_glass_panes
75fdec409042f10,pfx_fire_sml_rooftop_exfil
f007aac64435e5,evt_perimeter_truck_doors_open
4fe9b386add84135,evt_enemy_jeep_01_drive_up
42f562999e738a3e,fly_bump_foliage_wet_tree_soft
29dc2b84a96affdb,evt_tower_elevator_lp_lr
6baa2229adf7d74b,vox_cp_amrk_02800_bbby_yay_54
56c0c4a74d44d9ee,vox_cp_amrk_02800_bbby_wow_5e
e4a9a18240402f1,evt_forest_intro_heli_dist_3d
1c0d0ed7539c1175,emt_cricket_chirp_single_03
7bf67be987240a07,emt_pinball_idle_01
618209812a26646b,evt_tower_elevator_start_lr
8af2545122e8398,fly_bump_foliage_wet_bush_soft
7ca60ee74173eb73,fly_bump_foliage_wet_tree_hard
1625bbd5d8252f3,vox_cp_duga_01400_park_woods_2d
6677fe20ca7b1137,evt_ambush_trap_walla
5a62a059c3b867b4,evt_yam_radio_static_fade_in
18c141da83ac7a78,emt_elm_int_mtl_creak_close
4d44a7134d841146,evt_catwalk_shift_lr
226034500dd6eb2f,fly_bump_foliage_pine_soft
4b3830d51279fae7,fly_bump_foliage_brush_dry_soft
40ee24d8f34979bf,fly_bump_foliage_pine_large_soft
1c474cd199c11907,evt_survey_equipment_lp
3100e7c4da2c1636,amb_wind_gusts_leaves
77a91310b1046ce3,amb_thunder_dist
69aa2557a051bef3,emt_elm_int_mtl_creak
1e0f739e279b52d2,emt_elm_int_mtl_stress_creak
61d42af65b9fe69c,emt_metal_creaks_canyon
3f3fd7f819dcf0a0,evt_yam_zipline_pre_break
24f9f693e3e4646a,amb_pool
405930238b985241,amb_radar_ping
626b4fcc8191e555,evt_intro_missile_incoming
2030cd81df6b31cd,evt_intro_missile_explo
111012fd1964c557,evt_door_kick_plr
4d511f957c2e161f,evt_doa_pickup_clock_spawn
42ffaf54cc5e0857,evt_doa_pickup_magichat_spawn
6691e7aa747406b6,evt_doa_pickup_sawblade_spawn
3353803de263632b,evt_doa_pickup_teslaball_spawn
150cb775a9151a7c,evt_doa_hazard_pungi_spike_set
5ff8cf49155b12a0,evt_doa_hazard_pole_impact
6f5970e6c35007d5,evt_doa_teleporter_wilds_burst
631327487c950903,evt_doa_pickup_chicken_squawk
6c74fd2704c7f364,zmb_doa_ai_gegenees_spawn
5727281a9dcec94e,amb_church_bells
248083eb8b59e6a3,amb_locusts
2da7babf48cbda71,amb_wind_gusts
67b5bee59b79125d,evt_doa_hazard_flogger_whoosh_0
55a4a22c8a263b4c,zmb_doa_ai_ghosthound_explode
3d4f39c1e520b1ee,evt_doa_powerup_boost_activate
4b662aff61d46b1b,zmb_doa_ai_ghost_warp_in
41e9c670143cf2af,zmb_doa_ai_smokeman_lp
496d36bc4fd17ca4,zmb_ai_gladiator_spawn_mar
7b0979836bab6749,zmb_doa_ai_steiner_split_start
90aa2a38c5f2bf4,zmb_doa_ai_bat_spawn
3ef0a2fc626e2e1c,evt_doa_stonedoor_close
3718d068fda072ae,zmb_doa_ai_hellhound_explode
202f8c9cc02d1682,zmb_special_chest_explode
4fb484daa1ae90ab,amb_creek_bubble
6845c2088ad88a3c,amb_wind_hollow
270e902272bbd9a0,amb_wind_dead_right
27a73394dda12260,amb_instects_locust
4027a53d8aaa9b13,amb_insects_flies
23842e75ffaa4db8,vox_cp_tdwn_03200_dmc3_hmm_ac
2deb2c545c130478,evt_tkd_af_intro_camera_whoosh
5bd7bc73f9521c12,amb_trees_creak
c1aaa059c0ad39c,zmb_silver_mq_9_elec_lp
55cee7bf141dfb09,vox_zber_vig_klaus_awake_klau_2
780d795431fc9ee3,vox_zber_mq5_ant_hint_klau_0
2a0666ba452b6fa1,vox_zber_mq8_klsdmg_klau_0
2a0665ba452b6dee,vox_zber_mq8_klsdmg_klau_1
19d55aa7fa232168,wpn_guard_turret_lockon
67b278116440f53d,zmb_mq_stp6_uranium_spawn
71242be7f8bef4a2,vox_zamr_env_kp3_krav_0
2dea50476e194fe2,vox_zamr_env_gj2_jagr_3
69cb69c3c58cd45,vox_zamr_env_gj6_gorv_4
48a28bbc4ee1982e,vox_zamr_env_kp2_krav_3
5f9f7ac4c6eab2a9,vox_zamr_env_kp4_peck_1
3f97b33db2b55fe2,vox_zamr_env_f5_fskn_1
3f97b23db2b55e2f,vox_zamr_env_f5_fskn_2
26e37c9d29c6bd6c,vox_zamr_env_f6_fskn_2
2a74de64cb3871bd,vox_zamr_env_f7_fskn_2
2a74dd64cb38700a,vox_zamr_env_f7_fskn_3
2a74d864cb38678b,vox_zamr_env_f7_fskn_4
10ee544a5133c1cc,vox_zamr_env_r5_rvnv_1
44c689ce7b7e8740,amb_wheel_start
4921fd0436ca9,amb_water_tower
350e66dffd6338e8,amb_wind_trees_lgt
6eb8fd43aee5eba,amb_insects_crickets
de0b8f8d7fe9fd8,amb_metal_creak_sign
288df532f652e987,amb_flags
74f99b541d31f485,vox_obj_epl_rift_stbl_orvr_0
74f998541d31ef6c,vox_obj_epl_rift_stbl_orvr_3
74f99a541d31f2d2,vox_obj_epl_rift_stbl_orvr_1
74f999541d31f11f,vox_obj_epl_rift_stbl_orvr_2
7c8ecbce123cd1b9,vox_cp_stkt_11500_gret_help_aa_1
7c8ec8ce123ccca0,vox_cp_stkt_11500_gret_help_aa_2
72d774d1655b5fc2,amb_water_lap_l
e60d0cf17a4f922,amb_metal_rattle_1
e60cfcf17a4f76f,amb_metal_rattle_2
75c11b3ec14820f6,evt_chop_gunner_door_open_lp
13cf7ada138c598a,evt_hallway_mkultra_heartbeat_lp
7f7b31cf3a439b76,amb_water_lap_lp
2765a54ebaf675e3,zmb_tungsten_portal_lp
284d1f9ab70322cb,uin_battlepass_tier_swap_swt
43cc8e60cfbd8fc2,wpn_crossbow_lfe_plr
723861b11a306cbf,wpn_ar_british_ads_npc
415a767812d4593a,wpn_ar_british_fire_plr
46760ea9896ef367,fly_ar_british_inspect
77da4a962e1deede,fly_ar_british_end_npc
d05ed870992129b,fly_ar_british_mag_out
4a370a872c6354ce,fly_ar_british_mag_tap
6056b61fa55db622,wpn_ar_fastfire_act_npc
10cc9c4d587dde25,wpn_ar_season6_ads_npc
35bb55071aff3d41,wpn_ar_mobility_act_npc
58aca126d7004a7e,wpn_ar_slowhandling_ads_npc
6cb79dc83b75b31c,wpn_grenade_launcher_lfe_npc
25ca823e639901a4,wpn_grenade_launcher_act_plr
53160bccceaf45bc,wpn_ar_soviet_ads_npc
7e68f0c845952ffd,wpn_grenade_launcher_lfe_plr
40a97b2e09847885,wpn_lmg_fastfire_lfe_plr
755e2f3971c196b5,wpn_lmg_fastfire_act_npc
5e39d3ee236793d,wpn_grenade_launcher_act_npc
5e2a747c26960dad,wpn_nailgun_ads_plr
1b73112ae393f273,wpn_smg_season6_lfe_plr
4832aa8d45aeba82,wpn_lmg_fastfire_ads_plr
3468a439de18a45c,wpn_lmg_fastfire_act_plr
4adbeb1997cf2a78,wpn_lmg_accurate_act_plr
54a6ca71a52a9377,wpn_tr_powerburst_int_npc
25211fb96467ff4e,wpn_tr_powerburst_act_npc
1d40fbe7bfeb4771,wpn_shotgun_semiauto_int_npc
53570fdadb4c2c88,wpn_smg_semiauto_act_plr
1809f4e7ca5a2422,wpn_sniper_accurate_lfe_plr
50b6beb9f977ba89,wpn_smg_semiauto_int_plr
622aeacdf2c128e4,wpn_sniper_standard_act_plr
4ff45993a2cb5a44,wpn_sniper_quickscope_lfe_npc
582f6ae2ed5dcc76,wpn_tr_longburst_int_npc
64bc5c3b66729ffe,wpn_shotgun_pump_int_npc
163c1097102509c4,wpn_smg_cqb_lfe_plr
7a4f4b6948f26868,wpn_smg_heavy_act_plr
70de1dac12d003b4,wpn_sniper_powersemi_lfe_npc
3523616fc9b5ec7c,wpn_sniper_quickscope_act_plr
507a3793aabcfae5,wpn_sniper_quickscope_int_plr
d92a60a2ba5743f,wpn_tr_fastburst_act_npc
50c5f38ac43ba136,wpn_tr_fastburst_int_npc
566c1faac0affb2a,wpn_shotgun_leveraction_int_npc
10471e4003b311be,wpn_smg_handling_ads_plr
78e7391326b6ca4d,wpn_smg_spray_ads_npc
5dd2b0e4492eb3d2,wpn_sniper_powersemi_ads_plr
17cd0fbb8307cc28,wpn_smg_handling_act_plr
621ec41eb7084887,wpn_smg_spray_lfe_plr
25749b6bd4afcb9e,wpn_tr_damagesemi_ads_npc
4ed8a873f99de6ec,wpn_sniper_powersemi_act_plr
45fe050a5fbe7b95,wpn_sniper_powersemi_int_plr
2f52430379c0de78,wpn_tr_precisionsemi_act_plr
266dea31c8fe55f9,wpn_smg_flechette_ads_plr
5b5a6aeb663e6a81,wpn_smg_burst_int_npc
6215217cb9d294ec,wpn_nailgun_ads_npc
1a30314a77814e4f,wpn_sniper_standard_ads_npc
1c525b23601e73d9,wpn_sniper_cannon_int_plr
45aa05ce7441c97d,wpn_sniper_standard_act_npc
290aceb9f7a2d6f3,wpn_tr_powerburst_act_plr
63601b71acc568d2,wpn_tr_powerburst_int_plr
157486103d7d26e1,wpn_sniper_accurate_ads_plr
5765cf65e0311c62,wpn_sniper_accurate_int_plr
797eec6f604207d5,wpn_sniper_quickscope_act_npc
469a51509e47bc7a,wpn_tr_longburst_act_plr
4b9643fa3d33911b,wpn_smg_cqb_ads_plr
4f195fe44193de77,wpn_sniper_powersemi_ads_npc
65487e8b444cf408,wpn_tr_fastburst_ads_plr
7edec79ebfd62675,wpn_tr_damagesemi_lfe_npc
4340bf3147c3a458,wpn_smg_flechette_ads_npc
7e13812b0141bed6,wpn_smg_flechette_act_npc
344288e01ddd983f,wpn_smg_flechette_int_npc
13c24a6bca8e9f23,wpn_tr_damagesemi_ads_plr
d3a5fcb5a97f072,wpn_tr_powerburst_lfe_plr
17b9dbd02bfd8522,fly_lmg_fastfire_end_npc
10f94f03df57a511,fly_ar_soviet_end_npc
63cb315aac8b66b3,fly_launcher_standard_end_npc
f2b72078382c1a4,fly_shotgun_leveraction_end_npc
6cde4b32e9f21e6a,fly_ar_slowfire_end_npc
29ec6ce6135726f0,fly_smg_season6_end_npc
c90aaa73f0a2ea,fly_smg_semiauto_end_npc
1b20f81e6bad1455,fly_sniper_accurate_tap_npc
26207577bb1a753f,wpn_ar_british_fire_npc
2973e1c32060aa14,wpn_ar_season6_fire_plr
64bc5f81d1ccd883,wpn_ar_mobility_fire_npc
31e06881b54e7a5e,wpn_ar_mobility_fire_plr
79c3a400df598fb7,wpn_lmg_accurate_belt_plr
6126be3b672ada23,wpn_lmg_accurate_lfe1_npc
4fafbb1968ae7f2f,wpn_grenade_launcher_fire_npc
18061efb4fd54b31,wpn_smg_season6_fire_npc
79814bfaf54f5418,wpn_smg_season6_fire_plr
1933f4d43dea3fc6,wpn_lmg_slowfire_belt_plr
4fc9ffd2efc98407,wpn_lmg_fastfire_fire_npc
4b7310d25c316dc2,wpn_lmg_fastfire_fire_plr
12c924e15d82e5d1,wpn_lmg_light_belt_plr
43ee8d00c054a412,wpn_lmg_accurate_belt_npc
57048c1a8865a09c,wpn_smg_spray_fire_plr
70296d8939c51a66,wpn_sniper_accurate_dist_npc
5d1d02b88b39c03c,wpn_smg_cqb_fire_npc
6ecf55b8955af01d,wpn_smg_cqb_fire_plr
43517b69d02d8d0,wpn_shotgun_semiauto_fire_npc
5ae0b2b6ce1cff31,wpn_shotgun_semiauto_fire_plr
2d1139692fd03ca3,wpn_smg_heavy_fire_npc
28fd24537d849f13,wpn_sniper_cannon_fire_npc
55a825023dba0268,wpn_shotgun_pump_fire_plr
9316d53fc392c8e,wpn_sniper_cannon_fire_plr
4f9169494d34aedb,wpn_pistol_semiauto_fire_npc
53db227ce6499c3e,wpn_smg_handling_fire_plr
718390e53d09c44c,wpn_shotgun_leveraction_fire_plr
3d712244a4282d6b,wpn_sniper_accurate_fire_plr
37e48736e3336189,wpn_pistol_revolver_fire_npc
679fcfda690399ab,wpn_smg_accurate_fire_plr
3b3a72fa5e1023ed,wpn_shotgun_fullauto_fire_npc
3c56443776e1ea90,wpn_pistol_revolver_fire_plr
6e3157fa7aa52b34,wpn_shotgun_fullauto_fire_plr
2032c2ee732ede07,wpn_sniper_cannon_dist_npc
1003fa54b35fa925,wpn_tr_damagesemi_fire_plr
26a56bcf5828cfb3,wpn_tr_precisionsemi_fire_npc
4227e80e4f29518a,wpn_sniper_standard_fire_plr
a3fb4cfd9c0862e,wpn_tr_precisionsemi_fire_plr
14ccde4910526ab7,fly_launcher_freefire_load_npc
72ede3559897b9e0,wpn_tr_longburst_fire_plr
3b02140361731efd,fly_grenade_launcher_load_npc
74af1135e7387d79,wpn_tr_fastburst_fire_npc
62abce35dcd311a0,wpn_tr_fastburst_fire_plr
745d17545b492644,wpn_tr_damagesemi_fire_npc
6cc829fe52a8e6fb,wpn_sniper_powersemi_dist_npc
46fd0ae70f3e6627,fly_ar_british_start_npc
50ece9210b1c4391,fly_ar_season6_start_npc
63c0451db49c6dab,fly_ar_slowfire_start_npc
45ae754bd81ee148,fly_ar_slowhandling_first_npc
4c7f32e5ce1c81b2,fly_launcher_freefire_twist_npc
599341eb899808d6,fly_launcher_standard_raise_npc
1131816e96a37494,fly_lmg_slowfire_start_npc
3b0fd487cc0baccb,fly_melee_bat_crowd_npc
1f316ba3c6d80698,fly_pistol_revolver_eject_npc
191144aad66e9d4e,fly_pistol_shotgun_close_npc
22feeb26bdc512f9,fly_shotgun_leveraction_start_npc
592338179cadd26c,fly_smg_cqb_first_npc
7f2dc2ec62fbb50c,fly_smg_fastfire_magin_npc
5f9eb66ef4edef00,fly_smg_flechette_start_npc
1fafa8a564ecb13b,fly_smg_handling_magin_npc
a4fbf798388ff94,fly_sniper_accurate_thumb_npc
657afcd93517c065,fly_tr_longburst_magin_npc
7f22c48923a8b26,wpn_ww_ray_rifle_act_npc
2dd00a42855d3c13,wpn_ww_ray_rifle_fire_plr
216bec632c2c56e8,wpn_ww_ray_rifle_ads_npc
29e65b41f222646e,wpn_ww_ray_rifle_fire_npc
216e4654bd43177e,wpn_tr_damagesemi_fire_ref
5e1171a9b4e9f05e,wpn_tr_damagesemi_fire_pap_npc
4c5f20a9aac8c3e3,wpn_tr_damagesemi_fire_pap_plr
1647e24e6a59a8f0,wpn_tr_damagesemi_fire_ads_plr
1dc5e48ed87a85a2,wpn_tr_damagesemi_fire_act_plr
24f8199a0ddd7985,wpn_tr_damagesemi_low_ammo
baaa1a2fef71bcc,wpn_sniper_quickscope_int
40b308bfd9c26bd0,wpn_pistol_semiauto_lfe
3fbf9e320c39fd66,wpn_shotgun_fullauto_lfe
58f038321a44d8ae,wpn_shotgun_fullauto_int
46abab7936160458,wpn_tr_precisionsemi_lfe
40371c067bc085e2,wpn_ballistic_proj
6bf292880f48e197,wpn_pistol_burst_dw_lfe
104261d52a760896,wpn_pistol_revolver_dw_lfe
465198033a4d7d58,wpn_pistol_semiauto_dw_lfe
1fa06ddede519aad,wpn_ar_british_act_npc
60f5866ab4094b00,wpn_tr_fastburst_low_ammo
5f4e85570e96bea3,wpn_tr_powerburst_low_ammo
130417d8c6c1713e,wpn_tr_precisionsemi_low_ammo
469b340a370cf4cb,wpn_ww_ray_rifle_low_ammo
271a1628e5991c48,wpn_smg_season6_low_ammo
703206f98e3ee4d3,wpn_smg_accurate_low_ammo
7d7ef0827180337b,wpn_smg_flechette_low_ammo
1455d852acba526e,wpn_ar_damage_low_ammo
7ba41def7df853bf,wpn_ar_fastfire_low_ammo
baacd1afe64071a,wpn_ar_slowfire_low_ammo
57558c53a168565,wpn_ar_slowhandling_low_ammo
72a78eafa0ea1007,wpn_ar_soviet_low_ammo
477afd8b537796ce,wpn_ar_standard_low_ammo
2049893723b62d37,wpn_ar_accurate_low_ammo
6c38b56dd90c953e,wpn_lmg_accurate_low_ammo
3c2abc4fc2af360a,wpn_lmg_fastfire_low_ammo
142cc852f7f747e4,wpn_lmg_light_low_ammo
2d4d3fa14bc8aeab,wpn_lmg_slowfire_low_ammo
3eaf6b8abe21ae37,wpn_nailgun_low_ammo
7851d1079da843b1,wpn_pistol_burst_low_ammo
74b3dda6a038fc73,wpn_pistol_fullauto_low_ammo
760ebfd0963b4530,wpn_pistol_revolver_low_ammo
b654f3cb9de4c76,wpn_pistol_semiauto_low_ammo
3482e196eb77d0e1,wpn_pistol_shotgun_low_ammo
5fad34de52d8fee9,wpn_smg_burst_low_ammo
2072b87498fc77c9,wpn_smg_capacity_low_ammo
c62524efaa5b1cd,wpn_smg_cqb_low_ammo
5c8c5e183ed97f3,wpn_smg_fastfire_low_ammo
2689d3a9021c9c8e,wpn_smg_handling_low_ammo
75157199911047ce,wpn_smg_heavy_low_ammo
43e711897c836ee,wpn_smg_semiauto_low_ammo
6170468aa32dbd74,wpn_smg_spray_low_ammo
475c2866459b0f62,wpn_smg_standard_low_ammo
49f79c3e7067f693,wpn_sniper_accurate_low_ammo
20be0c611cd2a93a,wpn_sniper_powersemi_low_ammo
6e33b42dc6a5892a,wpn_sniper_quickscope_low_ammo
15116fa6fc70ab22,wpn_sniper_standard_low_ammo
eec809057ba5f5b,wpn_pistol_burst_dw_low_ammo
7c5ccb6d1d2217cc,wpn_pistol_revolver_dw_low_ammo
262af42ab74f3c3e,wpn_pistol_semiauto_dw_low_ammo
1e2a4fb79dd437b5,wpn_lmg_light_sup_low_ammo
237ff6f3bf592aff,wpn_lmg_accurate_sup_low_ammo
52faa1aca992db61,wpn_pistol_revolver_sup_low_ammo
3ab0cb099081f955,wpn_ww_ray_rifle_fire_pap_plr
706d75d4efbd97d1,wpn_nailgun_fire_pap_plr
7827a64da8579726,wpn_tr_fastburst_fire_pap_plr
18f464f2d5b6a638,wpn_tr_precisionsemi_fire_pap_plr
455ce94916e0e38c,wpn_ar_british_fire_pap_plr
51c9b8e28ae5cff9,wpn_ar_fastfire_fire_pap_plr
348439da194c05e6,wpn_ar_fasthandling_fire_pap_plr
707b8ed068a7be48,wpn_ar_mobility_fire_pap_plr
5cd9ab0843d5cab2,wpn_ar_season6_fire_pap_plr
50928c40eeb910f4,wpn_ar_slowfire_fire_pap_plr
1f2ae74fd4133303,wpn_ar_slowhandling_fire_pap_plr
60e8e325af266541,wpn_ar_soviet_fire_pap_plr
2c0831cc52a704bc,wpn_grenade_launcher_fire_pap_plr
444c50f5cfdebc8e,wpn_smg_season6_fire_pap_plr
2e064777d4b60a38,wpn_lmg_accurate_fire_pap_plr
547568e56f2a66c4,wpn_lmg_fastfire_fire_pap_plr
6eae9b0ed5b3b9a8,wpn_smg_heavy_fire_pap_plr
2f0dcacd52843858,wpn_sniper_cannon_fire_pap_plr
2ee03fe967749fa4,wpn_sniper_quickscope_fire_pap_plr
1f35219553d83c66,wpn_tr_longburst_fire_pap_plr
72e5141b2f5d062d,wpn_tr_powerburst_fire_pap_plr
64e54da33781736,wpn_pistol_revolver_fire_pap_plr
566d019f210b48b0,wpn_pistol_semiauto_fire_pap_plr
25c2d8bb32664192,wpn_shotgun_fullauto_fire_pap_plr
724efe93b87a3afa,wpn_shotgun_leveraction_fire_pap_plr
1c43d2980c63cb57,wpn_shotgun_semiauto_fire_pap_plr
6435b2895f22867d,wpn_smg_accurate_fire_pap_plr
7cda75fe39e12f0b,wpn_smg_cqb_fire_pap_plr
7ddaff586fd1d1e5,wpn_smg_flechette_fire_pap_plr
7facee6d9c6f3f68,wpn_smg_handling_fire_pap_plr
19a8490d8b956788,wpn_smg_semiauto_fire_pap_plr
33719c44c027e42a,wpn_smg_spray_fire_pap_plr
41d88e86626b423d,wpn_sniper_accurate_fire_pap_plr
32662e76790b7454,wpn_sniper_powersemi_fire_pap_plr
28b959fb712b96fc,wpn_sniper_standard_fire_pap_plr
14f1ba1180d1b307,wpn_smg_handling_lh_fire_pap_plr
7f6921dd902bc655,wpn_smg_handling_rh_fire_pap_plr
53aefd935ddd2dff,wpn_shotgun_leveraction_fire_pap_npc
2dd3db4505ca710f,wpn_smg_spray_fire_pap_npc
32192809d39caf14,wpn_ww_ray_rifle_fire_pap_npc
1bee744947e5da05,wpn_ar_british_fire_pap_npc
6e9c8de209ab1e58,wpn_ar_fastfire_fire_pap_npc
5dd8a0d9e831e2eb,wpn_ar_fasthandling_fire_pap_npc
75fe61d022ee8841,wpn_ar_mobility_fire_pap_npc
4abb5a0839597f57,wpn_ar_season6_fire_pap_npc
1a35a740cf40e0ad,wpn_ar_slowfire_fire_pap_npc
30dc384fde32ac7e,wpn_ar_slowhandling_fire_pap_npc
1fd848261b669000,wpn_ar_soviet_fire_pap_npc
6cfcbccbe64e4415,wpn_grenade_launcher_fire_pap_npc
641807f5512a2f13,wpn_smg_season6_fire_pap_npc
49251a782c58d851,wpn_lmg_accurate_fire_pap_npc
348e83e5edc7de5d,wpn_lmg_fastfire_fire_pap_npc
19c0dad4bea1be70,wpn_nailgun_fire_pap_npc
4616fbdaa070a2db,wpn_pistol_revolver_fire_pap_npc
5561449e903fe8a9,wpn_pistol_semiauto_fire_pap_npc
13a487bb27e9f637,wpn_shotgun_fullauto_fire_pap_npc
666ebb97ed5edfb2,wpn_shotgun_semiauto_fire_pap_npc
52845f895503099c,wpn_smg_accurate_fire_pap_npc
20b16fdf3e199e6,wpn_smg_cqb_fire_pap_npc
62351c5817bd0204,wpn_smg_flechette_fire_pap_npc
52ec16d56b45661,wpn_smg_handling_fire_pap_npc
77976e0e92ddaca1,wpn_smg_heavy_fire_pap_npc
1f2b1c0d45dc3181,wpn_smg_semiauto_fire_pap_npc
30263b86584a125c,wpn_sniper_accurate_fire_pap_npc
4a2c9dcdaa270671,wpn_sniper_cannon_fire_pap_npc
7f6f49765c766d0d,wpn_sniper_powersemi_fire_pap_npc
ef95ae9e612173d,wpn_sniper_quickscope_fire_pap_npc
6d14e4fb07b7b255,wpn_sniper_standard_fire_pap_npc
217b0d4d773bc12b,wpn_tr_fastburst_fire_pap_npc
4889889522be196b,wpn_tr_longburst_fire_pap_npc
76cfc11bc2998d6c,wpn_tr_powerburst_fire_pap_npc
341337f32d597451,wpn_tr_precisionsemi_fire_pap_npc
76d17eddd3467c14,wpn_smg_handling_rh_fire_pap_npc
781ee312020c6142,wpn_smg_handling_lh_fire_pap_npc
dd53aee6fbcd04,wpn_pistol_revolver_dw_fire_plr
1d669121ca4e512e,wpn_pistol_semiauto_dw_fire_plr
6aa60b5a6a97eda3,wpn_pistol_burst_dw_fire_plr
435cc7ec5f0e7201,wpn_smg_handling_lh_fire_plr
1c57c4f44604b913,wpn_smg_handling_rh_fire_plr
2d20352bbf69da99,wpn_pistol_fullauto_dw_fire_plr
4a5e99813378186b,wpn_ar_british_sup_fire_plr
111961bb1d464d3f,wpn_ar_damage_sup_fire_plr
b7a108f1bf39695,wpn_lmg_light_sup_fire_plr
9a1e0ba19be0a56,wpn_smg_fastfire_sup_fire_plr
3514b5b4cbe7dfbe,wpn_smg_flechette_sup_fire_plr
52c823610b7b502e,wpn_lmg_slowfire_sup_fire_plr
6a0645deee9e3c4a,wpn_ar_fastfire_sup_fire_plr
37179fdf232137b9,wpn_ar_fasthandling_sup_fire_plr
4644bc323aa5b71f,wpn_smg_handling_sup_fire_plr
60b1c883896f065f,wpn_smg_heavy_sup_fire_plr
955fc01cf08f47f,wpn_ar_mobility_sup_fire_plr
5cd9b547131ff7ed,wpn_ar_season6_sup_fire_plr
616e300b6a8cd965,wpn_smg_spray_sup_fire_plr
75572b57b4219813,wpn_ar_slowfire_sup_fire_plr
3ab354797725eb7b,wpn_smg_standard_sup_fire_plr
69a2d91dbc769600,wpn_ar_slowhandling_sup_fire_plr
2d7a26db58f2adef,wpn_sniper_cannon_sup_fire_plr
46237db1f6921ce3,wpn_sniper_quickscope_sup_fire_plr
9471312159066f3,wpn_sniper_powersemi_sup_fire_plr
54706b854cbff6d6,wpn_pistol_fullauto_sup_fire_plr
2712b84a5d3d8da9,wpn_pistol_revolver_sup_fire_plr
52f657af0781bf3b,wpn_sniper_standard_sup_fire_plr
2bdfe33c056d93c7,wpn_pistol_semiauto_sup_fire_plr
6998cab98f53afe0,wpn_tr_damagesemi_sup_fire_plr
3ab4ec0eb72b1986,wpn_tr_powerburst_sup_fire_plr
6f58c178316117cd,wpn_shotgun_fullauto_sup_fire_plr
cc8ef69482c7e4f,wpn_tr_precisionsemi_sup_fire_plr
72c3dade51b318d5,wpn_shotgun_leveraction_sup_fire_plr
690903abd8c47231,wpn_shotgun_pump_sup_fire_plr
42fac87aa292031c,wpn_shotgun_semiauto_sup_fire_plr
7f29c143194d60c0,wpn_ieu_gas_fire_plr
607d72212dd5f9e1,wpn_smg_season6_sup_fire_plr
110c0499b4d5d976,wpn_smg_accurate_sup_fire_plr
21dad1ee472be24f,wpn_lmg_accurate_sup_fire_plr
3b1e25668a6ae92c,wpn_smg_burst_sup_fire_plr
39d03bcd420fb5cc,wpn_smg_capacity_sup_fire_plr
589d91ba7049d303,wpn_lmg_fastfire_sup_fire_plr
670880babf5ae4e8,wpn_smg_cqb_sup_fire_plr
60f66eaf6599449d,wpn_pistol_revolver_dw_fire_npc
7c585c5a74b91a1e,wpn_pistol_burst_dw_fire_npc
49f30a2b3e2f28f8,wpn_pistol_fullauto_dw_fire_npc
39cc482148b69ab3,wpn_pistol_semiauto_dw_fire_npc
24c2ceccb4e9cc0,wpn_smg_handling_lh_fire_npc
186e15f3b2c9e16e,wpn_smg_handling_rh_fire_npc
4f8f3a80ed788346,wpn_ar_british_sup_fire_npc
ba80c3c83c6cc02,wpn_pistol_semiauto_sup_fire_npc
6496d8f61f32854,wpn_lmg_light_sup_fire_npc
5229fabab1061f1a,wpn_ar_damage_sup_fire_npc
6f2dda6089e399b3,wpn_lmg_slowfire_sup_fire_npc
646884df3440c92f,wpn_ar_fastfire_sup_fire_npc
574f74dea4c7fc18,wpn_ar_fasthandling_sup_fire_npc
4a66950162c8c65a,wpn_ar_mobility_sup_fire_npc
60c36247a65acc2c,wpn_ar_season6_sup_fire_npc
716d7c5720e6c06e,wpn_ar_slowfire_sup_fire_npc
7ba71c1dc6ddb4d9,wpn_ar_slowhandling_sup_fire_npc
1f6dd7219a17d7a0,wpn_smg_season6_sup_fire_npc
10d31285b6d5597b,wpn_pistol_fullauto_sup_fire_npc
78866aee7846054a,wpn_lmg_accurate_sup_fire_npc
5ce7cd4a7c4275e8,wpn_pistol_revolver_sup_fire_npc
6a4ee2ba7a694c7e,wpn_lmg_fastfire_sup_fire_npc
7545531ce63d5fa,wpn_smg_handling_sup_fire_npc
6408530e860f438b,wpn_tr_powerburst_sup_fire_npc
637488697946a14a,wpn_tr_precisionsemi_sup_fire_npc
73426e78c49bec0c,wpn_shotgun_fullauto_sup_fire_npc
21c261831d2ed83a,wpn_smg_heavy_sup_fire_npc
6a2c37de94cdce94,wpn_shotgun_leveraction_sup_fire_npc
125d68aba7aa4bd0,wpn_shotgun_pump_sup_fire_npc
45c84d0b12780984,wpn_smg_spray_sup_fire_npc
3ef537a36394275,wpn_shotgun_semiauto_sup_fire_npc
565a3579cf3c6af6,wpn_smg_standard_sup_fire_npc
112d044323b2cc99,wpn_ieu_gas_fire_npc
426bfdb8a0e83ea,wpn_sniper_cannon_sup_fire_npc
50d5ab9a21d0181b,wpn_smg_accurate_sup_fire_npc
55d641182558f4e,wpn_sniper_powersemi_sup_fire_npc
57d5ceb200b3495e,wpn_sniper_quickscope_sup_fire_npc
11afb066bb6fdfa5,wpn_smg_burst_sup_fire_npc
1061c6cd7314ac45,wpn_smg_capacity_sup_fire_npc
6e9d38af5f983eb6,wpn_sniper_standard_sup_fire_npc
6c8a53ba799ffbe1,wpn_smg_cqb_sup_fire_npc
78370db996d7a5b9,wpn_tr_damagesemi_sup_fire_npc
460487ba83d36cfb,wpn_smg_fastfire_sup_fire_npc
67efacb4e8648ae3,wpn_smg_flechette_sup_fire_npc
3c7c62b425373bc1,wpn_ar_fasthandling_ads_npc
6131aedd19a937ff,wpn_ar_fasthandling_act_npc
1284c72d583779c1,wpn_ar_mobility_lfe_plr
3038820760b87348,wpn_ar_mobility_act_plr
7e7b8c5bdba39c5e,wpn_ar_mobility_ads_plr
1e7c9dcdc0526473,wpn_ar_season6_act_npc
248c82799ae87b32,wpn_ar_slowfire_ads_plr
6658c514a3b2e055,wpn_ar_slowfire_lfe_plr
12e87e346635f6cc,wpn_ar_slowfire_act_plr
126e3179906c2fd7,wpn_ar_slowfire_ads_npc
697a0934973aed45,wpn_ar_slowfire_act_npc
370247facb5cce12,wpn_smg_season6_act_plr
5d8e7037abee63a0,wpn_smg_season6_ads_plr
3e24bedbf10d2c8c,wpn_ar_slowhandling_act_npc
6f91b337b653cf79,wpn_smg_season6_ads_npc
2d1cec856aff24ae,wpn_nailgun_lfe_plr
24e3f6fac0e082b7,wpn_smg_season6_act_npc
463bd3ff1f79d2da,wpn_ar_soviet_act_npc
7b7e919592a89391,wpn_lmg_accurate_lfe_plr
6e3af786159b3b4e,wpn_lmg_accurate_ads_plr
24d1f695618cba30,wpn_lmg_accurate_lfe_npc
65fabe19ef71f891,wpn_lmg_accurate_act_npc
2502982db16df5a4,wpn_lmg_fastfire_lfe_npc
20b5e2bb4031bf21,wpn_smg_handling_act_npc
4b3b5192a8fd95fe,wpn_smg_heavy_ads_plr
7f3e1ad391bc2b51,wpn_tr_powerburst_ads_plr
44343328ea20f3e1,wpn_smg_heavy_lfe_plr
7b1b0ecb5019f217,wpn_tr_powerburst_lfe_npc
299f6531de83f579,wpn_tr_precisionsemi_int_plr
28917fd360a051f0,wpn_tr_powerburst_ads_npc
52b14f6ff78cef4e,wpn_tr_precisionsemi_ads_plr
752d53575872b9f2,wpn_shotgun_fullauto_int_npc
7fd11e6903377f61,wpn_smg_heavy_act_npc
7e174892c57bf423,wpn_smg_heavy_ads_npc
46723a315d4943d8,wpn_tr_precisionsemi_int_npc
727d066f78d861d3,wpn_tr_precisionsemi_ads_npc
5d305d5bf3699801,wpn_smg_semiauto_lfe_plr
4a711603d163ac91,wpn_tr_precisionsemi_act_npc
219a1a2f5637559e,wpn_smg_semiauto_ads_plr
324d3ba1597c6c8,wpn_smg_semiauto_int_npc
57db112f759729c3,wpn_smg_semiauto_ads_npc
2bdd1e13434a1e94,wpn_smg_spray_ads_plr
58d9e2da9592f681,wpn_smg_semiauto_act_npc
47c0044fdfa608d6,wpn_smg_spray_act_plr
422ab5049bb6b7b,wpn_smg_spray_act_npc
677c3c09bb62e643,wpn_sniper_accurate_act_plr
5464eb10a9bf04a0,wpn_sniper_accurate_ads_npc
792e8d09c58412be,wpn_sniper_accurate_act_npc
6c72125eeade27f1,wpn_sniper_cannon_lfe_plr
1f4e455c940a38ae,wpn_sniper_cannon_ads_plr
15c5775eb9c24e90,wpn_sniper_cannon_lfe_npc
7ba98bd1b07da562,wpn_smg_accurate_lfe_plr
760ec0abccd071f5,wpn_sniper_powersemi_lfe_plr
107cca87ea0e1883,wpn_smg_accurate_act_plr
50837989ed86afe0,wpn_smg_accurate_ads_npc
222e1b87f42d91fe,wpn_smg_accurate_act_npc
40cd620aa5be0d54,wpn_sniper_powersemi_int_npc
256933742aa12a65,wpn_sniper_powersemi_act_npc
6b9b3c93fae1dd25,wpn_sniper_quickscope_lfe_plr
55d797ebabf7a088,wpn_smg_burst_int_plr
726867c8194aada2,wpn_sniper_quickscope_ads_plr
76bf56c8ace2c3e7,wpn_sniper_quickscope_ads_npc
2cf2b6c800d17a3d,wpn_sniper_standard_lfe_plr
5e42b2a5d4bd070d,wpn_sniper_standard_int_plr
2333f24a34c1ea6a,wpn_sniper_standard_ads_plr
42e302cbba37045,wpn_smg_cqb_act_plr
673c24fa95485d96,wpn_smg_cqb_ads_npc
25fe2a56eeb834e4,wpn_tr_damagesemi_int_plr
7020c205b80266d,wpn_tr_damagesemi_act_plr
68874d2c638ced64,wpn_smg_cqb_act_npc
aebb920eebafaac,wpn_tr_damagesemi_act_npc
97d45577038d57d,wpn_tr_damagesemi_int_npc
28cca70a835f583a,wpn_tr_fastburst_act_plr
71f5f7cfed47a7cb,wpn_tr_fastburst_lfe_plr
351f128a6c2521bb,wpn_tr_fastburst_int_plr
626ca02aa92b3f5b,wpn_smg_flechette_act_plr
18d29c44bf7055ea,wpn_smg_flechette_lfe_plr
4f7c89e075977c3a,wpn_smg_flechette_int_plr
740c777e4c28170b,wpn_tr_longburst_lfe_plr
7dc2312794f1e948,wpn_tr_longburst_ads_plr
3c8889e295474cfb,wpn_tr_longburst_int_plr
21a65d3c9b2537a1,wpn_smg_handling_lfe_plr
27fa505043aaaf7f,wpn_tr_longburst_act_npc
1e2501452384940f,wpn_ar_fastfire_fire_plr
74d19a4554a06a0a,wpn_ar_fastfire_fire_npc
2a8c0ca53819ab60,wpn_ar_fasthandling_fire_plr
392a4fa53f9da139,wpn_ar_fasthandling_fire_npc
18bd0a10a6f9a2d2,wpn_ar_slowfire_fire_plr
a03b9109f5ecd77,wpn_ar_slowfire_fire_npc
767dfcc303cd55cd,wpn_ar_season6_fire_npc
14d60a5fd8df4485,wpn_ar_slowhandling_fire_plr
25a634ec2a82df82,wpn_ar_soviet_fire_npc
7b85732b342cf459,wpn_crossbow_tail_plr
792f275f80c8c1a4,wpn_ar_slowhandling_fire_npc
45de0bebac29a747,wpn_ar_soviet_fire_plr
554d7c19230bf24a,wpn_grenade_launcher_fire_plr
2d34f94ad0a0913e,wpn_lmg_fastfire_belt_npc
63745264ec0baa2e,wpn_lmg_accurate_fire_plr
7fda09646a73f3b3,wpn_lmg_accurate_fire_npc
1b82a84ac67f64c3,wpn_lmg_fastfire_belt_plr
42875bd40cce69cb,wpn_lmg_slowfire_belt_npc
7caffa087422de9f,wpn_lmg_fastfire_lfe1_npc
3c1c89e12c670c70,wpn_lmg_light_belt_npc
fc8c248e03c2336,wpn_pistol_semiauto_fire_plr
3c8a270e94cbde6f,wpn_sniper_standard_fire_npc
7a936df88939587b,wpn_tr_powerburst_fire_plr
703770da25e8e086,wpn_smg_accurate_fire_npc
7aa99e13a07d79a7,wpn_sniper_quickscope_fire_npc
6b6197d02c64763,wpn_smg_handling_fire_npc
5ba4fcdf059bc217,wpn_sniper_powersemi_fire_npc
130289e981080c3e,wpn_smg_flechette_fire_npc
163a4ef8e14fd7f6,wpn_tr_powerburst_fire_npc
58359c8ed362b9e,wpn_smg_semiauto_fire_plr
42a1c3445e289846,wpn_sniper_accurate_fire_npc
7f7d0970d65cd173,wpn_sniper_standard_dist_npc
18c2655a01bafb9,wpn_tr_longburst_fire_npc
5b29f801f7ff1961,wpn_shotgun_pump_fire_npc
7a3542691351de7e,wpn_smg_heavy_fire_plr
7652af130ce56362,wpn_sniper_quickscope_fire_plr
3172fd00f236c46b,wpn_sniper_quickscope_dist_npc
48151be56e0ebac5,wpn_shotgun_leveraction_fire_npc
17f9171a1c0cdff5,wpn_smg_spray_fire_npc
6dc44ddf1019c072,wpn_sniper_powersemi_fire_plr
15038e976e6dfc3,wpn_smg_flechette_fire_plr
3bc450c90c95ffc3,wpn_smg_semiauto_fire_npc
2e1e773c11c726f6,wpn_melee_bat_whoosh_npc
1277963bb9b0a77b,wpn_melee_bat_whoosh_plr
267dac5f1c7d50bb,wpn_pistol_burst_dw_act_plr
9fbc73aa0376d38,wpn_pistol_burst_dw_ads_npc
69c2f23b1e8ef5d9,wpn_pistol_burst_dw_ads_plr
42248d5f7493d036,wpn_pistol_burst_dw_act_npc
316a4c7cdd3b5617,wpn_pistol_fullauto_dw_ads_plr
3d0d1ec2eeb182b1,wpn_pistol_fullauto_dw_act_plr
385ac87293b0cc80,wpn_pistol_fullauto_dw_lfe_plr
666183c2bd975c50,wpn_pistol_fullauto_dw_act_npc
7efc357cc11b4672,wpn_pistol_fullauto_dw_ads_npc
165de1ec4ce6b8df,wpn_smg_handling_lh_ads_plr
7df41a5137617da9,wpn_smg_handling_rh_ads_plr
3a3138252504977a,wpn_smg_handling_rh_lfe_plr
40c43df06a028018,wpn_smg_handling_lh_lfe_plr
38e664f2c376a318,wpn_smg_handling_lh_act_npc
1a4f6f36bc749a26,wpn_smg_handling_rh_act_npc
18ae8ff341cfdeb9,wpn_smg_handling_lh_act_plr
11b7ce36ff8f534b,wpn_smg_handling_rh_act_plr
576e7aebe0a68aba,wpn_smg_handling_lh_ads_npc
33c92f51566665e8,wpn_smg_handling_rh_ads_npc
437d379a0d1ef878,wpn_ww_ray_rifle_fire_act_plr
66dc44068aeb094e,wpn_ww_ray_rifle_fire_ads_plr
741fde1607f86191,wpn_ww_ray_rifle_fire_lfe_plr
60b1fe4bbf238aaf,wpn_ww_ray_rifle_fire_killcam_plr
74de585a3d78f599,fly_shotgun_leveraction_inspect
64d7ba752ccf9c63,fly_shotgun_leveraction_first_pt1
64d7bb752ccf9e16,fly_shotgun_leveraction_first_pt2
3189e19c9fbad23b,fly_shotgun_leveraction_first_pt1_npc
13f0bdb8df6a6d1a,fly_shotgun_leveraction_first_pt2_npc
56eb1628b2007d77,fly_shotgun_leveraction_lever_forward
2ae045c7d45cab29,fly_shotgun_leveraction_lever_back
5c8c940b66f56e7d,fly_shotgun_leveraction_inspect_npc
48faf39e832942cd,fly_shotgun_leveraction_lever_back_npc
44e0a628a5c26acf,fly_shotgun_leveraction_lever_forward_npc
40ac9bfc5dfb6e07,fly_shotgun_pump_distillery_inspect_pt1_npc
4b4d3a2bb5a7fce6,fly_shotgun_pump_distillery_inspect_pt2_npc
3db59d98ea553384,fly_shotgun_pump_pull
269cadd0bdc08b29,fly_shotgun_pump_rattle
7025c37dedb75ac8,fly_shotgun_pump_release
49847e9d398061ef,fly_shotgun_pump_shell_in
1981659b327587ed,fly_shotgun_pump_pull_ads
1c04cc9b7c8becdc,fly_shotgun_pump_pull_npc
68f74afd6d3b22cd,fly_shotgun_pump_rattle_npc
5bf44c04bc57aba0,fly_shotgun_pump_release_npc
1726ea261b613309,fly_tr_precision_grab
7b569f74da5bf04e,fly_launcher_freefire_putaway
1c53dbdadbf03739,fly_launcher_freefire_quick_raise
5243bfda35240be1,fly_tr_precision_tac_mag_in
1047cbe6a9779ab1,fly_pistol_fullauto_left_mag_in
2c1417fcdbb51328,fly_pistol_fullauto_right_end
49f111346f8ff3af,fly_sniper_cannon_reload_raise
3f5330a693c8ac93,fly_lmg_light_fast_belt_pull
7f73f0111a0be864,fly_lmg_slowfire_mag_out
394eb9bfd0a4bf0a,fly_pistol_fullauto_dw_inspect
37dd06c73d400ebe,fly_smg_heavy_toy_pt2
619f8ed32b040826,fly_smg_semiauto_end
337afe700b9ee143,fly_smg_semiauto_inspect_endgame
1cbaf69c75780c9b,fly_smg_semiauto_inspect_pt1
1cbaf79c75780e4e,fly_smg_semiauto_inspect_pt2
1cbaf89c75781001,fly_smg_semiauto_inspect_pt3
4636871e2025fc8e,fly_smg_semiauto_mag_in
715b6c2816a852b1,fly_smg_semiauto_mag_in_start
628f2e30961712af,fly_smg_semiauto_mag_out
398367d08c3319d3,fly_smg_semiauto_start
1a245b57c02884a6,fly_smg_spray_bolt_back
520515128377873f,fly_smg_spray_drum_in
916097580a5f6e4,fly_smg_spray_drum_out
29fd93c5b101c5fc,fly_smg_spray_empty_move_pt1
29fd96c5b101cb15,fly_smg_spray_empty_move_pt2
17c96ebb27c89091,fly_smg_spray_inspect_pt1
17c96bbb27c88b78,fly_smg_spray_inspect_pt2
17c96cbb27c88d2b,fly_smg_spray_inspect_pt3
367dc579be0f4d64,fly_smg_spray_mag_in
7476bdddd7c58f71,fly_smg_spray_mag_out
1c1c32e017c0db99,fly_smg_spray_start
19accf47adf8a6a,fly_smg_standard_first_raise
5027df6de2ce45cb,fly_smg_standard_inspect
552a9c6a782fb183,fly_sniper_accurate_bolt_back
7ac260bd9ed6af0c,fly_smg_fastfire_inspect_pt1
5b5df822a4b0457f,fly_smg_handling_first_end
589ce85edf1b1d26,fly_pistol_shotgun_inspect_pt1
2c86dfb84c4348ff,fly_pistol_shotgun_right_close
7f3ce6fb337c3f7e,fly_pistol_shotgun_shell_in_a
1fb34966cd95ac4b,fly_smg_cqb_bolt_release
17c57e0cbecd0073,fly_nailgun_reload_end
5e4f981ef9f6d940,fly_ar_mobility_bolt_back
749e5655b3c683a6,fly_ar_mobility_drum_out
60af406c6bf45a05,fly_ar_season6_mag_out
70313045aa0375fa,fly_tr_fastburst_inspect_04
3a8908d5a11051b9,fly_ar_fastfire_inspect_ultraf
2c10e926ae50445c,fly_ar_fasthandling_inspect_pt2
5f9bbb25638a4a78,fly_sniper_accurate_inspect_pt1
7a9da7f862e7baa8,fly_ar_damage_bolt_release
1c0445def6697eea,fly_ar_damage_empty_mag_out_start
70312f45aa037447,fly_tr_fastburst_inspect_07
4893cf9786922767,fly_lmg_light_boltback
2af89913d621d9f1,fly_ar_soviet_bolt_release
539f89d3eff954fd,fly_ar_soviet_ferrofluid_inspect
59dce81d3ec02f2a,fly_ar_standard_empty_bolt_release
790f7ac16898cb9c,fly_smg_accurate_empty_rattle
2aa5103c6d979072,fly_launcher_standard_raise
6c8fa8edcfae42e5,fly_pistol_semiauto_fast_slide
63dc486d1a72773f,fly_ar_standard_inspect_fast_pt2
cebf17bbe68cb7e,fly_tr_powerburst_fast_bolt_back
1ef803257a524f7b,fly_lmg_light_fast_belt
4572ae049632c015,fly_lmg_light_inspect
23258e895f33dfe4,fly_lmg_light_mag_in
3a23e36ca8ea7ef1,fly_lmg_light_mag_out
75e3be933740caa8,fly_lmg_light_start_rattle
753ce0bd74ff276e,fly_lmg_light_topclose
7cf1df063e75e3da,fly_lmg_light_topopen
75f41e0fbaa03f7f,fly_lmg_slowfire_bolt_back
25e017b7c59ea079,fly_lmg_slowfire_bolt_forward
2e8b23d866380d5a,fly_lmg_slowfire_fast_belt
475243eb3c8778df,fly_lmg_slowfire_fast_bolt1
475244eb3c877a92,fly_lmg_slowfire_fast_bolt2
4130733e4feaa6bc,fly_lmg_slowfire_inspect_pt1
4130763e4feaabd5,fly_lmg_slowfire_inspect_pt2
46b0a3ee4e890c50,fly_lmg_slowfire_link_flick
4dda9caa1e020fbf,fly_lmg_slowfire_mag_in
5e194a5ce8d13f9c,fly_lmg_slowfire_start
407db2b88e9b1030,fly_lmg_slowfire_top_close
4747d9a9cad72a8c,fly_lmg_slowfire_top_open
4482237ad5ab86b,fly_lmg_slowfire_top_open_start
7c219c7a05f8bf6e,fly_tr_precision_tac_cloth
75102a802ec36a52,fly_nailgun_reload_mag_out
6cea0ed727c586f6,fly_nailgun_reload_start
2fd4182ec6fdc61c,fly_pistol_burst_dw_inspect
1aae9f488dcac814,fly_pistol_burst_empty_mag_out
7e887e340f51406d,fly_pistol_burst_empty_slide_back
34b2b7c413fa39f7,fly_pistol_burst_empty_slide_release
2afb6447bac705a7,fly_pistol_burst_end
5296b2d26c6335a,fly_pistol_burst_fast_mag_in
683a561e693de05e,fly_pistol_burst_inspect
696de06f157c2b97,fly_pistol_burst_left_mag_in
57fc2fc1a13f3ebc,fly_pistol_burst_left_mag_out
31aabea43c9631d5,fly_pistol_burst_left_slide_back
606ccaff845fa08f,fly_pistol_burst_left_slide_release
448d02a3f4cef3e2,fly_pistol_burst_right_mag_in
8916991acbcf7b,fly_pistol_burst_right_mag_out
2e433a7aa75eab44,fly_pistol_burst_right_slide_back
3f052b460e97ff58,fly_pistol_burst_right_slide_release
2f1b7f75f92d0a74,fly_pistol_burst_tac_mag_in
5c9b5764af0c961,fly_pistol_burst_tac_mag_out
3eae0314a3481614,fly_pistol_fullauto_dw_first
3ff0a615d6525fb8,fly_pistol_fullauto_dw_first_quick
52375103004f81d1,fly_pistol_fullauto_end
5019fa346e6036b8,fly_pistol_fullauto_inspect_pt1
5019fd346e603bd1,fly_pistol_fullauto_inspect_pt2
7f3ce5fb337c3dcb,fly_pistol_shotgun_shell_in_b
1ae2214728177277,fly_pistol_shotgun_shell_out
20feb22397d161a6,fly_pistol_shotgun_shells_out
22948d200d773893,fly_pistol_fullauto_left_end
6f1349f1da05e3b2,fly_pistol_fullauto_left_mag_out
3187cb18c4bf6d37,fly_pistol_fullauto_left_slide_back
6a3400be31821391,fly_pistol_fullauto_left_slide_release
5a7b35042053ad16,fly_pistol_fullauto_left_start
d1141202988d45b,fly_pistol_fullauto_mag_in
2ac680a688cc9da8,fly_pistol_fullauto_mag_out
13d7105b2aa199c4,fly_pistol_fullauto_right_mag_in
257d9ae9545dc351,fly_pistol_fullauto_right_mag_out
697c2bdd3bc099d6,fly_pistol_fullauto_right_slide_back
a0bf2fc9b4dd51a,fly_pistol_fullauto_right_slide_release
196baccb6c077cb9,fly_pistol_fullauto_right_start
3cbbcf71dd8e62f9,fly_pistol_fullauto_slide_back
1c9fbcdd58eeb78b,fly_pistol_fullauto_slide_release
34b06d4f175d127e,fly_pistol_revolver_cylinder_out
3a7809ea84f12fd,fly_pistol_revolver_dw_inspect
7b2c0eb2ec4efb00,fly_pistol_revolver_eject
57f0b30925317b25,fly_pistol_revolver_inspect
c1afdf148bd1a69,fly_pistol_revolver_left_cylinder_in
4c94798889c13234,fly_smg_burst_runman_pt2
3c2f9e914abd9a16,fly_smg_burst_start
3c4b5d79529d0589,fly_smg_burst_tac_cloth
6e224ae9dc602661,fly_smg_capacity_bolt_back
4abbf77e788a91e3,fly_smg_capacity_bolt_release
5a81749cadf7f54b,fly_smg_capacity_end
b50e75a11a0c3b2,fly_smg_capacity_inspect
1e9359788900de16,fly_smg_capacity_inspect_pt1
1e9358788900dc63,fly_smg_capacity_inspect_pt2
4fa1edbc3ee851a9,fly_smg_capacity_mag_in
5bbdfdec85f720a,fly_smg_capacity_mag_out
1010b89099982acc,fly_smg_capacity_monte_inspect_pt1
1010bb9099982fe5,fly_smg_capacity_monte_inspect_pt2
1010ba9099982e32,fly_smg_capacity_monte_inspect_pt3
1010b590999825b3,fly_smg_capacity_monte_inspect_pt4
43bf595e77e4bbb9,fly_smg_cqb_bolt_back
650123fcc9cea678,fly_smg_cqb_empty_mag_out
4289d54b30b16114,fly_smg_cqb_first
3c38deb36a02c20a,fly_smg_cqb_inspect
33ac86f1ec9c4031,fly_smg_cqb_mag_in
37e29e14f14b1c32,fly_smg_cqb_mag_out
44fe5031170ebb8c,fly_smg_cqb_rattle
2aa3725b4042b196,fly_smg_cqb_start
48d6005b4ad9ca5,fly_nailgun_first_raise
28f6380e198d22de,fly_nailgun_inspect_01
28f6370e198d212b,fly_nailgun_inspect_02
28f6360e198d1f78,fly_nailgun_inspect_03
5c6945226da41bd1,fly_nailgun_reload_mag_in
2fd6c1f1f6e02f72,fly_nailgun_reload_mag_in_start
416aacafa10d279,fly_sniper_cannon_mag_in_fast
66db90b8f5626a63,fly_sniper_cannon_mag_out
3f56100895159ab2,fly_sniper_cannon_mag_out_fast
31f7addace48dc98,fly_sniper_cannon_mag_out_start
573392f0b6f8a56f,fly_sniper_cannon_mag_out_start_fast
4263fd1ba2cc169e,fly_sniper_cannon_reload_lower
2096f40d4b36b765,fly_sniper_cannon_shoulder
54a95d272ebb0c36,fly_sniper_cannon_shoulder_down
67528eb009ee158c,fly_sniper_quick_inspect_manguish
4d805243ee9d5bd0,fly_smg_heavy_arabian_inspect
2fc9651d1e2370c0,fly_smg_heavy_drum_grab
4d10ea845cdfee0d,fly_smg_heavy_drum_in
65623be9daa583d6,fly_smg_heavy_drum_out
7e8b31a7c55114fa,fly_smg_heavy_empty_bolt_back
77066cab2c5a7fa6,fly_smg_heavy_empty_bolt_release
877e689455639d9,fly_smg_heavy_empty_cloth
c74709223052b40,fly_smg_heavy_empty_mag_in
4121d4518c428ac5,fly_smg_heavy_empty_mag_out
4fd9acc9e2f52fee,fly_smg_heavy_end
775a5060df600310,fly_smg_heavy_fast_cloth
4b477e4abc34e24e,fly_smg_heavy_first_cloth
520e551eb2e82c2b,fly_smg_heavy_grab
6a97395d80749e3b,fly_smg_heavy_inspect
3c448f483f0a1110,fly_smg_heavy_tac_cloth
557d3c4c8fb436ce,fly_smg_heavy_tac_mag_grab
6b6e87f027043c93,fly_smg_heavy_tac_mag_in
7f518c124209efa0,fly_smg_heavy_tac_mag_out
37dd05c73d400d0b,fly_smg_heavy_toy_pt1
37dd07c73d401071,fly_smg_heavy_toy_pt3
5e266d0d393bff36,fly_smg_season6_bolt_back
3808df7dc2e34fa,fly_smg_season6_bolt_release
3ebd3278f1afe285,fly_smg_season6_inspect
6c9637cf9f074ab4,fly_smg_season6_mag_in
542bb5cb19e9a6a1,fly_smg_season6_mag_out
332b67b5a92a96c5,fly_smg_semiauto_charging_handle_back
1721ac1453833f9b,fly_smg_semiauto_charging_handle_forward
7ccf1e834e7674b6,fly_smg_semiauto_charging_handle_start
63071b7e7fd34b4f,fly_shotgun_pump_distillery_inspect_pt1
63071c7e7fd34d02,fly_shotgun_pump_distillery_inspect_pt2
58e376491acc30a3,fly_shotgun_semi_first_bolt_back
7bd63e52622f1635,fly_shotgun_semi_first_bolt_release
1535dc1513eaae90,fly_shotgun_semi_first_start
1399b48e17509bfd,fly_shotgun_semi_grab
7934f8122b2efbe9,fly_shotgun_semi_inspect
2e3822df705bb5d7,fly_shotgun_semi_ray_gun_inspect
6297d13629647de2,fly_lmg_accurate_latch_open
5ccd4a9a42ce8e01,fly_lmg_accurate_top_open
775a2ca042e20520,fly_lmg_fastfire_bolt_back
27212b6c248ba766,fly_lmg_fastfire_mag_in
4268ba83c1d374cc,fly_ar_mobility_bolt_release
156a65fae67eb0bd,fly_ar_mobility_drum_in
62a9d2db99db4039,fly_ar_mobility_firestorm_inspect_pt1
62a9cfdb99db3b20,fly_ar_mobility_firestorm_inspect_pt2
5370a65698afa6d3,fly_ar_mobility_inspect_pt1
5370a75698afa886,fly_ar_mobility_inspect_pt2
24a5c98079519d86,fly_ar_mobility_mag_in
575134e1b6910e7,fly_ar_mobility_mag_out
6948e1a3bb0f7f5b,fly_ar_mobility_start
69cf15aefb84c93a,fly_ar_season6_bolt_back
489e5cd44d8c10e6,fly_ar_season6_bolt_release
61353d4fd0f84bb1,fly_ar_season6_inspect
142953fa11340c29,fly_ar_season6_mag_grab
4bc1f5f80293fe80,fly_ar_season6_mag_in
1cf9085490c2924d,fly_ar_season6_start
3f8d00b5c93c9338,fly_ar_slowfire_bolt_back
6652fc5bc83acb4,fly_ar_slowfire_bolt_release
352371532d98ba6,fly_ar_slowfire_end
76941e355b685471,fly_ar_slowfire_first_bolt_back
550a1f0a7281e213,fly_ar_slowfire_first_bolt_release
6e13845bf481001b,fly_ar_slowfire_inspect_pt1
6e13855bf48101ce,fly_ar_slowfire_inspect_pt2
596c1a2d7f2e080f,fly_ar_slowfire_mag_grab
4ce156b6dcbdd30e,fly_ar_slowfire_mag_in
4ea46eb90c188e2f,fly_ar_slowfire_mag_out
77bbf70127ffa953,fly_ar_slowfire_start
2f7727720f5a6ed5,fly_ar_slowhandling_bolt_back
688ae91edd4378f0,fly_pistol_semiauto_left_slide_release
5df35799a4e17169,fly_pistol_semiauto_right_mag_in
4fcc03130bcc62ca,fly_pistol_semiauto_right_mag_out
18d0fe3073c3a02f,fly_pistol_semiauto_right_slide_back
57156ce95bb05179,fly_pistol_semiauto_right_slide_release
3fc34437bb4941f4,fly_pistol_semiauto_slide_back
752b887e0130fe68,fly_pistol_semiauto_slide_release
5502cb6ea90ca9ec,fly_pistol_semiauto_tac_grab_end
4138823cc9b2413f,fly_pistol_semiauto_tac_mag_in
3832884ad67004e4,fly_pistol_semiauto_tac_mag_out
1856c00b6d991980,fly_pistol_shotgun_dw_inspect
1b7e0b6e8916e960,fly_pistol_shotgun_hammer
589ce75edf1b1b73,fly_pistol_shotgun_inspect_pt2
3e3ff4e88c884d68,fly_pistol_shotgun_left_casings
1dac9af806cc3820,fly_pistol_shotgun_left_close
61f6b0e264f1422,fly_pistol_shotgun_left_hammer
3bfd4d37350b99dc,fly_pistol_shotgun_left_open
52c1d64db8d248c7,fly_pistol_shotgun_left_shells_in
2756c9112c35624c,fly_pistol_shotgun_left_shells_out
125d02e04e451bc7,fly_pistol_shotgun_right_casings
754a672bb82012eb,fly_pistol_shotgun_right_hammer
4180998c25a3d43d,fly_pistol_shotgun_right_open
2809409ce876f874,fly_pistol_shotgun_right_shells_in
4bb6ea9ee5903361,fly_pistol_shotgun_right_shells_out
74be600c88295f79,fly_smg_fastfire_first_raise_pt1
74be5d0c88295a60,fly_smg_fastfire_first_raise_pt2
74be5e0c88295c13,fly_smg_fastfire_first_raise_pt3
7ac263bd9ed6b425,fly_smg_fastfire_inspect_pt2
3beca2ba95024e8c,fly_smg_fastfire_mummy_inspect
41ce4db23ee0451b,fly_smg_flechette_bolt_back
97a12afa4a19b74,fly_smg_flechette_empty_rattle
df05412b15f1679,fly_smg_flechette_end
47f4265b5a7a98a8,fly_smg_flechette_inspect
564bf26595855483,fly_smg_flechette_mag_in
6b20a530942978f8,fly_smg_flechette_mag_in_start
1638819d070900f0,fly_smg_flechette_mag_out
30e3a9653163d67,fly_smg_flechette_mag_out_start
4a7c9848d8fae15e,fly_smg_flechette_rattle
480d40bde0a46901,fly_smg_handling_drum_in
5c9483a497e91de2,fly_smg_handling_drum_out
69a319fca120dd4a,fly_smg_handling_first_start
34ce9cd175dc271f,fly_smg_handling_inspect
2c1e6fa03779a9e7,fly_smg_handling_start
70313145aa0377ad,fly_tr_fastburst_inspect_05
70312e45aa037294,fly_tr_fastburst_inspect_06
6cc08b271479855d,fly_tr_fastburst_reload_empty_charging_handle
77304c745fda8e66,fly_tr_fastburst_reload_empty_charging_handle_start
40802c14cf32aef6,fly_tr_fastburst_reload_empty_end
603429d0e689049e,fly_tr_fastburst_reload_empty_mag_in
1803c3852fb86127,fly_tr_fastburst_reload_empty_mag_in_drum
4ae6169a158802a1,fly_tr_fastburst_reload_empty_mag_in_start
6fff93f7b0ba615f,fly_tr_fastburst_reload_empty_mag_out
4747e717a055e830,fly_tr_fastburst_reload_empty_mag_out_drum
1777342f2e80afe3,fly_tr_fastburst_reload_empty_start
26ec9d3a077896f4,fly_tr_fastburst_reload_end
186d2a73ebb7fb60,fly_tr_fastburst_reload_mag_in
18cdef3609647cc5,fly_tr_fastburst_reload_mag_in_drum
4b958ef99419c465,fly_tr_fastburst_reload_mag_out
430b01f4c57b0ea,fly_tr_fastburst_reload_mag_out_drum
20dff121a5c1cded,fly_tr_fastburst_reload_start
456010a51e330329,fly_tr_longburst_alien_inspect_pt1
45600da51e32fe10,fly_tr_longburst_alien_inspect_pt2
5ed949c38d077fc3,fly_tr_longburst_charge_back
71573c9e74a66ad5,fly_tr_longburst_charge_release
5ed04fb66f29cbb6,fly_tr_longburst_empty_end
6073fa7e2c7ec3b5,fly_tr_longburst_fast_mag_in
6c34154fcd2e8add,fly_tr_longburst_fast_mag_in_flip
725bc965a2d489fe,fly_tr_longburst_fast_mag_out
588471e36603cc0,fly_tr_longburst_fast_mag_out_flip
7b0627721d07fd0d,fly_tr_longburst_inspect_pt1
7b0624721d07f7f4,fly_tr_longburst_inspect_pt2
7b0625721d07f9a7,fly_tr_longburst_inspect_pt3
6121d5e3550f598f,fly_ar_damage_inspect_pt1
6121d6e3550f5b42,fly_ar_damage_inspect_pt2
35a8bb1c55ebcb34,fly_ar_damage_roadwarrior_inspect
4a52a85e80c27d7c,fly_ar_damage_tac_cloth
5c180a70877b49e5,fly_ar_damage_tac_end
3f1103d4d0323cbf,fly_ar_damage_tac_mag_in
f123d9de1e85f64,fly_ar_damage_tac_mag_out
7c4cf470d0e83b4,fly_ar_damage_wargames_pt1
7c4d2470d0e88cd,fly_ar_damage_wargames_pt2
6336d32e0e26e31b,fly_ar_fastfire_bolt_back
2fde382d9090947d,fly_ar_fastfire_bolt_release
37c02e06a83b1589,fly_ar_fastfire_empty_mag_in
43e73e4fc002b46a,fly_ar_fastfire_empty_mag_out
2570d63f574aa479,fly_ar_fastfire_end
3ef983d9dd0860ec,fly_ar_fastfire_first_end
465a85da47f49340,fly_ar_fastfire_inspect_pt1
465a88da47f49859,fly_ar_fastfire_inspect_pt2
1e66989d42c12e83,fly_ar_fastfire_mag_in
575af23863bc6ef0,fly_ar_fastfire_mag_out
29baaee62e944768,fly_ar_fastfire_start
1200f9562aaf43d2,fly_ar_fasthandling_bolt_back
689757df024e56ee,fly_ar_fasthandling_bolt_release
4ab29271b6cf6b93,fly_ar_fasthandling_drum_in
2b1e6639984acca0,fly_ar_fasthandling_drum_out
b3716b32b653d3c,fly_ar_fasthandling_end
2c10ec26ae504975,fly_ar_fasthandling_inspect_pt1
55b8a28b35094348,fly_ar_fasthandling_mag_in
43e4c68b2909d0ed,fly_ar_fasthandling_mag_out
7d297a35dc334148,fly_sniper_accurate_cybersnake_inspect
5f9bbe25638a4f91,fly_sniper_accurate_inspect_pt2
5513c867e2b2a0fc,fly_sniper_cannon_bolt_back
632ef1bce8a0ad01,fly_sniper_cannon_bolt_back_empty_fast
5dd34fa11646012a,fly_sniper_cannon_mag_in
6f3b448abdf583d1,fly_launcher_freefire_inspect
74a9663a5138da3c,fly_ar_british_empty_mag_in
41eefd17e7310cc9,fly_ar_british_empty_mag_out
44fd3ee87c4eb8fd,fly_ar_british_first_quick
1744fa7bb1e86add,fly_ar_british_sultan_inspect
3cd9083324bfc134,fly_ar_damage_bolt_back
4ec110a79f3779d5,fly_ar_damage_empty_cloth
383207f60fe1366c,fly_ar_damage_empty_mag_in
287c9f1cdcbeb819,fly_ar_damage_empty_mag_out
64aee944146d4d82,fly_ar_damage_fast_cloth_empty
12336d8080a8dc83,fly_ar_damage_fast_cloth_tac
35447f912d776b8f,fly_ar_damage_fast_mag_in
73fd9ed51616e3f,fly_ar_damage_halloween_inspect
5318be0dbec260c8,fly_sniper_standard_spaceship_inspect
2bb511eb0bd63fcf,fly_tr_damagesemi_empty_bolt_back
774b6de73401db99,fly_tr_damagesemi_empty_bolt_release
214ba2d285038a27,fly_tr_damagesemi_end
532eedb36a6047da,fly_tr_damagesemi_fast_mag_in
60d521545c3d72,fly_tr_damagesemi_inspect_pt1
60d421545c3bbf,fly_tr_damagesemi_inspect_pt2
60d321545c3a0c,fly_tr_damagesemi_inspect_pt3
60d221545c3859,fly_tr_damagesemi_inspect_pt4
60d121545c36a6,fly_tr_damagesemi_inspect_pt5
5abfc47c221a0b05,fly_tr_damagesemi_mag_in
5cd8b3edfa0c2bee,fly_tr_damagesemi_mag_out
70312d45aa0370e1,fly_tr_fastburst_inspect_01
70312a45aa036bc8,fly_tr_fastburst_inspect_02
70312b45aa036d7b,fly_tr_fastburst_inspect_03
f4643a10cfa5f8f,fly_ar_slowhandling_bolt_release
18b2a83ca3fd18ea,fly_ar_slowhandling_empty_rattle
70c1374bf073c722,fly_ar_slowhandling_first_end
68667f9e6a0efac2,fly_ar_slowhandling_inspect_pt1
68667e9e6a0ef90f,fly_ar_slowhandling_inspect_pt2
68667d9e6a0ef75c,fly_ar_slowhandling_inspect_pt3
3b3baf3e2f0214e2,fly_ar_slowhandling_krieger_inspect
28c86c794643a3a8,fly_ar_slowhandling_mag_grab
31609ff7d63df975,fly_ar_slowhandling_mag_in
3715372115a0e1be,fly_ar_slowhandling_mag_out
79027a5385dd8f17,fly_ar_soviet_bolt_back
7b43f6e24e97590d,fly_ar_soviet_empty_mag_in
1d8b3f8b955054d6,fly_ar_soviet_empty_mag_out
34c0f6691b793b6c,fly_ar_soviet_inspect
42bb3372e74b6ae7,fly_ar_soviet_mag_in
7c4e3b5c412e72d4,fly_ar_soviet_mag_in_start
61ccef3f21287bec,fly_ar_soviet_mag_out
1d928d39e2ced814,fly_ar_soviet_start
1a13dac55c0b61b3,fly_ar_standard_cloth
5aaf2191809cd846,fly_ar_standard_empty_bolt_back
538c2aa6ed71eacd,fly_ar_standard_empty_cloth
6a2cdbcc6ba85dd8,fly_smg_accurate_mag_out
5007db0053f27700,fly_smg_accurate_start
36a0b88deb0b90ea,fly_ar_standard_inspect_pt2
7b0622721d07f48e,fly_tr_longburst_inspect_pt4
78e040794d475056,fly_tr_powerburst_drum_in
6060b4a0c42b7b3c,fly_tr_powerburst_inspect_pt1
18d4a9fe7a0c8dca,fly_pistol_revolver_left_cylinder_out
72aadab39938b999,fly_pistol_semiauto_empty_mag_out
a4220904996ff0f,fly_pistol_semiauto_inspect_pt1
7d00d44edba1778,fly_lmg_accurate_bolt_back
6efc8b311154c62c,fly_lmg_accurate_bolt_forward
4c2514fb656370f5,fly_lmg_accurate_fast_belt
342c6c49f3d6b1f5,fly_lmg_accurate_fast_belt_break
100b6d6c15ce382e,fly_lmg_accurate_first_start
19e245f5588e13db,fly_lmg_accurate_inspect_pt1
19e246f5588e158e,fly_lmg_accurate_inspect_pt2
5073a7df6ca21986,fly_lmg_accurate_latch_close
4f3562e33506d54e,fly_lmg_accurate_mag_in
c77de1310283a6f,fly_lmg_accurate_mag_out
517cc31c45b01408,fly_lmg_accurate_mixclip_inspect
6be03b314b98a379,fly_lmg_accurate_mixclip_inspect_pt2
14bcbcc90ba537d6,fly_lmg_accurate_ratrod_inspect
47e8869ac716e06b,fly_lmg_accurate_top_close
8aeca5ba9277ffc,fly_lmg_fastfire_belt
460d57b249dfa04,fly_lmg_fastfire_bolt_forward
745cdc753bb9ae33,fly_lmg_fastfire_inspect_pt1
745cdd753bb9afe6,fly_lmg_fastfire_inspect_pt2
7a8b96c211e9bb47,fly_lmg_fastfire_mag_out
55b54fa2cccd56b3,fly_lmg_fastfire_top_close
7079f7f5906f6e39,fly_lmg_fastfire_top_open
47c2e352dfc82a2,fly_lmg_light_belt
27ed27ca63a38b1,fly_lmg_light_boltforward
4c9de97f33d19584,fly_ar_standard_empty_mag_in
4bf5d324ee028811,fly_ar_standard_empty_mag_out
20c8ec24d5984ea0,fly_ar_standard_empty_mag_tap
3e10b6e803c6d661,fly_ar_standard_fast_bolt_release
fa89472fb161f37,fly_ar_standard_fast_mag_in
64497260c2f4a1dc,fly_ar_standard_fast_mag_out
13c80c0eb7aea412,fly_ar_standard_first_grab_end
3779b503e782f897,fly_ar_standard_first_grab_start
63dc496d1a7278f2,fly_ar_standard_inspect_fast_pt1
1657fdb7de4cb090,fly_ar_standard_inspect_giga_pt1
165800b7de4cb5a9,fly_ar_standard_inspect_giga_pt2
36a0b78deb0b8f37,fly_ar_standard_inspect_pt1
e7dcf18c79caa57,fly_ar_standard_tac_mag_in
6f26fa1b4b929c7c,fly_ar_standard_tac_mag_out
1ce43ae166405340,fly_ar_standard_wonderland_inspect
232603e6c62d182d,fly_grenade_launcher_first_pt1
232600e6c62d1314,fly_grenade_launcher_first_pt2
c2ab3c9794064e7,fly_grenade_launcher_inspect
2961f5cf05c3a3c,fly_knife_loadout_inspect
4d3531b43b222ca4,fly_launcher_freefire_first_raise
de2f1e1a7aaeabb,fly_launcher_standard_end
2fbcb928415556b4,fly_launcher_standard_first_pt1
2fbcbc2841555bcd,fly_launcher_standard_first_pt2
2fbcbb2841555a1a,fly_launcher_standard_first_pt3
5d56abc2a4ed16c2,fly_launcher_standard_inspect
589a9635241446d3,fly_launcher_standard_lower
35709965cd753d0b,fly_launcher_standard_reload_pt1
35709a65cd753ebe,fly_launcher_standard_reload_pt2
213d5da158979113,fly_smg_accurate_bolt_back
aa631778ae92805,fly_smg_accurate_bolt_release
780a550011a07edd,fly_smg_accurate_evil_inspect_pt1
780a520011a079c4,fly_smg_accurate_evil_inspect_pt2
260384a4559ab5e8,fly_smg_accurate_inspect_pt1
260387a4559abb01,fly_smg_accurate_inspect_pt2
35916d1973711da6,fly_smg_accurate_mag_grab
13a581398e19e4eb,fly_smg_accurate_mag_in
7f6cf2a42349645f,fly_smg_accurate_mag_out_start
55b3cc18b8f391cb,fly_smg_burst_bolt_release
1f9a2cb156f18448,fly_smg_burst_empty_cloth
616ef39be4db7e8a,fly_smg_burst_inspect
7fc426c5bb7551b1,fly_smg_burst_mag_in
5d18b2fd6c23d8b2,fly_smg_burst_mag_out
4c947c8889c1374d,fly_smg_burst_runman_pt1
36e4a61fbb15587,fly_tr_longburst_tac_end
259e7e42f21d7fff,fly_tr_powerburst_bolt_back
689657e223363769,fly_tr_powerburst_bolt_release
1a126c1e458a0697,fly_tr_powerburst_drum_out
25715d05545a0765,fly_tr_powerburst_end
68994786120d5f2,fly_tr_powerburst_fast_bolt_release
68d495ad4134d5e2,fly_tr_powerburst_ghostship_inspect
6060b7a0c42b8055,fly_tr_powerburst_inspect_pt2
3fc396a85abd69fa,fly_tr_powerburst_mag_grab
53afa871a77fd13f,fly_tr_powerburst_mag_in
6638741fbabbb4e4,fly_tr_powerburst_mag_out
4b40eee09adcb81c,fly_tr_powerburst_start
1f916763b913e28e,fly_tr_precision_bolt_back
7d679508455e8be2,fly_tr_precision_bolt_release
bbf528908916b3,fly_tr_precision_empty_cloth
1ea658e8c50cb8d8,fly_tr_precision_fast_empty_cloth
6905fc3b66daf7d9,fly_tr_precision_fast_tac_cloth
71dd21d305099c57,fly_tr_precision_first_bolt_back
fd22c5dffe59931,fly_tr_precision_first_bolt_release
229912b0e5369be4,fly_tr_precision_first_cloth
18a5c189d73f6589,fly_tr_precision_inspect_pt1
18a5be89d73f6070,fly_tr_precision_inspect_pt2
4fe7ab2bf4e13525,fly_sniper_accurate_bolt_forward
64b9104e1cc9e1d8,fly_sniper_accurate_fast_mag_in
5f9bbd25638a4dde,fly_sniper_accurate_inspect_pt3
7e011dea013fe09b,fly_sniper_accurate_mag_in
49676ba014d747e8,fly_sniper_accurate_mag_out
5858c45a7f88dc9b,fly_sniper_accurate_reload_bolt_forward
486136ca95e62530,fly_sniper_accurate_start
1a20f0ef74cf9a9c,fly_sniper_accurate_thumb
1d12ee4ff396e9d8,fly_sniper_cannon_bolt_forward
16af9b382ad01f6,fly_sniper_cannon_first_raise_bolt_forward
3bed4e4544371348,fly_sniper_cannon_first_raise_end
1e086c6e8f1b0fd9,fly_sniper_cannon_first_raise_start
6623707ca2071617,fly_sniper_cannon_grab
761293c475e22411,fly_sniper_cannon_lower_fast
5734e87642bd06a3,fly_sniper_cannon_mag_in_empty_fast
308e45a471ee5a9,fly_sniper_cannon_mag_in_empty_fast_end
54e2db5bf43875c,fly_pistol_revolver_left_eject
641fb9ca53267cf,fly_pistol_revolver_left_load
80374a96d849a60,fly_pistol_revolver_right_cylinder_in
3494a7e522cbf165,fly_pistol_revolver_right_cylinder_out
7b67601a9ba647a9,fly_pistol_revolver_right_eject
49aa0ccfa2ec4b3c,fly_pistol_revolver_right_load
cbce49097c0d81,fly_pistol_revolver_speedloader
7372f7a840e0539b,fly_pistol_semiauto_dw_inspect
21b66bd9925f6eec,fly_pistol_semiauto_empty_mag_in
5e64ca3e21ff110f,fly_pistol_semiauto_fast_mag_in
1a3a1293e37c1d94,fly_pistol_semiauto_fast_mag_out
754b9c37caebd8c5,fly_pistol_semiauto_first_mag_in
314a7c6efb77867b,fly_pistol_semiauto_first_slide_back
a422190499700c2,fly_pistol_semiauto_inspect_pt2
37c24db8c8eba9d9,fly_pistol_semiauto_lastshot
493a87e419b935aa,fly_pistol_semiauto_left_mag_in
5a74aa97d2249fe3,fly_pistol_semiauto_left_mag_out
4554589c0c28538c,fly_pistol_semiauto_left_slide_back
51dd62503d20ad,fly_ar_british_empty_mag_out_npc
5ae5815a4944fa01,fly_ar_british_first_quick_npc
3dca22e8ccb86af4,fly_ar_british_empty_mag_in_npc
7cdd187f5943c855,fly_ar_british_first_npc
3ed82b620ef8b3ff,fly_ar_british_inspect_npc
32a29d39cabe040,fly_ar_damage_bolt_release_npc
a0024aa5f7d8121,fly_ar_british_sultan_inspect_npc
6874c9a8a95a7652,fly_ar_british_mag_tap_npc
26d212071cce98fd,fly_ar_damage_empty_mag_out_npc
2d6899eb7cf7df26,fly_ar_damage_inspect_pt2_npc
d45467b81238e66,fly_ar_british_mag_in_npc
5191d76fa210f0f7,fly_ar_damage_halloween_inspect_npc
72e3c0f948c0f34c,fly_ar_damage_bolt_back_npc
2ff75931134c21d3,fly_ar_british_mag_out_npc
5037447650a5ee64,fly_ar_damage_empty_mag_in_npc
1a0d041258230547,fly_ar_damage_inspect_pt1_npc
6b2ca5c77c60faf8,fly_ar_fasthandling_drum_out_npc
75f9c220a5143ad8,fly_ar_mobility_bolt_back_npc
4f2a89021f343a53,fly_ar_fastfire_bolt_back_npc
2ff4da60abf1ef3d,fly_ar_fastfire_inspect_pt2_npc
ab066e0d17a3032,fly_ar_fasthandling_bolt_release_npc
5ee428a7a74e72f1,fly_ar_fasthandling_mag_out_npc
21dd71955464ebdd,fly_ar_mobility_firestorm_inspect_pt1_npc
defc37ef8b31dcc,fly_ar_damage_wargames_pt1_npc
7af14f7c9165a054,fly_ar_fasthandling_inspect_pt2_npc
11a169c94e4a966a,fly_ar_mobility_drum_out_npc
659c6f498e7be777,fly_ar_damage_tac_mag_in_npc
7651a9f06c9c57ae,fly_ar_fastfire_empty_mag_out_npc
65cf6db4cb15409b,fly_ar_fastfire_mag_in_npc
572a07fefd29404,fly_ar_mobility_bolt_release_npc
280599ba91444d81,fly_ar_fastfire_bolt_release_npc
76887f5c01cdd55d,fly_ar_fastfire_inspect_ultraf_npc
4d246b3172807feb,fly_ar_fasthandling_drum_in_npc
609b534a43a8e211,fly_ar_damage_wargames_pt2_npc
1ba02881a86294d8,fly_ar_fastfire_inspect_pt1_npc
6e55e78b1ec81476,fly_ar_fasthandling_bolt_back_npc
336ceefa6afa5c20,fly_ar_fasthandling_mag_in_npc
71772244cae91c7c,fly_ar_damage_tac_mag_out_npc
708ea6d7c5b93608,fly_ar_fastfire_mag_out_npc
24dda36e121dbe59,fly_ar_fasthandling_inspect_pt1_npc
6921041a036fa6c1,fly_ar_mobility_drum_in_npc
ace45212d97917e,fly_ar_season6_bolt_back_npc
2efb6d669e357352,fly_ar_slowfire_inspect_pt2_npc
4287dbcb02dd0354,fly_ar_slowhandling_inspect_pt3_npc
3a32f0102ae18e55,fly_ar_soviet_bolt_release_npc
2071879050fc7f2c,fly_ar_soviet_mag_in_start_npc
58233e67ada618f,fly_ar_standard_fast_mag_in_npc
79e6e705e45309f7,fly_ar_standard_inspect_fast_pt2_npc
5e71d27d86cd697f,fly_ar_mobility_mag_out_npc
6c3b0d96cc010218,fly_ar_season6_mag_in_npc
5cd9bb4c5a1b9e6b,fly_ar_slowfire_first_bolt_release_npc
c7a3f0a3e7687f9,fly_ar_slowhandling_bolt_back_npc
2925c3cf206336a6,fly_ar_slowhandling_inspect_pt1_npc
3a1b704a8e6cc364,fly_ar_soviet_inspect_npc
fead10cd514178a,fly_ar_mobility_inspect_pt2_npc
d797f07ee253f6e,fly_ar_standard_empty_bolt_release_npc
7d2b0bc20abf9cf8,fly_ar_standard_empty_mag_tap_npc
95c8d036c0d8115,fly_ar_season6_inspect_npc
501c2920a6d835a7,fly_ar_slowfire_mag_out_npc
49d2527ab596dfc6,fly_ar_slowhandling_first_end_npc
7e74b38dacfe6e59,fly_ar_slowhandling_mag_in_npc
d88bfb650d59178,fly_ar_mobility_firestorm_inspect_pt2_npc
4a6cf7aebdf76edc,fly_ar_standard_empty_mag_in_npc
5648622a5a4b1f2f,fly_ar_standard_first_grab_start_npc
737aa997abbdb4aa,fly_ar_season6_bolt_release_npc
1e07f80889c79fd0,fly_ar_slowfire_bolt_back_npc
2af8a3fbdc29dbc7,fly_ar_slowfire_mag_grab_npc
36bb540c989d6486,fly_ar_slowhandling_krieger_inspect_npc
27a720cc20a73751,fly_ar_soviet_empty_mag_in_npc
5ca89ea3d48e4be4,fly_ar_soviet_mag_out_npc
3b6ef31c2aa3ae93,fly_ar_mobility_start_npc
26a819fb52a895d4,fly_ar_standard_fast_mag_out_npc
302e806f6df70829,fly_ar_season6_mag_out_npc
64caf23cd570be8,fly_ar_standard_inspect_giga_pt1_npc
32787791c68aa753,fly_ar_slowfire_inspect_pt1_npc
74b6b7445aa96b47,fly_ar_slowhandling_bolt_release_npc
15ca2df5fb8e5cc7,fly_ar_slowhandling_inspect_pt2_npc
474787ddbaa05daf,fly_ar_soviet_bolt_back_npc
6e6c1d27de1a637f,fly_ar_soviet_mag_in_npc
64006b429cd04ac5,fly_ar_standard_fast_bolt_release_npc
4fe77d91b9bbdc8a,fly_ar_mobility_mag_in_npc
3886ddee396333cd,fly_ar_season6_mag_grab_npc
90cfcdb56d3b956,fly_ar_standard_inspect_fast_pt1_npc
3b460eaac642f0d5,fly_ar_slowfire_first_bolt_back_npc
2a34b5d75430acc2,fly_ar_slowhandling_mag_out_npc
595fc6263775601,fly_ar_soviet_ferrofluid_inspect_npc
50ca7ab436d0404a,fly_ar_standard_empty_bolt_back_npc
5937b2dc41f5032b,fly_ar_mobility_inspect_pt1_npc
68404276d057afb5,fly_ar_standard_empty_mag_out_npc
41b49bbc60b439ac,fly_ar_season6_end_npc
54046b21e12b56cc,fly_ar_slowfire_bolt_release_npc
7081d58131fe2892,fly_ar_slowfire_mag_in_npc
8e595055bf6e3da,fly_ar_soviet_empty_mag_out_npc
27472f2bc5c2396c,fly_ar_soviet_start_npc
63760afb98cad0b6,fly_ar_standard_first_grab_end_npc
7d1a1e8c55f169bc,fly_launcher_freefire_first_raise_npc
236f70024aa8d2dd,fly_launcher_freefire_quick_raise_npc
695abd0bce3b5903,fly_launcher_standard_reload_pt1_npc
2afb4d7edc05fb78,fly_lmg_fastfire_bolt_back_npc
6b231d39483415f3,fly_lmg_fastfire_start_npc
6c1040f5ca41caf4,fly_knife_loadout_inspect_npc
31f28c9802791dd9,fly_lmg_accurate_fast_belt_npc
57cf27263ad43ed2,fly_lmg_accurate_mag_in_npc
40c65ef714bff6a5,fly_lmg_accurate_top_open_npc
3d0d42f54d87f32a,fly_lmg_fastfire_mag_in_npc
79e655a9f50f3c2e,fly_ar_standard_inspect_pt2_npc
7695a3f8324a54d8,fly_ar_standard_wonderland_inspect_npc
5b67b5143373fd7f,fly_grenade_launcher_inspect_npc
6ae119eee6c6f19e,fly_launcher_standard_first_pt3_npc
409755a5162188a,fly_lmg_accurate_latch_close_npc
7968f52e8d99224,fly_lmg_accurate_bolt_forward_npc
1de138ae89f4eb4b,fly_lmg_fastfire_inspect_pt1_npc
43ab23199855354d,fly_ar_standard_inspect_giga_pt2_npc
7f330d6fceb547ef,fly_ar_standard_tac_mag_in_npc
19a7c98b1b2c6475,fly_launcher_freefire_inspect_npc
3af8b4f8a8c559c2,fly_launcher_standard_reload_pt2_npc
1a46d3fd46c4a0cc,fly_launcher_standard_first_pt1_npc
14857a1712e3cb13,fly_lmg_accurate_inspect_pt1_npc
2184e4c0a0a5b5c,fly_lmg_fastfire_bolt_forward_npc
278ed3b508555bcb,fly_lmg_fastfire_top_close_npc
6be038314b989e60,fly_lmg_accurate_mixclip_inspect_pt1
569cee65ca7ceed9,fly_lmg_accurate_fast_belt_break_npc
5d77cf0bfa0b40e7,fly_lmg_accurate_mag_out_npc
6d9c14bff6dc89d2,fly_launcher_freefire_putaway_npc
5cc3e0481ff21cb4,fly_lmg_fastfire_belt_npc
64f90510f0d8641f,fly_lmg_fastfire_mag_out_npc
7ea10cf360c112a6,fly_launcher_standard_inspect_npc
7cefdb076c76dd86,fly_lmg_accurate_latch_open_npc
4352118ca40c3823,fly_lmg_accurate_top_close_npc
306d4e83ff58c3aa,fly_lmg_fastfire_inspect_pt2_npc
69f17fd0d31ed18f,fly_ar_standard_inspect_pt1_npc
4ca326d9ae0b4134,fly_ar_standard_tac_mag_out_npc
4280cdd2856f54c2,fly_grenade_launcher_first_raise_npc
6cf263c891ba6511,fly_launcher_standard_first_pt2_npc
8060a24b5d1a510,fly_lmg_accurate_bolt_back_npc
352f78470849d312,fly_lmg_accurate_inspect_pt2_npc
608bc390b7bf76da,fly_lmg_accurate_ratrod_inspect_npc
7ba13d60e1927ff,fly_lmg_light_boltback_npc
19630d479addf040,fly_lmg_light_start_rattle_npc
65b489d6a8a23de3,fly_nailgun_inspect_02_npc
5cfe5cdcf921a314,fly_pistol_burst_dw_inspect_npc
d5d20d6090eb1d,fly_lmg_slowfire_bolt_forward_npc
4acd2b89a157f7a8,fly_lmg_slowfire_link_flick_npc
1c27835bf4e5022f,fly_pistol_burst_left_mag_in_npc
6aac75c050719930,fly_pistol_burst_right_slide_release_npc
7dc38f5818893b50,fly_pistol_fullauto_inspect_pt1_npc
66c0ca80561af9dd,fly_lmg_fastfire_top_open_npc
7e5f3976cf8ae4fc,fly_lmg_light_mag_in_npc
6d2f4ab8f81b3f74,fly_lmg_slowfire_inspect_pt1_npc
341b02aa7573dec4,fly_lmg_slowfire_top_open_npc
7ffd57676ec8fd89,fly_nailgun_first_raise_npc
409c6c7132f7e2f6,fly_nailgun_reload_mag_out_npc
40d7ba4e407d7273,fly_pistol_burst_right_mag_out_npc
4be61ae638ea5b8e,fly_pistol_fullauto_dw_inspect_npc
2cf05cda1c6a50eb,fly_lmg_light_fast_belt_pull_npc
3030c71254254ae5,fly_lmg_slowfire_belt_npc
26db455a73059b82,fly_pistol_revolver_cylinder_out_npc
33772039d281e5d7,fly_lmg_slowfire_fast_bolt1_npc
9264aaf4cb07c75,fly_nailgun_reload_mag_in_npc
152a5d2591242f4f,fly_pistol_burst_empty_slide_release_npc
36738740cbbf3c47,fly_pistol_burst_left_slide_release_npc
7ac61959a9f6576c,fly_pistol_fullauto_dw_first_npc
46ceac48b170be15,fly_lmg_light_boltforward_npc
14ce217c607fbb83,fly_pistol_fullauto_slide_release_npc
5427f1bfcb3e48b2,fly_lmg_light_topclose_npc
3c982a27ef266a77,fly_lmg_slowfire_mag_in_npc
52ee17a62a392d10,fly_nailgun_inspect_03_npc
6a4c8267a0a55774,fly_pistol_burst_left_mag_out_npc
4d2758e6de62c28c,fly_pistol_burst_tac_mag_in_npc
2ac61f1e7ebe9c75,fly_pistol_fullauto_inspect_pt2_npc
2240fe12cb3b1346,fly_lmg_light_belt_npc
32d2b36470c8d393,fly_pistol_fullauto_mag_in_npc
5ea57a2310b30355,fly_lmg_light_mag_out_npc
55781e56a2421d37,fly_lmg_slowfire_bolt_back_npc
19c59a7f5df514f9,fly_lmg_slowfire_inspect_pt2_npc
39fd7d98684fa922,fly_nailgun_inspect_01_npc
3b7cc07cbc80a9ba,fly_nailgun_reload_start_npc
15a44a9b9214fea2,fly_pistol_burst_inspect_npc
4e287a4d3d4b679c,fly_pistol_burst_right_slide_back_npc
42a237515a547039,fly_lmg_light_inspect_npc
40af3e657da24f36,fly_lmg_slowfire_fast_bolt2_npc
5fb7875bfbe8bb48,fly_lmg_slowfire_top_close_npc
6b0704028b7e17d6,fly_nailgun_reload_mag_in_start_npc
45ca0c48406bb386,fly_pistol_burst_right_mag_in_npc
484799424bce7450,fly_pistol_fullauto_dw_first_quick_npc
6ebdc1cfa1abf273,fly_lmg_light_fast_belt_npc
639a10649fcdeb5e,fly_lmg_light_topopen_npc
1bc521c352c16cde,fly_lmg_slowfire_fast_belt_npc
69b8aa230ca5b57c,fly_lmg_slowfire_mag_out_npc
2fce3235ef3f288b,fly_nailgun_reload_end_npc
27f860ada1269a71,fly_pistol_burst_empty_slide_back_npc
5633448f1f83faf9,fly_pistol_burst_left_slide_back_npc
14a9816d0906edc5,fly_pistol_burst_tac_mag_out_npc
4be09cf029047340,fly_pistol_fullauto_mag_out_npc
22f3200346b4159d,fly_pistol_fullauto_slide_back_npc
214398070eab24e9,fly_pistol_semiauto_first_mag_in_npc
1e803c6d6cf3cdbb,fly_pistol_semiauto_left_mag_out_npc
7d2a7baf06a0320c,fly_pistol_semiauto_slide_back_npc
44615b36020de78,fly_pistol_shotgun_left_close_npc
1c1cd1b6d2147eb7,fly_pistol_shotgun_right_close_npc
184622311daf2fcf,fly_pistol_shotgun_shell_out_npc
41d9c65d02d7e719,fly_shotgun_semi_first_bolt_release_npc
7d0d7aea42a0123b,fly_smg_capacity_inspect_pt2_npc
374345a8c1aa4e16,fly_smg_burst_mag_out_npc
47c5e1c3c01c1233,fly_smg_heavy_inspect_npc
1f8697fdadd187d2,fly_smg_semiauto_inspect_pt2_npc
573ebf3619f8fd95,fly_smg_cqb_mag_in_npc
373996f80b846cd5,fly_smg_heavy_toy_pt3_npc
2704fbf1a899cd,fly_smg_season6_start_npc
5cc84fe4b79a69e3,fly_smg_spray_inspect_pt3_npc
13bb3b4267f119f7,fly_smg_spray_drum_in_npc
27343c39ad02f9c4,fly_sniper_quick_inspect_manguish_npc
42d121e07f0a05d6,fly_tr_damagesemi_inspect_pt1_npc
1f35f4c648462d1f,fly_tr_fastburst_inspect_07_npc
29ea09f898ad5c2e,fly_tr_fastburst_reload_mag_out_drum_npc
28d5094228959657,fly_tr_fastburst_reload_empty_mag_out_npc
146f96960dfbc84e,fly_pistol_revolver_left_cylinder_out_npc
635e87abd948e74d,fly_pistol_revolver_right_eject_npc
6f1054ddca7096ec,fly_pistol_semiauto_fast_mag_out_npc
1eb19a5ab9f567a7,fly_pistol_semiauto_right_slide_back_npc
2f6be3d1006b1a1d,fly_smg_fastfire_first_raise_pt1_npc
194e8952a605cfd3,fly_sniper_accurate_mag_in_npc
306b2ab1a5342c4,fly_smg_fastfire_mummy_inspect_npc
6088deaab94fe808,fly_smg_flechette_mag_out_npc
433293ce2061203e,fly_smg_heavy_empty_bolt_back_npc
74195e47ba8785a5,fly_sniper_cannon_bolt_back_empty_fast_npc
4f40fac4828fc4a3,fly_smg_accurate_mag_in_npc
762c753220db2903,fly_smg_heavy_toy_pt1_npc
5b784ce5b029803b,fly_sniper_cannon_mag_out_npc
21a47678bbfd4cc,fly_smg_season6_mag_in_npc
1fe05a281f4d480c,fly_tr_longburst_inspect_pt2_npc
49dafaadb718a7fa,fly_sniper_cannon_shoulder_down_npc
157c8765395b1e5b,fly_smg_semiauto_inspect_endgame_npc
385a212f38fb03f7,fly_tr_powerburst_mag_in_npc
5a98eeb12e50738b,fly_pistol_shotgun_inspect_pt2_npc
504bfbd3eaaa0fa2,fly_pistol_shotgun_open_npc
315a029c86dd262b,fly_smg_semiauto_start_npc
5110480f96ba1882,fly_pistol_shotgun_shell_in_a_npc
75f0f10860ed30e,fly_smg_burst_inspect_npc
3a1e8978e0ff6916,fly_smg_capacity_inspect_npc
5221cf35a2d8bb96,fly_smg_capacity_monte_inspect_pt3_npc
17c675d5ba408035,fly_smg_spray_inspect_pt1_npc
54f2eda3288affb8,fly_pistol_revolver_right_cylinder_in_npc
710fbe5cec4c4929,fly_tr_damagesemi_mag_in_npc
5a969c539616c69b,fly_smg_flechette_mag_in_npc
69aae22a6641af35,fly_sniper_accurate_inspect_pt2_npc
39a5ee3a1393eb1,fly_tr_fastburst_inspect_05_npc
5c1774240c3a3ebf,fly_tr_fastburst_reload_empty_mag_in_drum_npc
349be5fafd7008e9,fly_tr_fastburst_reload_mag_in_drum_npc
2fb225c82049d4af,fly_sniper_cannon_grab_npc
7db36f6979043f9,fly_tr_longburst_charge_release_npc
196221285e2f9c51,fly_smg_heavy_drum_in_npc
49af26b542a2654d,fly_sniper_cannon_mag_in_empty_fast_end_npc
23e0564ddb579658,fly_tr_longburst_fast_mag_out_flip_npc
6c1c9294c683727d,fly_pistol_semiauto_empty_mag_out_npc
77b9ade0af82b327,fly_sniper_cannon_reload_raise_npc
246d14801ae4810d,fly_pistol_semiauto_right_mag_in_npc
8fda9f9cb05f38d,fly_shotgun_semi_inspect_npc
96f9963010d575a,fly_tr_powerburst_drum_in_npc
6c2d306bd1cc73f7,fly_pistol_semiauto_tac_mag_in_npc
21d3675b936dbeb8,fly_pistol_shotgun_hammer_npc
65b6d71d13b7179,fly_tr_powerburst_inspect_pt2_npc
76a16303d3e7bd6b,fly_smg_accurate_bolt_back_npc
69afab6b8dfa899f,fly_pistol_shotgun_left_shells_in_npc
49563adcfc7173a5,fly_smg_accurate_inspect_pt2_npc
70fca50b5bbdff88,fly_tr_precision_inspect_pt2_npc
95427f0f80a908c,fly_pistol_shotgun_right_shells_in_npc
44d4d35b0ee6e0eb,fly_smg_heavy_tac_mag_in_npc
3109f210f37cd87a,fly_smg_semiauto_charging_handle_start_npc
ca6faba469dfbb,fly_smg_capacity_bolt_release_npc
5bc7b07b9ce57815,fly_smg_semiauto_mag_in_start_npc
6dbd651849e5aa04,fly_smg_capacity_monte_inspect_pt1_npc
5137ed7f0a696ac3,fly_smg_standard_inspect_npc
2c3ade33117aa410,fly_smg_cqb_empty_mag_out_npc
490c850975b5ea87,fly_tr_damagesemi_empty_bolt_back_npc
37482c6602b451ba,fly_tr_fastburst_reload_empty_end_npc
77f1e9eeec238f3d,fly_tr_damagesemi_inspect_pt4_npc
51f56ecfed05f073,fly_tr_fastburst_inspect_03_npc
27efe027e188e3b0,fly_sniper_accurate_fast_mag_in_npc
2a08f2fe9cfbeb44,fly_smg_fastfire_inspect_pt1_npc
2c9bea4988db570c,fly_tr_fastburst_reload_end_npc
50bd3fa8535af2d3,fly_pistol_semiauto_dw_inspect_npc
51abed2aad3bc11d,fly_smg_flechette_end_npc
7f69f4292b32f168,fly_tr_longburst_alien_inspect_pt2_npc
352bdedeb8ad2c20,fly_sniper_cannon_first_raise_end_npc
c96e36c8b8817c4,fly_pistol_semiauto_left_slide_back_npc
43e64f19f1b5a121,fly_tr_longburst_fast_mag_in_flip_npc
4f033e81acbaff28,fly_smg_heavy_arabian_inspect_npc
3208163bc129316e,fly_sniper_cannon_mag_in_npc
3ec6f180085c3400,fly_pistol_semiauto_slide_release_npc
22f9cd046468acd8,fly_smg_heavy_empty_mag_in_npc
2ef0ec30ababdbe7,fly_sniper_cannon_mag_out_start_fast_npc
58d10204ab964afa,fly_smg_season6_bolt_back_npc
731cccb26611a5b7,fly_tr_powerburst_bolt_back_npc
7ded43ab2218b586,fly_tr_powerburst_ghostship_inspect_npc
40137d4d34597cc6,fly_pistol_shotgun_left_hammer_npc
70633c3f679ef012,fly_tr_precision_bolt_back_npc
15cc505959bcc2e9,fly_smg_semiauto_charging_handle_back_npc
edf46865fd7d2a3,fly_pistol_shotgun_right_hammer_npc
768925923d83b891,fly_smg_burst_runman_pt1_npc
5d5b69b3697a546a,fly_pistol_shotgun_shells_out_npc
324d0a2e2c3a98a5,fly_smg_semiauto_inspect_pt3_npc
44fe3a1e4d0debfc,fly_smg_spray_drum_out_npc
53f6004a79fe11a0,fly_sniper_standard_spaceship_inspect_npc
74a2c025e308914d,fly_smg_capacity_mag_in_npc
2ebda37c59bdea7c,fly_smg_spray_mag_in_npc
33ab0c0b0c895677,fly_tr_damagesemi_inspect_pt2_npc
27cbc0379ff5df5d,fly_smg_cqb_bolt_back_npc
613ed6d54319cd45,fly_tr_fastburst_inspect_01_npc
1b1731f1fcdbbfb8,fly_smg_fastfire_first_raise_pt2_npc
74749191fbf98996,fly_smg_cqb_mag_out_npc
2cec87d6af629354,fly_pistol_revolver_left_eject_npc
7087901055e1739b,fly_sniper_accurate_bolt_back_npc
5f2d106b864b3a20,fly_sniper_accurate_cybersnake_inspect_npc
2d29ed113fa383a1,fly_tr_fastburst_reload_empty_charging_handle_npc
2e4f6ef7262cbc53,fly_smg_flechette_bolt_back_npc
54f3278f55d1348,fly_tr_fastburst_reload_empty_mag_out_drum_npc
5bbd8597f05d580,fly_sniper_accurate_mag_out_npc
6c01331573119dff,fly_smg_flechette_mag_out_start_npc
6e329213c58a6bb0,fly_sniper_cannon_bolt_forward_npc
71375490ca50bff1,fly_tr_fastburst_reload_start_npc
634513867a0fefc9,fly_pistol_semiauto_fast_slide_npc
1951acb1a754fa7b,fly_shotgun_semi_first_bolt_back_npc
45b839362e77edee,fly_pistol_semiauto_left_mag_in_npc
60138c527ccd9f3f,fly_tr_longburst_inspect_pt3_npc
75a83ae4f9856482,fly_tr_powerburst_fast_bolt_back_npc
194fec45a7113016,fly_sniper_cannon_mag_out_fast_npc
43c3087803922c1d,fly_pistol_semiauto_right_slide_release_npc
7f20620a732c526a,fly_smg_heavy_empty_bolt_release_npc
9a33dca6dd3f300,fly_pistol_shotgun_left_casings_npc
8e8eb8580e689fc,fly_tr_powerburst_mag_out_npc
47ca6d1efb6529c2,fly_smg_heavy_toy_pt2_npc
3d37abda35f80c9f,fly_pistol_shotgun_right_casings_npc
61dfd6559c9d1fb0,fly_smg_accurate_mag_out_npc
52355b7be5074b05,fly_smg_season6_mag_out_npc
6de11ce74b45e715,fly_smg_burst_mag_in_npc
595c501dd712e2c3,fly_pistol_shotgun_shell_in_b_npc
2303a228d626bbd3,fly_smg_semiauto_inspect_pt1_npc
2d8945aa7f89276a,fly_smg_spray_bolt_back_npc
4a01ddb439315910,fly_smg_spray_inspect_pt2_npc
5f745706824fad1a,fly_smg_capacity_inspect_pt1_npc
20a03151d2389acb,fly_smg_capacity_monte_inspect_pt4_npc
44905af9c05e0e8e,fly_smg_cqb_inspect_npc
44ae4125a56bd532,fly_tr_damagesemi_mag_out_npc
6a4a7b9376b3a0d,fly_pistol_revolver_left_cylinder_in_npc
3033caed3883bbec,fly_tr_fastburst_inspect_06_npc
1f025c31c1496705,fly_tr_fastburst_reload_empty_mag_in_start_npc
2ba2c06a7a85c649,fly_pistol_revolver_right_cylinder_out_npc
2f5affb23490422,fly_sniper_accurate_inspect_pt3_npc
50a6b59d6c272e25,fly_pistol_revolver_speedloader_npc
7456d8327d8e4949,fly_tr_fastburst_reload_mag_out_npc
55ed10a7f601de90,fly_smg_flechette_mag_in_start_npc
79d8cb46742bf4c7,fly_pistol_semiauto_fast_mag_in_npc
ea6e5ab8fbcdb4,fly_sniper_cannon_bolt_back_npc
4722f244bae41b51,fly_tr_longburst_inspect_pt1_npc
3ec5de4c10dccb6f,fly_shotgun_semi_ray_gun_inspect_npc
29476c8a950f6d4e,fly_pistol_semiauto_right_mag_out_npc
98302e24bf73d1d,fly_sniper_cannon_mag_in_fast_npc
520c31c1eaba82da,fly_smg_heavy_drum_out_npc
271fcd76c667ec49,fly_sniper_cannon_shoulder_npc
69fbcf7d2cc7d9fc,fly_pistol_semiauto_tac_mag_out_npc
72ebbb50b0920d2f,fly_tr_powerburst_drum_out_npc
fd3485a63e7b629,fly_smg_accurate_bolt_release_npc
324ea47c3e57cdf8,fly_smg_heavy_tac_mag_out_npc
114c0ce1c16f87ea,fly_pistol_shotgun_inspect_pt1_npc
159e10c847341984,fly_pistol_shotgun_left_shells_out_npc
7fecbf6b27ed58a9,fly_smg_season6_inspect_npc
7c9b4f96a129f7c5,fly_pistol_shotgun_right_shells_out_npc
7ec39b6127cf4227,fly_smg_semiauto_mag_out_npc
50ab56c90f67d243,fly_smg_capacity_end_npc
73f9858b3167b47d,fly_tr_damagesemi_empty_bolt_release_npc
4802a22d4188f96a,fly_tr_damagesemi_inspect_pt5_npc
4123f90eb29b2cc9,fly_smg_capacity_monte_inspect_pt2_npc
3770cb3bda6113e,fly_tr_fastburst_inspect_04_npc
1c6c053b73e0f0b8,fly_tr_fastburst_reload_mag_in_npc
508f86f01ad14d09,fly_smg_fastfire_inspect_pt2_npc
7fc09b9c5ef00be2,fly_tr_fastburst_reload_empty_mag_in_npc
1be64a08e5328810,fly_sniper_accurate_inspect_pt1_npc
755ff5ada7e39e40,fly_smg_flechette_inspect_npc
78671b449e21eee4,fly_pistol_semiauto_empty_mag_in_npc
29bc68a22a82e4db,fly_tr_longburst_charge_back_npc
3eab08b8f5fd9ebd,fly_sniper_cannon_first_raise_start_npc
159b0908c6db44f,fly_pistol_semiauto_inspect_npc
4f5f5e5a71e6307b,fly_sniper_cannon_mag_in_empty_fast_npc
6315ba6beaf24b02,fly_tr_longburst_fast_mag_out_npc
3b8596f2d88de008,fly_pistol_semiauto_left_slide_release_npc
4961ff58157df6e9,fly_smg_heavy_empty_mag_out_npc
1bea3d20fc253de2,fly_sniper_cannon_reload_lower_npc
c164c66e850a70d,fly_tr_powerburst_bolt_release_npc
112d7c4ec0b94d18,fly_pistol_shotgun_dw_inspect_npc
59c51dab6b619bf4,fly_tr_powerburst_inspect_pt1_npc
782ba2bb787f2380,fly_smg_accurate_inspect_pt1_npc
704d9f4c27cb0dd4,fly_pistol_shotgun_left_open_npc
6d8a4d0dcd60cb86,fly_tr_precision_bolt_release_npc
12cfacc6755976c3,fly_smg_burst_bolt_release_npc
4ea2b27d1720403e,fly_smg_season6_bolt_release_npc
3fde8c5b670ac241,fly_pistol_shotgun_right_open_npc
2bb11d2c419a716d,fly_tr_precision_inspect_pt1_npc
d77540075f7aa12,fly_smg_semiauto_mag_in_npc
7f7ac59162f29ed3,fly_smg_semiauto_charging_handle_forward_npc
23dd95c6f28df44c,fly_smg_burst_runman_pt2_npc
305673fc72669ac5,fly_smg_capacity_bolt_back_npc
5730a26b41dbe8e,fly_smg_capacity_mag_out_npc
38828b9dad207943,fly_smg_cqb_bolt_release_npc
4219218ce5655bd5,fly_smg_spray_mag_out_npc
5755fe14bed98dae,fly_smg_standard_first_raise_npc
5f8c01e46b3a644,fly_tr_damagesemi_inspect_pt3_npc
6a556f0711600409,fly_pistol_revolver_inspect_npc
3a4c42e3c4e94ca0,fly_tr_fastburst_inspect_02_npc
461f8209dd8fb86b,fly_smg_fastfire_first_raise_pt3_npc
402d051ca9dcca2a,fly_tr_fastburst_reload_empty_charging_handle_start_npc
7ee1632142805e09,fly_sniper_accurate_bolt_forward_npc
3cf8df6ba8d8ddbb,fly_tr_fastburst_reload_empty_start_npc
127146529ae4e38c,fly_smg_flechette_empty_rattle_npc
767cf58bf26c8bd3,fly_sniper_accurate_reload_bolt_forward_npc
4ea9972addde8fa2,fly_smg_flechette_rattle_npc
3cc8681ef6311acd,fly_tr_longburst_alien_inspect_pt1_npc
2704074caef154ba,fly_sniper_cannon_first_raise_bolt_forward_npc
a78968508e32c99,fly_tr_longburst_fast_mag_in_npc
36270060fc152212,fly_tr_longburst_inspect_pt4_npc
2c77a44e488f0bb5,fly_sniper_cannon_lower_fast_npc
122db0e5a1c6cd70,fly_sniper_cannon_mag_out_start_npc
7153e37dace26656,fly_tr_powerburst_fast_bolt_release_npc
37c95c5d9210b422,fly_pistol_shotgun_casings
7bcd9418e851cc6,fly_pistol_shotgun_casings_npc
7d3330a4805e46e5,fly_pistol_revolver_round_in
fecf18aa4b233c9,fly_pistol_revolver_round_in_npc
25a418f9cafb8653,fly_pistol_semiauto_draw
56e9abe1cf1bc19,fly_pistol_revolver_casings
6ad1266f97d72e36,fly_grenade_launcher_casing_npc
705acc8fb1110fe3,fly_sniper_accurate_casing_npc
74e79169c4a3dcfd,fly_pistol_revolver_casings_npc
4afa66de60db6bc0,fly_melee_swipe_cane
19c24cc90061d2c9,fly_melee_swipe_sledgehammer
1cc882b422be6503,fly_melee_swipe_victim_cane
68e497386dddc8fc,fly_melee_swipe_victim_fist_zm
74a08c274eb2f7e3,fly_melee_swipe_victim_bat_bot
251740a31d24f2b6,fly_melee_swipe_victim_sledgehammer
529c24e9bfc1a6d8,fly_melee_swipe_player_cane
15d7828742d55b29,fly_melee_swipe_player_fist_zm
6db17b793a17c06,fly_melee_swipe_player_bat_bot
25bdc170e968f631,fly_melee_swipe_player_sledgehammer
7193bfdf2d790f3a,fly_lmg_slowfire_belt_sprint
76ac7f1cef4874ff,fly_launcher_freefire_load
6190721c73e8998c,fly_launcher_freefire_end_npc
71333385deedee5d,fly_grenade_launcher_open_npc
3aebc81c86cad14b,fly_grenade_launcher_close_npc
5b1e8fa0d7ec9a84,wpn_doa_lmg_fire_plr
2053ecb5debf24b1,wpn_doa_rpg_fire_plr
48753555d50169c7,wpn_ieu_plasma_fire_plr
7e22a3e1d9fc12fe,wpn_mega_barrel_lfe_npc
312e2f6b094647be,wpn_mega_barrel_pap_npc
45ad9576f069b4c7,wpn_mega_barrel_act_npc
6c7152e1cfdc9983,wpn_mega_barrel_lfe_plr
1f7bde6aff251b43,wpn_mega_barrel_pap_plr
44bda6765fb67a82,wpn_mega_barrel_act_plr
2e524046d086fbe1,wpn_mega_barrel_fire_npc
28d06d471641e4e8,wpn_mega_barrel_fire_plr
659c1a5305798ff7,wpn_mega_barrel_diffuser_act_plr
8f1731db9d878a6,wpn_mega_barrel_diffuser_lfe_plr
50eb29ceae677612,wpn_mega_barrel_diffuser_pap_plr
332e0352e9598052,wpn_mega_barrel_diffuser_act_npc
3244da1d88bca2ab,wpn_mega_barrel_diffuser_lfe_npc
3eccd8cea3eb2ab7,wpn_mega_barrel_diffuser_pap_npc
4f86dcae49d810ff,wpn_mega_barrel_diffuser_fire_plr
109775addd97e2da,wpn_mega_barrel_diffuser_fire_npc
68642e05ad7e2a8a,wpn_mega_barrel_diffuser_dryfire_plr
62c66d05f320b76f,wpn_mega_barrel_diffuser_dryfire_npc
b474469731ec06f,wpn_mega_barrel_dryfire_plr
61f3dd69a43a966a,wpn_mega_barrel_dryfire_npc
b2a519f488e2215,wpn_mega_barrel_blazer_act_plr
5f9ae9f8e8db3d4,wpn_mega_barrel_blazer_act_npc
39d9fea12eb9fd57,wpn_mega_barrel_blazer_loop_plr
7809824cd54e2d81,wpn_mega_barrel_blazer_stop_plr
404e7a10fb511b2,wpn_mega_barrel_blazer_loop_npc
36f8e74d418e5840,wpn_mega_barrel_blazer_stop_npc
6c153a59df38aea5,wpn_mega_barrel_blazer_start_plr
506e575987222bc4,wpn_mega_barrel_blazer_start_npc
4453b566205a527c,wpn_mega_barrel_missile_pap_plr
58c1723651df262d,wpn_mega_barrel_missile_act_plr
35bea2ba07a968dc,wpn_mega_barrel_missile_lfe_plr
8af4065b6e66dd5,wpn_mega_barrel_missile_pap_npc
5cac1f36e51bad6c,wpn_mega_barrel_missile_act_npc
76b42db99b525b35,wpn_mega_barrel_missile_lfe_npc
7edf87241f6254e5,wpn_mega_barrel_missile_fire_plr
6339a423c74d8504,wpn_mega_barrel_missile_fire_npc
16bfaebc581aa420,wpn_mega_barrel_missile_dryfire_plr
28c2f1bc62800ff9,wpn_mega_barrel_missile_dryfire_npc
3e29ee3b5b90372b,wpn_death_machine_loop_plr
55e133b95580236d,wpn_death_machine_stop_plr
46c18f3b18757e06,wpn_death_machine_loop_npc
59cae0b9e8baf7ac,wpn_death_machine_stop_npc
7c906200cc321329,wpn_death_machine_start_plr
32657700eb36fb68,wpn_death_machine_start_npc
39d9902b321f2d94,wpn_death_machine_dryfire_plr
6e3ab2b158bd94d,wpn_death_machine_dryfire_npc
7caaad2c8287dd7c,wpn_dart_snap_plr
7d4cd93f28a641a6,vox_mid_igc_sam_rls_weav_0
7d4cda3f28a64359,vox_mid_igc_sam_rls_weav_1
7d4cdc3f28a646bf,vox_mid_igc_sam_rls_weav_7
21e8505d6d067ac1,vox_mid_igc_sam_rls_rvnv_8
b54aa2f6f5a591c,vox_mid_igc_sam_rls_maxi_4
1b2c489a367d12a9,vox_mid_igc_sam_rls_maxi_10